v 0.002170515 -0.001738472 0.0007553702
v 0.002185282 -0.001738289 0.0007486721
v 0.002279923 -0.001499378 0.000765011
v 0.002295688 -0.001502301 0.0007619236
v 0.001906872 -0.001792873 0.0008290714
v 0.001987357 -0.001797216 0.0008239259
v 0.001977334 -0.001721209 0.0008055085
v 0.002135501 -0.001752927 0.0007827643
v 0.002071741 -0.001800548 0.0008260426
v 0.002079526 -0.001728066 0.0007903103
v 0.002069294 -0.001639745 0.0007905728
v 0.002168955 -0.001749326 0.0007689464
v 0.002156393 -0.001717339 0.0007689584
v 0.002234512 -0.001514225 0.0007788191
v 0.002152636 -0.001654531 0.000782406
v 0.002161175 -0.001573047 0.0007857177
v 0.00218507 -0.001736796 0.0007669518
v 0.002186598 -0.001725868 0.000753341
v 0.002274842 -0.001518733 0.0007689101
v 0.002265634 -0.001482439 0.0007781769
v 0.002192592 -0.001732811 0.0007468492
v 0.0021943 -0.001724227 0.0007571903
v 0.002238395 -0.001571647 0.0008006638
v 0.002263644 -0.001458931 0.0008063131
v 0.002289445 -0.00151266 0.000775984
v 0.002291647 -0.001488533 0.0007755443
v 0.002302293 -0.00149892 0.0007647573
v 0.002298947 -0.001497126 0.0007782151
v 0.001478522 -0.001719236 0.000953836
v 0.001549561 -0.00186228 0.0009432101
v 0.001532743 -0.001778676 0.0009352136
v 0.001554516 -0.001699497 0.0009351567
v 0.001529789 -0.001652281 0.0009551711
v 0.001641418 -0.001886158 0.0009317158
v 0.001638741 -0.001798334 0.0009093631
v 0.001631852 -0.001706059 0.0009143242
v 0.001616183 -0.001630745 0.0009376167
v 0.001843598 -0.001835637 0.0008575608
v 0.001719402 -0.001913831 0.0009303429
v 0.00175825 -0.001821966 0.0008821996
v 0.001738008 -0.00171028 0.0008840944
v 0.001729641 -0.001602612 0.0009118009
v 0.001905593 -0.001854994 0.0008603523
v 0.001847096 -0.001784223 0.0008413104
v 0.001897681 -0.001741721 0.0008220357
v 0.00181415 -0.001900149 0.0009057933
v 0.001847478 -0.00171055 0.0008446875
v 0.001840858 -0.001605718 0.0008709901
v 0.001846601 -0.001497904 0.0009090994
v 0.001987614 -0.001863071 0.0008712127
v 0.001928141 -0.001687244 0.0008166693
v 0.001988129 -0.001649594 0.0008050606
v 0.001901685 -0.001909912 0.0009126235
v 0.001946739 -0.001607873 0.0008298916
v 0.001949991 -0.001502333 0.0008675063
v 0.001955564 -0.0013961 0.0009129645
v 0.002056149 -0.001846392 0.0008718657
v 0.00203046 -0.001592627 0.0008055207
v 0.002094907 -0.001818617 0.0008560031
v 0.002096084 -0.001562193 0.0007968608
v 0.00205679 -0.001511962 0.000826264
v 0.002054661 -0.001409662 0.0008728207
v 0.002059017 -0.001311575 0.0009197715
v 0.002087963 -0.001250082 0.0009473047
v 0.002147624 -0.001769102 0.0008356288
v 0.002157902 -0.00150548 0.000799306
v 0.002193619 -0.001695149 0.0007984215
v 0.002223043 -0.001464781 0.0007998064
v 0.002155547 -0.001427485 0.0008383642
v 0.002136294 -0.001342187 0.0008900844
v 0.002131389 -0.001272711 0.0009304454
v 0.002239366 -0.001629061 0.0008771615
v 0.002226089 -0.001423901 0.0008318559
v 0.002266431 -0.001556579 0.0008685929
v 0.002279178 -0.001493518 0.0008271312
v 0.002252491 -0.001420465 0.0008616801
v 0.002203896 -0.001372902 0.0008777102
v 0.00218437 -0.001305174 0.0009221376
v 0.001417612 -0.001735291 0.0009734903
v 0.001370972 -0.00183842 0.0009984359
v 0.001432736 -0.001793726 0.0009660393
v 0.001436052 -0.001695308 0.0009718481
v 0.001483426 -0.00190144 0.0009775294
v 0.001467908 -0.001849524 0.0009606238
v 0.001472238 -0.001669219 0.0009660746
v 0.001412307 -0.001889569 0.0009976964
v 0.001417343 -0.001846585 0.0009760388
v 0.001441584 -0.00165732 0.0009823464
v 0.001551323 -0.001930257 0.0009805055
v 0.001493184 -0.001618093 0.0009801184
v 0.001645785 -0.001956874 0.0009810207
v 0.001582912 -0.001568726 0.0009743971
v 0.001666716 -0.001477011 0.0009916206
v 0.001745014 -0.001973863 0.0009802599
v 0.001684053 -0.00154385 0.0009517013
v 0.00176478 -0.001512955 0.0009350232
v 0.001724822 -0.002013702 0.001012214
v 0.00175308 -0.001461725 0.0009655724
v 0.001752677 -0.001392407 0.001002004
v 0.001833424 -0.001949478 0.0009589365
v 0.001815082 -0.001454665 0.0009424195
v 0.001874167 -0.001416574 0.0009357196
v 0.001836807 -0.001385965 0.0009688995
v 0.001832596 -0.001322033 0.001005425
v 0.001904529 -0.001944211 0.0009875464
v 0.001913179 -0.001358626 0.0009487718
v 0.001961394 -0.001910017 0.0009276799
v 0.00198082 -0.001306258 0.0009494905
v 0.002040311 -0.001259047 0.00095398
v 0.001910093 -0.0013073 0.0009800108
v 0.002022069 -0.001883246 0.0009212753
v 0.002064236 -0.001227096 0.0009747668
v 0.002091363 -0.001838542 0.0009174239
v 0.00198092 -0.001916859 0.0009748979
v 0.002151452 -0.00178479 0.0009574491
v 0.002121407 -0.001227662 0.000972822
v 0.002198887 -0.001711581 0.0009097342
v 0.002168874 -0.001236383 0.001040498
v 0.002130881 -0.001212631 0.001018629
v 0.002236309 -0.001648245 0.0009726433
v 0.002167486 -0.001255875 0.0009509127
v 0.002264019 -0.001578375 0.0009391353
v 0.002274894 -0.001507281 0.000920203
v 0.002266927 -0.001442019 0.0009085592
v 0.002231623 -0.001356906 0.0009457392
v 0.002198585 -0.001280308 0.0009590369
v 0.002205719 -0.001283731 0.001004916
v 0.002171433 -0.001240718 0.0009879048
v 0.0009761382 -0.001563915 0.001136709
v 0.0009720349 -0.001495316 0.001139781
v 0.001061263 -0.001597419 0.001117478
v 0.001047257 -0.001503659 0.00112408
v 0.001030833 -0.001429046 0.001140083
v 0.001156225 -0.001789894 0.001108378
v 0.00113299 -0.001678775 0.001101616
v 0.001156602 -0.001581389 0.001095186
v 0.001139284 -0.001505961 0.001106747
v 0.001127879 -0.001421583 0.001125285
v 0.001109496 -0.001352383 0.001150728
v 0.001316242 -0.001852677 0.00103356
v 0.001201729 -0.001871348 0.001114951
v 0.001260178 -0.00181415 0.001061924
v 0.001236209 -0.001712354 0.00106722
v 0.001235264 -0.001605463 0.001074251
v 0.001234852 -0.00150663 0.001087655
v 0.001230364 -0.001413938 0.001108151
v 0.001227035 -0.001317563 0.001139279
v 0.001349382 -0.001885197 0.001026162
v 0.001323172 -0.001806123 0.001020768
v 0.001368531 -0.001923001 0.001044369
v 0.001371052 -0.001769657 0.0009944704
v 0.001389819 -0.001691667 0.0009972294
v 0.001293676 -0.001898108 0.001074833
v 0.001316025 -0.001739375 0.001028141
v 0.001338939 -0.001627252 0.001038315
v 0.001335467 -0.001511986 0.001065036
v 0.00133323 -0.001410761 0.001088645
v 0.001335482 -0.001314673 0.001115254
v 0.00134805 -0.001220827 0.001147083
v 0.001449886 -0.00194874 0.001033257
v 0.001435037 -0.001609177 0.001005972
v 0.001450516 -0.001508903 0.001037959
v 0.001438897 -0.001405628 0.001069608
v 0.001438196 -0.001308804 0.001095801
v 0.001442923 -0.001217217 0.001123969
v 0.001445881 -0.001143011 0.001152524
v 0.001549892 -0.001989988 0.001049696
v 0.001516283 -0.001546323 0.001005194
v 0.001589494 -0.00150232 0.001004402
v 0.001508371 -0.002019292 0.001118642
v 0.001561149 -0.001464054 0.001027633
v 0.001545594 -0.001392471 0.001053847
v 0.001541123 -0.001301787 0.001079891
v 0.001542231 -0.001210291 0.001106662
v 0.001545426 -0.001118562 0.001139052
v 0.001673091 -0.002009111 0.001045023
v 0.00162824 -0.00144849 0.001017952
v 0.001717559 -0.002021668 0.001024684
v 0.00168244 -0.00141262 0.001017897
v 0.001577806 -0.002022357 0.001112845
v 0.001645601 -0.001380935 0.001038782
v 0.001642347 -0.001296039 0.001065423
v 0.001640647 -0.001209532 0.001092161
v 0.001639969 -0.001126848 0.001121339
v 0.001640565 -0.001056118 0.001151472
v 0.001732741 -0.002021718 0.001018159
v 0.001719696 -0.001360991 0.001028421
v 0.001748267 -0.002009005 0.001012679
v 0.001774064 -0.001327977 0.00102492
v 0.001732816 -0.002015966 0.00103793
v 0.001740989 -0.001293279 0.001047906
v 0.001737073 -0.001211859 0.001078
v 0.001732962 -0.001135493 0.001110301
v 0.001723974 -0.001065381 0.001146015
v 0.001797614 -0.001987111 0.001034576
v 0.001818408 -0.001278963 0.001032242
v 0.001841161 -0.001212809 0.001059923
v 0.001812945 -0.001150799 0.0010969
v 0.001827336 -0.001084605 0.001142297
v 0.001877711 -0.001963684 0.001074224
v 0.001893823 -0.00125498 0.001018794
v 0.001989773 -0.001243013 0.0009906334
v 0.001955317 -0.001195775 0.00104628
v 0.001911916 -0.001139251 0.001103826
v 0.001963489 -0.001927143 0.001063897
v 0.002059299 -0.001201599 0.001022944
v 0.00203779 -0.001885952 0.0009997087
v 0.002102208 -0.001840207 0.001019422
v 0.0021665 -0.001245925 0.00110107
v 0.002107394 -0.0011992 0.001083808
v 0.002015343 -0.001163405 0.001091762
v 0.002147004 -0.00179578 0.0010439
v 0.002199002 -0.001278637 0.001060882
v 0.002191682 -0.001719398 0.001043118
v 0.002114191 -0.001826259 0.001091211
v 0.00219892 -0.001304228 0.001114561
v 0.002230039 -0.001640694 0.001058021
v 0.002227794 -0.001349245 0.001049871
v 0.002255404 -0.001587687 0.001019491
v 0.00226858 -0.001529089 0.0009894929
v 0.002258677 -0.001444338 0.001004522
v 0.002239376 -0.001590311 0.001090307
v 0.002243329 -0.001407951 0.001073341
v 0.000787332 -0.001509547 0.001217566
v 0.0009235922 -0.001590957 0.001155117
v 0.0009158079 -0.001540704 0.001156182
v 0.0008571505 -0.001606971 0.00119188
v 0.0008703551 -0.001499116 0.001180187
v 0.0008427012 -0.001426829 0.001204943
v 0.0009649174 -0.001645405 0.001150332
v 0.0009244986 -0.001482058 0.00115592
v 0.0009631802 -0.001447941 0.001149326
v 0.0009241036 -0.0017256 0.001189755
v 0.0009229971 -0.001425667 0.001172218
v 0.0009163336 -0.001358564 0.001199697
v 0.001042135 -0.001684871 0.001129059
v 0.0009842714 -0.001406603 0.001156488
v 0.00108998 -0.001809117 0.001141714
v 0.001070681 -0.001755651 0.001134194
v 0.001033765 -0.001371401 0.001158213
v 0.001020526 -0.001815377 0.001182203
v 0.001001018 -0.001729288 0.001154571
v 0.0009857644 -0.001358241 0.001177213
v 0.00112168 -0.001855335 0.00114947
v 0.001069948 -0.001308627 0.001178285
v 0.001163373 -0.001900238 0.001154126
v 0.001107616 -0.00191317 0.001206993
v 0.001226371 -0.001937533 0.001153566
v 0.001178688 -0.001261144 0.001175595
v 0.001268265 -0.001233239 0.001164992
v 0.001190925 -0.001978502 0.001234146
v 0.001348932 -0.001965199 0.00110943
v 0.001327708 -0.001173799 0.001176145
v 0.001388125 -0.001149621 0.001167256
v 0.001284801 -0.001994621 0.001198086
v 0.001447929 -0.001999511 0.001105611
v 0.00143446 -0.001102685 0.001175691
v 0.001455538 -0.002024504 0.001163873
v 0.001380759 -0.002012675 0.001179332
v 0.001513255 -0.002031312 0.00117564
v 0.001508184 -0.001064348 0.001174013
v 0.001583894 -0.001045121 0.00116375
v 0.001582172 -0.002029661 0.001177628
v 0.001632571 -0.0010116 0.001178142
v 0.001639824 -0.002022945 0.001125571
v 0.001717251 -0.002010133 0.001113086
v 0.001698004 -0.001010025 0.001183685
v 0.001807699 -0.001983247 0.001142039
v 0.001784569 -0.001021456 0.001189522
v 0.001875446 -0.001039424 0.001208082
v 0.001902044 -0.001949003 0.001159935
v 0.001925235 -0.001087563 0.001164383
v 0.001950747 -0.001916732 0.001214762
v 0.001943612 -0.001068486 0.001214229
v 0.001974259 -0.001917375 0.001148411
v 0.001982452 -0.001125107 0.001141599
v 0.00204373 -0.001869619 0.001128605
v 0.002127199 -0.001220928 0.001160243
v 0.002052746 -0.001160407 0.001165751
v 0.00199456 -0.001896957 0.001187606
v 0.001989139 -0.001105633 0.001194654
v 0.002104761 -0.001815835 0.001154748
v 0.002169921 -0.001267008 0.001152265
v 0.002149973 -0.001774819 0.001120339
v 0.002178766 -0.00171925 0.001130172
v 0.002197857 -0.001636148 0.001163065
v 0.002215707 -0.001393212 0.001148759
v 0.002186026 -0.0013119 0.001172792
v 0.002124157 -0.001777474 0.001192242
v 0.002171796 -0.001632888 0.001243782
v 0.002230379 -0.001548605 0.001136415
v 0.002247222 -0.00145006 0.001086947
v 0.002254049 -0.001520861 0.001067097
v 0.002234705 -0.001483503 0.00113352
v 0.0005622122 -0.001464405 0.001327871
v 0.0005528527 -0.001372446 0.001321422
v 0.0005511552 -0.00128684 0.001317795
v 0.0007259786 -0.001523389 0.001245337
v 0.0006543144 -0.001706599 0.001350726
v 0.0006614436 -0.001518273 0.001284939
v 0.0006412552 -0.001396904 0.001289797
v 0.0006346431 -0.001296377 0.001295835
v 0.0006240518 -0.00119697 0.001309646
v 0.0006404495 -0.001094152 0.001332069
v 0.0007460093 -0.001579286 0.001243552
v 0.0007312347 -0.001481758 0.001244203
v 0.0007823877 -0.001656926 0.001241064
v 0.0007745009 -0.001444031 0.001228431
v 0.000722454 -0.001742544 0.001319667
v 0.0006932341 -0.001651958 0.001296451
v 0.0007336912 -0.001408406 0.001254094
v 0.0007298855 -0.001305762 0.001270693
v 0.0007287064 -0.001203377 0.001287273
v 0.0007286732 -0.001102986 0.001308935
v 0.0007230429 -0.00101762 0.001338418
v 0.0008428129 -0.001700045 0.001221103
v 0.0008024225 -0.00139063 0.001228857
v 0.0008742097 -0.00176128 0.001230408
v 0.0008555921 -0.00135876 0.001219054
v 0.0007875132 -0.001796197 0.001311595
v 0.0007956113 -0.001736721 0.001267195
v 0.0008269804 -0.001312756 0.001243002
v 0.0008330856 -0.001207063 0.001267181
v 0.0008320968 -0.001103707 0.001291547
v 0.0008262277 -0.00100225 0.0013222
v 0.0009316402 -0.001797377 0.001217156
v 0.0009073142 -0.001303831 0.001222641
v 0.0009585879 -0.001834173 0.001225286
v 0.0008908341 -0.001830078 0.001270623
v 0.0009481557 -0.001210248 0.00124494
v 0.0009414906 -0.001103216 0.001276607
v 0.0009347392 -0.001005697 0.001306526
v 0.0009222251 -0.0009249148 0.001339893
v 0.0009962429 -0.001875691 0.001240512
v 0.001001982 -0.001277414 0.001208681
v 0.001038742 -0.001928566 0.001273206
v 0.0009638467 -0.001903512 0.001298308
v 0.001078462 -0.001172472 0.00123496
v 0.001055201 -0.00109387 0.001265006
v 0.001043863 -0.00100333 0.001295457
v 0.001033849 -0.0009104737 0.00133348
v 0.001106268 -0.001969553 0.00128633
v 0.001118425 -0.001227196 0.001205197
v 0.001177422 -0.002009413 0.00130882
v 0.001182226 -0.001146023 0.001227549
v 0.001164424 -0.001078852 0.001255922
v 0.001149717 -0.001000523 0.001285837
v 0.001136802 -0.0009214582 0.001318715
v 0.001127539 -0.000855419 0.001354668
v 0.001244309 -0.002013535 0.001265118
v 0.001201101 -0.001192525 0.001203568
v 0.001260188 -0.001189292 0.001189657
v 0.001264098 -0.001133842 0.001215482
v 0.001261995 -0.001068761 0.00124413
v 0.001250162 -0.0009964637 0.001276531
v 0.001234013 -0.0009244636 0.00131085
v 0.00121301 -0.000861319 0.00134903
v 0.001321839 -0.002026589 0.001261936
v 0.001318186 -0.001135825 0.001199315
v 0.001378962 -0.001113179 0.001190086
v 0.001353794 -0.001068421 0.001222884
v 0.001345817 -0.0009943719 0.001263206
v 0.001328978 -0.0009272519 0.001302928
v 0.001305301 -0.0008662113 0.00134472
v 0.001431605 -0.002033768 0.001251525
v 0.001441945 -0.001054938 0.001201701
v 0.001490262 -0.002033056 0.00130735
v 0.001450616 -0.0009879168 0.001246195
v 0.00141161 -0.0009349376 0.001290332
v 0.001405958 -0.0008737413 0.001341983
v 0.001527618 -0.002032213 0.001238514
v 0.001510581 -0.001010937 0.001209037
v 0.001576757 -0.001006118 0.001193973
v 0.001565376 -0.002025382 0.001288151
v 0.001558888 -0.0009656836 0.001241109
v 0.001508677 -0.000914581 0.00130579
v 0.001589442 -0.002027042 0.001230032
v 0.001644619 -0.000976428 0.001218147
v 0.001645765 -0.002020797 0.001188573
v 0.001628936 -0.002018064 0.001255298
v 0.00163898 -0.0009331985 0.001290934
v 0.001715205 -0.002000369 0.001232407
v 0.001737957 -0.000973506 0.001244326
v 0.001733044 -0.0009434278 0.001315497
v 0.001825234 -0.001965277 0.001249484
v 0.001820938 -0.000998214 0.001237558
v 0.001896672 -0.001938819 0.001241778
v 0.001929869 -0.001048512 0.001271346
v 0.001869881 -0.001010014 0.001262964
v 0.001871642 -0.001938967 0.00129564
v 0.001924768 -0.00190989 0.001293766
v 0.00198042 -0.00108809 0.001247593
v 0.001997404 -0.001863072 0.001266815
v 0.002029452 -0.001135653 0.00124828
v 0.002071997 -0.00179737 0.001248098
v 0.002141361 -0.001634098 0.001299658
v 0.002092978 -0.001209761 0.001250019
v 0.0020304 -0.00181008 0.001310871
v 0.002119382 -0.001744353 0.001246347
v 0.002164278 -0.001669668 0.001234461
v 0.00217104 -0.001575825 0.001267625
v 0.002150874 -0.001269834 0.001210122
v 0.002156869 -0.001723007 0.001193463
v 0.002199879 -0.001498924 0.001215845
v 0.002186101 -0.001404968 0.001243117
v 0.002174845 -0.001336938 0.001229797
v 0.002137535 -0.001698635 0.001262766
v 0.00216517 -0.001501926 0.001304454
v 0.0003715311 -0.001270404 0.001425996
v 0.000366239 -0.001178357 0.001437081
v 0.0003612958 -0.001125398 0.001457835
v 0.0005093716 -0.001508511 0.001373137
v 0.0004747897 -0.00142996 0.001371865
v 0.0004816177 -0.001337076 0.001348037
v 0.00040719 -0.001359465 0.001399292
v 0.0004392726 -0.001277057 0.001369906
v 0.0004242352 -0.001195088 0.001392499
v 0.0004155971 -0.001110071 0.00142927
v 0.00056572 -0.001538767 0.001344373
v 0.0004959311 -0.001270902 0.00133647
v 0.0006256484 -0.001730284 0.001410134
v 0.0005405577 -0.001226662 0.001324299
v 0.0005588068 -0.001155952 0.001335907
v 0.0004886948 -0.001209517 0.001350125
v 0.0004971678 -0.001119194 0.00137818
v 0.0004875119 -0.001043009 0.001430775
v 0.0006886386 -0.001762627 0.001367552
v 0.0006027372 -0.001683577 0.001381952
v 0.0006012621 -0.001601576 0.001340859
v 0.0005758015 -0.001083153 0.001357249
v 0.0006206143 -0.001658962 0.001347031
v 0.0006378845 -0.001009344 0.001375781
v 0.0006740656 -0.00177978 0.001412201
v 0.0005763498 -0.001642315 0.001380202
v 0.0005528683 -0.001040911 0.001394577
v 0.000738552 -0.001788933 0.001342981
v 0.0007186499 -0.0009585459 0.001369955
v 0.0007699537 -0.001815037 0.001343477
v 0.000740547 -0.001817369 0.001387806
v 0.0007626567 -0.0009061182 0.001391504
v 0.0008237225 -0.001847621 0.001343145
v 0.0007850854 -0.0009484881 0.001352617
v 0.0008508743 -0.0009264416 0.001348524
v 0.0008109896 -0.00187112 0.00140693
v 0.0008234963 -0.0008983713 0.001374033
v 0.0008989426 -0.001883871 0.001324896
v 0.0008895817 -0.0008759876 0.001376628
v 0.0009395183 -0.001920516 0.001349193
v 0.0008785775 -0.001898637 0.001374809
v 0.001018051 -0.001955877 0.001344729
v 0.0009857034 -0.0008516685 0.001376899
v 0.001066271 -0.0008427421 0.001367647
v 0.001103328 -0.002001911 0.00136288
v 0.001112415 -0.0008166374 0.00138884
v 0.001172008 -0.002031972 0.001383128
v 0.001249464 -0.002034181 0.001333011
v 0.001180713 -0.0008162311 0.001393019
v 0.001347168 -0.00204602 0.001353975
v 0.001271109 -0.0008198656 0.001391833
v 0.001428441 -0.002039915 0.001336644
v 0.001468399 -0.002036899 0.001364988
v 0.001356192 -0.0008258516 0.001388182
v 0.001419197 -0.0008301486 0.001397451
v 0.001388549 -0.0008071795 0.001426242
v 0.001533113 -0.002028201 0.001356316
v 0.001486302 -0.000857464 0.001381268
v 0.001631438 -0.002012252 0.001332476
v 0.001582423 -0.0008874713 0.001365634
v 0.001747453 -0.001981515 0.001344486
v 0.001679698 -0.0009130152 0.001368983
v 0.001828162 -0.001952029 0.001331669
v 0.001772774 -0.0009460211 0.001387082
v 0.001879493 -0.001921676 0.001360953
v 0.001816548 -0.0009781364 0.001303302
v 0.001934331 -0.001048518 0.001353111
v 0.001887219 -0.001012547 0.001312704
v 0.001866958 -0.0009986182 0.001387518
v 0.001946821 -0.001865748 0.001384547
v 0.001992847 -0.00110413 0.001319773
v 0.002003885 -0.001805172 0.001373349
v 0.001976704 -0.001095076 0.001400646
v 0.002045343 -0.001758155 0.001356335
v 0.002048724 -0.00116943 0.001316929
v 0.00209308 -0.001697467 0.001332781
v 0.002104306 -0.001604828 0.001379295
v 0.002132259 -0.001534835 0.001358618
v 0.00208569 -0.001245562 0.001356483
v 0.00205165 -0.001693386 0.0014146
v 0.002142453 -0.001458556 0.00135616
v 0.002133658 -0.001288913 0.001285574
v 0.002166745 -0.001435847 0.001301803
v 0.002156004 -0.001361734 0.001299682
v 0.002133793 -0.001388501 0.00136302
v 0.002123737 -0.001321057 0.001348146
v 0.0003258767 -0.001302572 0.001495988
v 0.000330619 -0.001214362 0.001477584
v 0.0003368779 -0.001156705 0.001471602
v 0.0003577813 -0.001348208 0.001443713
v 0.0003426709 -0.001117343 0.001491906
v 0.0003717023 -0.001389325 0.001435273
v 0.0003504497 -0.001396983 0.001482183
v 0.0004004858 -0.001431151 0.001431454
v 0.0003802031 -0.001075302 0.00148531
v 0.0004505564 -0.001503326 0.001427785
v 0.0004300702 -0.00104689 0.001463065
v 0.0003877316 -0.001475264 0.001493579
v 0.0004166233 -0.001026333 0.001502296
v 0.0005213019 -0.001585413 0.001409086
v 0.0004736633 -0.0009976001 0.001492484
v 0.0006411745 -0.001773051 0.001467566
v 0.0005888044 -0.001724638 0.001474222
v 0.0005606034 -0.001671443 0.001436414
v 0.0006942027 -0.001808326 0.001441915
v 0.0005763345 -0.000960542 0.001459157
v 0.000683587 -0.0009264706 0.001416172
v 0.0006853459 -0.001815249 0.001488408
v 0.0006707427 -0.000874832 0.001486075
v 0.0006937584 -0.0008339382 0.001528547
v 0.0007481209 -0.001849556 0.001466163
v 0.0007393827 -0.0008741504 0.001439088
v 0.0008201785 -0.001891174 0.001459164
v 0.0007115515 -0.00183649 0.001502997
v 0.0007591392 -0.0008329643 0.001494637
v 0.0008640071 -0.001907948 0.001424004
v 0.0008233098 -0.0008557971 0.001422526
v 0.0008762861 -0.001924624 0.001475004
v 0.0008634468 -0.0008118993 0.00148224
v 0.0009368707 -0.001941431 0.001413561
v 0.0009209724 -0.0008275565 0.001421899
v 0.0009461288 -0.001964879 0.001495967
v 0.0009595127 -0.0007958837 0.001470222
v 0.001034931 -0.00199693 0.001443161
v 0.0009932989 -0.000809047 0.001421262
v 0.001054175 -0.0008106142 0.001404276
v 0.001054932 -0.002021844 0.001497387
v 0.001032578 -0.0007914089 0.001448838
v 0.001111727 -0.002024965 0.00142152
v 0.001114615 -0.0007919663 0.001443829
v 0.001154465 -0.002045645 0.00144769
v 0.001097412 -0.002034849 0.001477144
v 0.001241342 -0.002057538 0.001432793
v 0.001223336 -0.0007922541 0.00145139
v 0.001355454 -0.002071991 0.001461289
v 0.001326728 -0.0007967677 0.001443895
v 0.001417868 -0.002048222 0.001399659
v 0.001383546 -0.0007973785 0.001452249
v 0.001366739 -0.0007921811 0.001485799
v 0.001487188 -0.002040866 0.001413673
v 0.001444083 -0.0008167993 0.001461884
v 0.00143959 -0.002059994 0.001455349
v 0.00146699 -0.0008213762 0.001527093
v 0.001570834 -0.002029228 0.001415656
v 0.00153938 -0.0008549936 0.001428575
v 0.001512397 -0.002056149 0.001471443
v 0.001668696 -0.002009368 0.001418971
v 0.001622215 -0.000882044 0.001433171
v 0.001607447 -0.002043319 0.001479811
v 0.001750756 -0.001984019 0.001430322
v 0.001709013 -0.0009130347 0.001437993
v 0.00181715 -0.001951713 0.001402089
v 0.001817776 -0.000965854 0.001467466
v 0.001763289 -0.0009355128 0.001447295
v 0.001715178 -0.00201903 0.001489832
v 0.001742667 -0.0009268758 0.001504625
v 0.001890676 -0.001909178 0.001451195
v 0.001884318 -0.001010078 0.001467498
v 0.001788496 -0.002009704 0.001519828
v 0.001812972 -0.001968036 0.001479267
v 0.0018657 -0.0009972296 0.001523515
v 0.001951596 -0.001848735 0.001475761
v 0.001931207 -0.001050796 0.001436791
v 0.001985944 -0.001793698 0.00146379
v 0.002021394 -0.001724333 0.001455343
v 0.001980843 -0.001117458 0.001488448
v 0.002000318 -0.002172454 0.001547394
v 0.002038387 -0.001656229 0.001477155
v 0.002026851 -0.001165557 0.001405721
v 0.00206479 -0.001618287 0.001444278
v 0.002085633 -0.001528093 0.001446669
v 0.002103122 -0.001430384 0.001428335
v 0.002096301 -0.001327252 0.001414129
v 0.002057238 -0.001250156 0.001454236
v 0.002064036 -0.002183476 0.001548343
v 0.002059611 -0.002121488 0.001539683
v 0.002038768 -0.001602924 0.001514531
v 0.002022947 -0.001190532 0.001492689
v 0.002127226 -0.002194541 0.001558362
v 0.002126391 -0.002138055 0.001544887
v 0.002127521 -0.00208082 0.001548096
v 0.002181048 -0.002153778 0.001563294
v 0.002180785 -0.002097836 0.001558681
v 0.0003153375 -0.001363222 0.001556757
v 0.000302238 -0.001284976 0.001565728
v 0.0003087761 -0.00122101 0.001542521
v 0.0003230387 -0.001155579 0.001517014
v 0.000344406 -0.00143447 0.001540496
v 0.0003490879 -0.001087434 0.001548831
v 0.0003721338 -0.001493648 0.00159007
v 0.0003884264 -0.001037979 0.001535067
v 0.000327421 -0.001418722 0.001591237
v 0.0004433145 -0.001560549 0.001505666
v 0.0004348913 -0.0009955147 0.001555104
v 0.000425412 -0.001576739 0.001590844
v 0.0005032131 -0.001630157 0.001485933
v 0.0005186816 -0.0009386825 0.001567673
v 0.0005997584 -0.001751881 0.001537271
v 0.0005372476 -0.00168882 0.001531329
v 0.0006033839 -0.0008856466 0.001540533
v 0.0006524759 -0.0008477368 0.001539917
v 0.0004738439 -0.001628687 0.001558247
v 0.0006486964 -0.001793137 0.001525539
v 0.0006738915 -0.0008277076 0.001564486
v 0.0006900592 -0.001825249 0.001539196
v 0.0007243991 -0.0008162298 0.001561672
v 0.0007354883 -0.001852512 0.001526094
v 0.0007326738 -0.001854314 0.001597724
v 0.0008075234 -0.001893415 0.001532898
v 0.0008065061 -0.0008036254 0.001553185
v 0.0008056543 -0.001898925 0.001623454
v 0.0008851187 -0.001937777 0.001533358
v 0.0009085964 -0.0007897554 0.00154166
v 0.001012221 -0.002009214 0.001542453
v 0.0009309147 -0.001969063 0.001575065
v 0.0008648772 -0.001931935 0.001593153
v 0.001077584 -0.002039656 0.00153025
v 0.001027561 -0.0007816833 0.00151852
v 0.001156934 -0.002069106 0.001528237
v 0.001149902 -0.000779908 0.00152312
v 0.001144656 -0.00209811 0.001613385
v 0.001268504 -0.002094397 0.001524215
v 0.00127984 -0.0007855647 0.001529547
v 0.001360062 -0.0007904412 0.001530614
v 0.001215101 -0.00211849 0.001594522
v 0.001353257 -0.002109428 0.00153652
v 0.001398506 -0.000796316 0.001506904
v 0.001425977 -0.0008052276 0.001519426
v 0.001305539 -0.002140151 0.001589628
v 0.001393913 -0.0007974281 0.001542118
v 0.001441718 -0.002093234 0.001516609
v 0.001426803 -0.0008107831 0.001562729
v 0.001487375 -0.0008339995 0.00158431
v 0.00141 -0.002151703 0.001584521
v 0.001545646 -0.002086292 0.001525841
v 0.001550966 -0.0008529162 0.001510281
v 0.001511528 -0.002189307 0.001607966
v 0.001496404 -0.002129494 0.001563356
v 0.001557972 -0.0008589104 0.001590348
v 0.00164626 -0.002075739 0.001532818
v 0.001658271 -0.0008918396 0.001499007
v 0.001690482 -0.0009053697 0.001549877
v 0.001626 -0.002193975 0.001604298
v 0.001584459 -0.002132596 0.001569892
v 0.001625283 -0.0008813738 0.001565564
v 0.001744981 -0.002058796 0.001539748
v 0.001737125 -0.0009259118 0.001573852
v 0.001740703 -0.002191367 0.001595449
v 0.001691598 -0.00212524 0.001569692
v 0.001822306 -0.00203106 0.001543596
v 0.001807314 -0.0009613698 0.001566275
v 0.001942125 -0.002206227 0.00156647
v 0.001855904 -0.001981278 0.001527747
v 0.001885218 -0.001934562 0.001509118
v 0.001879192 -0.001009185 0.001592384
v 0.001866539 -0.002187239 0.001578213
v 0.001815981 -0.002100554 0.001562925
v 0.001996834 -0.002229401 0.001569636
v 0.0019478 -0.002159728 0.0015535
v 0.001953573 -0.001880018 0.001529608
v 0.001922511 -0.001047748 0.001528117
v 0.001993753 -0.002127955 0.001542854
v 0.001992856 -0.00179725 0.001539417
v 0.002013573 -0.001717308 0.001545383
v 0.002025604 -0.001635368 0.001547544
v 0.001998427 -0.001180624 0.001574863
v 0.001961673 -0.001103116 0.001573694
v 0.001940681 -0.002099151 0.001554151
v 0.001913695 -0.002012187 0.001553538
v 0.001923022 -0.001943404 0.001541855
v 0.002069317 -0.002239802 0.00157447
v 0.002020505 -0.002086135 0.001544355
v 0.002029295 -0.001567937 0.001563494
v 0.002034718 -0.001245694 0.001527921
v 0.002074662 -0.002065172 0.001547065
v 0.002046754 -0.001533195 0.001528003
v 0.002060106 -0.001442053 0.001519563
v 0.002059699 -0.001334336 0.001508111
v 0.002029467 -0.002021235 0.001560306
v 0.002015002 -0.001918821 0.001576411
v 0.00202661 -0.001515387 0.00159391
v 0.002134152 -0.002242999 0.001588094
v 0.002124682 -0.002024376 0.00156872
v 0.00217557 -0.002203736 0.001579453
v 0.002109379 -0.001955002 0.001593954
v 0.002223034 -0.002175557 0.001599696
v 0.002176598 -0.002048474 0.001569801
v 0.002227008 -0.002113527 0.001587154
v 0.002215083 -0.002061187 0.001584235
v 0.0002987216 -0.001308932 0.001618306
v 0.0003016769 -0.001221538 0.001623441
v 0.0003180933 -0.001147616 0.001589029
v 0.0003081589 -0.001370913 0.001617182
v 0.0003493605 -0.001076065 0.001641923
v 0.0004012506 -0.001555744 0.001671776
v 0.0003575408 -0.00148052 0.001681739
v 0.0003266844 -0.001410493 0.00166
v 0.0003887017 -0.001027143 0.001598363
v 0.0003044652 -0.001337902 0.001665495
v 0.0003028052 -0.001265535 0.001686175
v 0.0004528385 -0.001623322 0.001637231
v 0.0004491519 -0.0009732012 0.001648257
v 0.0004395038 -0.001613762 0.001706909
v 0.0003923269 -0.001019544 0.001666788
v 0.0005001634 -0.001670896 0.001609204
v 0.0005315948 -0.000913097 0.001674272
v 0.0005585259 -0.001727711 0.001631278
v 0.0005840615 -0.000877554 0.001614851
v 0.0006344548 -0.0008457836 0.001583997
v 0.0006452234 -0.001796015 0.001604847
v 0.0006788406 -0.0008240063 0.001608757
v 0.0006938825 -0.001835223 0.00168757
v 0.0006018541 -0.0008657154 0.001687154
v 0.0006323228 -0.0008443917 0.00163601
v 0.0007625258 -0.001877259 0.00167842
v 0.0007477612 -0.0008086035 0.001621094
v 0.0008124519 -0.001906911 0.00168287
v 0.0006772404 -0.0008314723 0.001682415
v 0.000854473 -0.001931182 0.001660298
v 0.0008418971 -0.0007936707 0.0016203
v 0.0008411656 -0.001927847 0.001712445
v 0.0007703657 -0.0008092936 0.001697141
v 0.0009038117 -0.001960459 0.00163833
v 0.0009505554 -0.0007824413 0.00161094
v 0.0009711352 -0.002006588 0.001651203
v 0.0008740577 -0.0007923748 0.001696906
v 0.001071432 -0.002057439 0.001609178
v 0.001065472 -0.00077753 0.001603033
v 0.001112328 -0.002109442 0.001682567
v 0.0009856307 -0.0007822022 0.001688193
v 0.001177177 -0.002134315 0.001654621
v 0.00117733 -0.0007797427 0.001604074
v 0.001097279 -0.0007799841 0.001679888
v 0.001252777 -0.002173538 0.001658765
v 0.001264892 -0.0007875885 0.001616718
v 0.001251699 -0.00222549 0.001727256
v 0.001201432 -0.000785486 0.001680008
v 0.001349724 -0.002194033 0.001638014
v 0.001359729 -0.0007994941 0.001594034
v 0.001325963 -0.00227871 0.001737218
v 0.001314202 -0.002227479 0.001686545
v 0.001303686 -0.0007984674 0.001681633
v 0.001428635 -0.00220913 0.001632176
v 0.001430539 -0.000818913 0.001611379
v 0.001480462 -0.002247932 0.001651675
v 0.001518658 -0.0008498093 0.001656168
v 0.001463262 -0.000831296 0.001633649
v 0.001405356 -0.002313262 0.001728392
v 0.001399687 -0.002257618 0.001680039
v 0.001418969 -0.000822711 0.001683194
v 0.001565432 -0.002256253 0.001643972
v 0.001607582 -0.0008783482 0.001636842
v 0.001502161 -0.002317026 0.001699008
v 0.001585273 -0.0008723878 0.00170262
v 0.001669261 -0.002262197 0.001634221
v 0.001682346 -0.0009044816 0.001610411
v 0.00160439 -0.002374098 0.001721083
v 0.001607656 -0.002312164 0.001671863
v 0.00178159 -0.002269556 0.001624752
v 0.001753058 -0.0009350783 0.001641667
v 0.001713215 -0.002398469 0.001726748
v 0.001698313 -0.002332385 0.001672625
v 0.001904935 -0.002271914 0.001608184
v 0.00183461 -0.0009788696 0.001665787
v 0.001893493 -0.001021981 0.001656666
v 0.001814704 -0.002352969 0.001675366
v 0.002004465 -0.002288786 0.001610679
v 0.001927491 -0.001058004 0.001615207
v 0.00203232 -0.00181999 0.001595834
v 0.002038699 -0.001730132 0.001612899
v 0.002037384 -0.001624701 0.001642174
v 0.002022402 -0.001552198 0.001620716
v 0.001985478 -0.001218439 0.00167643
v 0.001958821 -0.001119586 0.001657154
v 0.001934934 -0.00234637 0.001664316
v 0.001994356 -0.001387035 0.001730466
v 0.001922569 -0.001057461 0.001680705
v 0.002087213 -0.002285995 0.001615293
v 0.00206113 -0.001856304 0.001609111
v 0.00201554 -0.001468814 0.001651852
v 0.00202107 -0.00127824 0.001593584
v 0.00203133 -0.001455263 0.001591936
v 0.002032144 -0.001371933 0.001591177
v 0.002036088 -0.002338322 0.001668365
v 0.002098767 -0.001816305 0.001639389
v 0.002081987 -0.001756839 0.001649312
v 0.002094296 -0.001674635 0.001693606
v 0.002014235 -0.001401118 0.001648603
v 0.002004351 -0.00132297 0.001665659
v 0.002139815 -0.002274533 0.001618638
v 0.002102229 -0.001880904 0.001618361
v 0.002195349 -0.002244843 0.001626938
v 0.002162208 -0.001910502 0.001629675
v 0.002135467 -0.002310505 0.001670984
v 0.002162655 -0.001844672 0.001659086
v 0.002157063 -0.001754904 0.001696872
v 0.002253932 -0.002199817 0.001642228
v 0.002208659 -0.001988599 0.001620461
v 0.002273655 -0.002129956 0.001642733
v 0.002251051 -0.002065292 0.00161787
v 0.002252615 -0.002240348 0.0016718
v 0.002213442 -0.001895154 0.00166335
v 0.002232613 -0.001824157 0.001708468
v 0.002281309 -0.001916125 0.001709113
v 0.0003209257 -0.00113837 0.00166688
v 0.000311613 -0.001189581 0.001698106
v 0.0003415332 -0.001092037 0.001696684
v 0.0003703586 -0.001498913 0.001760413
v 0.0003367256 -0.001424811 0.001733634
v 0.0003166287 -0.001325279 0.001748595
v 0.0003220956 -0.001211648 0.001762055
v 0.000334495 -0.001396486 0.001822838
v 0.0003206501 -0.001310545 0.0018305
v 0.0003420889 -0.001121431 0.001747094
v 0.000410787 -0.001573592 0.001746083
v 0.000376223 -0.001048125 0.001724522
v 0.0004513704 -0.001625236 0.001791098
v 0.0004212784 -0.0009957082 0.001716551
v 0.0004026091 -0.001554098 0.001807389
v 0.000424427 -0.001005572 0.001776686
v 0.0004910366 -0.001670752 0.001695335
v 0.0004829667 -0.0009541128 0.001758066
v 0.0005423565 -0.00172262 0.001725388
v 0.0005058505 -0.001688859 0.001775076
v 0.0006115066 -0.00177889 0.001725129
v 0.0005705512 -0.0008935395 0.001766262
v 0.0006823493 -0.001835893 0.001783623
v 0.0006319734 -0.0008561357 0.001743497
v 0.0006270373 -0.0008662783 0.001798447
v 0.0007371558 -0.001867674 0.001740959
v 0.0006960524 -0.000837153 0.001776334
v 0.0007951314 -0.001903145 0.001741775
v 0.0007979107 -0.0008106057 0.001781081
v 0.0008441859 -0.001937916 0.001764228
v 0.0008934397 -0.001964514 0.001713863
v 0.0009064698 -0.0007919258 0.001782539
v 0.0009514713 -0.002018435 0.001762438
v 0.0009648346 -0.0007858199 0.001833478
v 0.001031699 -0.002066543 0.001719107
v 0.001023281 -0.0007828788 0.001758842
v 0.001085461 -0.002128323 0.001775238
v 0.001061405 -0.0007827295 0.001822693
v 0.00117157 -0.002170154 0.001727216
v 0.001129659 -0.000783656 0.00175138
v 0.001198458 -0.002227449 0.001787142
v 0.001161282 -0.000785964 0.001820964
v 0.001257299 -0.002266096 0.001778197
v 0.001233169 -0.0007920875 0.001753669
v 0.001297856 -0.002311613 0.001806338
v 0.001257192 -0.0007950522 0.001828144
v 0.00136424 -0.002330746 0.001772373
v 0.001341741 -0.0008090222 0.00176835
v 0.001331945 -0.000806322 0.001845901
v 0.001438254 -0.002364725 0.001768613
v 0.001422968 -0.0008266038 0.001761165
v 0.001429685 -0.002402303 0.001824251
v 0.001518977 -0.002380904 0.001747747
v 0.001510419 -0.0008498145 0.001763346
v 0.001557546 -0.002413785 0.001773195
v 0.00161234 -0.0008806061 0.001760504
v 0.00149149 -0.002411215 0.001796325
v 0.001630782 -0.002431636 0.001782003
v 0.001672653 -0.0009023177 0.001697122
v 0.001685826 -0.0009052077 0.001790341
v 0.001733351 -0.002454824 0.001798643
v 0.001768639 -0.0009428689 0.001738647
v 0.001793988 -0.002416481 0.001735937
v 0.001750895 -0.0009323301 0.001822217
v 0.001876286 -0.00240519 0.001724293
v 0.001831825 -0.0009775454 0.001737358
v 0.00197466 -0.001365666 0.001825276
v 0.001827336 -0.00244699 0.001778021
v 0.001973272 -0.002394931 0.001729502
v 0.001999662 -0.001433533 0.001794723
v 0.001968647 -0.001315635 0.001797256
v 0.001880211 -0.001016935 0.001728294
v 0.002020603 -0.001502628 0.001712972
v 0.001978471 -0.001282251 0.001741597
v 0.001962904 -0.001201788 0.001763449
v 0.001958744 -0.001149441 0.001728437
v 0.001928467 -0.001082077 0.00174364
v 0.001907454 -0.002444579 0.001791923
v 0.001956676 -0.001246456 0.001812865
v 0.001946648 -0.001184975 0.001821538
v 0.00189018 -0.001037607 0.001795766
v 0.002077077 -0.002376619 0.001752602
v 0.002072839 -0.001567485 0.001751373
v 0.002133053 -0.001624535 0.001758343
v 0.001999512 -0.002428836 0.001805537
v 0.002029952 -0.00148754 0.001793495
v 0.002029404 -0.001473789 0.001830293
v 0.002178524 -0.002335998 0.001757251
v 0.002157274 -0.001678606 0.001737901
v 0.002218942 -0.00228576 0.001697135
v 0.002202529 -0.00170721 0.001748897
v 0.002203334 -0.001643718 0.001792688
v 0.002272076 -0.002256064 0.0017191
v 0.002227225 -0.001754566 0.001737163
v 0.002295934 -0.002193643 0.001700838
v 0.002319455 -0.002115207 0.001709073
v 0.002296336 -0.002035128 0.001684561
v 0.002270282 -0.001779798 0.00175362
v 0.002254122 -0.002296256 0.001766656
v 0.002263213 -0.001714843 0.001784612
v 0.002278665 -0.001648898 0.001837154
v 0.002338383 -0.00196875 0.001758123
v 0.002293969 -0.001832968 0.001751118
v 0.00234462 -0.001868933 0.001800127
v 0.002285735 -0.002291211 0.001821313
v 0.002309854 -0.002236977 0.001781751
v 0.002341919 -0.002147279 0.001774057
v 0.002350461 -0.00205407 0.001767206
v 0.002315277 -0.001777197 0.001797869
v 0.002321853 -0.001703921 0.001840652
v 0.0003311264 -0.001376097 0.00189371
v 0.0003244472 -0.001324044 0.001878667
v 0.0003421568 -0.001420093 0.001875682
v 0.0003261407 -0.001269526 0.001873661
v 0.0003279058 -0.001242182 0.001829872
v 0.0003640969 -0.001138695 0.001855964
v 0.0003944401 -0.001056852 0.001812435
v 0.0003503873 -0.00141904 0.0019215
v 0.0003479674 -0.001210772 0.001904362
v 0.0003724291 -0.00148393 0.001868876
v 0.0004639476 -0.0009946073 0.001859914
v 0.0004985448 -0.0016753 0.001863445
v 0.0004562465 -0.001624755 0.001867353
v 0.0004207793 -0.001570522 0.001876942
v 0.0003979427 -0.001521097 0.001917662
v 0.0003993596 -0.001097743 0.001921235
v 0.0004176505 -0.001058573 0.001895366
v 0.000553995 -0.001734669 0.001805668
v 0.0005400456 -0.0009304485 0.001852002
v 0.0005960397 -0.0008897011 0.001839232
v 0.000616929 -0.001790573 0.001844754
v 0.0006530125 -0.0008658573 0.001858678
v 0.000687123 -0.001851647 0.001891715
v 0.0007536981 -0.00188827 0.001815994
v 0.0007331868 -0.000836459 0.0018641
v 0.0007507367 -0.001900279 0.001892603
v 0.0008098959 -0.001921401 0.001799141
v 0.0008227468 -0.0008088796 0.001865246
v 0.0008379809 -0.001942215 0.001809243
v 0.0008917727 -0.000793214 0.001854846
v 0.0008133915 -0.001938941 0.001864347
v 0.0008620186 -0.0007985368 0.001898246
v 0.000879107 -0.001973571 0.001808537
v 0.0009190729 -0.0007901186 0.001895538
v 0.0009287774 -0.002022794 0.001846081
v 0.0008754366 -0.001994621 0.001898011
v 0.0009993224 -0.002078978 0.00183547
v 0.001000359 -0.0007842954 0.001890362
v 0.001067647 -0.00215595 0.001877696
v 0.001134218 -0.002187419 0.001812878
v 0.001094355 -0.0007831437 0.001888145
v 0.001164918 -0.002230769 0.00184299
v 0.001123084 -0.002207359 0.001873877
v 0.001219158 -0.002275984 0.001845254
v 0.001189595 -0.000787443 0.001890623
v 0.001269122 -0.002332815 0.001884087
v 0.001357401 -0.002366996 0.001837946
v 0.001277075 -0.0007966647 0.00189842
v 0.001398428 -0.002415333 0.001888086
v 0.00135708 -0.0008112776 0.001908135
v 0.001463576 -0.002429807 0.001849021
v 0.001416471 -0.000825281 0.001833049
v 0.001539457 -0.002446083 0.001839812
v 0.001500458 -0.0008471549 0.00186346
v 0.001631506 -0.002473118 0.001858251
v 0.0015978 -0.0008753014 0.001850098
v 0.001709163 -0.002493834 0.001877943
v 0.001693557 -0.0009064048 0.001874019
v 0.001759534 -0.000938514 0.001891572
v 0.001816138 -0.002489338 0.001864164
v 0.001825126 -0.0009811698 0.00181638
v 0.001965683 -0.001354087 0.001881605
v 0.001950512 -0.001290883 0.001878671
v 0.001934664 -0.001200239 0.001877871
v 0.001875878 -0.001045506 0.001875352
v 0.001799583 -0.002526147 0.001940618
v 0.001937663 -0.002471807 0.00188011
v 0.001993758 -0.001402803 0.001875723
v 0.001929866 -0.001146429 0.001857394
v 0.001914998 -0.001077305 0.001813896
v 0.002012927 -0.001452151 0.001833626
v 0.001940377 -0.001133074 0.001797875
v 0.001865389 -0.002513118 0.001938338
v 0.001973383 -0.001366276 0.001911465
v 0.00195979 -0.001331829 0.00192745
v 0.001915899 -0.001101904 0.001855942
v 0.002019569 -0.002440955 0.001873076
v 0.002022461 -0.001462067 0.001843678
v 0.002064941 -0.002412439 0.001834279
v 0.002072386 -0.001499596 0.001840526
v 0.002034703 -0.001471311 0.001845103
v 0.002034118 -0.001452904 0.001870498
v 0.002135546 -0.002378455 0.001834812
v 0.002145432 -0.001570127 0.001817137
v 0.002159852 -0.001520866 0.001891084
v 0.002228709 -0.002333903 0.001846543
v 0.002235227 -0.001579136 0.001874407
v 0.002299329 -0.001615308 0.001878712
v 0.002265975 -0.002310595 0.001914069
v 0.002213116 -0.001531219 0.001919923
v 0.002286945 -0.002299862 0.001867534
v 0.002322689 -0.001651284 0.001868756
v 0.002320105 -0.002254354 0.00186029
v 0.002352408 -0.002176937 0.001856523
v 0.002376589 -0.00207764 0.001853117
v 0.002381354 -0.001960955 0.00184842
v 0.002388625 -0.001855454 0.00188417
v 0.002365032 -0.001766095 0.001874964
v 0.002351533 -0.001675027 0.001900105
v 0.002306531 -0.002273819 0.001909856
v 0.002330772 -0.001626172 0.00190452
v 0.0003314144 -0.00132698 0.001930149
v 0.0003360524 -0.001271218 0.001923898
v 0.000337313 -0.001369544 0.00193853
v 0.0003675605 -0.00122157 0.001976584
v 0.0003908544 -0.00147136 0.001976139
v 0.0003588601 -0.001387431 0.001979787
v 0.0003438602 -0.00133957 0.001969803
v 0.0003507964 -0.001289121 0.001978012
v 0.0004203939 -0.001546819 0.00195073
v 0.0003935867 -0.001141395 0.001959497
v 0.0005135279 -0.001680116 0.001963475
v 0.0004613973 -0.001613069 0.001941695
v 0.0004338104 -0.001070779 0.001964116
v 0.000466711 -0.001020138 0.001942405
v 0.0005583679 -0.001737012 0.001906478
v 0.0005392216 -0.0009656625 0.001964013
v 0.0006015154 -0.0009044096 0.00191104
v 0.0005592846 -0.001729995 0.002005833
v 0.0006169993 -0.001795431 0.001961937
v 0.0006804412 -0.000874228 0.001952514
v 0.0007258714 -0.001893884 0.001958018
v 0.0006703917 -0.001850535 0.001990817
v 0.0006347604 -0.001817882 0.002025185
v 0.0006150943 -0.0009175392 0.001986636
v 0.0007750717 -0.001927218 0.001934671
v 0.0007681215 -0.000834858 0.001943367
v 0.0008245872 -0.0008107586 0.001929127
v 0.0008200121 -0.001966445 0.001955921
v 0.0008721596 -0.0008009685 0.001945812
v 0.0008728866 -0.002017407 0.001986709
v 0.000933571 -0.002050617 0.001924607
v 0.0009439826 -0.0007916897 0.00195211
v 0.0009942336 -0.002111576 0.001943363
v 0.001031414 -0.000786263 0.001954411
v 0.001097463 -0.00220951 0.001937564
v 0.001041943 -0.002167028 0.001969069
v 0.0009946919 -0.002137894 0.002016922
v 0.001154825 -0.002249286 0.001903514
v 0.001125264 -0.000785943 0.001956123
v 0.00119942 -0.002299248 0.001928861
v 0.001216381 -0.0007910518 0.001959253
v 0.001238235 -0.002341595 0.001955486
v 0.001191164 -0.002318497 0.001993004
v 0.001308638 -0.002383706 0.001943621
v 0.001297554 -0.000801175 0.001965347
v 0.001375615 -0.002432944 0.001975707
v 0.001366989 -0.0008173391 0.001983744
v 0.001458806 -0.002449891 0.001914977
v 0.001436861 -0.0008321647 0.00192722
v 0.001539526 -0.002478858 0.001931843
v 0.001528815 -0.0008588301 0.001945716
v 0.001630393 -0.002504986 0.001942978
v 0.001633573 -0.0008890194 0.001954449
v 0.001635588 -0.0008973941 0.002030839
v 0.001724723 -0.002523221 0.001946952
v 0.001709419 -0.0009133519 0.001935379
v 0.001760034 -0.002540871 0.001985023
v 0.001745021 -0.0009358714 0.00196001
v 0.001707885 -0.00254288 0.002013085
v 0.00169255 -0.000913788 0.001996142
v 0.001812714 -0.002538058 0.001992015
v 0.001803678 -0.000981795 0.001940739
v 0.00192255 -0.001214162 0.001966566
v 0.001898075 -0.001118653 0.001935751
v 0.00184913 -0.001041113 0.001968635
v 0.001870754 -0.002526468 0.002002555
v 0.001942856 -0.001284554 0.001953531
v 0.001927753 -0.002493575 0.001980801
v 0.001994235 -0.001365248 0.001970419
v 0.001957819 -0.00131274 0.001983418
v 0.001899213 -0.00251378 0.002024102
v 0.002000034 -0.002454773 0.001941157
v 0.002034796 -0.001419762 0.001931746
v 0.00207723 -0.002410188 0.001925856
v 0.002030074 -0.002431567 0.00198328
v 0.002166559 -0.002367119 0.001913862
v 0.002098821 -0.0014636 0.001932354
v 0.002220657 -0.00233981 0.001921486
v 0.00218871 -0.00234469 0.001968514
v 0.002234343 -0.00231279 0.001976571
v 0.002190502 -0.001496472 0.001969776
v 0.002254964 -0.001541375 0.001950475
v 0.002290736 -0.002264291 0.001977877
v 0.002300872 -0.001586713 0.001924239
v 0.002340508 -0.002205984 0.00194319
v 0.002380949 -0.002103829 0.001946229
v 0.002403684 -0.001996166 0.001945923
v 0.002410694 -0.00188841 0.00195264
v 0.002402449 -0.001788901 0.0019593
v 0.002380955 -0.001698481 0.001964179
v 0.002345224 -0.001618525 0.001966921
v 0.002324504 -0.002205096 0.002020995
v 0.002303435 -0.001561971 0.00198541
v 0.0004204292 -0.001460524 0.002076503
v 0.0003922128 -0.001394452 0.002048995
v 0.0003696634 -0.00133002 0.002021712
v 0.0003879658 -0.001258222 0.002041601
v 0.0004445716 -0.001542703 0.002041576
v 0.0004149856 -0.001178609 0.0020435
v 0.000489093 -0.001627349 0.002030595
v 0.0004499167 -0.001101504 0.002035342
v 0.0004892277 -0.001033639 0.002014427
v 0.0004417392 -0.001495824 0.002103278
v 0.0004353415 -0.001226903 0.002113282
v 0.0005235901 -0.001678703 0.002036467
v 0.0005489189 -0.001004166 0.002069072
v 0.0006029665 -0.001775758 0.002077437
v 0.0005494072 -0.001696084 0.002094569
v 0.0005139589 -0.001644557 0.002089011
v 0.0004752129 -0.001203029 0.002168943
v 0.0004730785 -0.001144434 0.002119241
v 0.0005069351 -0.001066894 0.002094066
v 0.0006555452 -0.001841229 0.00207662
v 0.00060461 -0.0009516318 0.002055203
v 0.0007109622 -0.001893289 0.00203905
v 0.0006624237 -0.0009089385 0.002038587
v 0.0006292945 -0.001811119 0.002119187
v 0.0007664675 -0.001934959 0.002003441
v 0.0007519546 -0.0008715754 0.002052273
v 0.0008197635 -0.0008236514 0.001989938
v 0.0007550092 -0.001939524 0.002087717
v 0.0008161743 -0.001984906 0.002047796
v 0.0008894064 -0.000808719 0.002007796
v 0.0008635102 -0.002028089 0.002055909
v 0.0008364226 -0.002012754 0.002092812
v 0.0008393519 -0.0008354059 0.002055039
v 0.0009274639 -0.00208015 0.002036461
v 0.0009719189 -0.0007987996 0.002018396
v 0.0009821827 -0.00215351 0.002100575
v 0.000914605 -0.00082456 0.002080291
v 0.001028655 -0.002178187 0.002035253
v 0.001063636 -0.0007932788 0.002022547
v 0.00107038 -0.002209011 0.002005113
v 0.001056537 -0.002223591 0.002085236
v 0.001006927 -0.0008122303 0.002088582
v 0.001130276 -0.002265147 0.00200003
v 0.001156443 -0.0007938352 0.002024007
v 0.001165316 -0.002315917 0.002049921
v 0.001115124 -0.002286921 0.002101139
v 0.00109827 -0.0008066158 0.002089398
v 0.001228631 -0.002360403 0.002033987
v 0.001243187 -0.0007997993 0.002023488
v 0.001189919 -0.0008095353 0.002088979
v 0.001300715 -0.002411185 0.002041206
v 0.001309583 -0.0008082975 0.00202073
v 0.001355517 -0.002444222 0.002052819
v 0.001349021 -0.0008233172 0.002049314
v 0.001307793 -0.002431168 0.002106595
v 0.001278935 -0.0008167166 0.002078509
v 0.001438729 -0.002468896 0.002020868
v 0.00143536 -0.0008442299 0.002030923
v 0.00153857 -0.002502698 0.002029382
v 0.001551647 -0.000877872 0.002047489
v 0.001611906 -0.0009048097 0.002094208
v 0.001634139 -0.002530575 0.002030838
v 0.001670434 -0.0009180359 0.002059139
v 0.001672329 -0.00254666 0.002064053
v 0.001619164 -0.00254081 0.002101224
v 0.001739983 -0.002547875 0.002051305
v 0.001735193 -0.0009504586 0.002035047
v 0.001815578 -0.002539592 0.002059969
v 0.001800062 -0.001004763 0.002036663
v 0.001872514 -0.002524069 0.002048419
v 0.001908053 -0.001195997 0.002073808
v 0.001888247 -0.001143367 0.002033503
v 0.001845029 -0.001070237 0.002054296
v 0.001847314 -0.002522405 0.002093209
v 0.001794117 -0.001022318 0.002105952
v 0.001903758 -0.00248647 0.002083014
v 0.001938443 -0.001261791 0.002022527
v 0.001982085 -0.002448787 0.002028679
v 0.002022558 -0.001353752 0.002077243
v 0.001971236 -0.001307564 0.002054653
v 0.002045454 -0.002393041 0.002050821
v 0.002070498 -0.001410167 0.002017546
v 0.002127912 -0.002362168 0.002001943
v 0.002074766 -0.001385919 0.002105071
v 0.00217912 -0.002316022 0.002039085
v 0.002139013 -0.001452312 0.002013222
v 0.00224031 -0.002269173 0.00205112
v 0.002192212 -0.001470132 0.002049562
v 0.002290538 -0.002232372 0.002046403
v 0.002266547 -0.002224586 0.002093217
v 0.002310807 -0.002175647 0.002100193
v 0.002258698 -0.001514968 0.002038575
v 0.002363415 -0.002121606 0.0020495
v 0.002403328 -0.002016072 0.002044437
v 0.002420288 -0.001911816 0.002044423
v 0.002419051 -0.001810652 0.002046119
v 0.002403148 -0.001719126 0.002046204
v 0.002372563 -0.001638085 0.002050698
v 0.002326079 -0.001568988 0.002054576
v 0.0004244292 -0.001397466 0.002124011
v 0.0004135524 -0.001318367 0.002103921
v 0.0004475025 -0.001452627 0.002149585
v 0.000462443 -0.001275232 0.002181827
v 0.0004645016 -0.001519749 0.002133477
v 0.000444855 -0.001402315 0.002169118
v 0.0004464208 -0.001354576 0.002173184
v 0.0004874837 -0.001586259 0.002108957
v 0.0004984047 -0.001222438 0.002214155
v 0.0005783223 -0.001711001 0.002188224
v 0.0005278663 -0.001619943 0.00217121
v 0.0005144065 -0.001160306 0.002195036
v 0.0005260963 -0.001100191 0.00216014
v 0.0005624093 -0.001043811 0.002146933
v 0.0004955253 -0.001547656 0.002177059
v 0.0006141594 -0.001783402 0.002157866
v 0.0006004731 -0.000989667 0.002122026
v 0.0006519972 -0.001834226 0.002171452
v 0.0006747036 -0.0009482844 0.002135189
v 0.0006203924 -0.001022241 0.002189433
v 0.0007007064 -0.001890835 0.002124226
v 0.0007585229 -0.0009086675 0.002151822
v 0.0008023521 -0.001991848 0.00215261
v 0.0007403985 -0.001934018 0.002163683
v 0.0007348284 -0.0009514465 0.002206472
v 0.0008660949 -0.002044589 0.002114974
v 0.000842703 -0.0008689845 0.002137733
v 0.0008051422 -0.0009248836 0.002217995
v 0.0009138094 -0.00209871 0.002147591
v 0.0009599852 -0.0008492203 0.002165133
v 0.001008578 -0.002208209 0.002192185
v 0.0009509718 -0.002148268 0.002190745
v 0.0008954635 -0.0008990524 0.002229094
v 0.001068057 -0.00226097 0.002162825
v 0.001048495 -0.0008271144 0.002145765
v 0.001111298 -0.002308577 0.002185772
v 0.001168561 -0.002339533 0.002121582
v 0.001130494 -0.0008291357 0.002155709
v 0.001238763 -0.002393554 0.002134169
v 0.001229719 -0.0008349112 0.002151699
v 0.001291632 -0.002431167 0.002180376
v 0.001364362 -0.002457345 0.002118194
v 0.001342847 -0.0008461672 0.00212694
v 0.001448819 -0.002486454 0.002126723
v 0.001454473 -0.0008730323 0.002129967
v 0.001545902 -0.002519632 0.002127229
v 0.001542726 -0.0008979633 0.002140261
v 0.001590807 -0.002536777 0.002152747
v 0.001595596 -0.0009153462 0.002145374
v 0.001544411 -0.002521333 0.002197249
v 0.0015605 -0.0009289661 0.002205291
v 0.001659225 -0.002545491 0.002128643
v 0.001657878 -0.0009411433 0.002136196
v 0.001620708 -0.0009657989 0.002234507
v 0.001737743 -0.002542288 0.002131971
v 0.001744847 -0.0009831922 0.002112827
v 0.001800446 -0.002531988 0.002122967
v 0.001757898 -0.0010134 0.002163962
v 0.001763632 -0.002525402 0.002171972
v 0.001698683 -0.0009868027 0.002194003
v 0.001822532 -0.002498212 0.002166952
v 0.001801225 -0.001055886 0.002158535
v 0.001899654 -0.001187689 0.002171635
v 0.001858432 -0.00112407 0.002139677
v 0.001881608 -0.002442411 0.002195083
v 0.001939583 -0.001246978 0.002113912
v 0.001960337 -0.00240393 0.00215323
v 0.00198876 -0.001295367 0.002170117
v 0.001911541 -0.002403364 0.002222006
v 0.001935808 -0.001232543 0.002196061
v 0.002025964 -0.002351495 0.002152275
v 0.002045943 -0.001351603 0.002152188
v 0.002095337 -0.002316214 0.002125519
v 0.002097764 -0.001384628 0.002180551
v 0.002038242 -0.002316041 0.002189241
v 0.00217595 -0.002267925 0.002120117
v 0.002138876 -0.001428025 0.002100125
v 0.002226627 -0.002237687 0.002117538
v 0.002192445 -0.002223045 0.002169966
v 0.002250395 -0.002190322 0.002160675
v 0.002219929 -0.001471424 0.002127187
v 0.002300864 -0.002134274 0.00218659
v 0.002289941 -0.001521221 0.002136028
v 0.002348306 -0.002095046 0.002158764
v 0.002389336 -0.002020204 0.002146846
v 0.002415485 -0.001925894 0.002141917
v 0.002421135 -0.001828215 0.002140497
v 0.00240925 -0.001734068 0.002137226
v 0.002388657 -0.00166164 0.002123507
v 0.002347536 -0.001586228 0.002152443
v 0.002327392 -0.002083795 0.002227788
v 0.002306567 -0.001529871 0.002210308
v 0.0004710627 -0.001402993 0.002210496
v 0.000476818 -0.001333527 0.002220885
v 0.000482697 -0.001481268 0.002201363
v 0.0005049785 -0.001279638 0.002245683
v 0.0005913224 -0.001696027 0.002302341
v 0.0005586004 -0.001616703 0.002274438
v 0.0005241111 -0.001521182 0.002254494
v 0.0005410013 -0.00120568 0.002255155
v 0.000578906 -0.001105317 0.002227317
v 0.000505199 -0.001435718 0.002256621
v 0.0005081136 -0.001358702 0.002266011
v 0.0006179502 -0.001772322 0.002239298
v 0.0006299976 -0.001055381 0.002240375
v 0.0006596771 -0.001832671 0.002278407
v 0.0006848404 -0.001015912 0.002247028
v 0.0006407721 -0.001093345 0.002285457
v 0.0007000791 -0.001891317 0.002214831
v 0.0007642329 -0.000981117 0.002270859
v 0.0008049503 -0.002008788 0.002268724
v 0.0007510167 -0.00194841 0.002244021
v 0.0007336236 -0.001030058 0.002308045
v 0.0008569963 -0.002054715 0.002204689
v 0.0008530967 -0.0009658615 0.002302202
v 0.0007867298 -0.001022522 0.002334621
v 0.0009044773 -0.002111213 0.002238908
v 0.0009538378 -0.0009272184 0.002299223
v 0.001003706 -0.00222579 0.002282181
v 0.0009523096 -0.002169785 0.002275568
v 0.0009759177 -0.0008830096 0.002241409
v 0.0009040585 -0.002124496 0.002309877
v 0.001057439 -0.002272882 0.002248187
v 0.001057051 -0.0008596677 0.002218005
v 0.001107516 -0.002322212 0.002255655
v 0.001026546 -0.0008995063 0.002284108
v 0.001164086 -0.002358645 0.00222009
v 0.001165306 -0.0008607043 0.002224249
v 0.001131116 -0.002347188 0.00229173
v 0.001107067 -0.0008956716 0.00228998
v 0.00122673 -0.002400774 0.002226142
v 0.001269703 -0.0008685892 0.002219493
v 0.001271019 -0.002423747 0.002270577
v 0.001204118 -0.0008963954 0.002290974
v 0.001359121 -0.002458225 0.002213202
v 0.001374316 -0.0008842307 0.002213107
v 0.001303405 -0.0009067598 0.002290281
v 0.001461609 -0.002486371 0.00224284
v 0.001470737 -0.0009043861 0.002209665
v 0.001542568 -0.002508545 0.002249324
v 0.001484751 -0.0009344694 0.002270042
v 0.001402793 -0.0009219319 0.002284684
v 0.001597815 -0.00253137 0.002199569
v 0.001540227 -0.0009603343 0.002287643
v 0.001594572 -0.0009910251 0.00230795
v 0.001603662 -0.00251054 0.002258252
v 0.00166255 -0.00253438 0.002195037
v 0.001660333 -0.0009998716 0.002265262
v 0.001713962 -0.00252829 0.002197809
v 0.001670205 -0.002514172 0.002243251
v 0.001734706 -0.002495351 0.002241997
v 0.001731372 -0.001033895 0.002242961
v 0.001804155 -0.002443417 0.00227048
v 0.00179962 -0.001088453 0.00223876
v 0.001867066 -0.002393239 0.002283288
v 0.001851848 -0.001141599 0.00224469
v 0.001818438 -0.002402084 0.002319562
v 0.001802993 -0.001113713 0.002306665
v 0.001925494 -0.002361184 0.002260229
v 0.001899428 -0.001193983 0.002260952
v 0.001984284 -0.002317742 0.002245995
v 0.002000772 -0.001289869 0.002276785
v 0.00195073 -0.001244792 0.002263261
v 0.001934372 -0.002318871 0.002302287
v 0.002047218 -0.002274844 0.002232691
v 0.002047738 -0.001337043 0.002229377
v 0.002117428 -0.002231971 0.002223246
v 0.002105478 -0.001379334 0.002286728
v 0.00205478 -0.002233061 0.002277621
v 0.002044682 -0.001326305 0.002307137
v 0.002190098 -0.002180358 0.002232614
v 0.002168866 -0.001429892 0.002207704
v 0.002199472 -0.002127693 0.00230394
v 0.002250916 -0.002140974 0.002235782
v 0.002249354 -0.001483131 0.002227094
v 0.002292754 -0.002104943 0.002247365
v 0.002290886 -0.001517686 0.002268967
v 0.00225837 -0.002100213 0.002292327
v 0.00225447 -0.001493974 0.002307736
v 0.002305674 -0.002056368 0.002302579
v 0.002329945 -0.00156668 0.002255781
v 0.002361915 -0.002017185 0.002250947
v 0.002399071 -0.001932076 0.002239374
v 0.002412304 -0.001843589 0.002233802
v 0.002404146 -0.001751884 0.002233523
v 0.002375522 -0.001652364 0.002226591
v 0.000603141 -0.001686508 0.002396964
v 0.0005806293 -0.001615407 0.002368362
v 0.0005637109 -0.001526289 0.002348839
v 0.0005492457 -0.001411742 0.00232501
v 0.0005512171 -0.00129089 0.002303972
v 0.0006042159 -0.001189566 0.002316187
v 0.0006255968 -0.001762017 0.002341296
v 0.0006594909 -0.00113659 0.002340998
v 0.0006682366 -0.00182666 0.002394126
v 0.0006939129 -0.00107686 0.002322027
v 0.0006580356 -0.00120352 0.002386652
v 0.0007070733 -0.001894823 0.002314466
v 0.0007460036 -0.001071678 0.002358146
v 0.0008100474 -0.002021088 0.002352326
v 0.0007597944 -0.001959431 0.002354869
v 0.0007143915 -0.001896749 0.002404972
v 0.0007098616 -0.00119668 0.002433266
v 0.0007060099 -0.001132426 0.002379267
v 0.0008568743 -0.002070849 0.002307517
v 0.0007872602 -0.001062557 0.002375972
v 0.0008866421 -0.002113054 0.002379241
v 0.0008453291 -0.001044275 0.002386958
v 0.0007756134 -0.001123324 0.002421282
v 0.0009278595 -0.002156778 0.002351457
v 0.0009359343 -0.00098817 0.002368395
v 0.0009787126 -0.002212263 0.002366259
v 0.0009220352 -0.001047001 0.002429102
v 0.001031923 -0.002262289 0.002328601
v 0.001049604 -0.0009495748 0.002359361
v 0.001000416 -0.001014672 0.002427522
v 0.001086766 -0.002313148 0.002325939
v 0.001149719 -0.0009272599 0.002344742
v 0.001128537 -0.002348621 0.002333904
v 0.001125087 -0.002343044 0.00239622
v 0.001183437 -0.00237995 0.002313822
v 0.001236251 -0.0009360174 0.002355962
v 0.001248659 -0.002409938 0.002347901
v 0.001198 -0.002382267 0.002404308
v 0.001337223 -0.002440491 0.002324455
v 0.001337072 -0.0009477101 0.002356438
v 0.00141995 -0.002453056 0.002348508
v 0.001447392 -0.000966401 0.002349836
v 0.00142701 -0.0009999283 0.002418221
v 0.001522177 -0.002470008 0.002331774
v 0.001528672 -0.0009858223 0.002344168
v 0.001564944 -0.001011776 0.002365231
v 0.001579259 -0.002436267 0.002391556
v 0.001494458 -0.001006817 0.002397328
v 0.001640801 -0.002475356 0.002312804
v 0.001645468 -0.001032887 0.002337576
v 0.001660157 -0.002426605 0.002382031
v 0.001720939 -0.00244595 0.002325307
v 0.001736869 -0.001078756 0.002330962
v 0.001766262 -0.002398574 0.002362203
v 0.001776619 -0.00111766 0.002365581
v 0.001712331 -0.002414809 0.002375999
v 0.001727637 -0.001105518 0.002400779
v 0.001825517 -0.002362065 0.002362233
v 0.001840373 -0.001158407 0.002342799
v 0.001884097 -0.002319571 0.002355564
v 0.001831856 -0.002323115 0.002403112
v 0.001940914 -0.002276042 0.002344579
v 0.001911903 -0.001214315 0.002340858
v 0.001999992 -0.002235418 0.002330014
v 0.001964172 -0.001255221 0.002329913
v 0.001947888 -0.00223398 0.002386166
v 0.001947309 -0.00125088 0.002405379
v 0.002063564 -0.002195717 0.00231935
v 0.00200451 -0.001291105 0.002355877
v 0.002129089 -0.002165316 0.002306229
v 0.002121308 -0.001400333 0.002374652
v 0.002058843 -0.001343662 0.002381171
v 0.002077075 -0.002149937 0.002373792
v 0.002002561 -0.001297954 0.002425377
v 0.002135966 -0.002113468 0.00238245
v 0.002187493 -0.001446222 0.002317679
v 0.002234338 -0.001504413 0.002381211
v 0.002227815 -0.002065859 0.002378636
v 0.002292729 -0.001539781 0.002329097
v 0.002263066 -0.002008666 0.002439613
v 0.002295355 -0.002021743 0.002377155
v 0.002336207 -0.001606088 0.002328935
v 0.002339206 -0.001989986 0.002350871
v 0.002375317 -0.001930649 0.002332382
v 0.002393071 -0.001852432 0.002323247
v 0.002395098 -0.001779643 0.002310747
v 0.002369857 -0.001692973 0.002335483
v 0.002312179 -0.00198085 0.002416475
v 0.002334057 -0.001635464 0.002391894
v 0.0006138983 -0.001677844 0.002474603
v 0.0005991062 -0.00161317 0.002449721
v 0.0005879413 -0.001545779 0.002422
v 0.0005987284 -0.001441989 0.002425632
v 0.0006082836 -0.001307275 0.002384786
v 0.0006300963 -0.00174423 0.002435216
v 0.0006688926 -0.001269178 0.002444816
v 0.0006997229 -0.001859029 0.002489123
v 0.0006588305 -0.001779935 0.002494456
v 0.0006326266 -0.001720098 0.002502214
v 0.000646473 -0.001423484 0.002509405
v 0.0006418563 -0.001350879 0.002459608
v 0.0007462018 -0.001931683 0.002473206
v 0.0007063845 -0.001247638 0.002470886
v 0.0007945022 -0.002001548 0.002430465
v 0.0007530917 -0.001213574 0.00248213
v 0.0007251972 -0.00189342 0.00252581
v 0.0007015911 -0.001315717 0.002512495
v 0.0008401038 -0.002059123 0.002403525
v 0.0008008545 -0.001161972 0.002472926
v 0.0008733752 -0.002101693 0.002478567
v 0.0008648767 -0.001121229 0.002473405
v 0.0008262728 -0.002041129 0.002478132
v 0.0008135017 -0.001196749 0.002512393
v 0.0009263958 -0.002162692 0.002429755
v 0.0009674567 -0.001081101 0.002487609
v 0.000978469 -0.002221851 0.002479613
v 0.0009242463 -0.001135048 0.002522165
v 0.001045092 -0.002280718 0.002418258
v 0.001055576 -0.001044034 0.002482975
v 0.001095622 -0.00232135 0.002489875
v 0.001076996 -0.0009966939 0.00243213
v 0.001158911 -0.002356424 0.00247429
v 0.001158554 -0.0009726548 0.002411851
v 0.001219892 -0.002379988 0.002466916
v 0.001125544 -0.001018032 0.002470404
v 0.001271012 -0.002406141 0.002411098
v 0.001271306 -0.0009800384 0.002421032
v 0.001287223 -0.002385552 0.002491428
v 0.001208418 -0.001020812 0.002480788
v 0.001353942 -0.002421214 0.00241445
v 0.00136588 -0.0009873351 0.002416565
v 0.001389532 -0.001011414 0.002449011
v 0.001384273 -0.002396079 0.002481655
v 0.001334527 -0.00236556 0.002550425
v 0.001327707 -0.001030086 0.002485779
v 0.001441156 -0.002430799 0.002412709
v 0.00144069 -0.001035972 0.002463181
v 0.0015092 -0.002430768 0.002413513
v 0.001471538 -0.002400098 0.002470439
v 0.001426648 -0.002365822 0.002539953
v 0.001394551 -0.001076669 0.002533189
v 0.001539935 -0.002406365 0.002449312
v 0.001558871 -0.001050162 0.002426504
v 0.001533409 -0.002364536 0.002516301
v 0.001497248 -0.001090189 0.002512011
v 0.001608316 -0.002393853 0.002447172
v 0.001661691 -0.0010796 0.002407883
v 0.001689601 -0.001118244 0.002451693
v 0.001637154 -0.002344044 0.002507129
v 0.001606704 -0.001107221 0.002483414
v 0.001695731 -0.002378135 0.002430717
v 0.001767477 -0.00114904 0.002433666
v 0.001771103 -0.002327188 0.002448158
v 0.001702175 -0.002333171 0.002488393
v 0.001839054 -0.002282983 0.002444308
v 0.001861829 -0.001203153 0.002432053
v 0.001898566 -0.002237643 0.002438968
v 0.001912108 -0.001247147 0.002475909
v 0.001846487 -0.002241426 0.002490428
v 0.001959604 -0.002196645 0.00242295
v 0.001962137 -0.001274606 0.00246248
v 0.00201913 -0.002171087 0.002397119
v 0.001994147 -0.001311258 0.002483346
v 0.001982566 -0.002150796 0.002467332
v 0.002050731 -0.00211643 0.002458244
v 0.002035877 -0.001337699 0.00245189
v 0.002083964 -0.001391228 0.002454999
v 0.002136213 -0.002063915 0.002473187
v 0.002159615 -0.001453632 0.00242357
v 0.002205719 -0.002031509 0.002464085
v 0.002206475 -0.001536206 0.00248017
v 0.002167039 -0.002024151 0.00251794
v 0.002219551 -0.001992789 0.002514344
v 0.002287175 -0.001578708 0.002410362
v 0.002312707 -0.001638319 0.002443233
v 0.002265323 -0.001664355 0.002536085
v 0.002269354 -0.001618623 0.002489198
v 0.002286955 -0.00195162 0.002489045
v 0.002342632 -0.001682719 0.002417548
v 0.002341933 -0.001924164 0.002424036
v 0.002369554 -0.001864126 0.002396014
v 0.002361414 -0.00177032 0.002409368
v 0.002311011 -0.00169349 0.002483387
v 0.0006185361 -0.001618621 0.002519275
v 0.0006166418 -0.001528877 0.002498337
v 0.0006270771 -0.001675815 0.002529377
v 0.0006532661 -0.001488462 0.002560398
v 0.0006880127 -0.001802402 0.002570626
v 0.0006551662 -0.001714002 0.002566324
v 0.0006909244 -0.001417209 0.002574856
v 0.0006402259 -0.001642318 0.002569385
v 0.000645077 -0.001569077 0.002572999
v 0.0007132844 -0.001864353 0.002555421
v 0.000753078 -0.001347916 0.002593397
v 0.0007489444 -0.001907983 0.002582592
v 0.0007745118 -0.001262377 0.002540444
v 0.0007158246 -0.001845706 0.002602452
v 0.0007914847 -0.001987409 0.002524262
v 0.0008189756 -0.001231776 0.002548515
v 0.0008823794 -0.0021136 0.002580534
v 0.0008373355 -0.002049176 0.002557971
v 0.0008745994 -0.001198101 0.002553796
v 0.0008179388 -0.001274396 0.002585305
v 0.0009237074 -0.002165933 0.002528348
v 0.0009417238 -0.001161873 0.002559571
v 0.0009728372 -0.002222559 0.002600579
v 0.000972815 -0.001124293 0.002537826
v 0.0009191657 -0.002164582 0.002607319
v 0.0009406459 -0.001207131 0.002604038
v 0.001036983 -0.00227774 0.002536366
v 0.001033981 -0.001100961 0.002539191
v 0.001090361 -0.002315954 0.002571133
v 0.001006761 -0.00120531 0.002639533
v 0.000996084 -0.001155357 0.002581412
v 0.001133339 -0.002339358 0.002534522
v 0.001132182 -0.001071512 0.00253466
v 0.001080774 -0.001147073 0.002607526
v 0.001198021 -0.00235708 0.002541685
v 0.001240821 -0.001070045 0.0025459
v 0.001263846 -0.002360658 0.002559783
v 0.001224239 -0.00234667 0.00259769
v 0.00118486 -0.001121876 0.00260437
v 0.001282002 -0.00234365 0.002611488
v 0.001318284 -0.001078058 0.002553312
v 0.001354776 -0.001111352 0.002586388
v 0.001279906 -0.001116538 0.002602029
v 0.001367985 -0.00233868 0.002612747
v 0.001435462 -0.001128898 0.002582182
v 0.001468085 -0.002329238 0.002605144
v 0.001551569 -0.001154698 0.00256778
v 0.001542103 -0.001203741 0.002627006
v 0.001576204 -0.002311053 0.002592877
v 0.001681321 -0.001164225 0.002518462
v 0.001633979 -0.00121809 0.002605091
v 0.001695513 -0.002282843 0.002567703
v 0.001787151 -0.001200455 0.002504906
v 0.001795653 -0.002254867 0.002524228
v 0.001726692 -0.001272056 0.002623432
v 0.001730434 -0.001219997 0.002564887
v 0.001851661 -0.002198188 0.002549341
v 0.001855762 -0.001230168 0.002502874
v 0.001925292 -0.002169825 0.002505108
v 0.001889986 -0.001263458 0.002526537
v 0.001820344 -0.001316561 0.002624187
v 0.001818811 -0.001256898 0.002561631
v 0.001973209 -0.00211734 0.002543433
v 0.001943339 -0.001286819 0.002510586
v 0.001977876 -0.001332599 0.002531989
v 0.001892044 -0.001370418 0.002636146
v 0.001908846 -0.001315954 0.002569391
v 0.002046879 -0.00206712 0.002562828
v 0.002027932 -0.001360295 0.002505242
v 0.002116463 -0.002035383 0.002549704
v 0.002058231 -0.001401658 0.00251692
v 0.002082126 -0.002028179 0.002604684
v 0.002001541 -0.0014054 0.002582154
v 0.002146818 -0.001996456 0.002590834
v 0.002108952 -0.00145988 0.002519254
v 0.002241912 -0.001674247 0.002573116
v 0.002214064 -0.001615945 0.002558358
v 0.002152986 -0.001540705 0.002559346
v 0.00220191 -0.001693009 0.002627753
v 0.002140899 -0.001593945 0.002624058
v 0.002082223 -0.001506441 0.002605912
v 0.002222443 -0.001937212 0.002585366
v 0.002273193 -0.001726048 0.002558124
v 0.002256821 -0.001861447 0.002596532
v 0.002244512 -0.001781737 0.002613788
v 0.002284868 -0.001905258 0.002541968
v 0.00232155 -0.001767966 0.002499231
v 0.002318869 -0.001899726 0.002495279
v 0.002337803 -0.001843509 0.002475825
v 0.002305751 -0.001865494 0.0025345
v 0.002295847 -0.001808742 0.002549515
v 0.0006894541 -0.001736983 0.002637065
v 0.0006817577 -0.001630179 0.002640682
v 0.0006920383 -0.001504811 0.002625231
v 0.0007248046 -0.001426043 0.002626162
v 0.0007064476 -0.001801089 0.00263458
v 0.0007666212 -0.001401751 0.002652438
v 0.0007759461 -0.001899931 0.002687918
v 0.0007354019 -0.001840354 0.002659213
v 0.0007215835 -0.001631372 0.002716917
v 0.0007404278 -0.001543529 0.002705352
v 0.0007430735 -0.001461407 0.002668326
v 0.000803147 -0.001981208 0.002624914
v 0.0008170361 -0.001342807 0.002645386
v 0.0008550643 -0.002059845 0.002666578
v 0.0008794661 -0.001268967 0.002624656
v 0.0008135882 -0.001433817 0.002715452
v 0.0008948196 -0.002130224 0.002652157
v 0.0009471846 -0.001263297 0.002664846
v 0.0009819788 -0.002240331 0.002718799
v 0.0009316594 -0.002180147 0.002681222
v 0.0009066525 -0.001386793 0.002757301
v 0.0008864803 -0.001334373 0.002691081
v 0.001054617 -0.002289733 0.002655315
v 0.001009012 -0.001256021 0.002695115
v 0.001100609 -0.002317911 0.002615729
v 0.001069671 -0.00121516 0.002680782
v 0.001022167 -0.002280423 0.002736588
v 0.0009660511 -0.001315628 0.002730797
v 0.001136206 -0.002334032 0.00258731
v 0.001145959 -0.001179295 0.002665116
v 0.001177437 -0.002339018 0.002607851
v 0.001130993 -0.002321354 0.002643912
v 0.00120678 -0.002327378 0.002661799
v 0.001236437 -0.001166139 0.002659255
v 0.001298405 -0.002320262 0.002682561
v 0.00135336 -0.001170153 0.002648792
v 0.001347756 -0.001225349 0.002710893
v 0.001395862 -0.002308543 0.002687033
v 0.001469779 -0.001183604 0.002630869
v 0.001502103 -0.001217517 0.002655918
v 0.001443978 -0.00123594 0.002692874
v 0.001499767 -0.002289317 0.002685635
v 0.001558855 -0.001250367 0.002667524
v 0.001518105 -0.001292817 0.002724154
v 0.001609713 -0.00225898 0.002680911
v 0.001647628 -0.001270666 0.002654587
v 0.001687131 -0.001297767 0.002666145
v 0.001662775 -0.00221763 0.002726598
v 0.001629863 -0.00131597 0.002705665
v 0.001690564 -0.002233526 0.002662205
v 0.001740291 -0.001331943 0.002677667
v 0.001762765 -0.002204865 0.002642322
v 0.001708806 -0.002206877 0.002700151
v 0.001698343 -0.00137114 0.002734881
v 0.001836767 -0.002158107 0.002638561
v 0.001821577 -0.001360866 0.002669245
v 0.001899217 -0.002137757 0.002597085
v 0.001856567 -0.001399438 0.002689415
v 0.001869228 -0.002119743 0.002676105
v 0.001785157 -0.001388823 0.002715628
v 0.001948506 -0.002079983 0.002660781
v 0.001926295 -0.001433628 0.002677159
v 0.002028105 -0.002040614 0.002645767
v 0.002070517 -0.002003832 0.002673057
v 0.002006981 -0.001488741 0.002667111
v 0.002161028 -0.001731212 0.002702131
v 0.002111633 -0.001653347 0.00270694
v 0.002067204 -0.001560769 0.00267799
v 0.002038262 -0.001593584 0.002742734
v 0.002008989 -0.001537904 0.002718913
v 0.002132468 -0.00194846 0.002689626
v 0.002201059 -0.001766485 0.002668291
v 0.002194013 -0.001890078 0.002668055
v 0.002209972 -0.001826371 0.002667489
v 0.0007103868 -0.001695984 0.002700143
v 0.0007199559 -0.001769617 0.002689555
v 0.0007382135 -0.001674054 0.002750058
v 0.0008002117 -0.001882113 0.002778184
v 0.0007617603 -0.001804633 0.002743894
v 0.000761088 -0.001613122 0.002766439
v 0.0008020943 -0.001533103 0.002776973
v 0.0007384128 -0.001729546 0.002741438
v 0.0008201022 -0.00196921 0.002729854
v 0.0008728973 -0.00147299 0.002805057
v 0.0008657417 -0.002037645 0.00279445
v 0.0008388616 -0.001540947 0.00282671
v 0.0008960112 -0.002120904 0.002731728
v 0.0009494988 -0.001410988 0.002813251
v 0.001002098 -0.002263898 0.002789303
v 0.000973261 -0.002232608 0.002785232
v 0.0009412007 -0.002183651 0.002782187
v 0.0009643387 -0.001358856 0.002775921
v 0.0009053236 -0.002114314 0.002819109
v 0.00103297 -0.002288468 0.002775391
v 0.0009984793 -0.001328973 0.002767401
v 0.001057377 -0.002295998 0.002738909
v 0.001060083 -0.001289077 0.002754463
v 0.001121438 -0.001228557 0.002714941
v 0.001009419 -0.001357567 0.002801612
v 0.001123369 -0.002305709 0.002727527
v 0.001190765 -0.001214914 0.002713045
v 0.001151579 -0.001305842 0.002801083
v 0.001148695 -0.001257641 0.002751862
v 0.00122034 -0.002304809 0.002754166
v 0.001274743 -0.001212329 0.002709343
v 0.001305095 -0.001250289 0.002746504
v 0.001239501 -0.001323557 0.002828096
v 0.001229489 -0.001262917 0.002764999
v 0.001317783 -0.002295619 0.002766289
v 0.001374057 -0.001267685 0.002748124
v 0.001334619 -0.001348586 0.002845506
v 0.001312524 -0.001293794 0.00278967
v 0.001415614 -0.002278685 0.002773309
v 0.00144309 -0.001287622 0.002746305
v 0.001482179 -0.001322165 0.002767996
v 0.001414517 -0.001363083 0.002840404
v 0.001406029 -0.001320578 0.002793936
v 0.001519022 -0.002250682 0.002782584
v 0.001556486 -0.001342474 0.002760912
v 0.001603475 -0.002229705 0.002760841
v 0.001492515 -0.001364834 0.002812059
v 0.001636949 -0.002203578 0.002792121
v 0.001627802 -0.001364499 0.002755924
v 0.001660666 -0.001397882 0.002779657
v 0.001588585 -0.001387729 0.002798435
v 0.001709453 -0.002174041 0.002774419
v 0.001735772 -0.001421676 0.002774068
v 0.001803092 -0.002141088 0.002723017
v 0.001862978 -0.002091827 0.002754793
v 0.00184332 -0.00144726 0.002747074
v 0.001923154 -0.002050613 0.002771997
v 0.001940688 -0.001499759 0.002739078
v 0.001994128 -0.002028143 0.002723433
v 0.002000268 -0.001605011 0.00279544
v 0.001980643 -0.001556893 0.002768144
v 0.001961001 -0.002015736 0.002801147
v 0.001952591 -0.00158088 0.002819242
v 0.001930647 -0.001538579 0.00279382
v 0.002031454 -0.001977888 0.00277848
v 0.002047167 -0.001658163 0.002787723
v 0.002105201 -0.001746167 0.002778905
v 0.002090749 -0.001919969 0.002788459
v 0.002167583 -0.001792241 0.002720566
v 0.002145898 -0.001898809 0.002733385
v 0.002167257 -0.001852011 0.002725978
v 0.002122249 -0.001868529 0.002785101
v 0.002135725 -0.001818877 0.0027697
v 0.0008223871 -0.001866223 0.002845384
v 0.0008030152 -0.001800293 0.002826289
v 0.0007816704 -0.001699275 0.0028032
v 0.0008084553 -0.001599824 0.002820403
v 0.0008351848 -0.001938694 0.00282409
v 0.0008497154 -0.00157644 0.002857273
v 0.000901369 -0.002064937 0.002897004
v 0.0008713739 -0.001972871 0.002893226
v 0.0008777834 -0.001529106 0.002854785
v 0.0008511828 -0.001887534 0.00289621
v 0.0008387358 -0.001811575 0.002890583
v 0.0008328903 -0.001729422 0.002877541
v 0.0008393814 -0.001641368 0.002866959
v 0.0009434539 -0.002144352 0.002891434
v 0.0009417782 -0.001485488 0.002869017
v 0.001017346 -0.002262916 0.002840304
v 0.0009846129 -0.002222331 0.002848754
v 0.0009267566 -0.002099357 0.002937723
v 0.0008724188 -0.001825356 0.002945416
v 0.0008714425 -0.001752148 0.002933937
v 0.0008832681 -0.00167011 0.002921067
v 0.0009001634 -0.001578023 0.002897187
v 0.001032388 -0.002282134 0.002811985
v 0.001014182 -0.001413188 0.002855311
v 0.001070807 -0.002293339 0.00279238
v 0.001079948 -0.001354327 0.002830098
v 0.001060617 -0.002273644 0.002853105
v 0.00103081 -0.002243463 0.002888862
v 0.001140516 -0.00228477 0.00283533
v 0.001163556 -0.001362951 0.002862537
v 0.001242822 -0.002283228 0.002843805
v 0.001257135 -0.001382056 0.002890807
v 0.001336972 -0.001387297 0.002891179
v 0.001332246 -0.002271991 0.002854239
v 0.001386019 -0.00138118 0.002872379
v 0.001389633 -0.00140994 0.002905151
v 0.001419375 -0.002251905 0.002867569
v 0.001457857 -0.00140313 0.002872947
v 0.001443577 -0.001433832 0.002916088
v 0.00149356 -0.002225453 0.002887796
v 0.001544297 -0.001411421 0.002846517
v 0.001572993 -0.00221561 0.00283285
v 0.001546267 -0.002198897 0.002909023
v 0.001621513 -0.002177986 0.002875378
v 0.001644956 -0.001438282 0.002835179
v 0.00168865 -0.00213555 0.00289365
v 0.001769367 -0.001484485 0.002831684
v 0.00177543 -0.002105106 0.002848132
v 0.001720575 -0.002106517 0.002919592
v 0.001768921 -0.001542425 0.0029014
v 0.001860087 -0.002059577 0.002840168
v 0.001871661 -0.001509196 0.002801827
v 0.001912192 -0.002029065 0.002840024
v 0.001922626 -0.001595359 0.002857737
v 0.001897559 -0.001558745 0.002840622
v 0.001873367 -0.00202634 0.002893691
v 0.001860347 -0.001605741 0.002910203
v 0.001835574 -0.001538038 0.002857785
v 0.001938746 -0.001988146 0.002879878
v 0.001971561 -0.001646216 0.002857316
v 0.001927684 -0.001696556 0.002939244
v 0.002015449 -0.001928408 0.002877804
v 0.002039416 -0.001710781 0.002839064
v 0.002071436 -0.001880046 0.002850941
v 0.002093773 -0.001823087 0.00282731
v 0.002054729 -0.001773751 0.0028631
v 0.002000647 -0.001730487 0.002898391
v 0.0009113671 -0.00199333 0.002975253
v 0.0008901969 -0.001896723 0.002965638
v 0.0009223816 -0.002064979 0.00296428
v 0.000900179 -0.001826536 0.002987304
v 0.0009643032 -0.002105409 0.002994296
v 0.0009065447 -0.001769601 0.002980285
v 0.0009155213 -0.001704947 0.00296616
v 0.0009587819 -0.001619752 0.002959906
v 0.0009699845 -0.001535959 0.002923123
v 0.0009398359 -0.002041589 0.00301088
v 0.0009285426 -0.001790607 0.003011334
v 0.001018351 -0.0021876 0.002954856
v 0.001024293 -0.001472504 0.002910236
v 0.001098123 -0.002242811 0.002934605
v 0.001091294 -0.001411915 0.002889803
v 0.001051045 -0.001609638 0.003008147
v 0.001036233 -0.001536364 0.002959756
v 0.001188557 -0.002262349 0.002924266
v 0.00117222 -0.001417318 0.002918439
v 0.001163082 -0.002233169 0.002998563
v 0.001148526 -0.001590766 0.003039154
v 0.001121184 -0.001529075 0.002991193
v 0.001103598 -0.001469234 0.00294282
v 0.001265339 -0.002264367 0.002916549
v 0.001240458 -0.001429071 0.002939688
v 0.001243134 -0.001571295 0.003053255
v 0.001210593 -0.001520554 0.003010147
v 0.00118539 -0.001468756 0.002966233
v 0.001331542 -0.002246499 0.002951087
v 0.001321625 -0.001424719 0.002932988
v 0.001358252 -0.002217748 0.003022691
v 0.001329477 -0.001561078 0.003057354
v 0.001299351 -0.001516271 0.003017873
v 0.00127031 -0.001469009 0.002976344
v 0.001415869 -0.002227132 0.002955581
v 0.001392812 -0.001439074 0.002937131
v 0.001474895 -0.002196724 0.002982876
v 0.001441203 -0.001462155 0.00294796
v 0.001411854 -0.002207575 0.003013309
v 0.001417727 -0.001562556 0.003054952
v 0.001376135 -0.001521827 0.003021316
v 0.001366918 -0.001474915 0.0029767
v 0.001556856 -0.002168634 0.002970116
v 0.001534364 -0.001461642 0.002912287
v 0.001570455 -0.00213004 0.003034533
v 0.001516178 -0.001572475 0.003044658
v 0.00146528 -0.001511007 0.00299223
v 0.001623159 -0.002140261 0.002962299
v 0.001671249 -0.001501842 0.002902245
v 0.00167212 -0.002103246 0.002980998
v 0.001701375 -0.001552216 0.002949329
v 0.001619338 -0.00211538 0.003016104
v 0.001601445 -0.001596594 0.003040824
v 0.001599107 -0.001540334 0.002979446
v 0.001741196 -0.002077911 0.00295115
v 0.001764467 -0.001584155 0.002951442
v 0.001810236 -0.002051647 0.002919316
v 0.001787377 -0.001628942 0.00298244
v 0.001765328 -0.002037204 0.002992769
v 0.001695002 -0.001603614 0.003005947
v 0.001838762 -0.001996026 0.002973597
v 0.001846898 -0.001680909 0.002989755
v 0.001897205 -0.001753524 0.003006162
v 0.001922617 -0.001929334 0.002970451
v 0.001968413 -0.001767399 0.002955904
v 0.001951846 -0.001863642 0.002988463
v 0.001944288 -0.00180757 0.002994247
v 0.001991273 -0.001897421 0.002942344
v 0.002017616 -0.001787804 0.002918103
v 0.002031665 -0.001884704 0.00290712
v 0.00204434 -0.001836524 0.002898987
v 0.002008477 -0.0018643 0.002943248
v 0.001994659 -0.001823467 0.002954591
v 0.0009333858 -0.001911817 0.003027623
v 0.0009249503 -0.001845085 0.003017831
v 0.0009617987 -0.001978546 0.003056518
v 0.0009580976 -0.001793867 0.003037993
v 0.001012619 -0.002084007 0.003078778
v 0.000972569 -0.002047749 0.00305373
v 0.0009736743 -0.001716664 0.003015544
v 0.0009771963 -0.001901634 0.003075909
v 0.0009679314 -0.00184502 0.003058347
v 0.001030414 -0.002139008 0.003043988
v 0.001080537 -0.001681262 0.003060835
v 0.001071888 -0.002115473 0.003109203
v 0.00102381 -0.00192475 0.003119047
v 0.001026378 -0.001842778 0.003101577
v 0.001016569 -0.001772254 0.003069249
v 0.001115548 -0.002180416 0.003061094
v 0.00119267 -0.001652692 0.003092264
v 0.001193606 -0.002215524 0.003052714
v 0.001117252 -0.002130619 0.003131245
v 0.001084266 -0.001855112 0.003145291
v 0.001114899 -0.001759466 0.003119549
v 0.001238176 -0.002242317 0.002994962
v 0.001281422 -0.001608395 0.003088129
v 0.001293994 -0.002228707 0.00302771
v 0.001247281 -0.002217849 0.003061472
v 0.00115142 -0.001813218 0.003165891
v 0.001301758 -0.002199852 0.003084891
v 0.001358705 -0.001608848 0.003097675
v 0.001395975 -0.002175775 0.003082068
v 0.001457691 -0.001622572 0.003107175
v 0.001494223 -0.002154391 0.003054113
v 0.001446307 -0.002130972 0.003125776
v 0.001467858 -0.001657237 0.003142676
v 0.001515347 -0.002107955 0.00311285
v 0.00155055 -0.001622817 0.003083837
v 0.001606391 -0.002080281 0.003079664
v 0.001640133 -0.001659804 0.003080617
v 0.00169638 -0.00205581 0.00303293
v 0.001653144 -0.00202982 0.003102845
v 0.001662981 -0.001780439 0.003147013
v 0.001624795 -0.001721352 0.003130676
v 0.001732632 -0.001995754 0.003069011
v 0.001759194 -0.001681718 0.003043283
v 0.001750398 -0.001803524 0.003118415
v 0.001706732 -0.001731669 0.00310409
v 0.001812993 -0.001928957 0.003060765
v 0.001831641 -0.001727425 0.003038389
v 0.00188112 -0.0018827 0.003035885
v 0.001883979 -0.00182145 0.003041223
v 0.001848522 -0.001771786 0.003054023
v 0.001812573 -0.001857479 0.003090149
v 0.001820743 -0.001802172 0.003081808
v 0.001789391 -0.001752589 0.003078037
v 0.001018022 -0.002012422 0.003112616
v 0.001057639 -0.002062203 0.003132881
v 0.001057916 -0.001962908 0.003152525
v 0.001078103 -0.001914232 0.003160468
v 0.001082767 -0.002010743 0.003163592
v 0.001132326 -0.002073937 0.003171507
v 0.001133835 -0.00188084 0.003179506
v 0.001169086 -0.002137474 0.00315488
v 0.001203912 -0.001713242 0.003135514
v 0.001148681 -0.001995332 0.003194409
v 0.001112941 -0.001947383 0.003181467
v 0.001221002 -0.002181797 0.003117175
v 0.001194581 -0.00184208 0.003189582
v 0.001184462 -0.001761146 0.003156534
v 0.001285035 -0.001667383 0.003128735
v 0.001211463 -0.001791996 0.003178608
v 0.001233423 -0.002020959 0.003217406
v 0.001201458 -0.001918205 0.003203296
v 0.001249436 -0.001741254 0.003163932
v 0.001302853 -0.00215377 0.003163124
v 0.001380645 -0.001656304 0.003137424
v 0.001377983 -0.00211888 0.003173709
v 0.001433908 -0.001654392 0.003144081
v 0.001361386 -0.00204294 0.003227639
v 0.001319706 -0.00192929 0.003221028
v 0.001285675 -0.001815069 0.003194991
v 0.001332641 -0.001718339 0.003166458
v 0.001447248 -0.0020842 0.003180374
v 0.001446449 -0.001667476 0.003155359
v 0.00146729 -0.001685345 0.003158469
v 0.001440613 -0.001942292 0.003230728
v 0.001404081 -0.001839226 0.003208158
v 0.001381801 -0.001759823 0.003187174
v 0.001416355 -0.001694128 0.003164503
v 0.00152436 -0.00205414 0.003175878
v 0.001532568 -0.001681734 0.003134399
v 0.001592914 -0.002030735 0.003150727
v 0.001619649 -0.001825894 0.003174807
v 0.001574242 -0.001766078 0.003165927
v 0.001541701 -0.001948459 0.003215033
v 0.001527337 -0.001851144 0.003199221
v 0.001472151 -0.001750392 0.003178656
v 0.001632308 -0.001977687 0.003156483
v 0.001690846 -0.001841455 0.003155779
v 0.001636062 -0.001894822 0.003175129
v 0.001717417 -0.001931064 0.003127836
v 0.00174923 -0.001857526 0.003132658
v 0.001764115 -0.0018939 0.003118434
v 0.001713857 -0.001885027 0.003148641
v 0.001214226 -0.00209701 0.003209281
v 0.001237686 -0.002138713 0.00319102
v 0.001274597 -0.002080396 0.003236992
v 0.001255959 -0.00211315 0.003228962
v 0.001278231 -0.002127534 0.003218134
v 0.001308454 -0.002087192 0.003240792
v 0.001317823 -0.002108984 0.00321974
v 0.001445321 -0.002003945 0.003243504
v 0.001285447 -0.002106397 0.003239134
v 0.001459632 -0.002037737 0.003225066
v 0.001488634 -0.001982412 0.003244165
v 0.001480037 -0.002010544 0.003245304
v 0.001502924 -0.002022708 0.003227548
v 0.001520431 -0.001984732 0.003235844
v 0.00154588 -0.002003919 0.003208236
v 0.001507035 -0.00200165 0.003241121
f 1 8 12
f 8 1 13
f 2 1 12
f 17 2 12
f 18 13 1
f 2 18 1
f 3 14 19
f 14 3 20
f 2 17 21
f 18 2 21
f 4 3 19
f 25 4 19
f 26 20 3
f 4 26 3
f 4 25 27
f 26 4 27
f 5 38 43
f 38 5 44
f 6 5 43
f 50 6 43
f 45 44 5
f 45 5 7
f 7 5 6
f 45 7 51
f 9 6 50
f 57 9 50
f 7 6 10
f 10 6 9
f 52 51 7
f 52 7 11
f 11 7 10
f 52 11 58
f 9 57 59
f 8 65 12
f 8 9 65
f 8 10 9
f 9 59 65
f 13 10 8
f 13 15 10
f 15 11 10
f 60 58 11
f 60 11 16
f 16 11 15
f 60 16 66
f 67 22 17
f 67 17 65
f 65 17 12
f 18 67 13
f 18 22 67
f 13 67 15
f 72 23 67
f 15 67 23
f 14 23 19
f 14 16 23
f 16 15 23
f 20 24 68
f 14 20 68
f 14 68 66
f 14 66 16
f 68 24 73
f 17 22 21
f 23 72 74
f 18 21 22
f 23 25 19
f 23 75 25
f 23 74 75
f 28 25 75
f 24 75 76
f 24 26 75
f 24 20 26
f 26 28 75
f 73 24 76
f 25 28 27
f 26 27 28
f 29 79 81
f 79 29 82
f 30 83 89
f 30 31 84
f 83 30 84
f 81 84 31
f 81 31 29
f 29 31 32
f 85 82 29
f 85 29 33
f 33 29 32
f 85 33 90
f 34 30 89
f 91 34 89
f 31 30 35
f 35 30 34
f 32 31 36
f 36 31 35
f 33 32 37
f 37 32 36
f 92 90 33
f 37 92 33
f 39 34 91
f 94 39 91
f 35 34 40
f 40 34 39
f 36 35 41
f 41 35 40
f 37 36 42
f 42 36 41
f 95 92 37
f 42 95 37
f 46 39 94
f 100 46 94
f 38 46 43
f 38 40 46
f 40 39 46
f 44 40 38
f 44 47 40
f 47 41 40
f 42 41 48
f 48 41 47
f 96 95 42
f 96 42 49
f 49 42 48
f 96 49 101
f 53 46 100
f 105 53 100
f 43 53 50
f 46 53 43
f 44 45 47
f 51 47 45
f 51 54 47
f 54 48 47
f 49 48 55
f 55 48 54
f 102 101 49
f 102 49 56
f 56 49 55
f 102 56 106
f 53 105 107
f 107 50 53
f 107 111 50
f 111 57 50
f 51 52 54
f 58 54 52
f 58 61 54
f 61 55 54
f 56 55 62
f 62 55 61
f 108 106 56
f 108 56 63
f 63 56 62
f 63 64 109
f 108 63 109
f 109 64 112
f 57 111 113
f 59 57 113
f 113 65 59
f 115 65 113
f 58 60 61
f 66 61 60
f 66 69 61
f 69 62 61
f 63 62 70
f 70 62 69
f 64 63 71
f 71 63 70
f 116 112 64
f 71 116 64
f 65 115 117
f 67 65 117
f 117 72 67
f 120 72 117
f 66 68 69
f 73 69 68
f 73 77 69
f 77 70 69
f 71 70 78
f 78 70 77
f 121 116 71
f 78 121 71
f 72 120 122
f 74 72 122
f 75 74 123
f 74 122 123
f 76 75 124
f 75 123 124
f 77 73 76
f 77 76 125
f 125 76 124
f 78 77 125
f 126 78 125
f 121 78 126
f 80 140 148
f 140 80 149
f 86 150 160
f 148 150 86
f 148 86 80
f 80 86 87
f 81 79 151
f 81 151 80
f 81 80 87
f 149 80 151
f 82 88 152
f 82 152 79
f 79 152 151
f 152 88 161
f 83 86 160
f 83 160 89
f 89 160 167
f 84 86 83
f 87 86 84
f 81 87 84
f 82 85 88
f 88 85 90
f 88 90 161
f 161 90 168
f 89 167 91
f 167 176 91
f 169 92 93
f 169 168 92
f 168 90 92
f 169 93 177
f 97 178 186
f 97 176 178
f 97 94 176
f 94 91 176
f 93 95 98
f 92 95 93
f 179 177 93
f 179 93 99
f 99 93 98
f 179 99 187
f 97 186 188
f 188 94 97
f 188 195 94
f 195 100 94
f 95 96 98
f 101 98 96
f 101 103 98
f 103 99 98
f 189 187 99
f 189 99 104
f 104 99 103
f 189 104 196
f 100 195 105
f 195 200 105
f 101 102 103
f 106 103 102
f 106 110 103
f 110 104 103
f 201 196 104
f 110 201 104
f 114 107 105
f 114 105 205
f 205 105 200
f 107 114 111
f 106 108 110
f 110 202 201
f 110 108 202
f 108 109 202
f 202 109 112
f 206 202 112
f 114 205 207
f 111 114 207
f 111 207 113
f 113 207 208
f 208 115 113
f 212 115 208
f 118 213 209
f 118 210 119
f 209 210 118
f 119 210 206
f 119 206 116
f 116 206 112
f 115 212 214
f 117 115 214
f 214 120 117
f 217 120 214
f 127 213 118
f 218 213 127
f 119 128 118
f 128 127 118
f 116 121 128
f 119 116 128
f 120 217 219
f 122 120 219
f 123 122 220
f 122 219 220
f 124 123 221
f 123 220 221
f 218 127 125
f 218 125 221
f 221 125 124
f 126 125 127
f 128 126 127
f 121 126 128
f 129 225 230
f 129 130 226
f 225 129 226
f 226 130 231
f 131 129 230
f 236 131 230
f 130 129 132
f 132 129 131
f 232 231 130
f 232 130 133
f 133 130 132
f 232 133 237
f 134 238 244
f 134 135 239
f 238 134 239
f 236 239 135
f 236 135 131
f 131 135 136
f 132 131 137
f 137 131 136
f 133 132 138
f 138 132 137
f 240 237 133
f 240 133 139
f 139 133 138
f 240 139 245
f 141 246 248
f 244 246 141
f 244 141 134
f 134 141 142
f 135 134 143
f 143 134 142
f 136 135 144
f 144 135 143
f 137 136 145
f 145 136 144
f 138 137 146
f 146 137 145
f 139 138 147
f 147 138 146
f 249 245 139
f 147 249 139
f 153 141 248
f 252 153 248
f 140 153 148
f 140 142 153
f 142 141 153
f 149 142 140
f 149 154 142
f 154 143 142
f 144 143 155
f 155 143 154
f 145 144 156
f 156 144 155
f 146 145 157
f 157 145 156
f 147 146 158
f 158 146 157
f 250 249 147
f 250 147 159
f 159 147 158
f 250 159 253
f 150 153 252
f 150 252 160
f 160 252 256
f 148 153 150
f 149 151 154
f 152 154 151
f 155 154 152
f 161 155 152
f 161 162 155
f 162 156 155
f 157 156 163
f 163 156 162
f 158 157 164
f 164 157 163
f 159 158 165
f 165 158 164
f 254 253 159
f 254 159 166
f 166 159 165
f 254 166 257
f 170 258 260
f 170 256 258
f 170 167 256
f 167 160 256
f 162 168 171
f 161 168 162
f 163 162 172
f 172 162 171
f 164 163 173
f 173 163 172
f 165 164 174
f 174 164 173
f 166 165 175
f 175 165 174
f 261 257 166
f 175 261 166
f 180 170 260
f 263 180 260
f 167 180 176
f 170 180 167
f 168 169 171
f 177 171 169
f 177 181 171
f 181 172 171
f 173 172 182
f 182 172 181
f 174 173 183
f 183 173 182
f 175 174 184
f 184 174 183
f 262 261 175
f 262 175 185
f 185 175 184
f 262 185 264
f 178 190 186
f 180 263 265
f 265 176 180
f 265 266 176
f 178 176 190
f 190 176 266
f 177 179 181
f 187 181 179
f 187 191 181
f 191 182 181
f 183 182 192
f 192 182 191
f 184 183 193
f 193 183 192
f 185 184 194
f 194 184 193
f 267 264 185
f 194 267 185
f 186 190 188
f 190 195 188
f 190 266 195
f 266 268 195
f 187 189 191
f 196 191 189
f 196 197 191
f 197 192 191
f 193 192 198
f 198 192 197
f 194 193 199
f 199 193 198
f 269 267 194
f 199 269 194
f 195 268 200
f 268 271 200
f 197 201 203
f 196 201 197
f 198 197 204
f 204 197 203
f 272 270 199
f 272 199 204
f 204 199 198
f 269 199 270
f 200 271 205
f 271 275 205
f 201 202 203
f 206 203 202
f 206 211 203
f 211 204 203
f 276 272 204
f 211 276 204
f 205 275 277
f 207 205 277
f 215 277 282
f 215 208 277
f 208 207 277
f 208 215 212
f 209 213 216
f 283 209 216
f 283 278 209
f 278 210 209
f 211 206 210
f 211 210 279
f 279 210 278
f 276 211 279
f 215 282 284
f 212 215 284
f 212 284 214
f 214 284 285
f 217 286 222
f 217 214 286
f 214 285 286
f 286 291 222
f 223 292 287
f 216 287 288
f 216 218 287
f 216 213 218
f 218 223 287
f 283 216 288
f 217 222 219
f 222 291 293
f 222 293 219
f 219 293 220
f 292 223 221
f 292 221 293
f 293 221 220
f 218 221 223
f 224 298 305
f 298 224 306
f 227 307 316
f 305 307 227
f 305 227 224
f 224 227 228
f 308 306 224
f 308 224 229
f 229 224 228
f 308 229 317
f 233 318 326
f 316 318 233
f 227 316 233
f 227 233 230
f 227 230 225
f 226 227 225
f 228 227 226
f 231 228 226
f 231 234 228
f 234 229 228
f 319 317 229
f 319 229 235
f 235 229 234
f 319 235 327
f 241 328 334
f 326 328 241
f 326 241 233
f 233 241 242
f 230 242 236
f 233 242 230
f 231 232 234
f 237 234 232
f 237 243 234
f 243 235 234
f 335 327 235
f 243 335 235
f 247 336 342
f 334 336 247
f 241 334 247
f 241 247 244
f 241 244 238
f 239 241 238
f 242 241 239
f 236 242 239
f 237 240 243
f 243 240 245
f 243 245 335
f 335 245 343
f 251 344 350
f 342 344 251
f 247 342 251
f 247 251 248
f 247 248 246
f 244 247 246
f 245 249 343
f 343 249 351
f 255 251 350
f 358 255 350
f 248 255 252
f 251 255 248
f 249 352 351
f 250 352 249
f 352 250 253
f 359 352 253
f 259 255 358
f 365 259 358
f 252 259 256
f 255 259 252
f 253 360 359
f 254 360 253
f 360 254 257
f 366 360 257
f 258 259 365
f 258 365 260
f 260 365 371
f 256 259 258
f 257 261 366
f 366 261 372
f 260 371 263
f 371 377 263
f 261 373 372
f 262 373 261
f 373 262 264
f 378 373 264
f 263 377 379
f 265 263 379
f 379 266 265
f 382 266 379
f 264 267 378
f 378 267 383
f 266 382 268
f 382 385 268
f 267 269 383
f 383 269 386
f 387 273 271
f 387 271 385
f 385 271 268
f 387 391 273
f 274 392 388
f 274 270 272
f 274 388 270
f 388 389 270
f 386 269 270
f 389 386 270
f 273 280 275
f 271 273 275
f 393 273 391
f 280 273 393
f 281 392 274
f 394 392 281
f 272 276 281
f 274 272 281
f 275 280 277
f 282 395 289
f 277 395 282
f 277 393 395
f 277 280 393
f 395 399 289
f 290 400 396
f 396 401 290
f 278 402 397
f 283 402 278
f 394 281 279
f 394 279 397
f 397 279 278
f 276 279 281
f 282 289 284
f 289 399 403
f 289 403 284
f 284 403 285
f 400 290 286
f 400 286 403
f 403 286 285
f 291 404 294
f 286 404 291
f 286 401 404
f 286 290 401
f 294 287 292
f 294 404 287
f 404 405 287
f 288 287 406
f 287 405 406
f 402 283 288
f 406 402 288
f 291 294 293
f 292 293 294
f 295 412 419
f 295 296 413
f 412 295 413
f 296 297 414
f 413 296 414
f 414 297 420
f 299 421 427
f 421 299 428
f 300 295 419
f 429 300 419
f 296 295 301
f 301 295 300
f 297 296 302
f 302 296 301
f 422 420 297
f 422 297 303
f 303 297 302
f 303 304 423
f 422 303 423
f 423 304 430
f 309 299 427
f 436 309 427
f 431 428 299
f 431 299 310
f 310 299 309
f 429 431 310
f 300 429 310
f 300 310 305
f 300 305 298
f 306 300 298
f 306 311 300
f 311 301 300
f 302 301 312
f 312 301 311
f 303 302 313
f 313 302 312
f 304 303 314
f 314 303 313
f 432 430 304
f 432 304 315
f 315 304 314
f 432 315 437
f 320 438 441
f 436 438 320
f 436 320 309
f 309 320 321
f 307 321 316
f 307 310 321
f 310 309 321
f 305 310 307
f 306 308 311
f 317 311 308
f 317 322 311
f 322 312 311
f 313 312 323
f 323 312 322
f 314 313 324
f 324 313 323
f 315 314 325
f 325 314 324
f 442 437 315
f 325 442 315
f 329 320 441
f 446 329 441
f 318 329 326
f 318 321 329
f 321 320 329
f 316 321 318
f 317 319 322
f 327 322 319
f 327 330 322
f 330 323 322
f 324 323 331
f 331 323 330
f 325 324 332
f 332 324 331
f 443 442 325
f 443 325 333
f 333 325 332
f 443 333 447
f 337 448 450
f 446 448 337
f 329 446 337
f 329 337 334
f 329 334 328
f 326 329 328
f 330 335 338
f 327 335 330
f 331 330 339
f 339 330 338
f 332 331 340
f 340 331 339
f 333 332 341
f 341 332 340
f 451 447 333
f 341 451 333
f 336 337 450
f 336 450 342
f 342 450 453
f 334 337 336
f 338 343 345
f 335 343 338
f 339 338 346
f 346 338 345
f 340 339 347
f 347 339 346
f 341 340 348
f 348 340 347
f 452 451 341
f 452 341 349
f 349 341 348
f 452 349 454
f 344 455 456
f 350 344 456
f 453 344 342
f 455 344 453
f 345 351 353
f 343 351 345
f 346 345 354
f 354 345 353
f 347 346 355
f 355 346 354
f 348 347 356
f 356 347 355
f 349 348 357
f 357 348 356
f 457 454 349
f 357 457 349
f 350 456 358
f 456 458 358
f 351 352 353
f 359 353 352
f 359 361 353
f 361 354 353
f 355 354 362
f 362 354 361
f 356 355 363
f 363 355 362
f 357 356 364
f 364 356 363
f 459 457 357
f 364 459 357
f 460 367 365
f 460 365 458
f 458 365 358
f 460 461 367
f 359 360 361
f 366 361 360
f 366 368 361
f 368 362 361
f 363 362 369
f 369 362 368
f 364 363 370
f 370 363 369
f 462 459 364
f 370 462 364
f 367 374 371
f 365 367 371
f 465 367 461
f 374 367 465
f 368 372 375
f 366 372 368
f 369 368 376
f 376 368 375
f 466 463 370
f 466 370 376
f 376 370 369
f 462 370 463
f 374 380 377
f 371 374 377
f 467 374 465
f 380 374 467
f 372 373 375
f 378 375 373
f 378 381 375
f 381 376 375
f 468 466 376
f 381 468 376
f 377 380 379
f 380 382 379
f 380 467 382
f 467 469 382
f 381 383 384
f 378 383 381
f 470 468 381
f 384 470 381
f 471 390 385
f 471 385 469
f 469 385 382
f 471 473 390
f 384 474 472
f 384 383 474
f 383 386 474
f 470 384 472
f 385 390 387
f 390 391 387
f 390 473 391
f 473 478 391
f 388 479 475
f 392 479 388
f 389 388 476
f 388 475 476
f 474 386 389
f 476 474 389
f 480 398 393
f 480 393 478
f 478 393 391
f 480 482 398
f 392 394 479
f 479 394 483
f 393 398 395
f 399 484 407
f 395 484 399
f 395 482 484
f 395 398 482
f 407 396 400
f 407 484 396
f 484 485 396
f 401 486 408
f 401 396 486
f 396 485 486
f 486 489 408
f 397 490 487
f 402 490 397
f 483 394 397
f 487 483 397
f 399 407 403
f 400 403 407
f 401 408 404
f 408 489 491
f 408 491 404
f 404 491 405
f 406 405 492
f 405 491 492
f 490 402 406
f 492 490 406
f 409 495 498
f 409 410 496
f 495 409 496
f 410 411 497
f 496 410 497
f 497 411 499
f 415 500 502
f 498 500 415
f 498 415 409
f 409 415 416
f 410 409 417
f 417 409 416
f 411 410 418
f 418 410 417
f 503 499 411
f 418 503 411
f 412 504 508
f 419 412 508
f 502 413 415
f 502 504 413
f 504 412 413
f 414 415 413
f 416 415 414
f 420 416 414
f 420 424 416
f 424 417 416
f 418 417 425
f 425 417 424
f 505 503 418
f 505 418 426
f 426 418 425
f 505 426 509
f 433 510 513
f 433 427 421
f 433 421 510
f 510 421 511
f 428 434 512
f 428 512 421
f 421 512 511
f 434 508 512
f 434 429 508
f 429 419 508
f 420 422 424
f 423 424 422
f 425 424 423
f 430 425 423
f 430 435 425
f 435 426 425
f 514 509 426
f 435 514 426
f 439 433 513
f 519 439 513
f 427 439 436
f 433 439 427
f 428 431 434
f 429 434 431
f 430 432 435
f 437 440 515
f 432 437 515
f 432 515 514
f 432 514 435
f 515 440 520
f 444 521 524
f 519 521 444
f 439 519 444
f 439 444 441
f 439 441 438
f 436 439 438
f 440 442 445
f 437 442 440
f 525 520 440
f 445 525 440
f 449 444 524
f 528 449 524
f 441 449 446
f 444 449 441
f 442 443 445
f 445 443 447
f 445 447 525
f 525 447 529
f 448 449 528
f 448 528 450
f 450 528 532
f 446 449 448
f 447 451 529
f 529 451 533
f 450 532 453
f 532 537 453
f 451 534 533
f 452 534 451
f 534 452 454
f 538 534 454
f 455 539 541
f 456 455 541
f 537 455 453
f 539 455 537
f 454 457 538
f 538 457 542
f 456 541 458
f 541 543 458
f 457 459 542
f 542 459 544
f 458 543 545
f 460 458 545
f 545 461 460
f 548 461 545
f 464 549 546
f 464 546 544
f 464 544 462
f 462 544 459
f 461 548 465
f 548 552 465
f 463 549 464
f 463 466 549
f 466 553 549
f 462 463 464
f 465 552 467
f 552 555 467
f 466 468 553
f 553 468 556
f 467 555 469
f 555 558 469
f 468 470 556
f 556 470 559
f 469 558 560
f 471 469 560
f 560 473 471
f 565 473 560
f 477 566 561
f 477 472 474
f 477 561 472
f 561 562 472
f 559 470 472
f 562 559 472
f 473 565 478
f 565 570 478
f 475 479 481
f 477 571 566
f 477 475 571
f 477 476 475
f 481 571 475
f 474 476 477
f 478 570 572
f 480 478 572
f 482 573 488
f 482 480 573
f 480 572 573
f 573 576 488
f 481 577 574
f 481 479 577
f 479 483 577
f 571 481 574
f 482 488 484
f 488 576 578
f 488 578 484
f 484 578 485
f 486 485 579
f 485 578 579
f 489 580 493
f 489 486 580
f 486 579 580
f 493 581 494
f 580 581 493
f 494 487 490
f 494 581 487
f 581 582 487
f 577 483 487
f 582 577 487
f 489 493 491
f 492 491 493
f 494 492 493
f 490 492 494
f 501 592 596
f 501 498 495
f 501 495 592
f 592 495 593
f 496 594 495
f 495 594 593
f 497 595 496
f 496 595 594
f 595 497 499
f 597 595 499
f 506 598 601
f 596 598 506
f 501 596 506
f 501 506 502
f 501 502 500
f 498 501 500
f 599 503 507
f 599 597 503
f 597 499 503
f 599 507 602
f 504 506 601
f 504 601 508
f 508 601 604
f 502 506 504
f 503 505 507
f 507 505 509
f 507 509 602
f 602 509 605
f 510 516 513
f 611 516 510
f 611 510 606
f 606 510 511
f 512 607 511
f 511 607 606
f 604 512 508
f 607 512 604
f 608 514 517
f 608 605 514
f 605 509 514
f 517 518 609
f 608 517 609
f 609 518 612
f 516 522 519
f 513 516 519
f 613 516 611
f 522 516 613
f 514 515 517
f 520 517 515
f 520 523 517
f 523 518 517
f 614 612 518
f 523 614 518
f 521 526 524
f 521 617 526
f 519 617 521
f 519 615 617
f 519 522 615
f 613 615 522
f 523 525 527
f 520 525 523
f 618 614 523
f 527 618 523
f 526 530 528
f 524 526 528
f 620 526 617
f 530 526 620
f 527 529 531
f 525 529 527
f 621 618 527
f 531 621 527
f 535 622 625
f 530 623 622
f 530 622 532
f 530 532 528
f 532 622 535
f 620 623 530
f 531 533 536
f 529 533 531
f 626 621 531
f 536 626 531
f 540 535 625
f 627 540 625
f 532 540 537
f 535 540 532
f 533 534 536
f 536 534 538
f 536 538 626
f 626 538 628
f 539 540 627
f 539 627 541
f 541 627 630
f 537 540 539
f 538 542 628
f 628 542 631
f 541 630 543
f 630 634 543
f 547 635 632
f 547 632 631
f 547 631 544
f 544 631 542
f 550 545 543
f 550 543 639
f 639 543 634
f 545 550 548
f 636 549 551
f 636 635 549
f 546 549 547
f 547 549 635
f 546 547 544
f 551 640 636
f 554 550 639
f 643 554 639
f 548 554 552
f 550 554 548
f 551 644 641
f 551 549 644
f 549 553 644
f 640 551 641
f 557 554 643
f 648 557 643
f 552 557 555
f 554 557 552
f 553 556 644
f 644 556 649
f 563 557 648
f 654 563 648
f 555 563 558
f 557 563 555
f 564 655 650
f 564 650 649
f 564 649 559
f 559 649 556
f 567 563 654
f 658 567 654
f 558 568 560
f 558 563 568
f 563 567 568
f 560 568 565
f 561 566 569
f 564 659 655
f 564 561 659
f 564 562 561
f 569 659 561
f 559 562 564
f 575 660 666
f 660 575 667
f 567 658 661
f 568 567 661
f 662 568 661
f 662 565 568
f 662 668 565
f 668 570 565
f 569 669 663
f 569 566 669
f 566 571 669
f 659 569 663
f 583 575 666
f 679 583 666
f 670 667 575
f 670 575 584
f 584 575 583
f 670 584 680
f 570 668 671
f 572 570 671
f 573 572 672
f 572 671 672
f 576 673 585
f 576 573 673
f 573 672 673
f 673 681 585
f 586 682 674
f 586 574 577
f 586 674 574
f 674 675 574
f 669 571 574
f 675 669 574
f 587 583 679
f 690 587 679
f 584 583 588
f 588 583 587
f 683 680 584
f 683 584 589
f 589 584 588
f 683 589 691
f 576 585 578
f 585 681 684
f 585 684 578
f 578 684 579
f 580 579 685
f 579 684 685
f 581 580 686
f 580 685 686
f 682 586 582
f 682 582 686
f 686 582 581
f 577 582 586
f 587 690 692
f 692 694 590
f 692 590 587
f 587 590 588
f 589 588 591
f 591 588 590
f 695 691 589
f 591 695 589
f 590 694 696
f 591 590 696
f 697 591 696
f 695 591 697
f 592 600 596
f 701 600 592
f 701 592 698
f 698 592 593
f 594 699 593
f 593 699 698
f 595 700 594
f 594 700 699
f 700 595 597
f 702 700 597
f 603 703 709
f 603 601 598
f 603 598 703
f 703 598 704
f 600 598 596
f 600 705 598
f 705 704 598
f 701 705 600
f 597 706 702
f 599 706 597
f 706 599 602
f 710 706 602
f 610 603 709
f 713 610 709
f 601 610 604
f 603 610 601
f 602 605 710
f 710 605 714
f 606 715 718
f 611 606 718
f 713 607 610
f 713 715 607
f 715 606 607
f 604 610 607
f 605 716 714
f 608 716 605
f 609 717 608
f 608 717 716
f 717 609 612
f 719 717 612
f 616 720 723
f 616 718 720
f 616 613 718
f 613 611 718
f 612 614 719
f 719 614 724
f 619 725 727
f 723 725 619
f 616 723 619
f 616 619 617
f 616 617 615
f 613 616 615
f 614 618 724
f 724 618 728
f 624 619 727
f 731 624 727
f 617 624 620
f 619 624 617
f 618 621 728
f 728 621 732
f 622 733 735
f 625 622 735
f 731 623 624
f 731 733 623
f 733 622 623
f 620 624 623
f 621 626 732
f 732 626 736
f 629 737 739
f 629 735 737
f 629 627 735
f 627 625 735
f 626 628 736
f 736 628 740
f 633 629 739
f 742 633 739
f 627 633 630
f 629 633 627
f 628 631 740
f 740 631 743
f 637 633 742
f 746 637 742
f 630 637 634
f 633 637 630
f 632 635 638
f 632 638 747
f 632 747 631
f 631 747 743
f 642 637 746
f 751 642 746
f 634 642 639
f 637 642 634
f 635 636 638
f 638 636 640
f 638 640 747
f 747 640 752
f 645 753 759
f 751 753 645
f 751 645 642
f 642 645 646
f 639 646 643
f 642 646 639
f 647 760 754
f 647 641 644
f 647 754 641
f 754 755 641
f 752 640 641
f 755 752 641
f 651 645 759
f 763 651 759
f 646 645 652
f 652 645 651
f 643 652 648
f 646 652 643
f 653 760 647
f 764 760 653
f 644 649 653
f 647 644 653
f 656 651 763
f 767 656 763
f 652 651 657
f 657 651 656
f 648 657 654
f 652 657 648
f 650 764 653
f 650 655 764
f 655 768 764
f 649 650 653
f 664 656 767
f 771 664 767
f 657 656 665
f 665 656 664
f 654 665 658
f 657 665 654
f 655 659 768
f 768 659 772
f 660 664 771
f 660 771 666
f 666 771 775
f 667 664 660
f 667 676 664
f 676 665 664
f 658 677 661
f 658 665 677
f 665 676 677
f 661 678 662
f 677 678 661
f 662 678 668
f 663 776 773
f 669 776 663
f 772 659 663
f 773 772 663
f 666 775 679
f 775 786 679
f 667 670 676
f 680 676 670
f 680 687 676
f 687 677 676
f 678 677 688
f 688 677 687
f 668 678 688
f 668 688 777
f 668 777 671
f 777 688 787
f 672 671 778
f 671 777 778
f 673 672 779
f 672 778 779
f 681 780 689
f 681 673 780
f 673 779 780
f 780 788 689
f 674 789 781
f 682 789 674
f 675 674 782
f 674 781 782
f 776 669 675
f 782 776 675
f 679 786 690
f 786 798 690
f 680 683 687
f 691 687 683
f 691 693 687
f 693 688 687
f 799 787 688
f 693 799 688
f 681 689 684
f 689 788 790
f 689 790 684
f 684 790 685
f 686 685 791
f 685 790 791
f 789 682 686
f 791 789 686
f 690 798 800
f 692 690 800
f 800 694 692
f 805 694 800
f 693 806 801
f 693 691 806
f 691 695 806
f 799 693 801
f 694 805 807
f 696 694 807
f 697 696 808
f 696 807 808
f 806 695 697
f 808 806 697
f 698 707 701
f 698 699 708
f 707 698 708
f 814 708 699
f 814 699 813
f 813 699 700
f 813 700 702
f 815 813 702
f 703 711 709
f 823 711 703
f 823 703 816
f 816 703 704
f 705 817 704
f 704 817 816
f 707 705 701
f 707 818 705
f 818 817 705
f 708 818 707
f 819 818 708
f 814 819 708
f 712 702 706
f 712 824 702
f 824 815 702
f 706 710 712
f 711 825 829
f 711 829 709
f 709 829 713
f 823 825 711
f 712 826 824
f 826 712 710
f 826 710 830
f 830 710 714
f 715 831 833
f 718 715 833
f 829 715 713
f 831 715 829
f 721 714 716
f 721 834 714
f 834 830 714
f 716 717 722
f 721 716 722
f 717 719 722
f 720 835 838
f 723 720 838
f 833 720 718
f 835 720 833
f 721 836 834
f 836 726 839
f 836 721 726
f 721 722 726
f 719 724 726
f 722 719 726
f 725 729 727
f 725 840 729
f 725 723 840
f 723 838 840
f 730 839 726
f 841 839 730
f 724 728 730
f 726 724 730
f 729 842 843
f 729 843 727
f 727 843 731
f 840 842 729
f 734 841 730
f 844 841 734
f 728 732 734
f 730 728 734
f 733 845 847
f 735 733 847
f 843 733 731
f 845 733 843
f 738 844 734
f 848 844 738
f 732 736 738
f 734 732 738
f 737 849 851
f 739 737 851
f 847 737 735
f 849 737 847
f 741 848 738
f 852 848 741
f 736 740 741
f 738 736 741
f 744 853 855
f 744 851 853
f 744 742 851
f 742 739 851
f 745 852 741
f 856 852 745
f 740 743 745
f 741 740 745
f 748 857 859
f 855 857 748
f 855 748 744
f 744 748 749
f 742 749 746
f 744 749 742
f 750 856 745
f 860 856 750
f 743 747 750
f 745 743 750
f 756 748 859
f 862 756 859
f 749 748 757
f 757 748 756
f 746 757 751
f 749 757 746
f 758 860 750
f 863 860 758
f 747 752 758
f 750 747 758
f 761 756 862
f 865 761 862
f 753 761 759
f 753 757 761
f 757 756 761
f 751 757 753
f 754 760 762
f 758 866 863
f 758 754 866
f 758 755 754
f 762 866 754
f 752 755 758
f 765 867 870
f 865 867 765
f 865 765 761
f 761 765 766
f 759 766 763
f 761 766 759
f 762 871 868
f 762 760 871
f 760 764 871
f 866 762 868
f 769 765 870
f 873 769 870
f 766 765 770
f 770 765 769
f 763 770 767
f 766 770 763
f 764 768 871
f 871 768 874
f 769 873 875
f 875 877 774
f 875 774 769
f 769 774 770
f 767 774 771
f 770 774 767
f 768 772 874
f 874 772 878
f 783 774 877
f 881 783 877
f 771 783 775
f 774 783 771
f 784 882 879
f 879 883 784
f 773 776 785
f 773 785 884
f 773 884 772
f 772 884 878
f 792 783 881
f 894 792 881
f 775 792 786
f 783 792 775
f 777 787 793
f 777 794 778
f 793 794 777
f 778 795 779
f 794 795 778
f 895 779 795
f 895 885 779
f 885 780 779
f 788 784 796
f 788 885 784
f 788 780 885
f 885 882 784
f 886 784 883
f 886 797 784
f 797 796 784
f 797 781 789
f 797 886 781
f 886 887 781
f 782 781 888
f 781 887 888
f 785 776 782
f 785 782 889
f 889 782 888
f 884 785 889
f 802 792 894
f 900 802 894
f 786 802 798
f 792 802 786
f 793 799 803
f 787 799 793
f 794 793 804
f 804 793 803
f 901 896 795
f 901 795 804
f 804 795 794
f 895 795 896
f 788 796 790
f 791 790 796
f 797 791 796
f 789 791 797
f 802 900 902
f 809 902 905
f 800 902 809
f 800 802 902
f 800 798 802
f 800 809 805
f 801 806 810
f 801 803 799
f 801 810 803
f 810 811 803
f 906 903 804
f 906 804 811
f 811 804 803
f 901 804 903
f 809 905 907
f 805 809 907
f 805 907 807
f 807 907 908
f 808 807 909
f 807 908 909
f 806 808 909
f 806 909 812
f 806 812 810
f 914 812 909
f 915 910 811
f 915 811 812
f 812 811 810
f 906 811 910
f 812 914 916
f 915 812 916
f 820 923 925
f 820 821 924
f 923 820 924
f 924 821 926
f 813 822 814
f 813 815 822
f 816 827 823
f 820 925 932
f 820 932 816
f 820 816 817
f 827 816 932
f 818 820 817
f 821 820 818
f 821 927 926
f 821 818 927
f 818 819 927
f 822 819 814
f 822 928 819
f 928 927 819
f 822 815 824
f 822 824 929
f 822 929 928
f 828 929 824
f 929 828 933
f 832 934 940
f 832 829 825
f 832 825 934
f 934 825 935
f 827 825 823
f 827 936 825
f 936 935 825
f 932 936 827
f 824 826 828
f 828 826 830
f 828 830 933
f 933 830 941
f 831 832 940
f 831 940 833
f 833 940 943
f 829 832 831
f 942 834 837
f 942 941 834
f 941 830 834
f 942 837 944
f 835 945 946
f 838 835 946
f 943 835 833
f 945 835 943
f 834 836 837
f 837 836 839
f 837 839 944
f 944 839 947
f 838 946 840
f 946 949 840
f 839 841 947
f 947 841 950
f 842 951 955
f 843 842 955
f 949 842 840
f 951 842 949
f 952 844 846
f 952 950 844
f 950 841 844
f 952 846 956
f 845 957 959
f 847 845 959
f 955 845 843
f 957 845 955
f 846 848 850
f 844 848 846
f 960 956 846
f 850 960 846
f 849 961 962
f 851 849 962
f 959 849 847
f 961 849 959
f 850 852 854
f 848 852 850
f 963 960 850
f 854 963 850
f 853 964 966
f 855 853 966
f 962 853 851
f 964 853 962
f 854 856 858
f 852 856 854
f 967 963 854
f 858 967 854
f 857 968 969
f 859 857 969
f 966 857 855
f 968 857 966
f 858 860 861
f 856 860 858
f 970 967 858
f 861 970 858
f 864 971 973
f 864 969 971
f 864 862 969
f 862 859 969
f 861 974 972
f 861 860 974
f 860 863 974
f 970 861 972
f 869 864 973
f 975 869 973
f 862 869 865
f 864 869 862
f 863 866 974
f 974 866 976
f 867 869 975
f 867 975 870
f 870 975 977
f 865 869 867
f 868 871 872
f 868 872 978
f 868 978 866
f 866 978 976
f 870 977 873
f 977 979 873
f 872 874 876
f 871 874 872
f 980 978 872
f 876 980 872
f 880 875 873
f 880 873 982
f 982 873 979
f 875 880 877
f 876 983 981
f 876 874 983
f 874 878 983
f 980 876 981
f 890 880 982
f 989 890 982
f 877 890 881
f 880 890 877
f 879 990 984
f 882 990 879
f 883 985 891
f 883 879 985
f 879 984 985
f 891 986 892
f 985 986 891
f 986 991 892
f 893 992 987
f 893 987 983
f 893 983 884
f 884 983 878
f 897 890 989
f 999 897 989
f 881 897 894
f 890 897 881
f 885 895 898
f 993 990 882
f 993 882 898
f 993 898 899
f 898 882 885
f 883 891 886
f 899 1000 993
f 887 886 891
f 892 887 891
f 892 991 994
f 892 994 887
f 887 994 888
f 992 893 889
f 992 889 994
f 994 889 888
f 884 889 893
f 897 999 1001
f 1001 894 897
f 1001 1005 894
f 1005 900 894
f 896 901 904
f 896 904 1006
f 895 896 1006
f 895 1006 1002
f 895 1002 898
f 899 898 1002
f 1003 899 1002
f 1000 899 1003
f 911 902 900
f 911 900 1008
f 1008 900 1005
f 902 911 905
f 903 906 912
f 903 904 901
f 903 912 904
f 912 913 904
f 1009 1006 904
f 913 1009 904
f 917 911 1008
f 1013 917 1008
f 905 918 907
f 905 911 918
f 911 917 918
f 907 919 908
f 918 919 907
f 908 920 909
f 919 920 908
f 909 920 914
f 910 915 921
f 910 912 906
f 910 921 912
f 921 922 912
f 1014 1010 913
f 1014 913 922
f 922 913 912
f 1009 913 1010
f 917 1013 1015
f 918 917 1015
f 1016 918 1015
f 919 918 1016
f 1017 919 1016
f 920 919 1017
f 1018 920 1017
f 914 920 1018
f 914 1018 916
f 916 1018 1019
f 921 915 916
f 921 916 1020
f 1020 916 1019
f 922 921 1020
f 1021 922 1020
f 1014 922 1021
f 923 930 925
f 1026 930 923
f 1026 923 1024
f 1024 923 924
f 926 931 1025
f 926 1025 924
f 924 1025 1024
f 1025 931 1027
f 937 1028 1032
f 930 1029 1028
f 930 1028 932
f 930 932 925
f 932 1028 937
f 1026 1029 930
f 926 927 931
f 931 927 928
f 931 928 1033
f 931 1033 1027
f 1033 928 938
f 928 929 939
f 938 928 939
f 929 933 939
f 934 1034 1038
f 940 934 1038
f 935 1035 934
f 934 1035 1034
f 1032 936 937
f 1032 1035 936
f 1035 935 936
f 932 937 936
f 938 1036 1033
f 939 1036 938
f 1037 1036 939
f 1037 939 933
f 1037 933 1039
f 1039 933 941
f 940 1038 943
f 1038 1042 943
f 941 1040 1039
f 942 1040 941
f 1040 942 944
f 1043 1040 944
f 948 1044 1048
f 948 946 945
f 948 945 1044
f 1044 945 1045
f 1042 945 943
f 1045 945 1042
f 944 947 1043
f 1043 947 1049
f 953 948 1048
f 1051 953 1048
f 946 953 949
f 948 953 946
f 1050 950 954
f 1050 1049 950
f 1049 947 950
f 1050 954 1052
f 958 1053 1054
f 1051 1053 958
f 953 1051 958
f 953 958 955
f 953 955 951
f 949 953 951
f 950 952 954
f 954 952 956
f 954 956 1052
f 1052 956 1055
f 957 958 1054
f 957 1054 959
f 959 1054 1056
f 955 958 957
f 956 960 1055
f 1055 960 1057
f 965 1058 1061
f 965 962 961
f 965 961 1058
f 1058 961 1059
f 1056 961 959
f 1059 961 1056
f 960 963 1057
f 1057 963 1062
f 964 965 1061
f 964 1061 966
f 966 1061 1063
f 962 965 964
f 963 967 1062
f 1062 967 1064
f 968 1065 1067
f 969 968 1067
f 1063 968 966
f 1065 968 1063
f 967 970 1064
f 1064 970 1068
f 971 1069 1071
f 973 971 1071
f 1067 971 969
f 1069 971 1067
f 972 1072 1070
f 974 1072 972
f 1068 970 972
f 1070 1068 972
f 973 1071 975
f 1071 1073 975
f 974 976 1072
f 1072 976 1074
f 975 1073 977
f 1073 1075 977
f 976 978 1074
f 1074 978 1076
f 977 1075 979
f 1075 1078 979
f 978 980 1076
f 1076 980 1079
f 988 1080 1084
f 988 1078 1080
f 988 982 1078
f 982 979 1078
f 981 1085 1081
f 983 1085 981
f 1079 980 981
f 1081 1079 981
f 995 988 1084
f 1089 995 1084
f 982 995 989
f 988 995 982
f 984 990 996
f 984 997 985
f 996 997 984
f 1090 985 997
f 1090 1086 985
f 1086 986 985
f 991 1087 998
f 991 986 1087
f 986 1086 1087
f 998 987 992
f 998 1087 987
f 1087 1088 987
f 1085 983 987
f 1088 1085 987
f 995 1089 1091
f 1091 989 995
f 1091 1095 989
f 1095 999 989
f 1004 990 993
f 1004 1096 990
f 996 990 1092
f 1092 990 1096
f 1092 1093 997
f 1092 997 996
f 993 1000 1004
f 1090 997 1093
f 991 998 994
f 992 994 998
f 999 1095 1097
f 1001 999 1097
f 1097 1005 1001
f 1099 1005 1097
f 1002 1006 1007
f 1004 1100 1096
f 1004 1002 1100
f 1004 1003 1002
f 1007 1100 1002
f 1000 1003 1004
f 1101 1011 1008
f 1101 1008 1099
f 1099 1008 1005
f 1101 1103 1011
f 1007 1009 1012
f 1006 1009 1007
f 1104 1100 1007
f 1012 1104 1007
f 1011 1022 1013
f 1008 1011 1013
f 1106 1011 1103
f 1022 1011 1106
f 1010 1014 1023
f 1010 1023 1107
f 1009 1010 1107
f 1009 1107 1105
f 1009 1105 1012
f 1104 1012 1105
f 1013 1022 1015
f 1022 1106 1108
f 1022 1108 1015
f 1015 1108 1016
f 1017 1016 1109
f 1016 1108 1109
f 1018 1017 1110
f 1017 1109 1110
f 1019 1018 1111
f 1018 1110 1111
f 1020 1019 1112
f 1019 1111 1112
f 1021 1020 1113
f 1020 1112 1113
f 1023 1014 1021
f 1023 1021 1114
f 1114 1021 1113
f 1107 1023 1114
f 1024 1030 1026
f 1024 1025 1031
f 1030 1024 1031
f 1025 1027 1031
f 1028 1117 1121
f 1032 1028 1121
f 1029 1118 1028
f 1028 1118 1117
f 1030 1029 1026
f 1030 1119 1029
f 1119 1118 1029
f 1031 1119 1030
f 1120 1119 1031
f 1120 1031 1027
f 1120 1027 1122
f 1122 1027 1033
f 1034 1041 1038
f 1128 1041 1034
f 1128 1034 1123
f 1123 1034 1035
f 1121 1035 1032
f 1123 1035 1121
f 1033 1124 1122
f 1036 1124 1033
f 1037 1125 1036
f 1036 1125 1124
f 1125 1037 1039
f 1129 1125 1039
f 1046 1130 1136
f 1041 1131 1130
f 1041 1130 1042
f 1041 1042 1038
f 1042 1130 1046
f 1128 1131 1041
f 1047 1039 1040
f 1047 1137 1039
f 1137 1129 1039
f 1040 1043 1047
f 1044 1138 1141
f 1048 1044 1141
f 1136 1045 1046
f 1136 1138 1045
f 1138 1044 1045
f 1042 1046 1045
f 1047 1139 1137
f 1139 1047 1043
f 1139 1043 1142
f 1142 1043 1049
f 1048 1141 1051
f 1141 1145 1051
f 1049 1143 1142
f 1050 1143 1049
f 1143 1050 1052
f 1146 1143 1052
f 1053 1147 1150
f 1054 1053 1150
f 1145 1053 1051
f 1147 1053 1145
f 1052 1055 1146
f 1146 1055 1151
f 1060 1152 1154
f 1060 1150 1152
f 1060 1056 1150
f 1056 1054 1150
f 1055 1057 1151
f 1151 1057 1155
f 1058 1156 1159
f 1061 1058 1159
f 1154 1059 1060
f 1154 1156 1059
f 1156 1058 1059
f 1056 1060 1059
f 1057 1062 1155
f 1155 1062 1160
f 1066 1161 1164
f 1066 1159 1161
f 1066 1063 1159
f 1063 1061 1159
f 1062 1064 1160
f 1160 1064 1165
f 1065 1066 1164
f 1065 1164 1067
f 1067 1164 1167
f 1063 1066 1065
f 1064 1068 1165
f 1165 1068 1168
f 1069 1169 1173
f 1071 1069 1173
f 1167 1069 1067
f 1169 1069 1167
f 1070 1174 1170
f 1072 1174 1070
f 1168 1068 1070
f 1170 1168 1070
f 1071 1173 1073
f 1173 1175 1073
f 1072 1074 1174
f 1174 1074 1176
f 1073 1175 1075
f 1175 1178 1075
f 1077 1179 1177
f 1077 1177 1176
f 1077 1176 1076
f 1076 1176 1074
f 1082 1180 1182
f 1082 1178 1180
f 1082 1078 1178
f 1078 1075 1178
f 1083 1179 1077
f 1183 1179 1083
f 1076 1079 1083
f 1077 1076 1083
f 1080 1082 1182
f 1080 1182 1084
f 1084 1182 1184
f 1078 1082 1080
f 1081 1183 1083
f 1081 1085 1183
f 1085 1185 1183
f 1079 1081 1083
f 1186 1094 1089
f 1186 1089 1184
f 1184 1089 1084
f 1186 1192 1094
f 1086 1193 1187
f 1090 1193 1086
f 1087 1086 1188
f 1086 1187 1188
f 1088 1087 1189
f 1087 1188 1189
f 1185 1085 1088
f 1189 1185 1088
f 1089 1094 1091
f 1095 1194 1098
f 1091 1194 1095
f 1091 1192 1194
f 1091 1094 1192
f 1194 1197 1098
f 1092 1198 1195
f 1096 1198 1092
f 1093 1092 1196
f 1092 1195 1196
f 1193 1090 1093
f 1196 1193 1093
f 1095 1098 1097
f 1099 1199 1102
f 1097 1199 1099
f 1097 1197 1199
f 1097 1098 1197
f 1199 1201 1102
f 1096 1100 1198
f 1198 1100 1202
f 1099 1102 1101
f 1102 1103 1101
f 1102 1201 1103
f 1201 1203 1103
f 1100 1104 1202
f 1202 1104 1204
f 1205 1115 1106
f 1205 1106 1203
f 1203 1106 1103
f 1205 1207 1115
f 1105 1107 1116
f 1105 1116 1208
f 1105 1208 1104
f 1104 1208 1204
f 1106 1115 1108
f 1115 1207 1209
f 1115 1209 1108
f 1108 1209 1109
f 1110 1109 1210
f 1109 1209 1210
f 1111 1110 1211
f 1110 1210 1211
f 1112 1111 1212
f 1111 1211 1212
f 1113 1112 1213
f 1112 1212 1213
f 1114 1113 1214
f 1113 1213 1214
f 1116 1107 1114
f 1116 1114 1215
f 1215 1114 1214
f 1208 1116 1215
f 1117 1126 1121
f 1218 1126 1117
f 1218 1117 1216
f 1216 1117 1118
f 1119 1217 1118
f 1118 1217 1216
f 1127 1219 1217
f 1127 1217 1120
f 1120 1217 1119
f 1120 1122 1127
f 1123 1132 1128
f 1123 1223 1132
f 1121 1223 1123
f 1121 1220 1223
f 1121 1126 1220
f 1218 1220 1126
f 1133 1219 1127
f 1224 1219 1133
f 1122 1124 1134
f 1122 1134 1127
f 1127 1134 1133
f 1124 1125 1135
f 1134 1124 1135
f 1125 1129 1135
f 1130 1140 1136
f 1231 1140 1130
f 1231 1130 1225
f 1225 1130 1131
f 1132 1131 1128
f 1132 1226 1131
f 1226 1225 1131
f 1223 1226 1132
f 1133 1227 1224
f 1134 1227 1133
f 1228 1227 1134
f 1135 1228 1134
f 1229 1228 1135
f 1229 1135 1129
f 1229 1129 1232
f 1232 1129 1137
f 1138 1144 1141
f 1138 1236 1144
f 1136 1236 1138
f 1136 1233 1236
f 1136 1140 1233
f 1231 1233 1140
f 1137 1234 1232
f 1139 1234 1137
f 1234 1139 1142
f 1237 1234 1142
f 1148 1238 1241
f 1144 1239 1238
f 1144 1238 1145
f 1144 1145 1141
f 1145 1238 1148
f 1236 1239 1144
f 1149 1142 1143
f 1149 1242 1142
f 1242 1237 1142
f 1143 1146 1149
f 1147 1148 1241
f 1147 1241 1150
f 1150 1241 1244
f 1145 1148 1147
f 1153 1242 1149
f 1245 1242 1153
f 1146 1151 1153
f 1149 1146 1153
f 1157 1246 1249
f 1157 1154 1152
f 1157 1152 1246
f 1246 1152 1247
f 1244 1152 1150
f 1247 1152 1244
f 1158 1245 1153
f 1250 1245 1158
f 1151 1155 1158
f 1153 1151 1158
f 1162 1251 1252
f 1249 1251 1162
f 1157 1249 1162
f 1157 1162 1159
f 1157 1159 1156
f 1154 1157 1156
f 1163 1250 1158
f 1253 1250 1163
f 1155 1160 1163
f 1158 1155 1163
f 1161 1162 1252
f 1161 1252 1164
f 1164 1252 1254
f 1159 1162 1161
f 1166 1253 1163
f 1255 1253 1166
f 1160 1165 1166
f 1163 1160 1166
f 1171 1256 1257
f 1171 1254 1256
f 1171 1167 1254
f 1167 1164 1254
f 1172 1255 1166
f 1258 1255 1172
f 1165 1168 1172
f 1166 1165 1172
f 1169 1171 1257
f 1169 1257 1173
f 1173 1257 1259
f 1167 1171 1169
f 1170 1258 1172
f 1170 1174 1258
f 1174 1260 1258
f 1168 1170 1172
f 1173 1259 1175
f 1259 1261 1175
f 1174 1176 1260
f 1260 1176 1262
f 1181 1263 1267
f 1181 1261 1263
f 1181 1178 1261
f 1178 1175 1261
f 1177 1268 1264
f 1179 1268 1177
f 1262 1176 1177
f 1264 1262 1177
f 1180 1181 1267
f 1180 1267 1182
f 1182 1267 1270
f 1178 1181 1180
f 1179 1183 1268
f 1268 1183 1271
f 1272 1190 1184
f 1272 1184 1270
f 1270 1184 1182
f 1272 1276 1190
f 1191 1277 1273
f 1191 1273 1271
f 1191 1271 1185
f 1185 1271 1183
f 1184 1190 1186
f 1190 1192 1186
f 1190 1276 1192
f 1276 1280 1192
f 1187 1281 1278
f 1193 1281 1187
f 1188 1187 1279
f 1187 1278 1279
f 1277 1191 1189
f 1277 1189 1279
f 1279 1189 1188
f 1185 1189 1191
f 1192 1280 1282
f 1194 1192 1282
f 1282 1197 1194
f 1286 1197 1282
f 1195 1198 1200
f 1287 1195 1200
f 1287 1283 1195
f 1283 1196 1195
f 1281 1193 1196
f 1283 1281 1196
f 1197 1286 1288
f 1199 1197 1288
f 1288 1201 1199
f 1291 1201 1288
f 1200 1292 1289
f 1200 1198 1292
f 1198 1202 1292
f 1287 1200 1289
f 1293 1206 1203
f 1293 1203 1291
f 1291 1203 1201
f 1293 1295 1206
f 1202 1204 1292
f 1292 1204 1296
f 1203 1206 1205
f 1206 1207 1205
f 1206 1295 1207
f 1295 1297 1207
f 1204 1208 1296
f 1296 1208 1298
f 1207 1297 1299
f 1209 1207 1299
f 1210 1209 1300
f 1209 1299 1300
f 1211 1210 1301
f 1210 1300 1301
f 1212 1211 1302
f 1211 1301 1302
f 1213 1212 1303
f 1212 1302 1303
f 1214 1213 1304
f 1213 1303 1304
f 1215 1214 1305
f 1214 1304 1305
f 1298 1208 1215
f 1305 1298 1215
f 1216 1221 1218
f 1216 1217 1222
f 1221 1216 1222
f 1217 1219 1222
f 1220 1230 1223
f 1220 1310 1230
f 1218 1310 1220
f 1218 1308 1310
f 1218 1221 1308
f 1222 1308 1221
f 1309 1308 1222
f 1309 1222 1219
f 1309 1219 1311
f 1311 1219 1224
f 1225 1312 1319
f 1231 1225 1319
f 1226 1313 1225
f 1225 1313 1312
f 1230 1226 1223
f 1230 1314 1226
f 1314 1313 1226
f 1310 1314 1230
f 1224 1315 1311
f 1227 1315 1224
f 1228 1316 1227
f 1227 1316 1315
f 1235 1320 1316
f 1235 1316 1229
f 1229 1316 1228
f 1229 1232 1235
f 1233 1321 1324
f 1236 1233 1324
f 1319 1233 1231
f 1321 1233 1319
f 1235 1322 1320
f 1240 1325 1322
f 1234 1240 1322
f 1234 1322 1235
f 1234 1235 1232
f 1234 1237 1240
f 1238 1326 1329
f 1241 1238 1329
f 1239 1327 1238
f 1238 1327 1326
f 1324 1239 1236
f 1327 1239 1324
f 1243 1325 1240
f 1330 1325 1243
f 1237 1242 1243
f 1240 1237 1243
f 1241 1329 1244
f 1329 1332 1244
f 1248 1330 1243
f 1333 1330 1248
f 1242 1245 1248
f 1243 1242 1248
f 1246 1334 1338
f 1249 1246 1338
f 1247 1335 1246
f 1246 1335 1334
f 1332 1247 1244
f 1335 1247 1332
f 1248 1336 1333
f 1336 1248 1245
f 1336 1245 1339
f 1339 1245 1250
f 1251 1340 1342
f 1252 1251 1342
f 1338 1251 1249
f 1340 1251 1338
f 1250 1253 1339
f 1339 1253 1343
f 1252 1342 1254
f 1342 1346 1254
f 1253 1255 1343
f 1343 1255 1347
f 1256 1348 1350
f 1257 1256 1350
f 1346 1256 1254
f 1348 1256 1346
f 1255 1258 1347
f 1347 1258 1351
f 1257 1350 1259
f 1350 1353 1259
f 1258 1260 1351
f 1351 1260 1354
f 1265 1355 1358
f 1265 1353 1355
f 1265 1261 1353
f 1261 1259 1353
f 1266 1359 1356
f 1266 1356 1354
f 1266 1354 1262
f 1262 1354 1260
f 1263 1265 1358
f 1263 1358 1267
f 1267 1358 1362
f 1261 1265 1263
f 1269 1363 1360
f 1359 1269 1360
f 1266 1269 1359
f 1266 1268 1269
f 1266 1264 1268
f 1262 1264 1266
f 1364 1274 1270
f 1364 1270 1362
f 1362 1270 1267
f 1364 1366 1274
f 1275 1363 1269
f 1367 1363 1275
f 1268 1271 1275
f 1269 1268 1275
f 1270 1274 1272
f 1274 1276 1272
f 1274 1366 1276
f 1366 1368 1276
f 1273 1367 1275
f 1273 1277 1367
f 1277 1369 1367
f 1271 1273 1275
f 1370 1284 1280
f 1370 1280 1368
f 1368 1280 1276
f 1370 1374 1284
f 1278 1281 1285
f 1375 1278 1285
f 1375 1371 1278
f 1371 1279 1278
f 1369 1277 1279
f 1371 1369 1279
f 1280 1284 1282
f 1286 1376 1290
f 1282 1376 1286
f 1282 1374 1376
f 1282 1284 1374
f 1376 1380 1290
f 1283 1381 1377
f 1287 1381 1283
f 1285 1281 1283
f 1285 1283 1378
f 1378 1283 1377
f 1375 1285 1378
f 1286 1290 1288
f 1291 1382 1294
f 1288 1382 1291
f 1288 1380 1382
f 1288 1290 1380
f 1382 1386 1294
f 1289 1387 1383
f 1292 1387 1289
f 1381 1287 1289
f 1383 1381 1289
f 1291 1294 1293
f 1294 1295 1293
f 1294 1386 1295
f 1386 1389 1295
f 1292 1296 1387
f 1387 1296 1390
f 1391 1306 1297
f 1391 1297 1389
f 1389 1297 1295
f 1391 1395 1306
f 1307 1396 1392
f 1307 1392 1390
f 1307 1390 1298
f 1298 1390 1296
f 1297 1306 1299
f 1306 1395 1397
f 1306 1397 1299
f 1299 1397 1300
f 1301 1300 1398
f 1300 1397 1398
f 1302 1301 1399
f 1301 1398 1399
f 1303 1302 1400
f 1302 1399 1400
f 1304 1303 1401
f 1303 1400 1401
f 1396 1307 1305
f 1396 1305 1401
f 1401 1305 1304
f 1298 1305 1307
f 1308 1317 1310
f 1308 1309 1318
f 1317 1308 1318
f 1309 1311 1318
f 1312 1402 1408
f 1319 1312 1408
f 1313 1403 1312
f 1312 1403 1402
f 1314 1404 1313
f 1313 1404 1403
f 1317 1314 1310
f 1317 1405 1314
f 1405 1404 1314
f 1318 1405 1317
f 1406 1405 1318
f 1311 1406 1318
f 1311 1315 1406
f 1315 1407 1406
f 1323 1409 1407
f 1323 1407 1316
f 1316 1407 1315
f 1316 1320 1323
f 1321 1410 1413
f 1324 1321 1413
f 1408 1321 1319
f 1410 1321 1408
f 1323 1411 1409
f 1328 1414 1411
f 1322 1328 1411
f 1322 1411 1323
f 1322 1323 1320
f 1322 1325 1328
f 1326 1415 1420
f 1329 1326 1420
f 1327 1416 1326
f 1326 1416 1415
f 1413 1327 1324
f 1416 1327 1413
f 1331 1414 1328
f 1421 1414 1331
f 1325 1330 1331
f 1328 1325 1331
f 1337 1422 1425
f 1337 1420 1422
f 1337 1332 1420
f 1332 1329 1420
f 1331 1423 1421
f 1423 1331 1330
f 1423 1330 1426
f 1426 1330 1333
f 1334 1427 1429
f 1338 1334 1429
f 1425 1335 1337
f 1425 1427 1335
f 1427 1334 1335
f 1332 1337 1335
f 1341 1333 1336
f 1341 1430 1333
f 1430 1426 1333
f 1336 1339 1341
f 1340 1344 1342
f 1340 1432 1344
f 1340 1338 1432
f 1338 1429 1432
f 1345 1430 1341
f 1433 1430 1345
f 1339 1343 1345
f 1341 1339 1345
f 1344 1434 1436
f 1344 1436 1342
f 1342 1436 1346
f 1432 1434 1344
f 1349 1433 1345
f 1437 1433 1349
f 1343 1347 1349
f 1345 1343 1349
f 1348 1438 1440
f 1350 1348 1440
f 1436 1348 1346
f 1438 1348 1436
f 1352 1437 1349
f 1441 1437 1352
f 1347 1351 1352
f 1349 1347 1352
f 1350 1440 1353
f 1440 1442 1353
f 1357 1441 1352
f 1443 1441 1357
f 1351 1354 1357
f 1352 1351 1357
f 1355 1361 1358
f 1355 1445 1361
f 1355 1353 1445
f 1353 1442 1445
f 1356 1443 1357
f 1356 1359 1443
f 1359 1446 1443
f 1354 1356 1357
f 1361 1365 1362
f 1358 1361 1362
f 1450 1361 1445
f 1365 1361 1450
f 1360 1451 1447
f 1363 1451 1360
f 1446 1359 1360
f 1447 1446 1360
f 1362 1365 1364
f 1365 1366 1364
f 1365 1450 1366
f 1450 1453 1366
f 1363 1367 1451
f 1451 1367 1454
f 1455 1372 1368
f 1455 1368 1453
f 1453 1368 1366
f 1455 1459 1372
f 1373 1460 1456
f 1373 1456 1454
f 1373 1454 1369
f 1369 1454 1367
f 1368 1372 1370
f 1374 1461 1379
f 1370 1461 1374
f 1370 1459 1461
f 1370 1372 1459
f 1461 1463 1379
f 1371 1460 1373
f 1371 1375 1460
f 1375 1464 1460
f 1369 1371 1373
f 1374 1379 1376
f 1380 1465 1384
f 1376 1465 1380
f 1376 1463 1465
f 1376 1379 1463
f 1465 1469 1384
f 1377 1381 1385
f 1470 1377 1385
f 1470 1466 1377
f 1466 1378 1377
f 1464 1375 1378
f 1466 1464 1378
f 1380 1384 1382
f 1386 1471 1388
f 1382 1471 1386
f 1382 1469 1471
f 1382 1384 1469
f 1471 1476 1388
f 1383 1477 1472
f 1387 1477 1383
f 1385 1381 1383
f 1385 1383 1473
f 1473 1383 1472
f 1470 1385 1473
f 1388 1393 1389
f 1386 1388 1389
f 1479 1388 1476
f 1393 1388 1479
f 1394 1480 1478
f 1394 1478 1477
f 1394 1477 1390
f 1390 1477 1387
f 1389 1393 1391
f 1393 1395 1391
f 1393 1479 1395
f 1479 1482 1395
f 1392 1480 1394
f 1392 1396 1480
f 1396 1483 1480
f 1390 1392 1394
f 1395 1482 1484
f 1397 1395 1484
f 1398 1397 1485
f 1397 1484 1485
f 1399 1398 1486
f 1398 1485 1486
f 1400 1399 1487
f 1399 1486 1487
f 1401 1400 1488
f 1400 1487 1488
f 1483 1396 1401
f 1488 1483 1401
f 1402 1491 1496
f 1408 1402 1496
f 1403 1492 1402
f 1402 1492 1491
f 1404 1493 1403
f 1403 1493 1492
f 1405 1494 1404
f 1404 1494 1493
f 1406 1495 1405
f 1405 1495 1494
f 1412 1497 1495
f 1412 1495 1407
f 1407 1495 1406
f 1407 1409 1412
f 1417 1498 1503
f 1417 1413 1410
f 1417 1410 1498
f 1498 1410 1499
f 1496 1410 1408
f 1499 1410 1496
f 1418 1497 1412
f 1504 1497 1418
f 1409 1411 1419
f 1409 1419 1412
f 1412 1419 1418
f 1411 1414 1419
f 1415 1505 1509
f 1420 1415 1509
f 1503 1416 1417
f 1503 1505 1416
f 1505 1415 1416
f 1413 1417 1416
f 1418 1506 1504
f 1506 1424 1510
f 1506 1418 1424
f 1418 1419 1424
f 1414 1421 1424
f 1419 1414 1424
f 1422 1511 1515
f 1425 1422 1515
f 1509 1422 1420
f 1511 1422 1509
f 1424 1512 1510
f 1428 1516 1512
f 1423 1428 1512
f 1423 1512 1424
f 1423 1424 1421
f 1423 1426 1428
f 1427 1517 1519
f 1429 1427 1519
f 1515 1427 1425
f 1517 1427 1515
f 1431 1516 1428
f 1520 1516 1431
f 1426 1430 1431
f 1428 1426 1431
f 1435 1521 1523
f 1435 1519 1521
f 1435 1432 1519
f 1432 1429 1519
f 1431 1522 1520
f 1522 1431 1430
f 1522 1430 1524
f 1524 1430 1433
f 1439 1525 1527
f 1523 1525 1439
f 1435 1523 1439
f 1435 1439 1436
f 1435 1436 1434
f 1432 1435 1434
f 1433 1437 1524
f 1524 1437 1528
f 1438 1439 1527
f 1438 1527 1440
f 1440 1527 1531
f 1436 1439 1438
f 1437 1441 1528
f 1528 1441 1532
f 1440 1531 1442
f 1531 1537 1442
f 1444 1538 1533
f 1444 1533 1532
f 1444 1532 1443
f 1443 1532 1441
f 1539 1448 1445
f 1539 1445 1537
f 1537 1445 1442
f 1539 1543 1448
f 1449 1538 1444
f 1544 1538 1449
f 1443 1446 1449
f 1444 1443 1449
f 1448 1452 1450
f 1445 1448 1450
f 1547 1448 1543
f 1452 1448 1547
f 1447 1544 1449
f 1447 1451 1544
f 1451 1548 1544
f 1446 1447 1449
f 1452 1457 1453
f 1450 1452 1453
f 1552 1452 1547
f 1457 1452 1552
f 1458 1553 1549
f 1458 1549 1548
f 1458 1548 1454
f 1454 1548 1451
f 1453 1457 1455
f 1459 1554 1462
f 1455 1554 1459
f 1455 1552 1554
f 1455 1457 1552
f 1554 1556 1462
f 1456 1553 1458
f 1456 1460 1553
f 1460 1557 1553
f 1454 1456 1458
f 1459 1462 1461
f 1463 1558 1467
f 1461 1558 1463
f 1461 1556 1558
f 1461 1462 1556
f 1558 1561 1467
f 1468 1562 1559
f 1468 1559 1557
f 1468 1557 1464
f 1464 1557 1460
f 1463 1467 1465
f 1469 1563 1474
f 1465 1563 1469
f 1465 1561 1563
f 1465 1467 1561
f 1563 1566 1474
f 1475 1567 1564
f 1562 1475 1564
f 1468 1475 1562
f 1468 1470 1475
f 1468 1466 1470
f 1464 1466 1468
f 1469 1474 1471
f 1474 1476 1471
f 1474 1566 1476
f 1566 1569 1476
f 1472 1570 1568
f 1477 1570 1472
f 1567 1475 1473
f 1567 1473 1568
f 1568 1473 1472
f 1470 1473 1475
f 1571 1481 1479
f 1571 1479 1569
f 1569 1479 1476
f 1571 1574 1481
f 1478 1575 1572
f 1480 1575 1478
f 1570 1477 1478
f 1572 1570 1478
f 1481 1489 1482
f 1479 1481 1482
f 1579 1481 1574
f 1489 1481 1579
f 1490 1580 1576
f 1490 1576 1575
f 1490 1575 1483
f 1483 1575 1480
f 1482 1489 1484
f 1489 1579 1581
f 1489 1581 1484
f 1484 1581 1485
f 1486 1485 1582
f 1485 1581 1582
f 1487 1486 1583
f 1486 1582 1583
f 1580 1490 1488
f 1580 1488 1583
f 1583 1488 1487
f 1483 1488 1490
f 1491 1500 1496
f 1587 1500 1491
f 1587 1491 1585
f 1585 1491 1492
f 1493 1586 1492
f 1492 1586 1585
f 1501 1588 1586
f 1501 1586 1494
f 1494 1586 1493
f 1494 1495 1502
f 1501 1494 1502
f 1495 1497 1502
f 1498 1507 1503
f 1594 1507 1498
f 1594 1498 1589
f 1589 1498 1499
f 1500 1499 1496
f 1500 1590 1499
f 1590 1589 1499
f 1587 1590 1500
f 1501 1591 1588
f 1591 1508 1595
f 1591 1501 1508
f 1501 1502 1508
f 1497 1504 1508
f 1502 1497 1508
f 1505 1513 1509
f 1505 1599 1513
f 1503 1599 1505
f 1503 1596 1599
f 1503 1507 1596
f 1594 1596 1507
f 1508 1597 1595
f 1514 1600 1597
f 1506 1514 1597
f 1506 1597 1508
f 1506 1508 1504
f 1506 1510 1514
f 1511 1601 1605
f 1515 1511 1605
f 1513 1511 1509
f 1513 1602 1511
f 1602 1601 1511
f 1599 1602 1513
f 1514 1603 1600
f 1518 1606 1603
f 1512 1518 1603
f 1512 1603 1514
f 1512 1514 1510
f 1512 1516 1518
f 1517 1607 1611
f 1519 1517 1611
f 1605 1517 1515
f 1607 1517 1605
f 1518 1608 1606
f 1608 1518 1516
f 1608 1516 1612
f 1612 1516 1520
f 1521 1613 1616
f 1523 1521 1616
f 1611 1521 1519
f 1613 1521 1611
f 1526 1520 1522
f 1526 1617 1520
f 1617 1612 1520
f 1522 1524 1526
f 1525 1529 1527
f 1525 1619 1529
f 1525 1523 1619
f 1523 1616 1619
f 1530 1617 1526
f 1620 1617 1530
f 1524 1528 1530
f 1526 1524 1530
f 1529 1534 1531
f 1527 1529 1531
f 1621 1529 1619
f 1621 1535 1529
f 1535 1534 1529
f 1621 1624 1535
f 1536 1620 1530
f 1625 1620 1536
f 1528 1532 1536
f 1530 1528 1536
f 1534 1540 1537
f 1531 1534 1537
f 1535 1541 1534
f 1541 1540 1534
f 1628 1535 1624
f 1541 1535 1628
f 1542 1629 1626
f 1625 1542 1626
f 1536 1542 1625
f 1536 1538 1542
f 1536 1533 1538
f 1532 1533 1536
f 1537 1540 1539
f 1543 1539 1540
f 1543 1540 1545
f 1545 1540 1541
f 1630 1541 1628
f 1545 1541 1630
f 1546 1629 1542
f 1631 1629 1546
f 1538 1544 1546
f 1542 1538 1546
f 1545 1550 1547
f 1543 1545 1547
f 1633 1545 1630
f 1550 1545 1633
f 1551 1631 1546
f 1634 1631 1551
f 1544 1548 1551
f 1546 1544 1551
f 1550 1555 1552
f 1547 1550 1552
f 1636 1550 1633
f 1555 1550 1636
f 1549 1634 1551
f 1549 1553 1634
f 1553 1637 1634
f 1548 1549 1551
f 1552 1555 1554
f 1556 1638 1560
f 1554 1638 1556
f 1554 1636 1638
f 1554 1555 1636
f 1638 1641 1560
f 1553 1557 1637
f 1637 1557 1642
f 1556 1560 1558
f 1561 1643 1565
f 1558 1643 1561
f 1558 1641 1643
f 1558 1560 1641
f 1643 1647 1565
f 1559 1648 1644
f 1562 1648 1559
f 1642 1557 1559
f 1644 1642 1559
f 1561 1565 1563
f 1565 1566 1563
f 1565 1647 1566
f 1647 1652 1566
f 1564 1653 1649
f 1567 1653 1564
f 1648 1562 1564
f 1649 1648 1564
f 1654 1573 1569
f 1654 1569 1652
f 1652 1569 1566
f 1654 1658 1573
f 1568 1659 1655
f 1570 1659 1568
f 1653 1567 1568
f 1655 1653 1568
f 1569 1573 1571
f 1573 1574 1571
f 1573 1658 1574
f 1658 1666 1574
f 1577 1667 1660
f 1577 1661 1578
f 1660 1661 1577
f 1578 1572 1575
f 1578 1661 1572
f 1661 1662 1572
f 1659 1570 1572
f 1662 1659 1572
f 1574 1666 1579
f 1666 1670 1579
f 1584 1667 1577
f 1671 1667 1584
f 1576 1580 1584
f 1576 1584 1578
f 1578 1584 1577
f 1575 1576 1578
f 1579 1670 1672
f 1581 1579 1672
f 1582 1581 1673
f 1581 1672 1673
f 1671 1584 1583
f 1671 1583 1673
f 1673 1583 1582
f 1580 1583 1584
f 1585 1592 1587
f 1585 1586 1593
f 1592 1585 1593
f 1586 1588 1593
f 1589 1598 1594
f 1680 1598 1589
f 1680 1589 1676
f 1676 1589 1590
f 1592 1590 1587
f 1592 1677 1590
f 1677 1676 1590
f 1593 1677 1592
f 1678 1677 1593
f 1588 1678 1593
f 1588 1591 1678
f 1591 1679 1678
f 1679 1591 1595
f 1681 1679 1595
f 1596 1682 1687
f 1599 1596 1687
f 1598 1596 1594
f 1598 1683 1596
f 1683 1682 1596
f 1680 1683 1598
f 1604 1595 1597
f 1604 1688 1595
f 1688 1681 1595
f 1597 1600 1604
f 1601 1609 1605
f 1692 1609 1601
f 1692 1601 1689
f 1689 1601 1602
f 1687 1602 1599
f 1689 1602 1687
f 1604 1690 1688
f 1610 1693 1690
f 1603 1610 1690
f 1603 1690 1604
f 1603 1604 1600
f 1603 1606 1610
f 1607 1694 1698
f 1611 1607 1698
f 1609 1607 1605
f 1609 1695 1607
f 1695 1694 1607
f 1692 1695 1609
f 1614 1693 1610
f 1699 1693 1614
f 1606 1608 1615
f 1606 1615 1610
f 1610 1615 1614
f 1608 1612 1615
f 1613 1700 1704
f 1616 1613 1704
f 1698 1613 1611
f 1700 1613 1698
f 1614 1701 1699
f 1701 1618 1705
f 1701 1614 1618
f 1614 1615 1618
f 1612 1617 1618
f 1615 1612 1618
f 1706 1622 1619
f 1706 1619 1704
f 1704 1619 1616
f 1706 1708 1622
f 1623 1705 1618
f 1709 1705 1623
f 1617 1620 1623
f 1618 1617 1623
f 1619 1622 1621
f 1622 1624 1621
f 1622 1708 1624
f 1708 1710 1624
f 1627 1709 1623
f 1711 1709 1627
f 1620 1625 1627
f 1623 1620 1627
f 1624 1710 1628
f 1710 1713 1628
f 1626 1711 1627
f 1626 1629 1711
f 1629 1714 1711
f 1625 1626 1627
f 1628 1713 1630
f 1713 1717 1630
f 1632 1718 1715
f 1632 1715 1714
f 1632 1714 1631
f 1631 1714 1629
f 1630 1717 1633
f 1717 1720 1633
f 1635 1718 1632
f 1721 1718 1635
f 1631 1634 1635
f 1632 1631 1635
f 1633 1720 1636
f 1720 1725 1636
f 1639 1726 1722
f 1721 1639 1722
f 1721 1635 1639
f 1635 1640 1639
f 1634 1637 1640
f 1635 1634 1640
f 1636 1725 1727
f 1638 1636 1727
f 1727 1641 1638
f 1730 1641 1727
f 1645 1726 1639
f 1731 1726 1645
f 1640 1646 1639
f 1646 1645 1639
f 1637 1642 1646
f 1640 1637 1646
f 1641 1730 1732
f 1643 1641 1732
f 1732 1647 1643
f 1736 1647 1732
f 1650 1737 1733
f 1731 1650 1733
f 1731 1645 1650
f 1645 1651 1650
f 1644 1648 1651
f 1644 1651 1646
f 1646 1651 1645
f 1642 1644 1646
f 1738 1656 1652
f 1738 1652 1736
f 1736 1652 1647
f 1738 1739 1656
f 1657 1737 1650
f 1740 1737 1657
f 1649 1653 1657
f 1649 1657 1651
f 1651 1657 1650
f 1648 1649 1651
f 1652 1656 1654
f 1656 1658 1654
f 1656 1739 1658
f 1739 1746 1658
f 1663 1747 1741
f 1663 1742 1664
f 1741 1742 1663
f 1664 1743 1665
f 1742 1743 1664
f 1740 1665 1743
f 1657 1665 1740
f 1657 1659 1665
f 1657 1655 1659
f 1653 1655 1657
f 1748 1668 1666
f 1748 1666 1746
f 1746 1666 1658
f 1668 1749 1669
f 1748 1749 1668
f 1747 1669 1749
f 1663 1669 1747
f 1663 1667 1669
f 1663 1660 1667
f 1661 1660 1663
f 1664 1661 1663
f 1662 1661 1664
f 1665 1662 1664
f 1659 1662 1665
f 1668 1674 1670
f 1666 1668 1670
f 1669 1675 1668
f 1675 1674 1668
f 1667 1671 1675
f 1669 1667 1675
f 1670 1674 1672
f 1673 1672 1674
f 1675 1673 1674
f 1671 1673 1675
f 1676 1750 1751
f 1680 1676 1751
f 1684 1752 1750
f 1684 1750 1677
f 1677 1750 1676
f 1677 1678 1685
f 1684 1677 1685
f 1678 1679 1686
f 1685 1678 1686
f 1679 1681 1686
f 1682 1753 1758
f 1687 1682 1758
f 1683 1754 1682
f 1682 1754 1753
f 1751 1683 1680
f 1754 1683 1751
f 1684 1755 1752
f 1685 1755 1684
f 1756 1755 1685
f 1756 1691 1759
f 1756 1685 1691
f 1685 1686 1691
f 1681 1688 1691
f 1686 1681 1691
f 1689 1760 1762
f 1692 1689 1762
f 1758 1689 1687
f 1760 1689 1758
f 1696 1759 1691
f 1763 1759 1696
f 1688 1690 1697
f 1688 1697 1691
f 1691 1697 1696
f 1690 1693 1697
f 1702 1764 1769
f 1702 1698 1694
f 1702 1694 1764
f 1764 1694 1765
f 1695 1766 1694
f 1694 1766 1765
f 1762 1695 1692
f 1766 1695 1762
f 1696 1767 1763
f 1767 1703 1770
f 1767 1696 1703
f 1696 1697 1703
f 1693 1699 1703
f 1697 1693 1703
f 1700 1707 1704
f 1702 1769 1771
f 1771 1698 1702
f 1771 1775 1698
f 1700 1698 1707
f 1707 1698 1775
f 1703 1772 1770
f 1699 1772 1703
f 1699 1701 1772
f 1701 1773 1772
f 1773 1701 1705
f 1776 1773 1705
f 1704 1707 1706
f 1707 1708 1706
f 1707 1775 1708
f 1775 1779 1708
f 1705 1709 1776
f 1776 1709 1780
f 1708 1779 1710
f 1779 1784 1710
f 1712 1785 1781
f 1712 1781 1780
f 1712 1780 1711
f 1711 1780 1709
f 1710 1784 1713
f 1784 1788 1713
f 1716 1785 1712
f 1789 1785 1716
f 1711 1714 1716
f 1712 1711 1716
f 1713 1788 1717
f 1788 1793 1717
f 1719 1794 1790
f 1789 1719 1790
f 1716 1719 1789
f 1716 1718 1719
f 1716 1715 1718
f 1714 1715 1716
f 1795 1723 1720
f 1795 1720 1793
f 1793 1720 1717
f 1795 1797 1723
f 1724 1794 1719
f 1798 1794 1724
f 1718 1721 1724
f 1719 1718 1724
f 1723 1728 1725
f 1720 1723 1725
f 1801 1723 1797
f 1728 1723 1801
f 1729 1802 1799
f 1798 1729 1799
f 1724 1729 1798
f 1724 1726 1729
f 1724 1722 1726
f 1721 1722 1724
f 1725 1728 1727
f 1730 1803 1734
f 1727 1803 1730
f 1727 1801 1803
f 1727 1728 1801
f 1803 1804 1734
f 1735 1802 1729
f 1805 1802 1735
f 1726 1731 1735
f 1729 1726 1735
f 1730 1734 1732
f 1734 1736 1732
f 1734 1804 1736
f 1804 1806 1736
f 1733 1805 1735
f 1733 1737 1805
f 1737 1807 1805
f 1731 1733 1735
f 1736 1806 1808
f 1738 1736 1808
f 1808 1739 1738
f 1814 1739 1808
f 1744 1815 1809
f 1744 1810 1745
f 1809 1810 1744
f 1745 1810 1807
f 1745 1807 1740
f 1740 1807 1737
f 1739 1814 1746
f 1814 1817 1746
f 1741 1818 1816
f 1747 1818 1741
f 1815 1744 1742
f 1815 1742 1816
f 1816 1742 1741
f 1743 1742 1744
f 1745 1743 1744
f 1740 1743 1745
f 1746 1817 1819
f 1748 1746 1819
f 1749 1748 1820
f 1748 1819 1820
f 1818 1747 1749
f 1820 1818 1749
f 1750 1757 1751
f 1750 1752 1757
f 1753 1823 1827
f 1758 1753 1827
f 1754 1824 1753
f 1753 1824 1823
f 1757 1754 1751
f 1757 1825 1754
f 1825 1824 1754
f 1752 1825 1757
f 1752 1755 1825
f 1755 1826 1825
f 1761 1828 1826
f 1761 1826 1756
f 1756 1826 1755
f 1756 1759 1761
f 1768 1829 1836
f 1768 1762 1760
f 1768 1760 1829
f 1829 1760 1830
f 1827 1760 1758
f 1830 1760 1827
f 1761 1831 1828
f 1831 1761 1759
f 1831 1759 1837
f 1837 1759 1763
f 1764 1838 1845
f 1769 1764 1845
f 1765 1839 1764
f 1764 1839 1838
f 1836 1766 1768
f 1836 1839 1766
f 1839 1765 1766
f 1762 1768 1766
f 1774 1763 1767
f 1774 1846 1763
f 1846 1837 1763
f 1767 1770 1774
f 1769 1845 1847
f 1771 1769 1847
f 1847 1775 1771
f 1851 1775 1847
f 1774 1848 1846
f 1777 1852 1848
f 1772 1777 1848
f 1772 1848 1774
f 1772 1774 1770
f 1772 1773 1778
f 1777 1772 1778
f 1773 1776 1778
f 1775 1851 1779
f 1851 1853 1779
f 1782 1852 1777
f 1854 1852 1782
f 1778 1783 1777
f 1783 1782 1777
f 1776 1780 1783
f 1778 1776 1783
f 1779 1853 1784
f 1853 1856 1784
f 1786 1857 1855
f 1854 1786 1855
f 1854 1782 1786
f 1782 1787 1786
f 1781 1785 1787
f 1781 1787 1783
f 1783 1787 1782
f 1780 1781 1783
f 1784 1856 1788
f 1856 1859 1788
f 1791 1857 1786
f 1860 1857 1791
f 1787 1792 1786
f 1792 1791 1786
f 1785 1789 1792
f 1787 1785 1792
f 1788 1859 1793
f 1859 1862 1793
f 1796 1860 1791
f 1863 1860 1796
f 1790 1794 1796
f 1790 1796 1792
f 1792 1796 1791
f 1789 1790 1792
f 1793 1862 1864
f 1795 1793 1864
f 1864 1797 1795
f 1866 1797 1864
f 1800 1863 1796
f 1867 1863 1800
f 1794 1798 1800
f 1796 1794 1800
f 1797 1866 1801
f 1866 1868 1801
f 1799 1867 1800
f 1799 1802 1867
f 1802 1869 1867
f 1798 1799 1800
f 1801 1868 1870
f 1803 1801 1870
f 1870 1804 1803
f 1873 1804 1870
f 1802 1805 1869
f 1869 1805 1874
f 1875 1811 1806
f 1875 1806 1873
f 1873 1806 1804
f 1875 1881 1811
f 1812 1882 1876
f 1812 1877 1813
f 1876 1877 1812
f 1813 1877 1874
f 1813 1874 1807
f 1807 1874 1805
f 1806 1811 1808
f 1811 1814 1808
f 1811 1881 1814
f 1881 1884 1814
f 1809 1882 1812
f 1809 1815 1882
f 1815 1885 1882
f 1810 1809 1812
f 1813 1810 1812
f 1807 1810 1813
f 1886 1821 1817
f 1886 1817 1884
f 1884 1817 1814
f 1821 1887 1822
f 1886 1887 1821
f 1822 1816 1818
f 1822 1887 1816
f 1887 1888 1816
f 1885 1815 1816
f 1888 1885 1816
f 1817 1821 1819
f 1820 1819 1821
f 1822 1820 1821
f 1818 1820 1822
f 1823 1832 1827
f 1823 1824 1833
f 1832 1823 1833
f 1824 1825 1834
f 1833 1824 1834
f 1825 1826 1835
f 1834 1825 1835
f 1826 1828 1835
f 1829 1840 1836
f 1892 1840 1829
f 1892 1829 1890
f 1890 1829 1830
f 1832 1830 1827
f 1832 1891 1830
f 1891 1890 1830
f 1891 1841 1893
f 1891 1832 1841
f 1832 1833 1841
f 1834 1842 1833
f 1842 1841 1833
f 1835 1843 1834
f 1843 1842 1834
f 1828 1831 1844
f 1828 1844 1835
f 1835 1844 1843
f 1831 1837 1844
f 1838 1849 1845
f 1838 1839 1850
f 1849 1838 1850
f 1839 1901 1850
f 1836 1901 1839
f 1836 1894 1901
f 1836 1840 1894
f 1892 1894 1840
f 1841 1895 1893
f 1842 1895 1841
f 1896 1895 1842
f 1843 1896 1842
f 1897 1896 1843
f 1844 1897 1843
f 1898 1897 1844
f 1898 1844 1837
f 1898 1837 1902
f 1902 1837 1846
f 1845 1849 1847
f 1903 1849 1850
f 1903 1851 1849
f 1903 1907 1851
f 1847 1849 1851
f 1901 1903 1850
f 1846 1904 1902
f 1848 1904 1846
f 1904 1848 1852
f 1908 1904 1852
f 1851 1907 1853
f 1907 1913 1853
f 1852 1854 1908
f 1908 1854 1914
f 1853 1913 1856
f 1913 1918 1856
f 1855 1857 1858
f 1855 1858 1919
f 1855 1919 1854
f 1854 1919 1914
f 1856 1918 1859
f 1918 1924 1859
f 1858 1860 1861
f 1857 1860 1858
f 1925 1919 1858
f 1861 1925 1858
f 1926 1865 1862
f 1926 1862 1924
f 1924 1862 1859
f 1926 1932 1865
f 1861 1933 1927
f 1861 1860 1933
f 1860 1863 1933
f 1925 1861 1927
f 1862 1865 1864
f 1865 1866 1864
f 1865 1932 1866
f 1932 1937 1866
f 1863 1867 1933
f 1933 1867 1938
f 1939 1871 1868
f 1939 1868 1937
f 1937 1868 1866
f 1939 1944 1871
f 1872 1945 1940
f 1872 1940 1938
f 1872 1938 1869
f 1869 1938 1867
f 1868 1871 1870
f 1873 1946 1878
f 1870 1946 1873
f 1870 1944 1946
f 1870 1871 1944
f 1946 1950 1878
f 1879 1951 1947
f 1945 1879 1947
f 1945 1872 1879
f 1872 1880 1879
f 1869 1874 1880
f 1872 1869 1880
f 1873 1878 1875
f 1878 1881 1875
f 1878 1950 1881
f 1950 1953 1881
f 1883 1954 1952
f 1951 1883 1952
f 1879 1883 1951
f 1879 1882 1883
f 1879 1876 1882
f 1877 1876 1879
f 1880 1877 1879
f 1874 1877 1880
f 1881 1953 1884
f 1953 1957 1884
f 1889 1954 1883
f 1958 1954 1889
f 1882 1885 1889
f 1883 1882 1889
f 1884 1957 1959
f 1886 1884 1959
f 1887 1886 1960
f 1886 1959 1960
f 1958 1889 1888
f 1958 1888 1960
f 1960 1888 1887
f 1885 1888 1889
f 1890 1899 1892
f 1965 1899 1890
f 1965 1890 1963
f 1963 1890 1891
f 1893 1900 1964
f 1893 1964 1891
f 1891 1964 1963
f 1964 1900 1966
f 1894 1967 1972
f 1901 1894 1972
f 1899 1894 1892
f 1899 1968 1894
f 1968 1967 1894
f 1965 1968 1899
f 1893 1895 1900
f 1900 1969 1966
f 1900 1895 1969
f 1895 1896 1969
f 1905 1973 1969
f 1905 1969 1897
f 1897 1969 1896
f 1897 1898 1906
f 1905 1897 1906
f 1898 1902 1906
f 1903 1909 1907
f 1903 1978 1909
f 1903 1901 1978
f 1901 1972 1978
f 1910 1973 1905
f 1979 1973 1910
f 1906 1911 1905
f 1911 1910 1905
f 1902 1904 1912
f 1902 1912 1906
f 1906 1912 1911
f 1904 1908 1912
f 1909 1980 1984
f 1909 1984 1907
f 1907 1984 1913
f 1978 1980 1909
f 1915 1979 1910
f 1985 1979 1915
f 1911 1916 1910
f 1916 1915 1910
f 1912 1917 1911
f 1917 1916 1911
f 1908 1914 1917
f 1912 1908 1917
f 1986 1920 1918
f 1986 1918 1984
f 1984 1918 1913
f 1986 1989 1920
f 1921 1985 1915
f 1990 1985 1921
f 1916 1922 1915
f 1922 1921 1915
f 1917 1923 1916
f 1923 1922 1916
f 1914 1919 1923
f 1917 1914 1923
f 1920 1928 1924
f 1918 1920 1924
f 1991 1920 1989
f 1928 1920 1991
f 1929 1990 1921
f 1992 1990 1929
f 1922 1930 1921
f 1930 1929 1921
f 1923 1931 1922
f 1931 1930 1922
f 1919 1925 1931
f 1923 1919 1931
f 1924 1928 1926
f 1932 1993 1934
f 1926 1993 1932
f 1926 1991 1993
f 1926 1928 1991
f 1993 1996 1934
f 1935 1992 1929
f 1997 1992 1935
f 1930 1936 1929
f 1936 1935 1929
f 1927 1933 1936
f 1927 1936 1931
f 1931 1936 1930
f 1925 1927 1931
f 1934 1941 1937
f 1932 1934 1937
f 1998 1934 1996
f 1941 1934 1998
f 1942 1997 1935
f 1999 1997 1942
f 1936 1943 1935
f 1943 1942 1935
f 1933 1938 1943
f 1936 1933 1943
f 1937 1941 1939
f 1944 2000 1948
f 1939 2000 1944
f 1939 1998 2000
f 1939 1941 1998
f 2000 2004 1948
f 1949 1999 1942
f 2005 1999 1949
f 1940 1945 1949
f 1940 1949 1943
f 1943 1949 1942
f 1938 1940 1943
f 1944 1948 1946
f 1948 1950 1946
f 1948 2004 1950
f 2004 2008 1950
f 1947 2005 1949
f 1947 1951 2005
f 1951 2009 2005
f 1945 1947 1949
f 2010 1955 1953
f 2010 1953 2008
f 2008 1953 1950
f 1955 2011 1956
f 2010 2011 1955
f 1956 1952 1954
f 1956 2011 1952
f 2011 2012 1952
f 2009 1951 1952
f 2012 2009 1952
f 1955 1961 1957
f 1953 1955 1957
f 1956 1962 1955
f 1962 1961 1955
f 1954 1958 1962
f 1956 1954 1962
f 1957 1961 1959
f 1960 1959 1961
f 1962 1960 1961
f 1958 1960 1962
f 1963 1970 1965
f 1963 1964 1971
f 1970 1963 1971
f 1964 1966 1971
f 1967 1974 1972
f 2017 1974 1967
f 2017 1967 2016
f 2016 1967 1968
f 1965 2016 1968
f 1965 1975 2016
f 1965 1970 1975
f 2018 2016 1975
f 1971 1976 1970
f 1976 1975 1970
f 1966 1969 1977
f 1966 1977 1971
f 1971 1977 1976
f 1969 1973 1977
f 1974 1981 1978
f 1972 1974 1978
f 2021 1974 2017
f 1981 1974 2021
f 1975 2019 2018
f 2019 1982 2022
f 2019 1975 1982
f 1975 1976 1982
f 1977 1983 1976
f 1983 1982 1976
f 1973 1979 1983
f 1977 1973 1983
f 1980 1987 1984
f 1980 2027 1987
f 1978 2027 1980
f 1978 2023 2027
f 1978 1981 2023
f 2021 2023 1981
f 1988 2022 1982
f 2028 2022 1988
f 2029 1983 2024
f 2029 1988 1983
f 1988 1982 1983
f 2024 1983 1979
f 2024 1979 2030
f 2030 1979 1985
f 1984 1987 1986
f 1987 1989 1986
f 1987 2027 1989
f 2027 2035 1989
f 1988 2031 2028
f 2029 2031 1988
f 1985 1990 2030
f 2030 1990 2036
f 2037 1994 1991
f 2037 1991 2035
f 2035 1991 1989
f 2037 2043 1994
f 2038 1992 1995
f 2038 2036 1992
f 2036 1990 1992
f 2038 1995 2044
f 1991 1994 1993
f 1994 1996 1993
f 1994 2043 1996
f 2043 2050 1996
f 1995 2051 2045
f 1995 1992 2051
f 1992 1997 2051
f 2044 1995 2045
f 2052 2001 1998
f 2052 1998 2050
f 2050 1998 1996
f 2052 2058 2001
f 2002 2059 2053
f 2002 2054 2003
f 2053 2054 2002
f 2003 2054 2051
f 2003 2051 1999
f 1999 2051 1997
f 1998 2001 2000
f 2001 2004 2000
f 2001 2058 2004
f 2058 2061 2004
f 2006 2059 2002
f 2062 2059 2006
f 2003 2007 2002
f 2007 2006 2002
f 1999 2005 2007
f 2003 1999 2007
f 2063 2013 2008
f 2063 2008 2061
f 2061 2008 2004
f 2062 2013 2063
f 2062 2006 2013
f 2006 2014 2013
f 2007 2015 2006
f 2015 2014 2006
f 2005 2009 2015
f 2007 2005 2015
f 2008 2013 2010
f 2011 2010 2013
f 2014 2011 2013
f 2012 2011 2014
f 2015 2012 2014
f 2009 2012 2015
f 2016 2020 2017
f 2016 2018 2020
f 2020 2025 2021
f 2017 2020 2021
f 2018 2019 2026
f 2018 2026 2020
f 2020 2026 2025
f 2019 2022 2026
f 2023 2065 2066
f 2027 2023 2066
f 2021 2065 2023
f 2021 2032 2065
f 2021 2025 2032
f 2067 2065 2032
f 2026 2033 2025
f 2033 2032 2025
f 2022 2028 2033
f 2026 2022 2033
f 2024 2034 2029
f 2024 2030 2034
f 2027 2066 2035
f 2066 2069 2035
f 2039 2067 2032
f 2070 2067 2039
f 2033 2040 2032
f 2040 2039 2032
f 2028 2031 2041
f 2028 2041 2033
f 2033 2041 2040
f 2031 2029 2034
f 2031 2034 2041
f 2041 2034 2042
f 2030 2036 2042
f 2034 2030 2042
f 2035 2069 2071
f 2037 2035 2071
f 2071 2039 2037
f 2071 2070 2039
f 2037 2039 2043
f 2072 2074 2039
f 2043 2039 2074
f 2072 2046 2075
f 2072 2039 2046
f 2039 2040 2046
f 2041 2047 2040
f 2047 2046 2040
f 2042 2048 2041
f 2048 2047 2041
f 2036 2038 2049
f 2036 2049 2042
f 2042 2049 2048
f 2038 2044 2049
f 2043 2074 2050
f 2074 2077 2050
f 2055 2075 2046
f 2078 2075 2055
f 2047 2056 2046
f 2056 2055 2046
f 2048 2057 2047
f 2057 2056 2047
f 2045 2051 2057
f 2045 2057 2049
f 2049 2057 2048
f 2044 2045 2049
f 2050 2077 2079
f 2052 2050 2079
f 2058 2055 2060
f 2058 2079 2055
f 2058 2052 2079
f 2079 2078 2055
f 2053 2059 2060
f 2053 2060 2056
f 2056 2060 2055
f 2054 2053 2056
f 2057 2054 2056
f 2051 2054 2057
f 2060 2064 2061
f 2058 2060 2061
f 2059 2062 2064
f 2060 2059 2064
f 2061 2064 2063
f 2062 2063 2064
f 2065 2068 2066
f 2065 2067 2068
f 2068 2073 2069
f 2066 2068 2069
f 2067 2070 2073
f 2068 2067 2073
f 2069 2073 2071
f 2070 2071 2073
f 2072 2076 2074
f 2072 2075 2076
f 2076 2080 2077
f 2074 2076 2077
f 2075 2078 2080
f 2076 2075 2080
f 2077 2080 2079
f 2078 2079 2080
