v 0.002142957 -0.002486375 0.001870967
v 0.002112221 -0.002497785 0.001895466
v 0.00205222 -0.002578253 0.001930705
v 0.002067048 -0.002537512 0.001919833
v 0.002153883 -0.002504046 0.001875189
v 0.00214195 -0.002462156 0.001885437
v 0.002168254 -0.002473557 0.001872961
v 0.002130183 -0.002560408 0.001904051
v 0.002186158 -0.00241719 0.00190031
v 0.002220461 -0.002583641 0.001913071
v 0.00221951 -0.002491526 0.001888229
v 0.002262824 -0.002406253 0.001898571
v 0.002247305 -0.002347791 0.00192258
v 0.002307512 -0.002540134 0.001917833
v 0.002321372 -0.00244024 0.001906793
v 0.002331581 -0.002343719 0.001925454
v 0.002386388 -0.002480799 0.001934339
v 0.002402529 -0.002388504 0.001936366
v 0.002413246 -0.00230188 0.001956743
v 0.001876827 -0.002596134 0.002036495
v 0.002014865 -0.002598304 0.00195358
v 0.001994768 -0.002547263 0.001972956
v 0.001957713 -0.002623489 0.001995475
v 0.001920547 -0.0025666 0.002017117
v 0.002060984 -0.002629962 0.001951645
v 0.00205295 -0.00248853 0.001945659
v 0.002105537 -0.002429085 0.001940325
v 0.002010096 -0.002689 0.002005909
v 0.002048712 -0.002443592 0.001979581
v 0.002159907 -0.00263573 0.001939398
v 0.00215252 -0.002376465 0.001940068
v 0.002192952 -0.002354283 0.001931443
v 0.002108394 -0.002696956 0.001994505
v 0.002166221 -0.002334293 0.001966519
v 0.002220443 -0.002635153 0.001937962
v 0.002214013 -0.002305563 0.001966889
v 0.002279804 -0.002621791 0.001944831
v 0.002217477 -0.002684181 0.001985793
v 0.002329889 -0.002590277 0.001940749
v 0.00228976 -0.00227709 0.001965393
v 0.002378501 -0.002565084 0.001956957
v 0.002360494 -0.002271448 0.001959648
v 0.002343596 -0.002625459 0.00197088
v 0.00234009 -0.002232541 0.001992183
v 0.002429776 -0.002514511 0.00196951
v 0.002407372 -0.002228546 0.002002866
v 0.002454365 -0.002441447 0.001971457
v 0.002478673 -0.002341675 0.001983074
v 0.002465765 -0.002266828 0.001992332
v 0.002430818 -0.002565724 0.001995955
v 0.002533437 -0.002331665 0.002033289
v 0.002515307 -0.002272834 0.002027048
v 0.001817415 -0.002600614 0.002078775
v 0.001779994 -0.00263731 0.002112179
v 0.001863544 -0.002651776 0.002058048
v 0.001841066 -0.002569791 0.002063886
v 0.00187609 -0.002555256 0.002047359
v 0.001807696 -0.002689838 0.002114499
v 0.001845746 -0.002537119 0.002082021
v 0.001934972 -0.002684633 0.002031732
v 0.001907379 -0.002501071 0.002070385
v 0.001963042 -0.002726844 0.002052433
v 0.001998591 -0.002462481 0.002018746
v 0.0018891 -0.002715362 0.002081403
v 0.002040961 -0.002748117 0.0020541
v 0.002043601 -0.002388213 0.002042854
v 0.002116502 -0.002351808 0.001999564
v 0.002159919 -0.002768488 0.00207312
v 0.002159598 -0.002292577 0.002025536
v 0.002124551 -0.00282431 0.002130674
v 0.002278692 -0.002729894 0.002058561
v 0.002228176 -0.002245479 0.002028101
v 0.002306541 -0.002671665 0.001996344
v 0.002293013 -0.002224309 0.002014567
v 0.002265385 -0.002201901 0.002059825
v 0.002353173 -0.002657179 0.002002709
v 0.002333867 -0.002188009 0.002054653
v 0.002398572 -0.002628982 0.00201577
v 0.002354189 -0.002688061 0.002043837
v 0.002451177 -0.002593208 0.002039979
v 0.002421869 -0.002162981 0.002082414
v 0.002477061 -0.002518582 0.002025275
v 0.002519511 -0.00241323 0.002032143
v 0.002442725 -0.002635365 0.002067371
v 0.002453108 -0.00212797 0.002132309
v 0.002557885 -0.002359326 0.002076036
v 0.002480084 -0.002214713 0.002040086
v 0.002558462 -0.0022843 0.002092414
v 0.002529047 -0.00222304 0.002076094
v 0.002558612 -0.002414911 0.002096882
v -0.003919274 0.001115923 0.002211981
v -0.003837135 0.000949137 0.002203795
v -0.003860064 0.001044709 0.002197989
v -0.003839712 0.001128919 0.002197057
v -0.003863775 0.001197728 0.002218494
v -0.003858099 0.00126776 0.002250616
v -0.003742775 0.0009191385 0.002196166
v -0.003761088 0.001010756 0.002187821
v -0.003768673 0.001098798 0.002189492
v -0.00376925 0.001180873 0.002206535
v -0.00377788 0.001260847 0.002242514
v -0.003634231 0.0008903412 0.002193902
v -0.003663286 0.0009845257 0.002186613
v -0.003675688 0.001073405 0.002191256
v -0.003690956 0.001148902 0.002202887
v -0.003666219 0.001233444 0.002240273
v -0.003552311 0.0008273929 0.002203895
v -0.003542716 0.000904495 0.002192133
v -0.003566103 0.0009709697 0.002192514
v -0.003590632 0.00104559 0.002197573
v -0.003573237 0.001146465 0.002228612
v -0.003459492 0.0008077066 0.002215617
v -0.003472486 0.0008838085 0.002203394
v -0.003490743 0.0009524953 0.002200921
v -0.003476672 0.001046975 0.00222584
v -0.003395305 0.0007944084 0.002231691
v -0.003396756 0.0008592621 0.002223948
v -0.003404569 0.0009526084 0.002227568
v 0.001716117 -0.002619418 0.002164736
v 0.001680462 -0.002649327 0.002199598
v 0.00173799 -0.002668226 0.002155335
v 0.001759572 -0.002587218 0.002130888
v 0.001762099 -0.002710862 0.002163973
v 0.001802759 -0.00255635 0.00210582
v 0.001705358 -0.002694121 0.002200127
v 0.001757393 -0.002541656 0.002158639
v 0.00183133 -0.002742532 0.002145404
v 0.001812234 -0.002500055 0.002150983
v 0.001944705 -0.002778026 0.002120648
v 0.001869932 -0.002433275 0.002179439
v 0.001952025 -0.002396017 0.002140244
v 0.001923571 -0.002825913 0.002189761
v 0.001899039 -0.002389618 0.002207597
v 0.002058853 -0.002804153 0.002114248
v 0.002013156 -0.002335791 0.002141003
v 0.002076005 -0.002845207 0.002163403
v 0.002079768 -0.002294405 0.00211407
v 0.002000462 -0.002836849 0.002173056
v 0.002023235 -0.002296649 0.002178966
v 0.002139041 -0.002859719 0.002185327
v 0.002159736 -0.002236677 0.002101732
v 0.002180081 -0.002824406 0.002140034
v 0.0022166 -0.002205129 0.002091358
v 0.002181223 -0.002190776 0.002148435
v 0.002259266 -0.002801536 0.002147398
v 0.002253498 -0.00216676 0.002127813
v 0.002207423 -0.002848305 0.00218442
v 0.002362904 -0.002739199 0.002128896
v 0.002338857 -0.002132557 0.002139004
v 0.002410795 -0.002676769 0.002080227
v 0.002405897 -0.002119336 0.002141223
v 0.002368615 -0.002099962 0.002183028
v 0.00244883 -0.002655308 0.002098947
v 0.002426637 -0.002096409 0.002192338
v 0.002488522 -0.002603675 0.002116378
v 0.002532307 -0.002490517 0.002094609
v 0.002483491 -0.002120833 0.002162924
v 0.002440952 -0.002688194 0.002141144
v 0.002568122 -0.002450834 0.002150981
v 0.002498749 -0.002165161 0.002110062
v 0.002583499 -0.002357898 0.002163248
v 0.00258211 -0.00226406 0.002172988
v 0.002552483 -0.002200101 0.002150137
v 0.002530091 -0.002609103 0.002214702
v 0.002550294 -0.00253073 0.002179569
v 0.002520259 -0.002141 0.002172285
v -0.003980149 0.001080965 0.002235222
v -0.004046936 0.0009181584 0.002302323
v -0.004066356 0.001013464 0.002304186
v -0.004034016 0.00110684 0.002282974
v -0.00402965 0.001198701 0.002311867
v -0.003941671 0.001042619 0.002218639
v -0.003976675 0.001134541 0.002237291
v -0.003891851 0.0008995825 0.002227426
v -0.003920832 0.0009716175 0.002221752
v -0.003938075 0.001175782 0.002228317
v -0.003923681 0.001232452 0.002249725
v -0.00398402 0.0008122217 0.002297926
v -0.003961807 0.0009026739 0.002255904
v -0.00399923 0.001004071 0.002255196
v -0.003984141 0.001185803 0.002260908
v -0.003973458 0.001249202 0.002294263
v -0.003819202 0.000863483 0.002220386
v -0.003904287 0.001294358 0.002290419
v -0.003888954 0.0007319328 0.002291849
v -0.0038954 0.0008273046 0.002253843
v -0.003723406 0.0008297942 0.002214671
v -0.003813095 0.00132894 0.002292559
v -0.003777136 0.000688293 0.002283324
v -0.0038014 0.0007763391 0.002248086
v -0.003757859 0.001376834 0.002331271
v -0.003640457 0.000807216 0.002211067
v -0.003696416 0.001328342 0.002298255
v -0.003598755 0.0007611313 0.002223673
v -0.003612117 0.001292133 0.002283569
v -0.003675792 0.0006524279 0.002285887
v -0.003688069 0.0007407762 0.002242381
v -0.003709309 0.001378316 0.002340731
v -0.003520183 0.000749025 0.002229554
v -0.003555438 0.001248173 0.00227869
v -0.003496387 0.001202179 0.00227747
v -0.003578417 0.0006145136 0.002306589
v -0.003591821 0.0006956264 0.002255243
v -0.003568002 0.001295688 0.002301392
v -0.003432814 0.0007406665 0.002243409
v -0.003449789 0.001150767 0.002275549
v -0.003397442 0.001098155 0.002273259
v -0.003466264 0.000608191 0.002323219
v -0.003492854 0.0006772316 0.002270088
v -0.003453372 0.001202058 0.002299946
v -0.003365594 0.000753868 0.002258236
v -0.0033629 0.001041071 0.002267807
v -0.003339307 0.000817345 0.002255108
v -0.00333103 0.0009002103 0.002256711
v -0.003327784 0.0009735101 0.00226698
v -0.003379881 0.0006766981 0.0022959
v -0.003355856 0.001093943 0.002293684
v -0.003300975 0.0006814355 0.00232669
v -0.003300932 0.0007511291 0.002301694
v -0.003274828 0.0008496059 0.002304233
v -0.003274409 0.0009418348 0.002307707
v 0.001640793 -0.002634471 0.00223455
v 0.001591757 -0.002611974 0.002287682
v 0.001583144 -0.002531268 0.002313572
v 0.001650843 -0.002669428 0.002239696
v 0.001658893 -0.002604989 0.002220297
v 0.001679518 -0.002707853 0.002236725
v 0.001705965 -0.002566416 0.002191341
v 0.001631471 -0.002711448 0.002293654
v 0.001645604 -0.002547561 0.002258467
v 0.001742991 -0.002748517 0.00222369
v 0.001720866 -0.002498538 0.002232573
v 0.001701541 -0.002787968 0.002310116
v 0.001851694 -0.002795084 0.002194437
v 0.001791811 -0.002429658 0.002255099
v 0.001873756 -0.002838502 0.002240075
v 0.001856061 -0.002377717 0.002269349
v 0.001795556 -0.002817101 0.002269248
v 0.001808588 -0.002384098 0.002304739
v 0.001944082 -0.002863334 0.002240473
v 0.001914758 -0.0023474 0.002248497
v 0.001972608 -0.002302953 0.002236726
v 0.001925495 -0.002306118 0.002293449
v 0.002048821 -0.002882664 0.002235954
v 0.002033075 -0.002254866 0.0022241
v 0.002103151 -0.002205745 0.002210901
v 0.002026684 -0.002918684 0.00230908
v 0.00204161 -0.002213249 0.00227082
v 0.002134231 -0.002891853 0.002245128
v 0.002182768 -0.002152471 0.002211333
v 0.002097024 -0.002917948 0.002301038
v 0.002196188 -0.002104876 0.002281381
v 0.002187962 -0.002876753 0.002226775
v 0.002258728 -0.002120586 0.002202721
v 0.002259588 -0.002860781 0.002241216
v 0.002316365 -0.002099024 0.002205179
v 0.002188907 -0.002906629 0.002296874
v 0.002269358 -0.002086858 0.002257973
v 0.002350768 -0.002810451 0.002229647
v 0.002342403 -0.00207341 0.00225425
v 0.002328514 -0.002859788 0.002294211
v 0.002427661 -0.002747573 0.002219048
v 0.00241513 -0.002067802 0.002267799
v 0.002488447 -0.002678581 0.002216442
v 0.002535479 -0.002650395 0.002297221
v 0.002485354 -0.002098662 0.002233428
v 0.002566689 -0.002559249 0.00227777
v 0.002587206 -0.002450651 0.002245392
v 0.002602576 -0.002357184 0.002265086
v 0.002597953 -0.002282858 0.002247377
v 0.002578688 -0.002206268 0.002236884
v 0.002542956 -0.002144308 0.002230555
v -0.004097519 0.0009015948 0.002343795
v -0.00410969 0.0009666936 0.002347775
v -0.004110513 0.001072435 0.002357219
v -0.004078044 0.001154652 0.002345671
v -0.004141075 0.00088809 0.00240178
v -0.004158899 0.001007806 0.002406802
v -0.004159895 0.001086091 0.002423742
v -0.004069009 0.0008381485 0.002342467
v -0.00406422 0.001220567 0.002376575
v -0.00402603 0.0007610066 0.002341038
v -0.004014646 0.001255363 0.002342046
v -0.004060729 0.0006580939 0.00242496
v -0.004087679 0.0007599763 0.002394535
v -0.00396866 0.0007286409 0.002322671
v -0.003962397 0.001302164 0.002346931
v -0.003927439 0.0006756302 0.002331908
v -0.003992648 0.0005960906 0.002414593
v -0.004000417 0.0006810893 0.002367255
v -0.00384928 0.0006439956 0.0023252
v -0.003884167 0.00135293 0.002349716
v -0.003817108 0.001378024 0.002339053
v -0.003906416 0.0005413294 0.002422788
v -0.003918426 0.0006136988 0.002368405
v -0.003843921 0.001392451 0.002376616
v -0.003751831 0.0006102818 0.002323878
v -0.003793865 0.001403243 0.002378671
v -0.003802814 0.0005105921 0.002424633
v -0.003824442 0.0005719839 0.002369683
v -0.003668339 0.0005905991 0.002324788
v -0.003733317 0.001401829 0.002382882
v -0.003624606 0.0005562257 0.002352427
v -0.003664279 0.001378913 0.002380433
v -0.003716247 0.0005430309 0.002373376
v -0.003540383 0.0005516087 0.002365437
v -0.003594067 0.001330295 0.002338908
v -0.003529454 0.001293175 0.002333578
v -0.003435061 0.0005522595 0.002391118
v -0.003470665 0.001245339 0.002336363
v -0.003388294 0.0006039608 0.002343092
v -0.003415486 0.001195193 0.002332112
v -0.003491196 0.001289324 0.00237363
v -0.003321482 0.0006275045 0.002352449
v -0.003365058 0.00114003 0.00233344
v -0.003319337 0.001080303 0.002322348
v -0.00335758 0.0005803754 0.002382515
v -0.003378096 0.001187122 0.002372621
v -0.003269807 0.0006629141 0.002364408
v -0.003293879 0.001018139 0.002310422
v -0.003257833 0.0007103426 0.002351403
v -0.003225294 0.000785461 0.002368557
v -0.003215196 0.0009004285 0.002376635
v -0.003242814 0.000993963 0.002369953
v -0.003273795 0.001054943 0.002362856
v -0.003180441 0.0007688553 0.002431865
v -0.003173765 0.0008399614 0.002427011
v 0.001389686 -0.002548225 0.002416058
v 0.001514956 -0.002606141 0.002343013
v 0.00150334 -0.00254119 0.00235987
v 0.001447698 -0.002611346 0.002389629
v 0.001435842 -0.002546253 0.002393043
v 0.001534961 -0.002659722 0.002342741
v 0.001558756 -0.002485823 0.002352392
v 0.001556189 -0.002719545 0.002361923
v 0.001489593 -0.002690088 0.002392698
v 0.001581031 -0.002432988 0.002381025
v 0.001614354 -0.002769938 0.002363622
v 0.00163474 -0.002475577 0.002315967
v 0.001675234 -0.002823222 0.002382677
v 0.0016555 -0.002410712 0.002368305
v 0.001752056 -0.002839022 0.002340697
v 0.001711635 -0.002431072 0.002312449
v 0.001759023 -0.002379909 0.002347274
v 0.001706139 -0.002394722 0.002360337
v 0.001850453 -0.00287404 0.002323002
v 0.001819136 -0.002346215 0.002349688
v 0.001878046 -0.002307676 0.002346472
v 0.001829655 -0.002909515 0.002408131
v 0.00182869 -0.002310798 0.002393195
v 0.001960323 -0.002901671 0.002302937
v 0.001933931 -0.002265341 0.002338529
v 0.001978163 -0.002931459 0.002355161
v 0.001990097 -0.002221647 0.002325147
v 0.001906313 -0.002921272 0.002375225
v 0.001942263 -0.002225275 0.002382636
v 0.00204272 -0.00294497 0.002370188
v 0.002051021 -0.002176417 0.002312933
v 0.002117382 -0.002141386 0.002293794
v 0.002064634 -0.002130592 0.002366454
v 0.002132058 -0.002945445 0.002373584
v 0.00212626 -0.002091861 0.002368271
v 0.002220632 -0.002935696 0.002385031
v 0.002236153 -0.002053183 0.002352184
v 0.002278479 -0.002896541 0.002331692
v 0.002284196 -0.002007192 0.002421949
v 0.002360862 -0.002874566 0.002374242
v 0.002352551 -0.00203968 0.00233868
v 0.002380504 -0.002836877 0.002307223
v 0.002376357 -0.002010735 0.002414026
v 0.002418135 -0.002796556 0.00228646
v 0.002447934 -0.002055564 0.002335751
v 0.002485696 -0.002742672 0.002323943
v 0.002429909 -0.002820792 0.002362621
v 0.002444655 -0.002028575 0.002421375
v 0.002541617 -0.00268404 0.00237675
v 0.002515844 -0.002100348 0.00229883
v 0.002574167 -0.002598963 0.002386624
v 0.002594387 -0.00249197 0.002357643
v 0.00260595 -0.002391922 0.00234446
v 0.002606228 -0.002301541 0.002337136
v 0.00259069 -0.002219184 0.002326021
v 0.002558004 -0.002146995 0.002313955
v 0.002526279 -0.002732037 0.002417831
v -0.004204818 0.0008634551 0.002497991
v -0.004202496 0.0009737525 0.002474643
v -0.004193591 0.001053706 0.002465171
v -0.004154212 0.0007981049 0.002446981
v -0.004183012 0.001124059 0.002488579
v -0.004087923 0.0006226234 0.00248359
v -0.00413178 0.0007107228 0.002470234
v -0.004124391 0.001161851 0.002422463
v -0.0041816 0.0007742876 0.002496795
v -0.004042882 0.0005972489 0.002446704
v -0.004087274 0.001246427 0.002456442
v -0.00401767 0.0005693831 0.002446239
v -0.00402445 0.001284089 0.002403637
v -0.00403931 0.0005597681 0.002485835
v -0.003984149 0.0005424608 0.002454523
v -0.003959191 0.001345073 0.002430886
v -0.003940786 0.0005064117 0.002474528
v -0.003887653 0.00138441 0.002411033
v -0.003993112 0.0005126669 0.00250608
v -0.00387293 0.0004861691 0.00247852
v -0.00384279 0.001407968 0.002431757
v -0.003778196 0.0004633156 0.002493261
v -0.003782272 0.00141843 0.002446332
v -0.003720826 0.0004923245 0.002431321
v -0.003629038 0.0005057813 0.002412617
v -0.00371322 0.00141274 0.002458257
v -0.00363998 0.001393962 0.002475369
v -0.00368575 0.0004673959 0.002471688
v -0.003525196 0.0005022528 0.002435673
v -0.003593656 0.001363259 0.002414045
v -0.003607542 0.0004647548 0.002488614
v -0.003440904 0.000503888 0.002473753
v -0.003527936 0.001324328 0.002408702
v -0.003457606 0.001279264 0.002434116
v -0.003519477 0.0004669197 0.002512804
v -0.003352809 0.0005529938 0.00245265
v -0.00340572 0.001223476 0.002400825
v -0.003311331 0.0005938075 0.002402251
v -0.003346344 0.001174775 0.002436666
v -0.003274387 0.0006306409 0.002394901
v -0.003299646 0.001107746 0.002395823
v -0.003221476 0.0006901773 0.002426248
v -0.003195649 0.000973499 0.002452813
v -0.00324542 0.001051903 0.002437243
v -0.003274148 0.0006079064 0.00245688
v -0.003169226 0.0007386534 0.002472525
v -0.003170554 0.000906312 0.002441391
v -0.003149047 0.0008034407 0.002485583
v -0.003148227 0.0008758422 0.002482001
v -0.003179896 0.000700877 0.00250201
v -0.003158815 0.0009307908 0.002485492
v 0.001190813 -0.002481799 0.002548324
v 0.001171613 -0.002415878 0.002558437
v 0.001339495 -0.002551825 0.002445203
v 0.001238485 -0.002579781 0.002536488
v 0.001284239 -0.002508773 0.002488318
v 0.001238313 -0.002412526 0.002530104
v 0.001374103 -0.002592316 0.002427569
v 0.001351199 -0.002503975 0.002445054
v 0.001393381 -0.002639866 0.002434361
v 0.001302884 -0.002662706 0.002529417
v 0.001328254 -0.002607471 0.002472318
v 0.00134722 -0.002430977 0.00248045
v 0.001302606 -0.002358789 0.002541105
v 0.001435456 -0.00267351 0.00242163
v 0.001422575 -0.002489007 0.002417639
v 0.001460136 -0.002708785 0.002427294
v 0.001506279 -0.002457878 0.00239722
v 0.001405248 -0.002705476 0.002478471
v 0.001454464 -0.002411207 0.002453634
v 0.001404604 -0.002357117 0.002519811
v 0.001521324 -0.002753609 0.002426666
v 0.001533323 -0.002403129 0.002429364
v 0.001483281 -0.002785362 0.002510594
v 0.001523495 -0.002350202 0.002494462
v 0.00160437 -0.002804639 0.002417519
v 0.001604275 -0.002378329 0.002428546
v 0.001641391 -0.002840835 0.002444999
v 0.001567938 -0.002817259 0.002476946
v 0.001633738 -0.002326229 0.002489187
v 0.001733976 -0.002876214 0.002428609
v 0.001692135 -0.002359233 0.002414542
v 0.00178928 -0.002924506 0.002480929
v 0.001768928 -0.002313118 0.002436386
v 0.00170062 -0.002316647 0.002473681
v 0.001864043 -0.002937222 0.002443196
v 0.001837704 -0.002274215 0.002437011
v 0.001895433 -0.002230525 0.002434709
v 0.001846177 -0.002235635 0.002485547
v 0.001949995 -0.002956504 0.002436503
v 0.001953221 -0.002187645 0.002420255
v 0.002008687 -0.002156892 0.002393145
v 0.001973689 -0.002139203 0.002463976
v 0.002066954 -0.002983323 0.002469553
v 0.002038075 -0.002097989 0.002450634
v 0.002025539 -0.003016275 0.002544898
v 0.00216952 -0.002967398 0.002442969
v 0.002124227 -0.002040133 0.002457717
v 0.002202822 -0.002011937 0.002445373
v 0.002155831 -0.001999351 0.00250155
v 0.002246094 -0.002958857 0.002469535
v 0.002222608 -0.001981707 0.002500928
v 0.002300245 -0.00292118 0.002417073
v 0.002362644 -0.002902627 0.002458728
v 0.002313049 -0.001976767 0.002492816
v 0.002427788 -0.002855388 0.002465029
v 0.002397726 -0.001992765 0.002486379
v 0.00248615 -0.002789503 0.00243105
v 0.002466546 -0.002033291 0.002485601
v 0.002531226 -0.002746876 0.002498831
v 0.002509655 -0.002082621 0.002392683
v 0.002562809 -0.002671009 0.002467022
v 0.002586961 -0.002592007 0.002481385
v 0.00259677 -0.002516509 0.002458097
v 0.002604835 -0.002420157 0.002440434
v 0.002606201 -0.002326522 0.002425882
v 0.002594537 -0.002239368 0.002417667
v 0.002564389 -0.002156746 0.0024088
v -0.004216929 0.0007818986 0.002566581
v -0.00425341 0.0008739019 0.002584383
v -0.004247531 0.0009566579 0.002551486
v -0.004234535 0.001066872 0.002554226
v -0.00428087 0.0009434089 0.002621006
v -0.004275089 0.001013256 0.002605063
v -0.004270674 0.001058438 0.002612236
v -0.004177274 0.0007235703 0.002528477
v -0.00420188 0.001150733 0.002552771
v -0.004086812 0.0005766168 0.002548815
v -0.004143807 0.0006532926 0.002550546
v -0.004151945 0.0012082 0.002533187
v -0.004191112 0.0007067724 0.002582268
v -0.004193326 0.001186268 0.002584659
v -0.004039475 0.0005289879 0.002541377
v -0.004095548 0.001273482 0.002527587
v -0.003999954 0.0004927969 0.002571339
v -0.004040502 0.001307085 0.002487483
v -0.004065229 0.001311645 0.002561609
v -0.003937729 0.0004789245 0.002527426
v -0.003996322 0.001355388 0.002551027
v -0.00390971 0.001390848 0.002486188
v -0.003866919 0.0004534941 0.002547361
v -0.003847755 0.0014172 0.002516016
v -0.003799621 0.0004366364 0.002569719
v -0.00377815 0.001425993 0.002537159
v -0.003704039 0.0004393247 0.002552086
v -0.003702847 0.001418086 0.002555893
v -0.003624832 0.001394163 0.002576821
v -0.003600583 0.0004393379 0.002573262
v -0.003566585 0.001362957 0.002493527
v -0.003513321 0.00044869 0.002594178
v -0.003498479 0.001323148 0.002504761
v -0.003454055 0.0004743715 0.002541781
v -0.003447239 0.00128818 0.002524544
v -0.003475681 0.001312601 0.002578653
v -0.003385008 0.0005078453 0.002541164
v -0.003395071 0.001238692 0.002509647
v -0.003331994 0.001182737 0.002556435
v -0.003297997 0.000567128 0.002558463
v -0.003282092 0.001117949 0.002500856
v -0.003218865 0.0006498674 0.002535905
v -0.003216004 0.001036613 0.002556924
v -0.003172213 0.0007023655 0.002556703
v -0.003170522 0.0009687127 0.002521677
v -0.003151073 0.0007504935 0.002532882
v -0.00313697 0.0008098282 0.00254387
v -0.003136932 0.0008530772 0.002526659
v -0.003147095 0.000914758 0.002540311
v -0.003156139 0.0007373593 0.002589595
v -0.003169499 0.0009695856 0.002578477
v 0.001141076 -0.002484652 0.002607975
v 0.001145084 -0.002437697 0.002582265
v 0.001174232 -0.002539909 0.002581784
v 0.001143984 -0.002397327 0.002589572
v 0.001195043 -0.002599573 0.002603958
v 0.001244412 -0.002643733 0.002574339
v 0.001179876 -0.00236731 0.002575659
v 0.001287151 -0.002696527 0.002592395
v 0.001232891 -0.002351749 0.002561563
v 0.001205215 -0.002330736 0.002594452
v 0.001345597 -0.002720451 0.002551938
v 0.001260895 -0.002319964 0.002595276
v 0.001406884 -0.002765874 0.002560883
v 0.001348801 -0.002313148 0.002590121
v 0.001469332 -0.002814167 0.002586414
v 0.001534725 -0.002831352 0.00254388
v 0.0014556 -0.002305422 0.002581912
v 0.001621096 -0.00286502 0.002524739
v 0.001570675 -0.002291535 0.002573956
v 0.001705675 -0.002908717 0.002534372
v 0.001694234 -0.002269703 0.002555472
v 0.001757409 -0.002939102 0.002552472
v 0.001795408 -0.002246912 0.002517099
v 0.001702376 -0.002930814 0.002597795
v 0.001842617 -0.00296153 0.002526429
v 0.001849545 -0.002191982 0.002545278
v 0.001919739 -0.002161622 0.002502089
v 0.001946516 -0.002997911 0.002538251
v 0.00196219 -0.002102545 0.00253788
v 0.001978466 -0.003028127 0.002585746
v 0.001920587 -0.003023522 0.002607002
v 0.002047848 -0.003042084 0.002606592
v 0.0020307 -0.002043168 0.002551658
v 0.002088944 -0.003017583 0.002545604
v 0.002100609 -0.002008124 0.002534751
v 0.0020663 -0.00200088 0.002590183
v 0.002177274 -0.002999459 0.002536759
v 0.002141771 -0.001976589 0.002575564
v 0.00212596 -0.003033384 0.002592381
v 0.002279333 -0.002972541 0.002555013
v 0.00224466 -0.001949942 0.002580033
v 0.002321888 -0.002937797 0.002500738
v 0.002295301 -0.001927011 0.002619139
v 0.002390786 -0.002903794 0.002548195
v 0.002345222 -0.001955915 0.002565867
v 0.002341443 -0.002945374 0.002571623
v 0.002341995 -0.001933642 0.002619883
v 0.002450555 -0.002855116 0.002564824
v 0.002418432 -0.001992334 0.00254748
v 0.002490537 -0.002807863 0.002528553
v 0.002471639 -0.002045886 0.002577499
v 0.002530557 -0.00275755 0.002591047
v 0.002524263 -0.002097507 0.002490883
v 0.002560935 -0.002692886 0.002564319
v 0.002582185 -0.002619413 0.002550536
v 0.002593208 -0.002538816 0.002546158
v 0.002597163 -0.002445484 0.002535941
v 0.002597477 -0.002346598 0.002516804
v 0.002593318 -0.002268025 0.002492565
v 0.002566825 -0.002183048 0.00250952
v 0.002528065 -0.002118704 0.002566259
v -0.004298242 0.0009316894 0.002693606
v -0.004295683 0.0009972941 0.002667886
v -0.004285594 0.001046005 0.002647453
v -0.004280907 0.0008844114 0.00264886
v -0.004263903 0.001097303 0.002656105
v -0.004220484 0.0007248606 0.002660442
v -0.00425818 0.0008161235 0.002648713
v -0.00422226 0.001151987 0.0026148
v -0.004176922 0.0006610835 0.002626033
v -0.00417957 0.001220013 0.002643171
v -0.004127182 0.0005909169 0.002641801
v -0.0041171 0.001274874 0.002601317
v -0.004060353 0.0005280219 0.002608566
v -0.004064463 0.001327581 0.002638129
v -0.004009573 0.0004830037 0.002654216
v -0.003939962 0.0004591795 0.002601735
v -0.004000125 0.001373324 0.002664075
v -0.003924618 0.00139965 0.002588384
v -0.003867382 0.0004349955 0.002626708
v -0.003855862 0.001422871 0.002619129
v -0.003782564 0.0004230099 0.002640161
v -0.003780067 0.00142871 0.002643109
v -0.003687075 0.0004210121 0.002650084
v -0.003699012 0.001417653 0.002662373
v -0.003619873 0.001390513 0.002687393
v -0.003592173 0.0004269647 0.002666182
v -0.003541368 0.001352939 0.002602798
v -0.003479353 0.00131214 0.002664781
v -0.003504589 0.0004438672 0.002686006
v -0.003428362 0.001275252 0.002600863
v -0.003435044 0.0004715917 0.002613949
v -0.003358384 0.0005120935 0.002637884
v -0.003374762 0.001228716 0.00261923
v -0.003332091 0.001188553 0.00264318
v -0.003360496 0.00121507 0.002691923
v -0.003292404 0.0005613361 0.002673699
v -0.003282149 0.001129792 0.00262721
v -0.00324016 0.0006219663 0.002641018
v -0.003187253 0.0007015061 0.002631633
v -0.00319001 0.0009827642 0.002667133
v -0.003236312 0.001066913 0.002671753
v -0.003254886 0.0006063819 0.002718877
v -0.003159148 0.0007662498 0.002638578
v -0.003155033 0.0009283915 0.002605602
v -0.003143272 0.0007902327 0.002591234
v -0.0031409 0.0008616765 0.002587839
v -0.003155425 0.0008335954 0.002655135
v -0.00315891 0.0009026219 0.002650942
v 0.0011199 -0.002483784 0.002687518
v 0.001123805 -0.002420138 0.002639913
v 0.001149235 -0.002545953 0.002644923
v 0.001142524 -0.002365632 0.002622677
v 0.001179334 -0.002608471 0.002684225
v 0.001171382 -0.002335916 0.002615057
v 0.001155263 -0.002335972 0.002656227
v 0.001230326 -0.002659646 0.002637393
v 0.001205393 -0.002312936 0.00265104
v 0.001283871 -0.002715552 0.002670672
v 0.001344046 -0.002748674 0.002616652
v 0.00128784 -0.002292358 0.00266181
v 0.001406142 -0.002794314 0.002634309
v 0.001384512 -0.002278605 0.002664943
v 0.001457633 -0.002827804 0.002649641
v 0.001416286 -0.00281299 0.002692983
v 0.001532144 -0.002856141 0.002623679
v 0.001492018 -0.002264597 0.002666426
v 0.001628957 -0.002902675 0.002623011
v 0.001606188 -0.002243282 0.002667376
v 0.001674313 -0.002934962 0.002651985
v 0.001623517 -0.002922328 0.002698044
v 0.001659429 -0.002206891 0.002717037
v 0.001748431 -0.00296051 0.002625109
v 0.001689264 -0.002223972 0.002653094
v 0.001760435 -0.002196632 0.002635632
v 0.001706369 -0.002198467 0.002692557
v 0.001844667 -0.003000692 0.002620773
v 0.001831801 -0.0021495 0.002633856
v 0.001883355 -0.003031593 0.00265446
v 0.001891907 -0.002127169 0.002592569
v 0.00182837 -0.003024079 0.002691089
v 0.001859609 -0.002106225 0.002669917
v 0.001954901 -0.003049498 0.002652014
v 0.001934093 -0.002059708 0.002651628
v 0.0020117 -0.002014497 0.002632749
v 0.002030093 -0.00306977 0.002680064
v 0.002062304 -0.001981312 0.002657624
v 0.002131366 -0.003062129 0.002676876
v 0.002156079 -0.001948645 0.002672645
v 0.00218137 -0.003031607 0.002618451
v 0.002240297 -0.00192753 0.002645473
v 0.002252911 -0.003007251 0.002632184
v 0.002275982 -0.001918176 0.002660928
v 0.00221345 -0.003040696 0.002674697
v 0.002327295 -0.002965603 0.002637139
v 0.002318225 -0.001921246 0.002651494
v 0.002378087 -0.002927247 0.002628216
v 0.002350734 -0.001932888 0.00264315
v 0.002342865 -0.001937709 0.002679046
v 0.002435086 -0.002872063 0.002660719
v 0.002389729 -0.001969072 0.002625186
v 0.002490889 -0.002811556 0.0026276
v 0.002500548 -0.002121403 0.002650003
v 0.002436262 -0.002033066 0.002672595
v 0.002381711 -0.001977046 0.002698845
v 0.002526117 -0.002754167 0.00267967
v 0.002546855 -0.002173384 0.002594354
v 0.002553786 -0.002702355 0.002648494
v 0.002573177 -0.002634844 0.002630261
v 0.00258479 -0.002568918 0.002611999
v 0.002582144 -0.002481324 0.002633219
v 0.002580153 -0.002369877 0.002611266
v 0.002572388 -0.002259893 0.002582218
v 0.002557813 -0.002401511 0.002702984
v 0.002547617 -0.002294954 0.002680751
v 0.002537958 -0.002207555 0.00265155
v -0.004304971 0.0009154496 0.002778423
v -0.004305675 0.0009887201 0.002747783
v -0.004292597 0.001051589 0.002711954
v -0.004287423 0.0008597937 0.002716449
v -0.004271468 0.001114341 0.002759957
v -0.004227635 0.0007006199 0.00277286
v -0.004262106 0.0007806803 0.002738767
v -0.004231305 0.001170389 0.002708051
v -0.004182906 0.0006436355 0.00271089
v -0.004186139 0.001236687 0.00275995
v -0.004136275 0.0005751547 0.002758235
v -0.004127142 0.001286497 0.002700643
v -0.004076005 0.0005243721 0.002703948
v -0.004066673 0.001340934 0.002740493
v -0.004016185 0.0004774266 0.002751865
v -0.003943183 0.0004484651 0.002690373
v -0.004002963 0.001384011 0.002761994
v -0.003935359 0.001407082 0.002693023
v -0.003949858 0.001409363 0.002775219
v -0.003863912 0.0004258745 0.002716493
v -0.003871908 0.00142471 0.002738789
v -0.003774273 0.0004149018 0.002734131
v -0.003780732 0.001428206 0.002751401
v -0.003679746 0.0004144 0.002748758
v -0.003698474 0.001414396 0.002769342
v -0.003622443 0.001386617 0.002797027
v -0.003587175 0.0004243861 0.002765395
v -0.003547614 0.001352522 0.002726109
v -0.003482449 0.001307775 0.002774839
v -0.003501059 0.0004463269 0.002788658
v -0.003414425 0.001260053 0.002708227
v -0.003423567 0.0004749586 0.002713255
v -0.003366311 0.001214702 0.002767433
v -0.003345375 0.0005245747 0.002754641
v -0.003321869 0.0011744 0.002713891
v -0.003286354 0.0005725514 0.002752416
v -0.003258159 0.0006231908 0.00279636
v -0.003277171 0.001118004 0.002739245
v -0.003220455 0.0006822922 0.002741988
v -0.003183694 0.0007874295 0.002723482
v -0.003181939 0.0009020165 0.002732111
v -0.003206743 0.0009839266 0.002768473
v -0.003234691 0.001049599 0.002759748
v 0.001112264 -0.002482732 0.002785646
v 0.001110898 -0.002422278 0.002734551
v 0.001128777 -0.002368737 0.002689924
v 0.001138262 -0.002547486 0.002736571
v 0.001163055 -0.002327967 0.002721527
v 0.00117739 -0.00261 0.002781624
v 0.001226879 -0.002667751 0.002726844
v 0.001226872 -0.002295359 0.002739098
v 0.001285184 -0.00272275 0.002763156
v 0.001352028 -0.00277127 0.002705514
v 0.001311248 -0.002270751 0.002749857
v 0.001403411 -0.002810779 0.002764833
v 0.00146903 -0.002843689 0.002710627
v 0.001406958 -0.002251476 0.002757081
v 0.001547785 -0.002887473 0.002724736
v 0.001511801 -0.002229089 0.002767956
v 0.001599948 -0.002928793 0.002771976
v 0.001598397 -0.002214959 0.002748816
v 0.001674096 -0.002952618 0.002710975
v 0.001630471 -0.002189914 0.00278123
v 0.001751202 -0.00299473 0.002715882
v 0.001702011 -0.002160852 0.002765312
v 0.001796099 -0.003035054 0.002757778
v 0.001794539 -0.002128074 0.002715932
v 0.001874896 -0.003051691 0.002714957
v 0.001848282 -0.002071943 0.002745287
v 0.001954827 -0.003084739 0.002742071
v 0.001905173 -0.002025918 0.00275944
v 0.001979709 -0.002004004 0.002709963
v 0.001923225 -0.003110206 0.002814474
v 0.001945991 -0.001993517 0.002787022
v 0.002061654 -0.003097676 0.00274548
v 0.002033835 -0.001968901 0.002765931
v 0.002003094 -0.003123018 0.002807444
v 0.002153125 -0.003099106 0.002776404
v 0.002148555 -0.001948182 0.002788144
v 0.002230343 -0.001928411 0.002701634
v 0.002093654 -0.003130187 0.002819163
v 0.002228888 -0.003059397 0.002756891
v 0.002292628 -0.00192353 0.002692889
v 0.002263768 -0.003027201 0.002708192
v 0.002312074 -0.001933683 0.002713979
v 0.00226777 -0.001944782 0.0027544
v 0.002315807 -0.002990187 0.002717836
v 0.002336098 -0.00195578 0.002730844
v 0.002383733 -0.002928 0.00273115
v 0.002364775 -0.00198204 0.002742381
v 0.002295999 -0.003021538 0.002774928
v 0.002328661 -0.001996242 0.002796648
v 0.002442077 -0.002853901 0.00278684
v 0.002396689 -0.002020976 0.00274242
v 0.002487566 -0.002792374 0.002742199
v 0.002537962 -0.002448806 0.002777152
v 0.002515024 -0.002338957 0.002782718
v 0.002497489 -0.002207743 0.002738194
v 0.002448356 -0.00209749 0.002737876
v 0.002465902 -0.002257966 0.002837967
v 0.002436947 -0.002156286 0.002815105
v 0.002393397 -0.002069089 0.002803876
v 0.002522697 -0.002729424 0.002749832
v 0.002563139 -0.002482803 0.002715832
v 0.00254367 -0.002703901 0.002713087
v 0.002557949 -0.002646288 0.002706299
v 0.002569545 -0.00256199 0.002691914
v 0.00253496 -0.002667731 0.002771503
v 0.002545923 -0.002589842 0.002768765
v 0.002551457 -0.002521459 0.00275868
v -0.004306344 0.0008989472 0.002873871
v -0.00430945 0.0009776297 0.002841272
v -0.004297875 0.001050822 0.002805002
v -0.004290328 0.0008373398 0.002807599
v -0.004274764 0.00111574 0.002865777
v -0.004228267 0.0006855382 0.002878733
v -0.004263696 0.0007590464 0.002841547
v -0.004236367 0.001180418 0.002816827
v -0.004187014 0.0006288257 0.002817641
v -0.004189163 0.001243488 0.002872969
v -0.004139175 0.000567768 0.00286755
v -0.004130035 0.001297516 0.00281059
v -0.004082182 0.000518631 0.002810499
v -0.004059424 0.001354703 0.002851453
v -0.004017854 0.000475341 0.002856619
v -0.003992758 0.001394352 0.002829839
v -0.003944204 0.0004440602 0.002789145
v -0.003936923 0.001413915 0.002838752
v -0.003860903 0.0004229716 0.002815987
v -0.003860247 0.001426137 0.002842049
v -0.003769806 0.0004134231 0.002834714
v -0.00377798 0.001424954 0.002853069
v -0.003676298 0.000415032 0.002850177
v -0.003699155 0.001409412 0.002870627
v -0.003627239 0.001382183 0.002899951
v -0.003585769 0.0004279358 0.002868033
v -0.003552931 0.001349027 0.002837099
v -0.003489721 0.00130685 0.002881724
v -0.003503188 0.0004526526 0.00289488
v -0.003419605 0.001256464 0.002833754
v -0.003423697 0.0004822633 0.002825258
v -0.003364403 0.001206474 0.002844714
v -0.003360906 0.0005307707 0.002873965
v -0.003322377 0.001166009 0.002802948
v -0.003302761 0.0005759203 0.002833004
v -0.003332191 0.00116601 0.002893123
v -0.003271128 0.0006384077 0.002887721
v -0.003279041 0.001102834 0.002846336
v -0.003238037 0.0006948668 0.002853721
v -0.00321349 0.0007746973 0.002832386
v -0.003203386 0.0008709421 0.00282445
v -0.003208528 0.0009491531 0.002819448
v -0.003237542 0.001024223 0.002849699
v -0.003265433 0.001070514 0.00289884
v 0.001109269 -0.002476824 0.002874394
v 0.001108461 -0.002423638 0.002834204
v 0.001127913 -0.002368409 0.002783187
v 0.001138263 -0.00254291 0.002853732
v 0.001174208 -0.002321247 0.002821297
v 0.001181508 -0.002609149 0.00285919
v 0.00111889 -0.002503745 0.002907257
v 0.00123201 -0.002666968 0.002841229
v 0.001244188 -0.002282059 0.002838517
v 0.001291812 -0.002726513 0.002839382
v 0.001202306 -0.002627975 0.002895594
v 0.001339713 -0.002767317 0.002803313
v 0.001325484 -0.002252528 0.002847847
v 0.001388231 -0.002802285 0.002870671
v 0.001326886 -0.002753836 0.002876423
v 0.001464043 -0.002851405 0.002802905
v 0.001411096 -0.002227927 0.002857214
v 0.001526969 -0.002896712 0.002832703
v 0.001484417 -0.002202366 0.002873509
v 0.0015823 -0.002940077 0.002858859
v 0.001564723 -0.002197313 0.002819404
v 0.0015357 -0.00217707 0.002893524
v 0.001658122 -0.002969995 0.002796176
v 0.001610609 -0.002158843 0.002862008
v 0.001722087 -0.003013858 0.002810629
v 0.001674575 -0.002113746 0.002880946
v 0.001771499 -0.003044007 0.002812985
v 0.001760215 -0.002083758 0.002836808
v 0.001736321 -0.003047807 0.002878888
v 0.001703977 -0.002081691 0.002906369
v 0.001840531 -0.003075059 0.002808496
v 0.001841164 -0.002035074 0.002827212
v 0.001876001 -0.003115273 0.002862819
v 0.001893384 -0.002005257 0.002825841
v 0.001805022 -0.00309802 0.002903458
v 0.001855682 -0.002005447 0.0028794
v 0.001945947 -0.003140593 0.002871802
v 0.001929408 -0.001980441 0.002867323
v 0.002038398 -0.003157201 0.002881127
v 0.002029525 -0.001958945 0.002874707
v 0.002131461 -0.003156543 0.002892688
v 0.002111303 -0.001957761 0.002888423
v 0.002165275 -0.003127773 0.002843076
v 0.002225968 -0.003098228 0.002844906
v 0.002214803 -0.001971698 0.002857453
v 0.002284295 -0.002015432 0.002883739
v 0.002300617 -0.003043832 0.002867541
v 0.002343649 -0.002049616 0.002856283
v 0.002355899 -0.002969817 0.002836369
v 0.002412723 -0.002889139 0.002857031
v 0.002435703 -0.00230558 0.002924407
v 0.002411562 -0.002204392 0.002896521
v 0.002379287 -0.002114655 0.002873455
v 0.002445624 -0.002831549 0.002875487
v 0.002478362 -0.002342189 0.002865662
v 0.002470006 -0.002786186 0.002850107
v 0.00250102 -0.00270908 0.00283247
v 0.002515926 -0.002610314 0.002841708
v 0.002525403 -0.002521923 0.00282333
v 0.00249868 -0.002429208 0.002861226
v 0.002456647 -0.002787693 0.002919601
v 0.002464026 -0.002381824 0.002915235
v -0.004304147 0.0008834938 0.002973859
v -0.004309117 0.0009635738 0.002937982
v -0.004299261 0.001042299 0.002906715
v -0.004289918 0.0008206206 0.002905226
v -0.004275096 0.001107412 0.002972714
v -0.004223065 0.0006772588 0.00296976
v -0.004261282 0.0007471717 0.002953397
v -0.004238124 0.001180109 0.002929342
v -0.00428835 0.0008117589 0.002982459
v -0.004186842 0.0006223507 0.002922359
v -0.004189402 0.001243307 0.002985894
v -0.004137034 0.0005681022 0.002975315
v -0.004131668 0.001301624 0.002922743
v -0.004082019 0.0005171322 0.002918607
v -0.004068935 0.001349676 0.00296623
v -0.004013689 0.0004768943 0.002963183
v -0.00400167 0.001388953 0.002904931
v -0.003942036 0.0004442035 0.002892977
v -0.003932821 0.00141174 0.00292494
v -0.003856468 0.0004247298 0.002918278
v -0.003855118 0.001422141 0.002935829
v -0.003765594 0.0004168556 0.002935365
v -0.003775222 0.001418737 0.002947644
v -0.003674025 0.0004206143 0.002950553
v -0.003700557 0.001403616 0.002961868
v -0.003640497 0.001381156 0.002991274
v -0.003585546 0.0004353728 0.002968183
v -0.003558338 0.001344746 0.002950763
v -0.00349205 0.001305611 0.002961593
v -0.003509766 0.0004575837 0.002986237
v -0.003441345 0.001269671 0.002937303
v -0.003431334 0.0004926692 0.002948773
v -0.003471547 0.0004746182 0.003006452
v -0.003462149 0.001283802 0.003004008
v -0.00336664 0.0005407117 0.002953439
v -0.003385107 0.001221076 0.002918781
v -0.003317879 0.0005963563 0.002949194
v -0.003297196 0.001105802 0.002961091
v -0.003351832 0.001181253 0.002972498
v -0.00335129 0.000566089 0.002993034
v -0.003277519 0.0006630291 0.002963177
v -0.003256649 0.001038067 0.00292518
v -0.003253368 0.0007038882 0.002938321
v -0.003234307 0.0007711995 0.002924993
v -0.003225353 0.0008578752 0.002916805
v -0.003231405 0.0009574674 0.002906774
v -0.00326637 0.0007110962 0.002999747
v 0.001110905 -0.002432339 0.002922978
v 0.001132237 -0.00237053 0.002899809
v 0.001113911 -0.002476542 0.002933754
v 0.001190319 -0.002311865 0.002942147
v 0.001141222 -0.00251626 0.002959134
v 0.001145754 -0.002357208 0.002989054
v 0.001177003 -0.002585579 0.002925016
v 0.001262037 -0.002267276 0.002928491
v 0.001229389 -0.002640238 0.002955487
v 0.001283108 -0.002708068 0.002913531
v 0.001328602 -0.002233439 0.00295794
v 0.001397344 -0.002808121 0.002982433
v 0.001337099 -0.002753946 0.002952509
v 0.001362922 -0.002199387 0.003020117
v 0.001458831 -0.00285806 0.002905741
v 0.001409236 -0.002203401 0.002945549
v 0.001467294 -0.002173154 0.002966485
v 0.001408991 -0.002184521 0.003000274
v 0.001522606 -0.002910282 0.002921491
v 0.001544906 -0.002144752 0.002952871
v 0.001568935 -0.00294583 0.002918939
v 0.001549183 -0.002945123 0.002987781
v 0.001559068 -0.002105321 0.003016381
v 0.00163414 -0.002987419 0.002902049
v 0.001608722 -0.002115388 0.002946451
v 0.001670878 -0.003033209 0.00295517
v 0.00165728 -0.002077396 0.002965838
v 0.001609369 -0.003001075 0.003003465
v 0.001605666 -0.002088842 0.002999253
v 0.00172786 -0.003076147 0.002964123
v 0.001724593 -0.002052652 0.002936901
v 0.001789454 -0.003122167 0.002986214
v 0.001792853 -0.002029019 0.002905359
v 0.001753235 -0.00201833 0.002978285
v 0.001871705 -0.003140688 0.00293317
v 0.001832342 -0.001992465 0.002960968
v 0.001965454 -0.00317929 0.0029591
v 0.001932336 -0.001968427 0.002965063
v 0.00194385 -0.003207997 0.003033141
v 0.002084505 -0.00319234 0.002968376
v 0.002033322 -0.001964282 0.002964802
v 0.002016121 -0.00321785 0.003023228
v 0.002182689 -0.003171533 0.002969337
v 0.002133877 -0.001976696 0.002950659
v 0.002208704 -0.003137148 0.002906537
v 0.002278855 -0.003100963 0.002942325
v 0.002219857 -0.002002684 0.002935253
v 0.002267602 -0.002028786 0.002930884
v 0.002244953 -0.00314436 0.002973342
v 0.002241639 -0.002043799 0.002978729
v 0.002330424 -0.003047333 0.002973691
v 0.002312191 -0.002070003 0.002923075
v 0.00236102 -0.002985615 0.002959118
v 0.002398155 -0.002906853 0.002953126
v 0.002433106 -0.002824929 0.002954994
v 0.002429277 -0.002389089 0.002982933
v 0.00240428 -0.002318731 0.00298706
v 0.002376369 -0.002245846 0.002982125
v 0.002352367 -0.002151679 0.002946089
v 0.00232082 -0.002175664 0.003011696
v 0.002290049 -0.002107207 0.002990684
v 0.002451794 -0.002760911 0.002972852
v 0.002467471 -0.002443318 0.0029349
v 0.002470403 -0.002722885 0.002930902
v 0.002484445 -0.002634792 0.002921117
v 0.00248762 -0.002529155 0.002912595
v 0.002453567 -0.002713844 0.003000817
v -0.004292601 0.000842053 0.003049294
v -0.004303542 0.000907238 0.003047711
v -0.004307137 0.0009501189 0.00301364
v -0.004297476 0.001026156 0.003012558
v -0.004273986 0.0007797167 0.003028425
v -0.004274918 0.00109384 0.003060192
v -0.004236872 0.000720892 0.003070403
v -0.004238019 0.001170127 0.003051356
v -0.004272702 0.000794315 0.003085595
v -0.004285859 0.001045582 0.003096114
v -0.00418541 0.0006302846 0.003026591
v -0.004184771 0.001244572 0.003092089
v -0.004129039 0.0005745936 0.00308462
v -0.004131913 0.001300489 0.003031323
v -0.004074653 0.0005199678 0.003027807
v -0.004066961 0.001346239 0.00306839
v -0.0040015 0.000480838 0.003067891
v -0.004001803 0.001384602 0.002997682
v -0.003934256 0.0004477065 0.002997324
v -0.003927882 0.001406731 0.003013616
v -0.003847407 0.0004296949 0.003016536
v -0.003850185 0.001415083 0.003023946
v -0.003759902 0.0004240491 0.003029955
v -0.003770061 0.001409827 0.003039121
v -0.003792788 0.001403776 0.003115084
v -0.003671557 0.0004305485 0.003047265
v -0.00369973 0.001398154 0.003028376
v -0.003667457 0.001384081 0.003061578
v -0.00372925 0.001396446 0.003093559
v -0.003578629 0.0004483919 0.003066407
v -0.003602339 0.001358248 0.003054752
v -0.003504315 0.0004665121 0.003044455
v -0.003453079 0.0004978131 0.003056459
v -0.003517455 0.001317652 0.003039903
v -0.003388597 0.0005386097 0.003018591
v -0.003462127 0.001283256 0.00305965
v -0.003493854 0.001302822 0.003110539
v -0.003344972 0.0006048296 0.003063289
v -0.003407481 0.001237874 0.003025531
v -0.003294133 0.0006849662 0.003045478
v -0.00329939 0.00108219 0.00308237
v -0.003344749 0.001165927 0.003055798
v -0.003269209 0.0007539928 0.003052332
v -0.003263995 0.001020441 0.002992466
v -0.003251939 0.0007664593 0.002999328
v -0.003243848 0.0008451536 0.003000284
v -0.003246173 0.000933201 0.002996006
v -0.003262039 0.0008292079 0.003073392
v -0.003261284 0.000920524 0.003077355
v -0.003268734 0.0009952355 0.003063696
v 0.001125006 -0.002400498 0.002986791
v 0.001125221 -0.002453848 0.002990014
v 0.001144419 -0.002379888 0.003043709
v 0.001162943 -0.002480047 0.003064817
v 0.001176329 -0.002337195 0.003048982
v 0.001139266 -0.002420565 0.003046361
v 0.001191096 -0.002565185 0.003019494
v 0.001243959 -0.002272607 0.003047265
v 0.001244843 -0.002618947 0.003072132
v 0.0013077 -0.00222339 0.003051721
v 0.001288639 -0.002692863 0.003012575
v 0.001338077 -0.002195358 0.003090077
v 0.001398587 -0.002805249 0.003090198
v 0.001344096 -0.002747195 0.003053542
v 0.001466166 -0.002874019 0.003016137
v 0.001405632 -0.002163119 0.003068061
v 0.001506129 -0.002924265 0.0030862
v 0.001488104 -0.002132985 0.003034833
v 0.001451031 -0.002122481 0.003104963
v 0.001558653 -0.002972 0.003060159
v 0.001513607 -0.002094244 0.003095722
v 0.00160097 -0.003016788 0.003085783
v 0.001661783 -0.003050695 0.003026862
v 0.001602385 -0.002060529 0.003064145
v 0.001687423 -0.002034847 0.003017599
v 0.00166099 -0.002020198 0.003087714
v 0.001719357 -0.003097853 0.003039155
v 0.001741372 -0.001999461 0.003058054
v 0.001769431 -0.003135519 0.003052706
v 0.001722464 -0.003119352 0.003095742
v 0.001854906 -0.003172599 0.003036324
v 0.001841798 -0.001977349 0.00305525
v 0.001906859 -0.003218437 0.003096649
v 0.001973411 -0.003231283 0.003073116
v 0.001945233 -0.001972775 0.003052411
v 0.002036312 -0.003243648 0.003097339
v 0.002059061 -0.001990194 0.003044388
v 0.002083311 -0.003225032 0.00304076
v 0.002044784 -0.002013902 0.003113936
v 0.00215723 -0.003208348 0.003050816
v 0.002165094 -0.002010472 0.003003491
v 0.002193733 -0.002038991 0.003025075
v 0.002107544 -0.003237867 0.003092464
v 0.002137145 -0.002043135 0.003075985
v 0.002245175 -0.003163815 0.003053243
v 0.00222449 -0.002076959 0.00303556
v 0.002284677 -0.003126732 0.003014452
v 0.002294467 -0.002182713 0.00305267
v 0.002267611 -0.002138389 0.003046956
v 0.002253502 -0.002186335 0.003099505
v 0.002202463 -0.002110319 0.003088823
v 0.002322965 -0.003082146 0.003036082
v 0.002320985 -0.002231993 0.003052293
v 0.00236372 -0.003007238 0.003069612
v 0.00239147 -0.002921612 0.003055306
v 0.002413886 -0.002835987 0.003049252
v 0.002433872 -0.002748624 0.003041006
v 0.002404499 -0.002452974 0.003061119
v 0.002363581 -0.00233327 0.003057723
v 0.00230321 -0.003120653 0.003081365
v 0.002294553 -0.002267297 0.003110174
v 0.002442026 -0.002678584 0.003044355
v 0.002448324 -0.002487178 0.002991616
v 0.002459443 -0.002655948 0.002995169
v 0.002459354 -0.002575038 0.002991784
v 0.002435236 -0.00260955 0.003057718
v 0.002429767 -0.002534441 0.003050565
v -0.004294224 0.0008961304 0.003105913
v -0.004297664 0.0009708159 0.003087155
v -0.004283423 0.0008403144 0.00311399
v -0.004281451 0.001021742 0.0031519
v -0.004214673 0.0007210268 0.003200576
v -0.004258725 0.0008063184 0.003164417
v -0.004256805 0.001109431 0.003156676
v -0.004219286 0.001193059 0.003145747
v -0.004280327 0.0008777339 0.003160527
v -0.00428386 0.0009498917 0.003167147
v -0.004177503 0.000642769 0.003138845
v -0.004179977 0.001245015 0.003187363
v -0.004118163 0.00058456 0.003191359
v -0.004128262 0.001298452 0.003133518
v -0.004054895 0.0005246785 0.003145099
v -0.004055882 0.001343761 0.003173327
v -0.003983062 0.000483682 0.003150726
v -0.003994565 0.001380405 0.003087668
v -0.00391625 0.0004538628 0.003102895
v -0.003920037 0.001400336 0.003095514
v -0.003932532 0.0004714622 0.003185842
v -0.003977598 0.001378815 0.003158193
v -0.003830103 0.000435567 0.003093552
v -0.003848042 0.00140674 0.003102944
v -0.003841453 0.001398252 0.003163932
v -0.00391097 0.001391299 0.003171908
v -0.003758363 0.0004360626 0.003119347
v -0.003778462 0.001391532 0.003173962
v -0.003671399 0.0004436462 0.003139843
v -0.003676872 0.001374154 0.003147138
v -0.003596722 0.0004592131 0.003164218
v -0.003568439 0.001336882 0.00314773
v -0.003522163 0.000474103 0.0031155
v -0.003494133 0.001301734 0.003188667
v -0.003471845 0.0005124566 0.003163741
v -0.003442199 0.001268576 0.003122076
v -0.003403971 0.0005534746 0.003115512
v -0.003363126 0.0006235855 0.003183321
v -0.003386253 0.001217918 0.003131303
v -0.003317898 0.0006976052 0.003156609
v -0.003285242 0.0007919927 0.003141693
v -0.003277228 0.0009068292 0.003160374
v -0.003286486 0.001013785 0.003155045
v -0.003312822 0.001101914 0.003178327
v -0.003340001 0.001157816 0.003151269
v 0.001195847 -0.002467883 0.003163613
v 0.001174046 -0.002394015 0.003118271
v 0.001203138 -0.002322997 0.003120983
v 0.001210396 -0.002540283 0.003122192
v 0.001242227 -0.002279968 0.003165893
v 0.001260563 -0.002586438 0.003187139
v 0.001289622 -0.002226898 0.00312957
v 0.00122535 -0.002513791 0.003198957
v 0.001298989 -0.002675778 0.003119458
v 0.001349135 -0.002175449 0.003166871
v 0.00139646 -0.002795482 0.003194778
v 0.001349951 -0.002736062 0.003157337
v 0.001408111 -0.002134666 0.003148056
v 0.001447059 -0.002862689 0.003133986
v 0.001458789 -0.002101304 0.003167491
v 0.001488984 -0.002918081 0.003182606
v 0.001543506 -0.002972596 0.003135851
v 0.001542084 -0.002061055 0.003173784
v 0.00159073 -0.003027951 0.003173492
v 0.001615407 -0.002028101 0.00313865
v 0.001660241 -0.003075412 0.003113504
v 0.00167738 -0.002003993 0.00314404
v 0.001703981 -0.003125025 0.00316263
v 0.001770579 -0.003155488 0.003113076
v 0.001762872 -0.001987766 0.003139559
v 0.001828472 -0.003196633 0.003139699
v 0.001860139 -0.001983065 0.003135135
v 0.001880947 -0.003232237 0.003179346
v 0.001957529 -0.003245168 0.00313929
v 0.001964147 -0.001995783 0.003130756
v 0.002008319 -0.002018015 0.003151025
v 0.001970055 -0.002034457 0.003193636
v 0.002008973 -0.003258916 0.003176402
v 0.002064288 -0.00205407 0.00315197
v 0.002042004 -0.002103458 0.003213733
v 0.002089367 -0.003253075 0.003172777
v 0.002140333 -0.002089093 0.003127075
v 0.002152506 -0.003231981 0.003128184
v 0.002206609 -0.002186917 0.003148549
v 0.002179322 -0.002143411 0.003139891
v 0.002146743 -0.0021865 0.003198725
v 0.002114981 -0.002112205 0.003168386
v 0.002215005 -0.003199901 0.003139351
v 0.002236076 -0.002233992 0.003152567
v 0.002268604 -0.002282574 0.003152817
v 0.002226472 -0.002293721 0.003202645
v 0.002290123 -0.003141173 0.003169367
v 0.002301953 -0.002332812 0.003144861
v 0.002342612 -0.003067017 0.003143563
v 0.00237335 -0.002994966 0.003167442
v 0.002387614 -0.002933105 0.003148731
v 0.00239944 -0.002851515 0.003141803
v 0.00240804 -0.002758005 0.003132985
v 0.002417661 -0.002667233 0.00310646
v 0.002390513 -0.002550894 0.003134906
v 0.002349466 -0.002425005 0.003137437
v 0.002329292 -0.002489406 0.003212657
v 0.002285894 -0.002392294 0.003205971
v -0.004200451 0.0007251929 0.003299124
v -0.004235661 0.0008056212 0.003275005
v -0.004263061 0.0009081387 0.003246035
v -0.004263561 0.00103097 0.003240576
v -0.004242445 0.001122727 0.003259498
v -0.004218875 0.001184106 0.003227307
v -0.004157813 0.0006492601 0.003265411
v -0.004178539 0.001241213 0.003277894
v -0.004103804 0.0005888031 0.003270014
v -0.004128774 0.001293346 0.00322919
v -0.004175211 0.0006859474 0.003322794
v -0.004059026 0.0005486159 0.003246078
v -0.004078237 0.001326061 0.003265557
v -0.00406359 0.0005690346 0.003311453
v -0.003982612 0.0005041047 0.003233508
v -0.00399369 0.001361569 0.003248037
v -0.003904619 0.0004781297 0.003242162
v -0.003850261 0.0004536265 0.003178524
v -0.003876094 0.001382529 0.003250423
v -0.003828563 0.0004721772 0.003268792
v -0.003753826 0.000452323 0.003206331
v -0.003759763 0.001378538 0.003273576
v -0.003735255 0.0004709479 0.003287201
v -0.003755539 0.001379304 0.003347477
v -0.003668076 0.000458628 0.003222576
v -0.003647844 0.001359429 0.003232767
v -0.003647335 0.0004774889 0.003291494
v -0.003605111 0.0004697685 0.003232242
v -0.003567563 0.001334241 0.003269978
v -0.003543857 0.0004837853 0.003204088
v -0.00348645 0.001299777 0.003268152
v -0.003577687 0.0004881204 0.003273306
v -0.003504933 0.000522037 0.003277842
v -0.003427563 0.001258845 0.003218404
v -0.003422308 0.0005671016 0.003225065
v -0.003447564 0.001277637 0.003307016
v -0.003376313 0.0006349513 0.00329186
v -0.003373394 0.001206138 0.003209385
v -0.00333334 0.0007062837 0.003264894
v -0.003304355 0.0007934433 0.003251864
v -0.003290882 0.0008930995 0.003251378
v -0.003293915 0.0009949072 0.003253502
v -0.003312043 0.001086112 0.003252062
v -0.003341566 0.001158348 0.003238871
v 0.00120872 -0.002410101 0.003213041
v 0.001213643 -0.00234288 0.003193907
v 0.001220558 -0.002465479 0.003228283
v 0.001250191 -0.002298913 0.003238499
v 0.001290837 -0.002580299 0.003282394
v 0.00125533 -0.002501086 0.003266481
v 0.00129282 -0.002232867 0.003228741
v 0.001237933 -0.002430137 0.003267752
v 0.001242351 -0.002362434 0.003265334
v 0.001312513 -0.002659484 0.003221726
v 0.001348463 -0.002171913 0.003257455
v 0.001397563 -0.00278475 0.003294064
v 0.001356621 -0.002721235 0.003258321
v 0.001400004 -0.002129973 0.003216841
v 0.001438913 -0.002855056 0.003235128
v 0.001465884 -0.002094348 0.003244747
v 0.001479836 -0.002916604 0.003280594
v 0.001532671 -0.002976672 0.00322729
v 0.001553679 -0.002065131 0.003274304
v 0.001581809 -0.003040401 0.003267277
v 0.001615829 -0.002025079 0.003205358
v 0.001641031 -0.00308516 0.003210057
v 0.001695893 -0.002005691 0.003210744
v 0.001688229 -0.003136015 0.003244862
v 0.001639834 -0.002032582 0.003264116
v 0.001753678 -0.003170206 0.00319714
v 0.001788827 -0.00200256 0.00320949
v 0.001720348 -0.002031853 0.003274449
v 0.001807515 -0.003211069 0.003225406
v 0.001883683 -0.002008561 0.003199552
v 0.001852875 -0.003239305 0.003251426
v 0.001904987 -0.002033683 0.003232677
v 0.001800733 -0.00322457 0.003290298
v 0.001837661 -0.002047173 0.003271039
v 0.001929937 -0.003257348 0.003236627
v 0.001942192 -0.002072064 0.003250747
v 0.001997768 -0.002129076 0.003266528
v 0.001925134 -0.002172281 0.003346679
v 0.001914536 -0.00211772 0.003306608
v 0.002018964 -0.003268372 0.00325741
v 0.002063202 -0.002163151 0.003248073
v 0.002096464 -0.002200923 0.003251233
v 0.00203069 -0.002206908 0.00330115
v 0.002104319 -0.003258187 0.003281033
v 0.002139545 -0.002251972 0.003252032
v 0.00216964 -0.003232226 0.00321061
v 0.002184456 -0.002306739 0.003253499
v 0.002137767 -0.002319259 0.003301233
v 0.002241863 -0.003188439 0.003247427
v 0.002220422 -0.002360819 0.003257774
v 0.002309754 -0.002548523 0.00328569
v 0.002264025 -0.00245206 0.003277329
v 0.002200672 -0.002399304 0.003306458
v 0.002301577 -0.003131211 0.003287771
v 0.002353929 -0.002573666 0.003225928
v 0.002337667 -0.003082076 0.003245062
v 0.002364956 -0.003014941 0.003236104
v 0.002380775 -0.002941371 0.003230796
v 0.002389188 -0.002875376 0.003213147
v 0.002384325 -0.002785499 0.003232762
v 0.002381446 -0.002664652 0.003205016
v 0.002335024 -0.003082044 0.003318595
v 0.002352854 -0.002706733 0.003299216
v 0.002341938 -0.002624282 0.003279191
v -0.004213532 0.0007952992 0.003385511
v -0.004242761 0.0008975122 0.003362336
v -0.004251606 0.001001876 0.003347584
v -0.004240214 0.001101066 0.003340167
v -0.004214848 0.001180133 0.003318903
v -0.004184895 0.0007178014 0.003362241
v -0.004176442 0.001239976 0.003367347
v -0.004143611 0.0006676625 0.003377776
v -0.004129919 0.001289045 0.003317877
v -0.004098637 0.0006085884 0.003340316
v -0.004065128 0.001327887 0.003343521
v -0.004032463 0.0005743533 0.003381454
v -0.004002247 0.0005382813 0.003320064
v -0.003973018 0.001359408 0.003355183
v -0.003906609 0.0005040204 0.003323231
v -0.003869281 0.001378191 0.003358635
v -0.003802959 0.001382434 0.003351059
v -0.003836438 0.001383714 0.00338942
v -0.003802621 0.0004919405 0.003350896
v -0.003794944 0.001383664 0.003389267
v -0.003745824 0.001378658 0.003397023
v -0.003705228 0.0004921388 0.0033636
v -0.003679392 0.001365547 0.00333155
v -0.003598438 0.000505925 0.003359137
v -0.003604928 0.00134846 0.003369412
v -0.003507506 0.0005441979 0.00339463
v -0.003515516 0.001316587 0.003359487
v -0.003434961 0.0005800534 0.003334917
v -0.003440322 0.001275456 0.003388047
v -0.003383435 0.0006437952 0.003395162
v -0.003389575 0.001225057 0.003300903
v -0.003342554 0.0007121674 0.0033671
v -0.003315038 0.0007955904 0.003353397
v -0.003300811 0.0008893576 0.003348986
v -0.00330043 0.0009863027 0.003347812
v -0.003314382 0.001077705 0.003343362
v -0.003343073 0.001156904 0.003330059
v 0.001313588 -0.002567634 0.003354329
v 0.001289584 -0.002510799 0.003330403
v 0.001285197 -0.002410761 0.003333048
v 0.001291788 -0.002290325 0.003304365
v 0.001322344 -0.002214447 0.003296147
v 0.001327434 -0.002642607 0.003312389
v 0.001359728 -0.002176779 0.003312875
v 0.00140329 -0.002783636 0.003384285
v 0.001365628 -0.002697708 0.003364903
v 0.001402505 -0.002135533 0.00328849
v 0.001337865 -0.002615942 0.003379995
v 0.001339588 -0.002399165 0.003413586
v 0.001340153 -0.002309981 0.003378195
v 0.001348651 -0.002226355 0.00334499
v 0.001434932 -0.002849858 0.003329705
v 0.001468864 -0.002114065 0.003319119
v 0.001469819 -0.002915612 0.003388659
v 0.001430157 -0.002843401 0.003402543
v 0.00139805 -0.002322255 0.003445698
v 0.001404224 -0.002231555 0.00339554
v 0.001405028 -0.002167392 0.00334616
v 0.001525032 -0.002985285 0.003325897
v 0.001538998 -0.002106727 0.003347829
v 0.00157937 -0.003064372 0.003369891
v 0.00148243 -0.002235704 0.003447252
v 0.001475921 -0.002161322 0.003381995
v 0.00163472 -0.003102216 0.00329439
v 0.001637165 -0.002077365 0.003332088
v 0.00167535 -0.003141862 0.003301776
v 0.001653819 -0.003140198 0.003364611
v 0.00157965 -0.002155152 0.003408642
v 0.001731251 -0.003182611 0.003296518
v 0.001748672 -0.002074997 0.003332
v 0.001770096 -0.003221091 0.003346125
v 0.001710331 -0.003194805 0.003391515
v 0.001705479 -0.002130292 0.003393074
v 0.001843972 -0.003249867 0.003329834
v 0.001825394 -0.002092079 0.003330681
v 0.00187746 -0.002185418 0.003384388
v 0.001853202 -0.002136474 0.00335921
v 0.001799685 -0.002164903 0.003403516
v 0.001784524 -0.002113939 0.003366943
v 0.001936517 -0.003272521 0.003340503
v 0.001951542 -0.002230642 0.003371972
v 0.002027127 -0.003275887 0.00335945
v 0.002042939 -0.002293135 0.003354348
v 0.002105309 -0.002352346 0.003351515
v 0.002057551 -0.002407128 0.00342974
v 0.002051089 -0.002353925 0.003392988
v 0.002111605 -0.003257033 0.003390203
v 0.002154019 -0.002381994 0.003335158
v 0.002183331 -0.003225631 0.003319882
v 0.002182234 -0.002425144 0.003343472
v 0.002120825 -0.0024778 0.003437669
v 0.002126136 -0.002411233 0.003379142
v 0.00225528 -0.0031655 0.003372442
v 0.002221682 -0.002454907 0.003328317
v 0.002311703 -0.00309695 0.00337517
v 0.002333078 -0.002754765 0.003374661
v 0.002295226 -0.00263912 0.003367242
v 0.002251829 -0.002521971 0.003343427
v 0.002207774 -0.002565687 0.0034272
v 0.002188913 -0.002476211 0.003375187
v 0.002339324 -0.003047391 0.003366679
v 0.002362591 -0.002786126 0.003316382
v 0.002354367 -0.003031001 0.003310833
v 0.002367314 -0.002957475 0.003306956
v 0.002373857 -0.002866787 0.003294412
v 0.00234831 -0.002983679 0.003376801
v 0.002353426 -0.002899855 0.003372207
v 0.002353296 -0.002827065 0.003360832
v -0.004202328 0.0008140071 0.003502655
v -0.004229373 0.0008950537 0.003470219
v -0.004241426 0.00098982 0.003451115
v -0.004236215 0.001083954 0.003435916
v -0.004209886 0.001177641 0.003422355
v -0.004174383 0.0007344215 0.003443042
v -0.004171689 0.001245384 0.003442607
v -0.004122618 0.0006820521 0.00348649
v -0.00412879 0.001287747 0.003404021
v -0.004138399 0.001278275 0.003479901
v -0.004067248 0.0006204845 0.003445077
v -0.004064763 0.00132392 0.003453032
v -0.00399729 0.0005794347 0.003456301
v -0.003943281 0.000543957 0.003415262
v -0.003952874 0.001363769 0.003466485
v -0.003876432 0.001380346 0.003422204
v -0.003939484 0.0005663276 0.00349741
v -0.00385655 0.0005165613 0.003408812
v -0.003835755 0.001384361 0.003428317
v -0.00388011 0.001379792 0.003468427
v -0.00377213 0.0005113274 0.00343317
v -0.003794304 0.001383835 0.003428002
v -0.003767258 0.001380937 0.003454117
v -0.00382719 0.001382923 0.003476561
v -0.003676036 0.0005130531 0.003445323
v -0.003689028 0.001369348 0.003439047
v -0.003584555 0.0005292271 0.00346495
v -0.003588318 0.001347547 0.003452771
v -0.003504175 0.0005592197 0.003498875
v -0.003501811 0.001317114 0.003465465
v -0.003437891 0.0005928845 0.003442431
v -0.003432146 0.001276278 0.003486025
v -0.003384981 0.000651 0.003491966
v -0.003382989 0.001221914 0.003407682
v -0.003347258 0.0007152488 0.003463812
v -0.003320867 0.0007967885 0.003451235
v -0.003306593 0.0008886967 0.003446164
v -0.003304844 0.0009834906 0.00344363
v -0.003316219 0.00107411 0.003438511
v -0.003341782 0.001154572 0.003426907
v 0.001318639 -0.002486916 0.00339305
v 0.001333464 -0.002557595 0.003408057
v 0.001342482 -0.002452741 0.003435192
v 0.00138953 -0.002721797 0.003470851
v 0.001361964 -0.00260574 0.003449837
v 0.001375307 -0.002421189 0.003471037
v 0.001350163 -0.002505754 0.003449155
v 0.001412848 -0.002803403 0.003448255
v 0.001410209 -0.002364234 0.003488138
v 0.001474309 -0.002951422 0.003497472
v 0.001437754 -0.002866732 0.003468325
v 0.001458493 -0.002320397 0.003501681
v 0.001421323 -0.002406647 0.003524571
v 0.001517402 -0.002999559 0.003423539
v 0.001508397 -0.002266873 0.003492773
v 0.001603233 -0.003117579 0.003444844
v 0.001551687 -0.003062316 0.003462344
v 0.001572883 -0.002232641 0.003483112
v 0.001513187 -0.003019994 0.003497924
v 0.001528933 -0.002300456 0.003531852
v 0.00165424 -0.003165948 0.00344008
v 0.001664562 -0.002189797 0.003451507
v 0.001693142 -0.003205687 0.003473319
v 0.001653841 -0.002238539 0.003498529
v 0.001768275 -0.00323528 0.003416223
v 0.001739073 -0.002179478 0.003435063
v 0.00178541 -0.002200881 0.003438675
v 0.001745685 -0.002235629 0.003478457
v 0.00184839 -0.003267197 0.003429618
v 0.001859623 -0.002239103 0.003431384
v 0.001829657 -0.002302017 0.003500652
v 0.001941604 -0.003284036 0.003442942
v 0.001970112 -0.002298025 0.003408222
v 0.002006209 -0.002398062 0.003462388
v 0.001990905 -0.002359792 0.003442195
v 0.001933735 -0.002385562 0.003509178
v 0.001917491 -0.002315845 0.00345798
v 0.002031969 -0.003279108 0.003464675
v 0.002035608 -0.002438391 0.00347545
v 0.002074952 -0.002492875 0.00349503
v 0.002007351 -0.002466303 0.003531247
v 0.002112569 -0.003250386 0.003500709
v 0.002132687 -0.002550094 0.003496106
v 0.002185251 -0.003214937 0.003435742
v 0.00219089 -0.002639464 0.003518558
v 0.002238337 -0.003159119 0.003487832
v 0.002248668 -0.002658955 0.003457061
v 0.002284593 -0.003102265 0.003457783
v 0.002319643 -0.003025812 0.003438596
v 0.002327563 -0.002929381 0.003443543
v 0.002327511 -0.002835654 0.003425307
v 0.002288625 -0.002746483 0.003457657
v 0.00224352 -0.002710306 0.003510399
v -0.004195921 0.000827039 0.003595257
v -0.004219676 0.0008982707 0.003571879
v -0.004233018 0.0009846272 0.003550929
v -0.004231311 0.001074614 0.003531973
v -0.004217833 0.001147682 0.003506442
v -0.004181585 0.001223851 0.003521512
v -0.004158461 0.0007509083 0.003562522
v -0.004120624 0.001288328 0.003561086
v -0.00410797 0.000690038 0.003564541
v -0.004176987 0.0007926717 0.003619657
v -0.004170523 0.001236843 0.003608776
v -0.00406459 0.0006478057 0.003542986
v -0.004044462 0.001333776 0.003542379
v -0.00407114 0.0006706928 0.003608125
v -0.003988827 0.0006013218 0.003540383
v -0.003991908 0.001353233 0.003574446
v -0.003909434 0.0005728709 0.003561701
v -0.003846614 0.0005419544 0.003506582
v -0.003898464 0.001374435 0.003549118
v -0.003849498 0.000564653 0.003601798
v -0.003740988 0.0005266139 0.003507666
v -0.0037807 0.001380502 0.00353547
v -0.003660432 0.0005310576 0.003534362
v -0.003667795 0.00137041 0.003541152
v -0.003575153 0.000543975 0.003558867
v -0.003569912 0.001349419 0.003547524
v -0.003504594 0.0005658593 0.00358628
v -0.003490872 0.001319632 0.003560636
v -0.00343575 0.0006042212 0.00355774
v -0.003427732 0.001279308 0.003583843
v -0.003467353 0.0005826303 0.003610696
v -0.003379781 0.0006599775 0.003564339
v -0.003378785 0.001222523 0.003507098
v -0.003349807 0.0007130005 0.003550453
v -0.003324046 0.0007937136 0.003546673
v -0.00330914 0.0008876089 0.003542798
v -0.003306812 0.0009829357 0.003540138
v -0.003317059 0.001073634 0.003535057
v -0.00334066 0.001154613 0.003524341
v -0.003357129 0.0006987944 0.003611143
v 0.001398733 -0.002731385 0.00358464
v 0.001388517 -0.002628049 0.003543842
v 0.001388639 -0.002510969 0.00352129
v 0.001412568 -0.002803979 0.00352033
v 0.001434537 -0.002464006 0.003586803
v 0.001494828 -0.003022039 0.003580047
v 0.001461502 -0.002952797 0.003569293
v 0.001436479 -0.002887056 0.003559819
v 0.001479141 -0.002378472 0.003567639
v 0.001412837 -0.002817806 0.003594609
v 0.001535526 -0.003065126 0.003526023
v 0.001561574 -0.002353712 0.003599523
v 0.001571298 -0.003104852 0.003506882
v 0.001605966 -0.002281618 0.003538809
v 0.001555901 -0.003113799 0.003579328
v 0.001620153 -0.003159619 0.003514568
v 0.001686401 -0.002277798 0.003534955
v 0.001667471 -0.00320989 0.003545283
v 0.001611976 -0.003183622 0.003597613
v 0.001641869 -0.002317127 0.003579155
v 0.001749908 -0.003248833 0.003519508
v 0.00175276 -0.002288915 0.003528198
v 0.00178084 -0.002315113 0.003542067
v 0.001725128 -0.002331197 0.003581948
v 0.001850422 -0.003283122 0.003531542
v 0.001818664 -0.002350134 0.003555837
v 0.001861263 -0.002398975 0.003582764
v 0.00178451 -0.002382715 0.00361713
v 0.001947252 -0.003292523 0.003545593
v 0.001929035 -0.002446879 0.003582868
v 0.001995231 -0.00250449 0.003589891
v 0.002035502 -0.003277947 0.003568952
v 0.002064611 -0.002529434 0.003546628
v 0.002107843 -0.003240916 0.003607
v 0.00211709 -0.002594369 0.00356333
v 0.002180956 -0.003194513 0.003555206
v 0.002212108 -0.002738189 0.003580257
v 0.002149192 -0.0026622 0.003598984
v 0.002100616 -0.002617515 0.003613315
v 0.002231084 -0.003141609 0.003564544
v 0.002260186 -0.002774088 0.00353148
v 0.002262709 -0.003102187 0.00353906
v 0.002288679 -0.0030364 0.00352175
v 0.002303695 -0.002964264 0.003504331
v 0.00228954 -0.002862972 0.003518162
v 0.002243893 -0.003100282 0.003596701
v 0.00225041 -0.002817427 0.003577412
v -0.004207441 0.0008967302 0.003669424
v -0.004224706 0.0009804642 0.003644246
v -0.004225226 0.001066413 0.003627551
v -0.004206582 0.001161085 0.003603053
v -0.004186539 0.0008263781 0.003655438
v -0.004177055 0.001214497 0.003684942
v -0.004151454 0.0007797929 0.003674351
v -0.004138855 0.001268893 0.003653054
v -0.0041077 0.0007138823 0.003635929
v -0.004068648 0.001316394 0.003645401
v -0.004048705 0.000677811 0.003683022
v -0.004012833 0.0006373778 0.003624212
v -0.003973516 0.001355641 0.00366128
v -0.003913747 0.0005976876 0.003654368
v -0.0038634 0.001381277 0.003659142
v -0.003822253 0.0005711933 0.003667268
v -0.00380595 0.001394851 0.003715737
v -0.003749901 0.0005479581 0.003608336
v -0.003747602 0.001385662 0.003633837
v -0.003763305 0.0005656665 0.003707712
v -0.003724836 0.001393264 0.00371092
v -0.003643816 0.0005442192 0.003614551
v -0.00364098 0.001374333 0.003643304
v -0.003660689 0.001386259 0.003727795
v -0.003568302 0.0005573913 0.003656507
v -0.003550673 0.001349678 0.003625169
v -0.00349666 0.0005735432 0.003645566
v -0.003446998 0.0006045281 0.003662952
v -0.003491115 0.001324682 0.00365553
v -0.003391323 0.0006512561 0.003629118
v -0.003427705 0.001283206 0.003683216
v -0.003355646 0.0007077332 0.003684004
v -0.003376681 0.001224931 0.00360576
v -0.003328458 0.0007773918 0.003645757
v -0.003308992 0.0008832931 0.003640515
v -0.003305973 0.000982246 0.003637389
v -0.003316252 0.001074475 0.003632421
v -0.003339558 0.001156279 0.00362229
v 0.00140671 -0.002800884 0.003678829
v 0.001402269 -0.002704756 0.003663979
v 0.001399762 -0.00264766 0.003619497
v 0.001411738 -0.00255655 0.003611604
v 0.001422277 -0.002868932 0.00363236
v 0.001439808 -0.002499159 0.003633785
v 0.001511116 -0.003094026 0.003671321
v 0.001475737 -0.003024999 0.003656664
v 0.001447647 -0.002952306 0.003642883
v 0.001486532 -0.002451913 0.003653268
v 0.001420363 -0.002888339 0.003689194
v 0.001440948 -0.002537461 0.00367765
v 0.001563994 -0.003157136 0.003650114
v 0.001566154 -0.002416056 0.003681536
v 0.001607518 -0.003210078 0.003673886
v 0.001519483 -0.002467983 0.003721265
v 0.001674745 -0.003235143 0.003611367
v 0.001638483 -0.002365194 0.003636128
v 0.001758602 -0.003276106 0.003622334
v 0.001707723 -0.002383785 0.003655515
v 0.001759526 -0.002412662 0.003672407
v 0.001709138 -0.002419356 0.00370482
v 0.001858923 -0.003299461 0.003635882
v 0.001841798 -0.00243958 0.003648658
v 0.001958334 -0.003297131 0.003646527
v 0.001931191 -0.002492891 0.003640157
v 0.001985018 -0.002526577 0.003630428
v 0.001963339 -0.002544662 0.003679093
v 0.00204054 -0.003271031 0.003670029
v 0.002044126 -0.002567243 0.003617772
v 0.002073191 -0.002611792 0.003642325
v 0.002033006 -0.002611005 0.003692191
v 0.002102942 -0.003227357 0.003703459
v 0.002101919 -0.002652 0.003653724
v 0.002155094 -0.003187738 0.003659711
v 0.002207031 -0.003125528 0.003637274
v 0.002215285 -0.002835192 0.003645641
v 0.002150114 -0.002732873 0.003670283
v 0.002139791 -0.003181899 0.003730689
v 0.002083814 -0.002677957 0.003713695
v 0.002235588 -0.003063703 0.003638444
v 0.002257776 -0.002879117 0.003595191
v 0.002261726 -0.00304595 0.003590336
v 0.002273181 -0.002959047 0.00357756
v 0.002241532 -0.002993998 0.003645066
v 0.002242991 -0.002919889 0.003636301
v -0.004199243 0.0009211242 0.00376075
v -0.004214581 0.000984541 0.003731
v -0.004220265 0.001048979 0.003703428
v -0.004205918 0.001132918 0.003712534
v -0.004180197 0.0008507358 0.003725503
v -0.004177471 0.001194419 0.003760044
v -0.004134151 0.0008146323 0.003797307
v -0.004128644 0.001258834 0.003745799
v -0.00417609 0.0008824451 0.00379742
v -0.004191298 0.001145926 0.003793436
v -0.004089355 0.0007329208 0.003736854
v -0.004045054 0.001317892 0.003760462
v -0.004019066 0.0006861094 0.003780433
v -0.003975704 0.0006417864 0.003720539
v -0.003946953 0.00136215 0.003770793
v -0.003871122 0.001388475 0.003746294
v -0.003907325 0.0006165027 0.003756169
v -0.003836869 0.001397147 0.003773534
v -0.003831047 0.0005891975 0.003752045
v -0.003780211 0.001400055 0.003771007
v -0.00373974 0.0005739786 0.003787622
v -0.00367265 0.0005572682 0.003709377
v -0.003714232 0.001396966 0.003775435
v -0.003652147 0.001385743 0.003790485
v -0.003589366 0.000565407 0.00376127
v -0.003580173 0.001362964 0.003720003
v -0.003512289 0.0005790088 0.003719243
v -0.003454688 0.0006159218 0.003779839
v -0.003498218 0.001329458 0.003758609
v -0.003396232 0.0006543099 0.003715074
v -0.00342798 0.001286371 0.003784975
v -0.003359446 0.0007026554 0.003757791
v -0.003375456 0.001227988 0.00370511
v -0.00332411 0.000779274 0.003765213
v -0.003304194 0.0008790607 0.003742026
v -0.003301065 0.0009806089 0.00373618
v -0.003312545 0.001075574 0.003731008
v -0.003337251 0.001158723 0.00372097
v -0.003391942 0.000665466 0.003794152
v 0.00141038 -0.002874103 0.003767321
v 0.001404386 -0.002799225 0.003754846
v 0.00140904 -0.002723726 0.003744721
v 0.001415723 -0.002624186 0.003689152
v 0.001429519 -0.002944508 0.00372779
v 0.00143834 -0.002578902 0.003723283
v 0.001498944 -0.003128087 0.003774779
v 0.001459578 -0.003029271 0.003733411
v 0.001476929 -0.002531687 0.00374492
v 0.001419615 -0.002710681 0.003818416
v 0.001436466 -0.002631456 0.003774026
v 0.001549835 -0.003173414 0.003721473
v 0.001518059 -0.002493996 0.003758135
v 0.001595616 -0.003232862 0.003752835
v 0.001566733 -0.002468478 0.003756976
v 0.001523382 -0.002524201 0.003798655
v 0.001669983 -0.003260584 0.003701107
v 0.001641139 -0.002418768 0.003710362
v 0.001685395 -0.002447071 0.003746795
v 0.001632348 -0.002466301 0.003773756
v 0.001758768 -0.003302761 0.003735189
v 0.001762834 -0.002457968 0.003727207
v 0.001717211 -0.003321101 0.003821902
v 0.00188187 -0.003313968 0.003746764
v 0.00186904 -0.002503623 0.003713002
v 0.001916604 -0.002542333 0.003727017
v 0.00179315 -0.003331923 0.003819662
v 0.001876498 -0.002550901 0.003777363
v 0.001978178 -0.003293493 0.003732909
v 0.001955609 -0.002577832 0.003738042
v 0.001992337 -0.002612222 0.003747629
v 0.001943748 -0.002614884 0.00380806
v 0.002045869 -0.003253857 0.003782529
v 0.002028226 -0.002649921 0.003756493
v 0.002110298 -0.003194525 0.003784997
v 0.002065593 -0.002689901 0.00376107
v 0.002033441 -0.00269979 0.003823823
v 0.002143658 -0.003150955 0.00377964
v 0.002102898 -0.002735602 0.003754874
v 0.002170979 -0.00312303 0.003730119
v 0.002204028 -0.003034545 0.003706121
v 0.002209094 -0.002927432 0.003696921
v 0.002159125 -0.002831398 0.003743405
v 0.002154672 -0.003105419 0.003800951
v 0.002102877 -0.002786245 0.003819234
v -0.004200834 0.0009883794 0.003808227
v -0.004205596 0.001069111 0.003784239
v -0.004187724 0.0009329242 0.003823608
v -0.004183873 0.001118152 0.003845937
v -0.004102039 0.000829232 0.00391564
v -0.004155794 0.0009054192 0.003875153
v -0.00415574 0.00119254 0.003839591
v -0.004097107 0.00126591 0.003849014
v -0.004181976 0.0009751274 0.003865213
v -0.004185411 0.001047133 0.003865006
v -0.004054774 0.0007444673 0.003858453
v -0.004023145 0.001314715 0.003874546
v -0.003989625 0.0006881255 0.003862875
v -0.00407794 0.001266469 0.003923977
v -0.003939408 0.000647658 0.003823868
v -0.003936073 0.001357124 0.003874584
v -0.003885485 0.001384993 0.003810361
v -0.003939744 0.0006671232 0.003903044
v -0.00386837 0.0006150629 0.003821912
v -0.003827697 0.001395709 0.003823197
v -0.00387237 0.001380636 0.003869776
v -0.003795793 0.0005974412 0.003850467
v -0.00376381 0.001398111 0.00382711
v -0.003714605 0.0005815551 0.003871817
v -0.003813182 0.001386166 0.003885332
v -0.003660138 0.0005676392 0.003814163
v -0.003706892 0.001395165 0.003825764
v -0.00367202 0.001385557 0.003854591
v -0.003736773 0.001389131 0.00388102
v -0.003598603 0.0005713832 0.003846329
v -0.003591584 0.001364258 0.003839726
v -0.003534539 0.0005821713 0.003812166
v -0.003561763 0.0005819275 0.003880281
v -0.003503913 0.0006034778 0.003879586
v -0.00349843 0.001329749 0.003865995
v -0.003425092 0.001288848 0.003886933
v -0.003419538 0.000650986 0.003884639
v -0.003372916 0.00123141 0.00380517
v -0.003348447 0.0007219121 0.003846488
v -0.003305942 0.0008023481 0.003861504
v -0.003292334 0.0008777321 0.003839942
v -0.003290039 0.0009772613 0.003835423
v -0.003303954 0.001076829 0.003832757
v -0.003332165 0.001162245 0.003821299
v 0.001404978 -0.002908805 0.003885945
v 0.001407245 -0.002796217 0.003827881
v 0.00142511 -0.00297493 0.003809754
v 0.001425357 -0.002734196 0.003888753
v 0.00150021 -0.00317739 0.003867615
v 0.001450798 -0.003078202 0.003853624
v 0.001442698 -0.002666573 0.003849684
v 0.001483246 -0.002592841 0.003834873
v 0.001417109 -0.003006256 0.003895262
v 0.00154406 -0.003204271 0.003799524
v 0.001528245 -0.002554719 0.003843576
v 0.001582132 -0.003246289 0.003807673
v 0.001588754 -0.002523371 0.003835625
v 0.001561559 -0.003251281 0.003867798
v 0.001532035 -0.002588356 0.003892333
v 0.001643 -0.003284001 0.003807059
v 0.001693533 -0.002496101 0.003803784
v 0.00167085 -0.003322245 0.003869148
v 0.001613199 -0.003304109 0.003899139
v 0.001658405 -0.002540285 0.003872653
v 0.001729624 -0.003341702 0.003884342
v 0.001793111 -0.002514064 0.003786128
v 0.001814562 -0.002544635 0.003819674
v 0.001749123 -0.002549071 0.003864213
v 0.00180688 -0.003348885 0.003903115
v 0.001842299 -0.002574537 0.003844754
v 0.001866813 -0.003332327 0.003842126
v 0.001871952 -0.002610928 0.00388439
v 0.001797356 -0.002589371 0.003910285
v 0.00195479 -0.003302986 0.003837779
v 0.001936276 -0.002656235 0.003896882
v 0.00200093 -0.002716125 0.00392266
v 0.00203012 -0.003253572 0.003899137
v 0.002060965 -0.002761435 0.003880295
v 0.002084075 -0.003195876 0.003870273
v 0.002126683 -0.003127766 0.003851303
v 0.002100625 -0.002835768 0.003891397
v 0.002147095 -0.003062682 0.003847568
v 0.00213759 -0.002860566 0.003821284
v 0.002168827 -0.003045174 0.003790381
v 0.002169599 -0.002943095 0.003785082
v 0.002146338 -0.002987376 0.003860122
v 0.002136936 -0.002909448 0.003860832
v -0.004077575 0.0008425788 0.004012635
v -0.004120249 0.0009143338 0.003976684
v -0.004154534 0.001005089 0.003937806
v -0.004153791 0.001118694 0.003922611
v -0.00411805 0.001211052 0.003926624
v -0.004043388 0.0007745239 0.003971294
v -0.004080886 0.001233268 0.003988158
v -0.004043041 0.0012802 0.003962407
v -0.004037769 0.0007965837 0.00404346
v -0.00398076 0.0007089782 0.003948305
v -0.003979852 0.001314423 0.003961846
v -0.003915416 0.0006693388 0.003960548
v -0.003860641 0.0006339487 0.003915093
v -0.003883746 0.001354703 0.003951515
v -0.003866492 0.0006566942 0.003999773
v -0.003754579 0.0006039298 0.003933926
v -0.003784661 0.001370934 0.003956353
v -0.003686346 0.0005873948 0.003931673
v -0.003649731 0.0005752037 0.003888565
v -0.003681455 0.001372962 0.003935766
v -0.003603803 0.000577892 0.003903879
v -0.00363768 0.0005848374 0.003939017
v -0.003576261 0.0005942922 0.003947395
v -0.00358107 0.001354488 0.003952303
v -0.003491292 0.0006206329 0.003969083
v -0.003492742 0.00132834 0.003971961
v -0.003418878 0.001292299 0.003985426
v -0.003410931 0.0006588639 0.003996427
v -0.003367889 0.001236615 0.003905432
v -0.003359716 0.0007005067 0.003938377
v -0.003305979 0.0007755769 0.00394582
v -0.003278447 0.0008683536 0.003926659
v -0.003272882 0.0009638695 0.003923704
v -0.003286394 0.001077755 0.003944694
v -0.003323317 0.001169628 0.003927214
v -0.003282167 0.000787756 0.004032537
v -0.003263633 0.0008556134 0.004008193
v -0.003254387 0.0009444106 0.004000357
v -0.003258554 0.001034724 0.004007569
v 0.001399657 -0.002993793 0.003992878
v 0.001396976 -0.00288953 0.003980943
v 0.00140755 -0.002816266 0.003932134
v 0.001424526 -0.003066303 0.003939799
v 0.001431561 -0.002746215 0.003973911
v 0.001513117 -0.003235276 0.003949587
v 0.00145612 -0.003151079 0.003959156
v 0.00147128 -0.002664684 0.003921965
v 0.001418212 -0.003091269 0.004004241
v 0.00156177 -0.00328396 0.003939503
v 0.001542152 -0.002630535 0.003982059
v 0.001597428 -0.003320145 0.003973727
v 0.001599543 -0.002573834 0.003917367
v 0.001662979 -0.00333788 0.003936082
v 0.001672052 -0.002572091 0.00392721
v 0.001619565 -0.00259955 0.003975867
v 0.001732758 -0.003357639 0.00396688
v 0.001730864 -0.002580947 0.003932624
v 0.001754761 -0.002603166 0.003967871
v 0.001684571 -0.002599981 0.003985369
v 0.001822884 -0.003359686 0.004003151
v 0.001834417 -0.002629077 0.003963665
v 0.001891074 -0.003335919 0.003921995
v 0.001972183 -0.003298313 0.003965534
v 0.001918812 -0.002678909 0.003986687
v 0.001987043 -0.002736081 0.004009628
v 0.001907297 -0.003337555 0.004004582
v 0.002032382 -0.003245189 0.00398909
v 0.002048346 -0.002779444 0.003948903
v 0.002069141 -0.003194697 0.003964528
v 0.002101375 -0.003124964 0.003945573
v 0.00212255 -0.003036407 0.003926432
v 0.002112349 -0.002922956 0.003937829
v 0.002078817 -0.002842458 0.00396884
v -0.00408568 0.0009182387 0.004073133
v -0.004116911 0.001000443 0.004033299
v -0.004131333 0.001076103 0.004000598
v -0.004109358 0.001161105 0.004008833
v -0.004049699 0.0008454172 0.004091982
v -0.004077408 0.00120662 0.004034867
v -0.004014013 0.0007933609 0.00409167
v -0.004027889 0.001245697 0.004046315
v -0.00406145 0.0008937579 0.004119141
v -0.004071313 0.001170174 0.004077545
v -0.003983675 0.0007484954 0.00405062
v -0.003939094 0.001302924 0.004046862
v -0.003972967 0.0007752817 0.004127603
v -0.003972914 0.0012506 0.004118463
v -0.003916249 0.0006930045 0.004030299
v -0.003840837 0.001336127 0.004056855
v -0.003838011 0.0006678441 0.004074585
v -0.003908738 0.001287278 0.004131444
v -0.003790275 0.0006322759 0.004008266
v -0.003747222 0.001359079 0.004024141
v -0.003674353 0.0006063781 0.004003438
v -0.003666458 0.001357172 0.004041238
v -0.003569736 0.000612324 0.004037783
v -0.003573604 0.001348183 0.004059258
v -0.003481887 0.0006313001 0.004065873
v -0.003482954 0.001328485 0.00408226
v -0.003408571 0.001294959 0.004062621
v -0.003400328 0.0006629187 0.004097016
v -0.003362301 0.001247187 0.004003711
v -0.00333425 0.0007173282 0.004033515
v -0.003312329 0.001192581 0.004054653
v -0.00336949 0.001268137 0.004087843
v -0.003281206 0.0007675776 0.004107328
v -0.003271033 0.001110885 0.004037143
v -0.003250357 0.0008440954 0.004089378
v -0.003238344 0.0009296164 0.004078158
v -0.003240249 0.001017776 0.00407546
v -0.003251317 0.00108497 0.004074623
v 0.00139782 -0.00308183 0.004090185
v 0.001381829 -0.00298578 0.004094515
v 0.001388061 -0.002906975 0.004063656
v 0.001406976 -0.002815154 0.004033123
v 0.001431771 -0.003151628 0.004046312
v 0.00143472 -0.002747186 0.004043249
v 0.001480463 -0.003237963 0.004056997
v 0.001471331 -0.002695599 0.004015452
v 0.001459447 -0.002715681 0.004080174
v 0.001540899 -0.003288993 0.004004118
v 0.001513629 -0.002670335 0.004077958
v 0.001576915 -0.003326033 0.00403433
v 0.001535286 -0.003304312 0.004066607
v 0.001645143 -0.003351495 0.004027175
v 0.001609412 -0.002628793 0.004054609
v 0.001729348 -0.003371567 0.004059904
v 0.001726063 -0.002625504 0.004043994
v 0.001796627 -0.003373235 0.004094793
v 0.001825758 -0.00265468 0.004060413
v 0.001880744 -0.003348721 0.004095666
v 0.001910658 -0.002698577 0.00407855
v 0.001950737 -0.003313904 0.004056921
v 0.001982088 -0.00276256 0.00410557
v 0.002010351 -0.003259267 0.004072763
v 0.002038626 -0.002802117 0.004026705
v 0.002057178 -0.003196 0.00405161
v 0.00208444 -0.003129384 0.004033652
v 0.002098765 -0.003050467 0.004021331
v 0.002100745 -0.002972144 0.00400824
v 0.002074932 -0.002885769 0.004038292
v 0.002036561 -0.002828805 0.004092949
v -0.004083951 0.001004952 0.004111929
v -0.004095909 0.001089029 0.004077031
v -0.004057856 0.0009463518 0.004150671
v -0.004066397 0.001128211 0.004119468
v -0.00403545 0.0008793409 0.004153915
v -0.00402226 0.00117173 0.004149486
v -0.004061918 0.001007959 0.004159941
v -0.00405801 0.001073732 0.00415357
v -0.004006534 0.0008230542 0.004145578
v -0.003948293 0.001224289 0.004200689
v -0.003947553 0.0008071351 0.004207595
v -0.003997254 0.0008632517 0.004198361
v -0.003986189 0.001159144 0.004226106
v -0.003895492 0.0007253704 0.004142166
v -0.003886981 0.00127334 0.004199986
v -0.003807302 0.0006767795 0.004149862
v -0.00384716 0.001309485 0.004150264
v -0.003737675 0.0006410475 0.004104598
v -0.003762147 0.001335776 0.004127796
v -0.003747262 0.0006640864 0.004189944
v -0.003639934 0.0006215217 0.004096254
v -0.003660314 0.001345849 0.004147022
v -0.003560862 0.0006257202 0.00413157
v -0.003572476 0.001346842 0.004161708
v -0.003472359 0.0006383899 0.004161628
v -0.003507684 0.001340443 0.004181732
v -0.003393403 0.0006621068 0.004193277
v -0.003429883 0.001312995 0.004156134
v -0.00333128 0.0007041377 0.004141005
v -0.003297438 0.001215722 0.004166803
v -0.003355501 0.001267349 0.004164883
v -0.003277955 0.0007533623 0.004198148
v -0.003268002 0.001149782 0.00410939
v -0.003242354 0.0008287611 0.004174364
v -0.003225043 0.0009161998 0.004161274
v -0.003224993 0.001008375 0.004155091
v -0.003241013 0.001100538 0.004150958
v -0.00326238 0.001173052 0.004177992
v 0.001384808 -0.003133109 0.004201555
v 0.001369592 -0.003021253 0.004178049
v 0.001373576 -0.002920184 0.004157088
v 0.001395301 -0.002833476 0.004129388
v 0.001427242 -0.002762514 0.004105655
v 0.001424163 -0.003181666 0.004126151
v 0.001471175 -0.002706544 0.004148188
v 0.001514183 -0.003304448 0.004136501
v 0.001455491 -0.003254968 0.004166209
v 0.00141495 -0.003211225 0.004200717
v 0.001578797 -0.003339525 0.004097061
v 0.001547643 -0.002653985 0.00417293
v 0.001549279 -0.002639719 0.004235378
v 0.00164745 -0.003367901 0.004125277
v 0.001643618 -0.002635784 0.004130479
v 0.001727133 -0.003380731 0.004154446
v 0.001727196 -0.00264404 0.004143491
v 0.001811206 -0.003371624 0.004176712
v 0.00182388 -0.00267121 0.004154989
v 0.001889453 -0.003343948 0.004196676
v 0.001905026 -0.002711719 0.004167526
v 0.001959483 -0.003295695 0.004163011
v 0.002012915 -0.002832714 0.0041745
v 0.001954649 -0.002759127 0.00419915
v 0.001930469 -0.003319188 0.004220974
v 0.001904157 -0.002720222 0.00423108
v 0.002017437 -0.003235803 0.004161361
v 0.002053701 -0.002881749 0.004118822
v 0.002046837 -0.003194664 0.004132092
v 0.002070426 -0.003130474 0.004115025
v 0.002083545 -0.003066588 0.004093344
v 0.002076485 -0.002970831 0.00410615
v 0.002037739 -0.003190005 0.004195655
v 0.002047188 -0.00290896 0.004174293
v -0.00403106 0.001010737 0.004206954
v -0.004014917 0.001098746 0.004216734
v -0.004016452 0.000926449 0.0042091
v -0.003980893 0.001117806 0.004265386
v -0.003906973 0.0008303373 0.004303003
v -0.003963091 0.0008985979 0.004269285
v -0.003947533 0.001169739 0.00427466
v -0.003992849 0.0009761909 0.004260313
v -0.003989546 0.001051216 0.004270043
v -0.00386829 0.0007612876 0.004261681
v -0.003890651 0.001231933 0.004277794
v -0.003826555 0.001292153 0.004225615
v -0.00385606 0.0007919047 0.004340071
v -0.003805737 0.000702552 0.004227303
v -0.003740514 0.001318522 0.004242068
v -0.003719589 0.0006764455 0.004266125
v -0.00365564 0.0006418516 0.004189276
v -0.003649346 0.001340113 0.004247845
v -0.003550424 0.0006374842 0.004227295
v -0.003569968 0.001347382 0.004253283
v -0.003460946 0.000644294 0.004252614
v -0.003494089 0.001339098 0.004258021
v -0.00338872 0.0006623115 0.004279542
v -0.003414335 0.001313806 0.004260434
v -0.003328982 0.0006966045 0.004234661
v -0.003333534 0.001268767 0.004267775
v -0.0032784 0.0007409956 0.004288494
v -0.003279828 0.001214669 0.004230579
v -0.003237356 0.0008128475 0.004264478
v -0.003214207 0.0009012188 0.004249864
v -0.003210265 0.000996434 0.004242212
v -0.003223648 0.001088065 0.004237873
v -0.003249227 0.001165038 0.00423681
v 0.001393561 -0.003209845 0.004275316
v 0.001366577 -0.003144175 0.004275022
v 0.001349962 -0.003064852 0.004277797
v 0.001350877 -0.002937184 0.00426058
v 0.001379834 -0.002838729 0.004224884
v 0.001422379 -0.002762202 0.004191785
v 0.001324436 -0.002984781 0.004338249
v 0.001329299 -0.002905188 0.004337138
v 0.001433153 -0.003258276 0.00423671
v 0.0014786 -0.002688713 0.004247631
v 0.001485632 -0.003310138 0.00423758
v 0.001522432 -0.002648816 0.004238809
v 0.001566882 -0.00334885 0.004188661
v 0.001531174 -0.002638822 0.004254912
v 0.001544257 -0.002640736 0.004264694
v 0.001517411 -0.002649833 0.004268125
v 0.001641897 -0.003376715 0.004226593
v 0.001610235 -0.002643386 0.004231791
v 0.001729916 -0.003382107 0.004254557
v 0.001726611 -0.002656818 0.004241615
v 0.001826134 -0.00336009 0.004283096
v 0.001830711 -0.002687537 0.004249806
v 0.001902337 -0.003330159 0.004261795
v 0.001880819 -0.002719268 0.004289601
v 0.001950226 -0.003283329 0.004275066
v 0.001928357 -0.002749385 0.004261254
v 0.002004718 -0.00321654 0.004243668
v 0.002017358 -0.002910039 0.004263049
v 0.001968894 -0.0028079 0.004264128
v 0.002036266 -0.003150797 0.00424376
v 0.002054524 -0.002965837 0.004196656
v 0.00205536 -0.003134364 0.004189003
v 0.002065789 -0.003049411 0.004175331
v 0.002043513 -0.003077651 0.004254405
v 0.002044148 -0.00300024 0.004247004
v -0.003911153 0.0009055159 0.004363162
v -0.003948147 0.001000976 0.004329296
v -0.0039502 0.001100942 0.004315395
v -0.00391004 0.001167132 0.00433583
v -0.003878698 0.0008394185 0.004368923
v -0.003875663 0.001212816 0.004340443
v -0.003831617 0.0008143736 0.004417704
v -0.003818487 0.001257071 0.004341841
v -0.003873783 0.0008732587 0.004414124
v -0.003870477 0.001180531 0.004390322
v -0.003780655 0.0007339099 0.004343515
v -0.003717362 0.001311213 0.004353026
v -0.003688738 0.0006847484 0.004342323
v -0.003777128 0.001268792 0.004422742
v -0.003627287 0.0006555182 0.004290831
v -0.00363276 0.001339187 0.004326202
v -0.003614478 0.0006700527 0.004379082
v -0.003529068 0.0006488193 0.004327
v -0.003566951 0.001344307 0.004344785
v -0.003544213 0.0006614979 0.004408263
v -0.003445077 0.0006499161 0.004322952
v -0.003485572 0.001339282 0.004355068
v -0.003393084 0.0006637173 0.004355672
v -0.00340399 0.001318642 0.00436536
v -0.003332485 0.0006910529 0.004320605
v -0.003330732 0.001284302 0.004384411
v -0.003287055 0.0007273949 0.004374637
v -0.003279133 0.001227056 0.004307351
v -0.003237697 0.0007928322 0.004354542
v -0.003205519 0.000881267 0.004342242
v -0.00319521 0.0009825904 0.004334554
v -0.003207117 0.001080645 0.004329826
v -0.003236988 0.001164033 0.004322045
v 0.001301218 -0.003017034 0.00442088
v 0.001309665 -0.002921607 0.004394916
v 0.00132527 -0.003067236 0.004356633
v 0.001324686 -0.002861036 0.00437741
v 0.001395266 -0.003254561 0.004362912
v 0.00135057 -0.003158676 0.004353595
v 0.001354744 -0.002834255 0.004324592
v 0.001406331 -0.002759347 0.004286872
v 0.001315559 -0.003105215 0.004409553
v 0.001337474 -0.002811764 0.004398252
v 0.001432673 -0.003282776 0.004300754
v 0.001443512 -0.002705493 0.004334601
v 0.001472756 -0.00332595 0.004320745
v 0.001436457 -0.003307591 0.004362994
v 0.001545762 -0.003357653 0.004302884
v 0.001522424 -0.002661618 0.004319093
v 0.001638233 -0.003382399 0.00433379
v 0.001626123 -0.002654534 0.004334789
v 0.001728081 -0.003379615 0.004362708
v 0.001732116 -0.00267009 0.004339126
v 0.001807946 -0.003353726 0.004400711
v 0.001819373 -0.002699051 0.00434003
v 0.001892446 -0.00331452 0.004349455
v 0.001867241 -0.002724423 0.00433821
v 0.001843068 -0.002733301 0.004401036
v 0.00194569 -0.003261941 0.00435963
v 0.001911536 -0.002765615 0.004331443
v 0.001980409 -0.0032099 0.004340452
v 0.002012941 -0.003122496 0.004322929
v 0.002016715 -0.003003896 0.004326445
v 0.001997212 -0.002927055 0.004345344
v 0.001962744 -0.002856923 0.004356485
v 0.001959199 -0.003217144 0.004409252
v 0.001902724 -0.002799773 0.004419198
v -0.003902823 0.0009895932 0.004412122
v -0.003906467 0.001090061 0.00439044
v -0.003884858 0.0009251367 0.004430641
v -0.003866086 0.001131898 0.004451291
v -0.003800871 0.0008270983 0.004507198
v -0.003848074 0.0008982379 0.004481578
v -0.00382491 0.001205415 0.004456433
v -0.003873413 0.0009711894 0.004470166
v -0.003874306 0.001050942 0.004469475
v -0.00376191 0.0007637287 0.00445915
v -0.003774436 0.001251471 0.004496876
v -0.00373167 0.001293078 0.004447908
v -0.003756486 0.0007853116 0.004532386
v -0.003691679 0.0007086919 0.004421766
v -0.003654613 0.001323297 0.004428091
v -0.003598838 0.0006868012 0.004471974
v -0.003562707 0.001339003 0.004446938
v -0.003512956 0.0006669498 0.004458456
v -0.003465181 0.0006563411 0.004395289
v -0.003476629 0.001340263 0.004457536
v -0.003441647 0.0006684596 0.004469074
v -0.003401159 0.0006664253 0.004415873
v -0.003395716 0.001325206 0.004471444
v -0.003345513 0.0006857523 0.004397986
v -0.003321051 0.001293646 0.004492089
v -0.003374323 0.0006794158 0.004458062
v -0.003308303 0.0007126966 0.004465643
v -0.003269062 0.001234791 0.004407021
v -0.003248426 0.0007656143 0.004431383
v -0.003199936 0.0008478155 0.004442714
v -0.003178213 0.0009591489 0.00442503
v -0.003183437 0.001073297 0.004432394
v -0.003219227 0.001164355 0.004419181
v -0.003172845 0.0008503232 0.004526138
v -0.003156428 0.0009330916 0.004508208
v -0.003154715 0.001032158 0.004504345
v 0.00129214 -0.003108693 0.004495141
v 0.001275919 -0.003006467 0.004503389
v 0.001288431 -0.002924354 0.004472648
v 0.001311209 -0.002851426 0.004437749
v 0.001324195 -0.00316363 0.004438196
v 0.00133492 -0.00278341 0.004461274
v 0.001419901 -0.003304195 0.004431826
v 0.001359867 -0.003235793 0.004449506
v 0.001381693 -0.002753481 0.004388493
v 0.001319323 -0.003192156 0.004495238
v 0.001480082 -0.003342291 0.00438792
v 0.001444825 -0.002693586 0.004417608
v 0.001551822 -0.003372187 0.004412691
v 0.00153078 -0.002665196 0.004432668
v 0.001637141 -0.003384801 0.004441669
v 0.001635225 -0.002664802 0.004439355
v 0.001723815 -0.0033744 0.004471704
v 0.001744502 -0.002690088 0.004435898
v 0.001791958 -0.002720586 0.004474144
v 0.001735388 -0.002701031 0.004519006
v 0.001798448 -0.003346097 0.00449936
v 0.001844598 -0.002764819 0.004482963
v 0.00186401 -0.003311954 0.004454156
v 0.001921669 -0.003263422 0.00443023
v 0.00189655 -0.002835015 0.004507208
v 0.001845873 -0.00331071 0.004529263
v 0.001945159 -0.003196896 0.004485652
v 0.00193879 -0.002864504 0.004440536
v 0.001978578 -0.003137256 0.0044299
v 0.001994753 -0.003048907 0.00440384
v 0.001975135 -0.002946302 0.004424648
v 0.001939654 -0.002897824 0.004490589
v -0.003808003 0.000897044 0.00457436
v -0.003840014 0.0009992627 0.004541406
v -0.003834865 0.001121298 0.004527212
v -0.003803882 0.001199208 0.004533969
v -0.003777331 0.0008269355 0.004569142
v -0.003765828 0.001229298 0.004571572
v -0.003732752 0.0007919571 0.004595739
v -0.00371652 0.001281215 0.004523428
v -0.003691165 0.0007380648 0.004524814
v -0.003637244 0.00130997 0.004542386
v -0.003611465 0.0007091729 0.004560414
v -0.003548104 0.001334171 0.004550628
v -0.003515791 0.0006821862 0.00453999
v -0.003464722 0.001341016 0.004557738
v -0.003389455 0.0006838 0.004541342
v -0.003385786 0.001330132 0.004575759
v -0.003311093 0.001305148 0.00459692
v -0.003394006 0.0006738628 0.004627296
v -0.003307299 0.0007101676 0.004533773
v -0.003248564 0.001242006 0.004521371
v -0.003232059 0.0007629429 0.00453071
v -0.003193156 0.001164382 0.00450787
v -0.003311087 0.000696307 0.004603064
v -0.00316599 0.0008152456 0.0045758
v -0.003164315 0.001108359 0.004516433
v -0.003130303 0.0008991141 0.004588712
v -0.003127103 0.001006861 0.004578899
v -0.003142034 0.00109627 0.004576978
v -0.003182976 0.0007693745 0.00459933
v -0.003166582 0.001154839 0.004566949
v 0.001298902 -0.003188917 0.004570612
v 0.001272592 -0.003124703 0.004570414
v 0.001256172 -0.003050073 0.004578708
v 0.001259295 -0.00293119 0.004566627
v 0.001295691 -0.002831297 0.004526443
v 0.001230192 -0.002977435 0.004637044
v 0.001234858 -0.002904157 0.004637774
v 0.001339095 -0.003241909 0.00453156
v 0.001331411 -0.002759788 0.004525896
v 0.001396174 -0.003301718 0.004535382
v 0.00137676 -0.002727041 0.004482577
v 0.001358742 -0.002723793 0.004554421
v 0.001474443 -0.003348466 0.00448093
v 0.001432088 -0.002688517 0.004530284
v 0.001550661 -0.003376874 0.004517526
v 0.001533967 -0.002667111 0.004541676
v 0.001636966 -0.003382225 0.00455006
v 0.001643742 -0.002676813 0.004550534
v 0.001708242 -0.002705283 0.004601499
v 0.001730646 -0.00336151 0.004585337
v 0.001783337 -0.002735015 0.004543827
v 0.00180539 -0.003330919 0.004571267
v 0.00184902 -0.003287155 0.004603151
v 0.001836441 -0.002787099 0.004563948
v 0.001896734 -0.003254169 0.004531296
v 0.001919308 -0.002903122 0.004559175
v 0.001875102 -0.00284727 0.004595893
v 0.00183273 -0.002804978 0.004628501
v 0.001930516 -0.003174362 0.004576053
v 0.001951669 -0.002950323 0.004513536
v 0.001956385 -0.003119479 0.004533494
v 0.001967449 -0.003033374 0.004499757
v -0.003787768 0.0009132079 0.00464592
v -0.003804433 0.0009816187 0.004629837
v -0.00380826 0.001079377 0.004611732
v -0.003795494 0.001167229 0.004593303
v -0.003768164 0.0008531564 0.004628476
v -0.003764526 0.001202125 0.004620527
v -0.003715728 0.0008231046 0.004687911
v -0.003711016 0.001243141 0.004633181
v -0.003760631 0.0008890359 0.004685696
v -0.003774248 0.0009588256 0.00469672
v -0.003780351 0.001048742 0.004686372
v -0.003765747 0.001149807 0.004664145
v -0.003663625 0.0007507085 0.004623674
v -0.00361229 0.001297095 0.004659456
v -0.003674675 0.0012463 0.004716244
v -0.003576137 0.000709239 0.004636066
v -0.003524825 0.001331828 0.004635529
v -0.003475684 0.0006796092 0.004636358
v -0.003455279 0.001337705 0.004656907
v -0.003428912 0.0006657062 0.004677871
v -0.003475875 0.0006725118 0.004710533
v -0.00336622 0.0006665407 0.004681711
v -0.003372594 0.001332792 0.004683075
v -0.003300958 0.001313976 0.004678078
v -0.003276442 0.0006802835 0.004697103
v -0.003250233 0.001275986 0.004635206
v -0.003225225 0.0007270496 0.004621381
v -0.003260944 0.001296991 0.004714808
v -0.00317839 0.000753129 0.00463469
v -0.003198319 0.001213781 0.004596178
v -0.003131064 0.0008060824 0.004651392
v -0.003092346 0.0009024653 0.004656835
v -0.00309348 0.0009829282 0.004648328
v -0.003108769 0.001085294 0.004662917
v -0.003153043 0.001166529 0.00464256
v -0.003187236 0.000726457 0.004681256
v -0.003081131 0.0008020376 0.004722709
v -0.003066887 0.0008708772 0.004708376
v -0.003058844 0.0009567107 0.004708271
v -0.003066795 0.001039637 0.004715639
v 0.001208262 -0.003004344 0.004713744
v 0.001215051 -0.002921507 0.004691705
v 0.001231201 -0.003052725 0.004653026
v 0.001229634 -0.002865219 0.004677034
v 0.001297233 -0.00322082 0.004656062
v 0.00125696 -0.003137249 0.004649718
v 0.001261926 -0.002835589 0.004627163
v 0.001312217 -0.002764815 0.004593505
v 0.001222422 -0.003083448 0.004703641
v 0.001242974 -0.002819535 0.004699527
v 0.001340187 -0.003264317 0.004608593
v 0.001361293 -0.002713006 0.004624188
v 0.001397791 -0.003320559 0.004649088
v 0.001469666 -0.003354271 0.00458544
v 0.001439592 -0.002678176 0.00463713
v 0.001550258 -0.003378009 0.004623905
v 0.001531373 -0.002667105 0.004650201
v 0.001636384 -0.003377248 0.004659972
v 0.001617427 -0.002679447 0.004670886
v 0.001690606 -0.002711294 0.004701143
v 0.001716618 -0.00335382 0.004704855
v 0.00177494 -0.002754409 0.004636548
v 0.001791001 -0.003323318 0.004652188
v 0.001812528 -0.002804584 0.004694426
v 0.001842457 -0.003268697 0.004697599
v 0.001855354 -0.00284629 0.004660469
v 0.001892358 -0.003210165 0.004648097
v 0.001895685 -0.002922112 0.004658896
v 0.001923482 -0.003140437 0.00464582
v 0.001938361 -0.002977534 0.004580972
v 0.001941733 -0.003113643 0.004604184
v 0.001947347 -0.003054526 0.004590984
v 0.001928134 -0.003075469 0.004661192
v 0.001926217 -0.003007754 0.00464763
v -0.00368696 0.0008334306 0.004782415
v -0.0037334 0.0009129444 0.004755852
v -0.003749644 0.001017788 0.004754491
v -0.003750219 0.001101417 0.004733658
v -0.0037157 0.001182861 0.004735437
v -0.003633127 0.0007590605 0.004730078
v -0.003680227 0.001223348 0.004761257
v -0.00363279 0.001253961 0.004772698
v -0.003643486 0.0007921235 0.004820797
v -0.003680067 0.001187425 0.00480368
v -0.003541611 0.0007013335 0.004721152
v -0.003534696 0.00130949 0.004749346
v -0.003494627 0.0006805151 0.004781763
v -0.003587026 0.001265143 0.004830654
v -0.003427376 0.0006604207 0.004736575
v -0.003444878 0.001332949 0.004739719
v -0.003358483 0.0006533844 0.004756296
v -0.003395018 0.001332502 0.004773503
v -0.003292207 0.0006517005 0.004780231
v -0.003320353 0.001322729 0.004763273
v -0.003247716 0.001293113 0.004792262
v -0.003201766 0.0006781235 0.004772682
v -0.003199047 0.00124455 0.004707912
v -0.003125834 0.000742616 0.004731467
v -0.003126034 0.00117472 0.004752271
v -0.003063774 0.0007665082 0.004777172
v -0.003080638 0.001106514 0.00474277
v -0.003035584 0.0008399514 0.004768293
v -0.00302485 0.0009269491 0.004770502
v -0.003032336 0.001014216 0.004775412
v -0.003051431 0.001078393 0.00477686
v 0.001200971 -0.003071634 0.004780492
v 0.001187464 -0.002990187 0.004788984
v 0.001196661 -0.00292512 0.004763741
v 0.001216325 -0.002860295 0.00473523
v 0.001231893 -0.003135547 0.004737664
v 0.001239854 -0.00279621 0.00476669
v 0.001273139 -0.003209799 0.004749082
v 0.001290315 -0.002760975 0.004691056
v 0.001335513 -0.003276874 0.0047064
v 0.001357578 -0.002701383 0.0047207
v 0.001398349 -0.003327796 0.004755416
v 0.001470715 -0.003359603 0.004692057
v 0.00143723 -0.002671034 0.004740125
v 0.00155292 -0.003376368 0.004729656
v 0.001524078 -0.002665149 0.00475542
v 0.001636402 -0.003371281 0.004766573
v 0.001607243 -0.002681138 0.004772977
v 0.001679711 -0.002715566 0.004799115
v 0.001711351 -0.003345862 0.004809672
v 0.001751268 -0.002757851 0.00473968
v 0.001787493 -0.003306771 0.004762165
v 0.001800085 -0.002817475 0.004783214
v 0.001840199 -0.00325541 0.004773603
v 0.001849174 -0.002865634 0.004728185
v 0.001872489 -0.00320583 0.004751332
v 0.001901817 -0.003122802 0.004729094
v 0.00190174 -0.003013095 0.004731976
v 0.001874775 -0.00293101 0.004756365
v 0.00185601 -0.003216771 0.004818295
v -0.003697327 0.000898973 0.004836219
v -0.003715093 0.0009887707 0.004824592
v -0.003715089 0.00109745 0.004803226
v -0.003669799 0.0008398971 0.004849431
v -0.003676559 0.001135598 0.004858273
v -0.003628007 0.00081615 0.004902879
v -0.003633406 0.00120324 0.004864147
v -0.003668261 0.0008809897 0.00489128
v -0.003680832 0.0009575526 0.004893432
v -0.003685272 0.001054384 0.004878802
v -0.003575547 0.0007364459 0.004829334
v -0.003578276 0.001240957 0.004898673
v -0.003498792 0.0006886128 0.004877016
v -0.003538559 0.001283242 0.004853007
v -0.003428463 0.0006563587 0.004815831
v -0.003462593 0.001311726 0.004833901
v -0.00335306 0.0006400871 0.004835413
v -0.003374845 0.001322086 0.004846612
v -0.003269295 0.0006371962 0.004850766
v -0.003301499 0.001314557 0.00485596
v -0.003240237 0.001290107 0.004885685
v -0.003163347 0.0006448285 0.004881749
v -0.003181617 0.00124851 0.004827398
v -0.003107328 0.0007035875 0.004808442
v -0.003116641 0.001201664 0.004873579
v -0.00304353 0.0007350256 0.004832273
v -0.003071731 0.001137012 0.004819162
v -0.003009965 0.0007984293 0.004827452
v -0.002989924 0.0008867302 0.004832511
v -0.002989947 0.0009927347 0.004857681
v -0.003027862 0.001079789 0.004847023
v -0.003061726 0.0006846972 0.004879235
v -0.003012783 0.0006806235 0.004925894
v -0.002992839 0.0007420902 0.004891114
v -0.002958303 0.0008347019 0.004891607
v -0.002946494 0.0009289436 0.004907703
v 0.001184445 -0.003096281 0.004868172
v 0.001173001 -0.00301633 0.004853692
v 0.001176423 -0.002928127 0.004847074
v 0.001200666 -0.002850941 0.004818329
v 0.00122261 -0.003154507 0.004818192
v 0.001228664 -0.00277648 0.004858012
v 0.001262738 -0.003225214 0.004866859
v 0.001286656 -0.002734528 0.004793091
v 0.00132934 -0.003281635 0.00481558
v 0.001351115 -0.002687462 0.004822425
v 0.001402557 -0.003329637 0.004862158
v 0.001475826 -0.003359904 0.00479635
v 0.001433054 -0.002662745 0.00484352
v 0.001560549 -0.00337096 0.004832206
v 0.001523568 -0.00266192 0.004854204
v 0.001641847 -0.003363082 0.004863421
v 0.001606244 -0.002682615 0.00486683
v 0.001674938 -0.002720376 0.004891107
v 0.001706804 -0.003338047 0.004899936
v 0.001740057 -0.002766924 0.004837334
v 0.00176766 -0.003304509 0.004864443
v 0.001821607 -0.003259885 0.004838604
v 0.001792404 -0.002841889 0.004889729
v 0.001846787 -0.003201958 0.004885842
v 0.001840455 -0.002888749 0.004815853
v 0.001874939 -0.003145753 0.00483608
v 0.001887366 -0.003062969 0.004813465
v 0.001869492 -0.002976125 0.004838846
v 0.001837022 -0.002917527 0.004893148
v -0.00360535 0.0008313211 0.004990206
v -0.0036406 0.0009110185 0.004957517
v -0.003649788 0.001022807 0.00494725
v -0.003646733 0.001119747 0.004917628
v -0.003603888 0.001183151 0.004938068
v -0.003558211 0.0007539444 0.004963272
v -0.00356957 0.001220599 0.004944664
v -0.003489411 0.0006883558 0.004957347
v -0.003515905 0.001251494 0.004939948
v -0.003580425 0.0008003854 0.005021614
v -0.003566006 0.001182719 0.00498627
v -0.003420503 0.0006506385 0.004911835
v -0.003424074 0.001294595 0.004925768
v -0.003446056 0.0006646401 0.004995899
v -0.003453567 0.001249805 0.005002242
v -0.003336743 0.0006288054 0.004906174
v -0.003347273 0.001308509 0.004923334
v -0.003384386 0.001277237 0.004997597
v -0.00326424 0.0006171427 0.004941889
v -0.003289659 0.001305426 0.004922529
v -0.003255836 0.001286416 0.004958942
v -0.003313278 0.001290077 0.004984546
v -0.003177676 0.0006026413 0.004981414
v -0.003182861 0.001251451 0.004955055
v -0.003109022 0.00121133 0.004957297
v -0.003186297 0.0005773185 0.005046045
v -0.003069588 0.0006309713 0.004959243
v -0.003055379 0.001157598 0.004935163
v -0.002994165 0.001080177 0.004935959
v -0.003117447 0.0005848889 0.005029336
v -0.003085531 0.001199147 0.004990195
v -0.00299268 0.0006618543 0.004968991
v -0.002945391 0.001018485 0.004962961
v -0.002966725 0.0007055199 0.004950014
v -0.002926235 0.0007774925 0.004961325
v -0.002911287 0.0008785409 0.004956873
v -0.002911582 0.0009530123 0.004971077
v -0.002967409 0.001079756 0.004996764
v -0.002881438 0.0007652246 0.005028193
v -0.002874326 0.0008432997 0.005018024
v -0.002878923 0.0009267814 0.005017657
v 0.001170492 -0.003105571 0.004926475
v 0.001156689 -0.003047172 0.004926815
v 0.001152041 -0.002953783 0.004926513
v 0.001170933 -0.002834451 0.004942108
v 0.001151616 -0.003102895 0.005002081
v 0.001127866 -0.002993628 0.004999799
v 0.001127865 -0.002900351 0.005001939
v 0.001131816 -0.002842939 0.005017297
v 0.001201784 -0.003161771 0.004918845
v 0.001221926 -0.002750468 0.00493383
v 0.001244591 -0.003227039 0.004953873
v 0.00127594 -0.00271642 0.00488665
v 0.001198179 -0.003190388 0.005008509
v 0.001254133 -0.002706577 0.004962878
v 0.001324241 -0.003285281 0.004948897
v 0.001333978 -0.002672432 0.004936893
v 0.001418623 -0.003331175 0.004951165
v 0.001486072 -0.003355389 0.004896286
v 0.00143818 -0.002651164 0.004946141
v 0.001491678 -0.003343538 0.004992038
v 0.001576459 -0.003359519 0.004935834
v 0.001534021 -0.002659541 0.00494528
v 0.001562862 -0.00334481 0.005020202
v 0.001653608 -0.003352754 0.004936087
v 0.001612077 -0.002686466 0.004951211
v 0.001671175 -0.002725583 0.004974387
v 0.001697205 -0.003329 0.004974151
v 0.001728635 -0.002773253 0.004932018
v 0.001751479 -0.003294913 0.00495202
v 0.001804663 -0.003248611 0.004923907
v 0.001812741 -0.002921081 0.004984955
v 0.001765298 -0.002833098 0.004980444
v 0.001727646 -0.003292997 0.005016094
v 0.001832435 -0.003181662 0.00496466
v 0.001850273 -0.002973293 0.004926096
v 0.00185931 -0.003141654 0.004920453
v 0.001865346 -0.00305846 0.004916079
v 0.001843659 -0.003002719 0.004981051
v -0.003605829 0.0008969088 0.005032702
v -0.003612593 0.0009916974 0.005017618
v -0.003605809 0.001102665 0.004990759
v -0.003588804 0.0008363039 0.005043837
v -0.003566524 0.001134919 0.005028259
v -0.003548594 0.0007996103 0.005077128
v -0.003512751 0.001173508 0.005050512
v -0.003578525 0.0008749359 0.005079838
v -0.003580362 0.0009546919 0.005082902
v -0.003566552 0.001066053 0.005067309
v -0.003498885 0.0007131405 0.005034714
v -0.003421312 0.00121726 0.005082948
v -0.003433544 0.0006701131 0.005075637
v -0.003474305 0.001156194 0.005126781
v -0.003363999 0.0006302947 0.004997772
v -0.003344018 0.001257998 0.005053779
v -0.003266076 0.0005955203 0.00504496
v -0.003265406 0.001260007 0.00504193
v -0.003215553 0.000567388 0.005102939
v -0.003151763 0.0005643377 0.005082183
v -0.003195252 0.001243761 0.005058128
v -0.003076571 0.0005687732 0.005094938
v -0.00312743 0.001222391 0.005033477
v -0.003049054 0.0005994019 0.005027852
v -0.003068917 0.001186804 0.005035867
v -0.003105837 0.001206394 0.00510142
v -0.003003162 0.0006317064 0.005005405
v -0.003007089 0.001131218 0.005033435
v -0.002931428 0.000683045 0.005022152
v -0.002941236 0.001072966 0.005066164
v -0.002990968 0.0006082857 0.00506495
v -0.002864848 0.0007242817 0.005069202
v -0.002899003 0.0009983541 0.005031283
v -0.002833983 0.0008046358 0.005088946
v -0.002842241 0.0009028032 0.005079286
v -0.002862627 0.000968618 0.005074055
v -0.002877346 0.0006755151 0.005085261
v 0.001121616 -0.003111386 0.005105732
v 0.001102603 -0.003024623 0.005082865
v 0.001096661 -0.002925356 0.005074082
v 0.001108611 -0.002855623 0.005062194
v 0.001160649 -0.003162545 0.005066779
v 0.001133859 -0.002788204 0.005066621
v 0.001198637 -0.003213658 0.005087812
v 0.001198179 -0.002738283 0.005011864
v 0.001251646 -0.003247706 0.005028688
v 0.00125677 -0.00267773 0.005035677
v 0.001308515 -0.003283225 0.005057069
v 0.001345571 -0.00264018 0.005050218
v 0.001376365 -0.002614798 0.005127578
v 0.001397972 -0.003313203 0.005049826
v 0.001463972 -0.00264073 0.005047793
v 0.001448698 -0.002623542 0.00514015
v 0.001509829 -0.003322125 0.005092643
v 0.001556655 -0.002664692 0.005016131
v 0.001594524 -0.003327788 0.005070841
v 0.001634212 -0.003341274 0.005006339
v 0.001619498 -0.002696001 0.00502871
v 0.001686093 -0.003316386 0.00503207
v 0.001665933 -0.002728646 0.005029575
v 0.001647937 -0.003314988 0.005072136
v 0.001651198 -0.002734598 0.005096526
v 0.001700702 -0.00327359 0.005088102
v 0.001711289 -0.00277781 0.005027331
v 0.001777145 -0.003222913 0.005028703
v 0.001817086 -0.003012248 0.005058401
v 0.001797287 -0.002937796 0.005064399
v 0.001763823 -0.002870066 0.00506674
v 0.00171129 -0.002809534 0.005118658
v 0.001822509 -0.003145649 0.00502771
v 0.001847024 -0.003054753 0.004999881
v 0.00184897 -0.003112825 0.004982243
v 0.001831497 -0.003088288 0.005038995
v -0.003511728 0.0008153574 0.005176995
v -0.003544531 0.0009038532 0.005142873
v -0.003546871 0.001002922 0.005130381
v -0.003512804 0.001089551 0.005138395
v -0.003485834 0.000735049 0.005129559
v -0.003477422 0.001124519 0.005164838
v -0.003421267 0.0006840584 0.005178706
v -0.003432131 0.001151576 0.005176952
v -0.003476894 0.001084056 0.005200154
v -0.003355494 0.0006264992 0.005112104
v -0.003335785 0.001209886 0.005150264
v -0.003387589 0.001150737 0.005227612
v -0.003283854 0.0005866834 0.005142533
v -0.003242418 0.001233562 0.005120915
v -0.003232957 0.0005614683 0.005163289
v -0.003273749 0.0005755695 0.005203486
v -0.003161611 0.0005511167 0.005148517
v -0.003171979 0.001221546 0.00513263
v -0.003119903 0.001199485 0.005178854
v -0.003087479 0.0005449028 0.005169054
v -0.003058069 0.0011761 0.00512366
v -0.002984997 0.0005675865 0.005159988
v -0.002994652 0.001134181 0.005152558
v -0.002918781 0.000630118 0.005097039
v -0.00292336 0.001090442 0.005187211
v -0.002870589 0.0006536102 0.005115318
v -0.002880926 0.00102758 0.005118339
v -0.002823183 0.0007045956 0.005138745
v -0.002787143 0.0008029316 0.005157278
v -0.002796371 0.0008902547 0.005157279
v -0.002833697 0.0009697206 0.005142457
v -0.002879613 0.0006203664 0.005152755
v -0.002767556 0.0006896617 0.005204509
v -0.002753284 0.0007635615 0.005204853
v -0.002750332 0.0008517776 0.00521411
v 0.001110686 -0.003130771 0.005179916
v 0.001075719 -0.003053702 0.005179172
v 0.001063776 -0.002950148 0.005154331
v 0.001070094 -0.002828144 0.005158731
v 0.001032093 -0.002978066 0.005231126
v 0.001027473 -0.002888929 0.005220158
v 0.001026275 -0.002829573 0.00522602
v 0.001151137 -0.00317417 0.005138053
v 0.001109788 -0.002741777 0.005152844
v 0.00119671 -0.003222495 0.005172452
v 0.001171825 -0.00269399 0.005123164
v 0.001118124 -0.002699553 0.005181824
v 0.001254141 -0.003257118 0.005115448
v 0.00125361 -0.00264112 0.005120556
v 0.00130708 -0.002616508 0.005134896
v 0.001257564 -0.002611723 0.005180457
v 0.001326895 -0.003287449 0.005137996
v 0.001310732 -0.002597565 0.00519522
v 0.001414769 -0.003302383 0.005160904
v 0.001386088 -0.00259913 0.005203484
v 0.001467346 -0.002621952 0.005212891
v 0.00149517 -0.003298129 0.005188576
v 0.00154712 -0.002666119 0.005119739
v 0.001613903 -0.002721329 0.005193206
v 0.001603231 -0.003286726 0.005159719
v 0.001670675 -0.002774798 0.005170671
v 0.001706218 -0.002844959 0.00520475
v 0.001651158 -0.003229648 0.005228559
v 0.001685633 -0.003242808 0.00516428
v 0.001744167 -0.002876288 0.005145865
v 0.001739351 -0.003201366 0.005133733
v 0.001791397 -0.003111663 0.005104183
v 0.001792651 -0.003030646 0.005126067
v 0.001776364 -0.002955336 0.005135558
v 0.001704872 -0.00319788 0.005202511
v 0.001742802 -0.002913221 0.005195229
v -0.003487692 0.0008229325 0.005244779
v -0.00350327 0.0008957375 0.005226513
v -0.003508426 0.0009990716 0.005197704
v -0.003468675 0.000757602 0.005220828
v -0.00347564 0.00103747 0.005237854
v -0.003414006 0.0007205342 0.005292115
v -0.003432429 0.001083299 0.005259246
v -0.003459044 0.0007937535 0.005286124
v -0.003469079 0.0008691358 0.005295566
v -0.003468132 0.0009756048 0.005276937
v -0.003339298 0.0006242808 0.005233207
v -0.003387929 0.001126132 0.005270046
v -0.003277786 0.0005778254 0.005256307
v -0.003337198 0.001156558 0.005263732
v -0.003382509 0.001094617 0.00531484
v -0.003216299 0.0005518372 0.00522513
v -0.003250304 0.001201427 0.005211658
v -0.003241973 0.0005616103 0.005296542
v -0.003276339 0.001162279 0.005298812
v -0.003141704 0.0005365872 0.005214554
v -0.003178587 0.001203852 0.005214164
v -0.003146095 0.001187503 0.0052547
v -0.003209845 0.001179973 0.005284851
v -0.003071363 0.0005282351 0.005237703
v -0.003072144 0.001168502 0.005241485
v -0.002980673 0.0005193704 0.005262064
v -0.002985606 0.001135787 0.005271248
v -0.002908226 0.001102911 0.005299699
v -0.002983491 0.0004858512 0.0053279
v -0.002887789 0.0005637401 0.005222701
v -0.002849799 0.001039646 0.005227681
v -0.002813023 0.0006291205 0.005201723
v -0.002794541 0.0009685576 0.005217887
v -0.002892259 0.0005035956 0.005307656
v -0.002752608 0.000646149 0.005242348
v -0.002761629 0.000918131 0.005224623
v -0.002717135 0.0007157625 0.005254712
v -0.002700333 0.0008202379 0.005282318
v -0.002728031 0.0009081364 0.00527865
v -0.002791548 0.0005018474 0.00533398
v -0.00278999 0.0005718006 0.005271881
v -0.002758511 0.0009595945 0.005270181
v -0.002720245 0.0005474951 0.005324363
v -0.002696553 0.0006371858 0.00530102
v -0.002659663 0.0007432978 0.005319939
v 0.001009375 -0.003003656 0.005306522
v 0.0009962225 -0.002919358 0.005291603
v 0.000997894 -0.002833219 0.005281304
v 0.00104324 -0.00304764 0.005258275
v 0.0010235 -0.00277544 0.005256373
v 0.001083767 -0.003117508 0.005263195
v 0.001072221 -0.0027142 0.005234038
v 0.001021968 -0.002722188 0.005292799
v 0.001141369 -0.003179081 0.005222664
v 0.001132331 -0.002662459 0.005214657
v 0.001195711 -0.003223701 0.005264344
v 0.001197538 -0.00263256 0.005193387
v 0.001157074 -0.002618255 0.00525967
v 0.001259958 -0.003258882 0.005204787
v 0.001229598 -0.002593076 0.005255898
v 0.001337238 -0.003279667 0.005232416
v 0.001315152 -0.002578302 0.005272621
v 0.001422688 -0.003282756 0.00525662
v 0.001397945 -0.002588468 0.005283812
v 0.001473957 -0.002619308 0.005303973
v 0.001517084 -0.003270319 0.005268182
v 0.001542298 -0.002666072 0.005241792
v 0.001591955 -0.003252564 0.005255442
v 0.001600741 -0.002730377 0.005296556
v 0.001556984 -0.003240411 0.005311263
v 0.001610837 -0.003208917 0.005304949
v 0.001655599 -0.00278256 0.005243612
v 0.001714769 -0.002927061 0.0052652
v 0.001678856 -0.002848002 0.005286686
v 0.001644488 -0.002795691 0.005310619
v 0.001678788 -0.003158555 0.005275158
v 0.001750612 -0.002968499 0.005212254
v 0.001738633 -0.003134458 0.005199035
v 0.001762693 -0.003041532 0.005190132
v 0.001717595 -0.003075588 0.005269076
v 0.00173168 -0.003004822 0.00525848
v -0.00338952 0.000735499 0.005396582
v -0.003428956 0.0008165112 0.005360715
v -0.003436425 0.000923081 0.005354861
v -0.003419407 0.001018233 0.005337175
v -0.003354777 0.0006618193 0.005351882
v -0.003371962 0.001046313 0.005385727
v -0.003325216 0.001112072 0.005350275
v -0.003353605 0.0006868768 0.005429072
v -0.003297115 0.0005996219 0.005324187
v -0.003250991 0.001132454 0.005369475
v -0.003236211 0.0005693486 0.005378153
v -0.003163011 0.000533662 0.005300161
v -0.003153928 0.00115654 0.005347616
v -0.003064694 0.0005007 0.005331802
v -0.003058563 0.001150709 0.005359888
v -0.003020332 0.0004716809 0.005373881
v -0.003070509 0.0004814229 0.005408625
v -0.002954145 0.0004623761 0.005376305
v -0.002969824 0.001134394 0.005391055
v -0.002894795 0.001111607 0.005385788
v -0.002864975 0.0004567654 0.005382401
v -0.0028428 0.001073124 0.005342714
v -0.002852112 0.001095357 0.005424975
v -0.002769258 0.0004570633 0.005393111
v -0.002790351 0.001013898 0.005301796
v -0.002729373 0.0005010602 0.005351651
v -0.00268442 0.0009111815 0.005357502
v -0.002737369 0.000973031 0.005340384
v -0.002692825 0.0005243674 0.005351059
v -0.0026405 0.0008396197 0.00537305
v -0.002647717 0.0005675768 0.005369002
v -0.002621687 0.0006796754 0.00536186
v -0.002611251 0.0007637009 0.00537691
v -0.002693303 0.0004936783 0.005382333
v -0.002648243 0.0009011527 0.005401876
v -0.002588194 0.0005542231 0.005424704
v -0.002575119 0.0006334941 0.005418571
v -0.002572014 0.0007308932 0.005422016
v 0.001001546 -0.003035649 0.005373682
v 0.0009710791 -0.002958169 0.005378751
v 0.0009614552 -0.002855312 0.005356283
v 0.0009734801 -0.002741365 0.005358486
v 0.0009290972 -0.002887442 0.005428569
v 0.0009217722 -0.002799483 0.00542203
v 0.0009196461 -0.00273909 0.005430702
v 0.001035876 -0.003074236 0.005326817
v 0.001032915 -0.002671488 0.005327224
v 0.001074769 -0.003132768 0.005365469
v 0.001097035 -0.002639763 0.005290271
v 0.001064196 -0.002612437 0.00536264
v 0.001133435 -0.003179495 0.005320007
v 0.001143727 -0.002585156 0.005339546
v 0.001197497 -0.003219397 0.005360485
v 0.00126467 -0.003252654 0.005298106
v 0.001239649 -0.002560222 0.005349117
v 0.001342017 -0.003262729 0.005326421
v 0.001329957 -0.002561113 0.005355936
v 0.001427084 -0.003251455 0.005355655
v 0.001409257 -0.002582519 0.005368036
v 0.001505117 -0.003242226 0.005344334
v 0.001476861 -0.002621781 0.005394232
v 0.001469844 -0.003220179 0.005403303
v 0.001543176 -0.003200425 0.005379714
v 0.001536499 -0.002667136 0.005337873
v 0.001616005 -0.002789854 0.005377981
v 0.001574864 -0.00271819 0.00537623
v 0.001616792 -0.003140062 0.005371601
v 0.001654895 -0.002841194 0.005345066
v 0.001673585 -0.003091971 0.005333055
v 0.001687369 -0.003004367 0.005338005
v 0.00167606 -0.002906766 0.005341953
v 0.001643441 -0.003061198 0.005396162
v 0.001650502 -0.003002597 0.0054114
v -0.003393531 0.0008051701 0.005446871
v -0.003404443 0.0008876458 0.005427283
v -0.003398687 0.0009740858 0.005406474
v -0.00336151 0.0007451239 0.005480326
v -0.00336682 0.001008578 0.005433073
v -0.003332002 0.0006822934 0.005477914
v -0.003313888 0.001050959 0.005447985
v -0.003371598 0.0008029332 0.005497755
v -0.003374118 0.0008593806 0.005494094
v -0.003364067 0.0009532729 0.005474559
v -0.003305641 0.0006310767 0.005425043
v -0.003213121 0.00109992 0.005469505
v -0.003236475 0.0005955242 0.005496433
v -0.003296748 0.0006542042 0.005504068
v -0.003273653 0.001042839 0.005525593
v -0.0031483 0.0005237825 0.005423274
v -0.003122031 0.001135024 0.005440782
v -0.003085973 0.0004820147 0.005485308
v -0.003017163 0.0004565669 0.005434234
v -0.003050463 0.001137035 0.005462708
v -0.002939109 0.000433751 0.005447083
v -0.002987308 0.001136052 0.005484475
v -0.002846539 0.000414104 0.005457023
v -0.002914311 0.001122696 0.005472496
v -0.002842862 0.0010955 0.005500813
v -0.00286179 0.0003831352 0.005521948
v -0.002765446 0.000417268 0.005450028
v -0.002781793 0.001044294 0.005423029
v -0.002705532 0.0009788011 0.005422337
v -0.002798522 0.0003856604 0.00550322
v -0.002711409 0.0004478629 0.005425719
v -0.002661998 0.0009360315 0.005422586
v -0.002635628 0.0004852724 0.005436368
v -0.002624924 0.0009044525 0.005465885
v -0.002710057 0.0004081851 0.005490479
v -0.002670202 0.0009655842 0.005475504
v -0.002576897 0.0005217511 0.005450503
v -0.002588606 0.0008159094 0.005435239
v -0.002533472 0.0005695249 0.005480669
v -0.002521545 0.0006974382 0.005492287
v -0.002546971 0.0007833841 0.005484128
v -0.002572025 0.0004852667 0.005484475
v -0.00248027 0.0005566798 0.005541661
v -0.002475634 0.0006346343 0.005538613
v 0.0009047503 -0.002914251 0.005502387
v 0.0008936336 -0.002838691 0.005479108
v 0.0008733579 -0.002746566 0.00550065
v 0.0008325222 -0.00273492 0.005546106
v 0.0009413619 -0.002959726 0.005456517
v 0.00092397 -0.002681049 0.005453032
v 0.000983551 -0.003039605 0.005462644
v 0.0009903093 -0.002623224 0.005427032
v 0.0009300073 -0.002624857 0.005480196
v 0.00102729 -0.003090471 0.00540544
v 0.001074276 -0.002565831 0.005426747
v 0.001062172 -0.003133481 0.005437491
v 0.001028861 -0.00310486 0.005469474
v 0.001091382 -0.002518107 0.005501276
v 0.001129188 -0.003175815 0.005438549
v 0.001163064 -0.002539817 0.005428828
v 0.00120979 -0.003212604 0.005440251
v 0.00117671 -0.002506613 0.005511092
v 0.00126851 -0.00323923 0.005387988
v 0.001263001 -0.002533963 0.005445173
v 0.001270291 -0.003215936 0.005471117
v 0.001246937 -0.002510058 0.00553194
v 0.001336449 -0.003237276 0.005416488
v 0.001351155 -0.002554951 0.005427162
v 0.00139025 -0.003204908 0.005466046
v 0.001323095 -0.003213862 0.005479866
v 0.001475462 -0.00317253 0.005466596
v 0.00141315 -0.002582513 0.005456208
v 0.001477417 -0.002634701 0.005485266
v 0.001493135 -0.003111134 0.005522407
v 0.001547185 -0.003138617 0.005449078
v 0.001531382 -0.002676974 0.005423811
v 0.001592966 -0.003084745 0.005448213
v 0.001615912 -0.003018336 0.005455491
v 0.001598976 -0.002840845 0.005464318
v 0.001571691 -0.002747295 0.005445895
v 0.001546503 -0.003088192 0.005496964
v 0.001630915 -0.00296695 0.005447576
v 0.001641694 -0.002872974 0.005398959
v 0.001655957 -0.002946357 0.005401038
v 0.00162666 -0.00291457 0.00544673
v -0.00333671 0.00081226 0.005551653
v -0.003343223 0.0009027376 0.005537775
v -0.003312159 0.0009817564 0.005541903
v -0.003318609 0.0007153799 0.005535607
v -0.00327733 0.001016503 0.005567259
v -0.003214677 0.0006142933 0.005597556
v -0.003267951 0.0006684973 0.005570276
v -0.003228914 0.001043977 0.005576848
v -0.003274295 0.0009824594 0.005602384
v -0.003155228 0.000540022 0.005561981
v -0.003127315 0.00109943 0.00555308
v -0.003085976 0.0004804057 0.005561518
v -0.003182966 0.0005828698 0.005622389
v -0.003181694 0.001047801 0.005628055
v -0.003015485 0.0004419516 0.005523173
v -0.003035446 0.00112639 0.005536892
v -0.003050026 0.00045814 0.005602153
v -0.002925496 0.000405099 0.00552262
v -0.002969958 0.0011247 0.005552158
v -0.002895706 0.0003766527 0.00558229
v -0.002835348 0.000365324 0.005555542
v -0.002898478 0.001114148 0.00556163
v -0.002839784 0.001091307 0.005583669
v -0.002772423 0.0003619728 0.00556188
v -0.002790773 0.001066033 0.005531687
v -0.00267982 0.0003667895 0.005575949
v -0.002723953 0.001017166 0.005521819
v -0.002622403 0.0004286417 0.005507212
v -0.002603585 0.0009217694 0.005571115
v -0.002658123 0.0009691074 0.00554981
v -0.002571491 0.0004456265 0.005519963
v -0.002567352 0.0008552522 0.005518621
v -0.002521416 0.0004766219 0.005544447
v -0.002512295 0.000801707 0.005579901
v -0.002586747 0.0004063157 0.005562252
v -0.002558486 0.0008804669 0.005598228
v -0.002461169 0.000514538 0.005579724
v -0.002473908 0.0007140848 0.005566221
v -0.002434392 0.0005894568 0.005594588
v -0.002441866 0.0006720973 0.005594894
v -0.002474362 0.0004607135 0.00560043
v 0.0008049987 -0.002738387 0.005587467
v 0.0008327276 -0.002771902 0.005553406
v 0.0008318764 -0.002691125 0.005557324
v 0.0008930222 -0.002952452 0.005583743
v 0.0008545989 -0.002849148 0.005561345
v 0.0008794086 -0.002634502 0.005531977
v 0.0008131795 -0.00279643 0.005590701
v 0.0008302525 -0.002642809 0.005576766
v 0.0009343327 -0.002991576 0.005525916
v 0.0009421338 -0.002579394 0.005512024
v 0.001019871 -0.003098786 0.00553556
v 0.0009707232 -0.003052577 0.005565759
v 0.001011389 -0.002546766 0.005498407
v 0.0009296617 -0.003013974 0.005596724
v 0.0009636695 -0.002527569 0.005555349
v 0.001068292 -0.003139958 0.00550202
v 0.00102678 -0.002498458 0.005566315
v 0.001116933 -0.003162448 0.005535302
v 0.001109701 -0.002483221 0.005575005
v 0.001193411 -0.00318341 0.005528997
v 0.00119031 -0.002486247 0.005586405
v 0.001268714 -0.002507835 0.00560188
v 0.001296367 -0.003173183 0.005558086
v 0.001331537 -0.002542101 0.005518686
v 0.00139922 -0.003124342 0.005573491
v 0.001324939 -0.003129044 0.005622597
v 0.001461837 -0.003061291 0.005590331
v 0.001414062 -0.002592131 0.005551715
v 0.001476811 -0.00266415 0.005581394
v 0.001485497 -0.002980444 0.0056209
v 0.001518284 -0.003047491 0.005550702
v 0.001527373 -0.002701279 0.005505315
v 0.00156973 -0.003031375 0.005504875
v 0.00158808 -0.002939835 0.005504182
v 0.001565196 -0.002850436 0.005537019
v 0.001557304 -0.002776417 0.005520388
v 0.001540952 -0.00298263 0.005557436
v 0.001530374 -0.002895886 0.005593139
v 0.001532198 -0.002799782 0.005587126
v 0.001522489 -0.002732382 0.005567593
v -0.003292998 0.0008298199 0.005621886
v -0.003302849 0.0009062939 0.005599845
v -0.003288091 0.0007516748 0.005604915
v -0.003269163 0.000942541 0.005636791
v -0.003225969 0.000703374 0.005659624
v -0.003223873 0.0009858347 0.005654692
v -0.003257742 0.0007967311 0.005658949
v -0.003254357 0.0008873897 0.005663491
v -0.003193435 0.0006209996 0.005653871
v -0.003179812 0.001027332 0.005666842
v -0.003151444 0.0005740332 0.005663178
v -0.003127739 0.001055513 0.005659734
v -0.003168191 0.0009997477 0.005698689
v -0.003101844 0.0005060448 0.005631597
v -0.003039449 0.001098878 0.005618892
v -0.00304572 0.0004722427 0.005677396
v -0.003064475 0.001058586 0.00569055
v -0.002979622 0.0004169845 0.005613846
v -0.002949678 0.001105421 0.00562362
v -0.002914555 0.0003761753 0.005668727
v -0.002994176 0.001071188 0.005686662
v -0.002841011 0.0003516572 0.005618467
v -0.002888503 0.001100736 0.005622417
v -0.002852938 0.001077726 0.00564815
v -0.002913782 0.001076275 0.005677619
v -0.002767803 0.0003323996 0.005642293
v -0.002785231 0.001050529 0.005621467
v -0.002690129 0.0003178135 0.005665361
v -0.002706676 0.001007846 0.005624259
v -0.00264744 0.0009678022 0.005641197
v -0.002694885 0.000284835 0.005729243
v -0.002693742 0.0009923965 0.005695742
v -0.002617057 0.0003533688 0.005623001
v -0.002593937 0.0009252656 0.005661499
v -0.00252608 0.0003941445 0.005625911
v -0.002486988 0.0008266818 0.005687883
v -0.002539529 0.000875616 0.005672572
v -0.002608418 0.0003106756 0.005699967
v -0.002464424 0.000435962 0.005630431
v -0.002444649 0.0007501072 0.005655786
v -0.002417451 0.0004946544 0.005643731
v -0.002391526 0.0005876624 0.005654617
v -0.002406242 0.0006598174 0.005650114
v -0.002452966 0.0004060723 0.005667473
v -0.002454283 0.0008022317 0.005713055
v -0.002362845 0.0004863243 0.005704074
v -0.002358319 0.0005538503 0.005702537
v -0.002364196 0.0006340061 0.005709388
v 0.0007849868 -0.002782084 0.005629254
v 0.0007700311 -0.002735456 0.005642724
v 0.0007917465 -0.002666347 0.005619035
v 0.0007487368 -0.002797934 0.005703001
v 0.0007360976 -0.002695139 0.005693389
v 0.0007611507 -0.002584471 0.005689047
v 0.000770714 -0.00248058 0.00573187
v 0.0008027802 -0.002841219 0.005641938
v 0.0008329627 -0.002593185 0.005608394
v 0.0009045033 -0.003001718 0.005662813
v 0.0008457284 -0.002927719 0.005667553
v 0.0009011562 -0.002549937 0.005581082
v 0.0007858903 -0.002885051 0.005721036
v 0.0008563508 -0.002504222 0.005665229
v 0.0008490843 -0.002427285 0.005737687
v 0.000957888 -0.003051908 0.005650368
v 0.0009540247 -0.002490259 0.005619302
v 0.001014414 -0.0030942 0.005623662
v 0.000946569 -0.002435508 0.005703931
v 0.001069649 -0.003133091 0.005582089
v 0.001045637 -0.002457411 0.005648665
v 0.001075641 -0.003118615 0.005670073
v 0.001033444 -0.002422483 0.005725787
v 0.001134099 -0.003151536 0.005609837
v 0.001134255 -0.002464417 0.005637771
v 0.001148599 -0.00312602 0.005694657
v 0.001206099 -0.003151376 0.005630221
v 0.001203189 -0.00247669 0.005663659
v 0.001262859 -0.003116344 0.005678569
v 0.001281055 -0.00251214 0.005690465
v 0.001201356 -0.003124423 0.005697488
v 0.00133786 -0.003080905 0.005676671
v 0.001347336 -0.002550917 0.005622486
v 0.001404824 -0.0030178 0.005678245
v 0.001345221 -0.003032785 0.0057266
v 0.001445673 -0.002940001 0.005693178
v 0.001414264 -0.002609364 0.005645696
v 0.001480592 -0.002892167 0.005669613
v 0.001497177 -0.002815112 0.005654486
v 0.001495139 -0.002735448 0.005631483
v 0.001453533 -0.002673083 0.005671508
v 0.001445976 -0.002884169 0.005723297
v 0.001412862 -0.00263081 0.005713437
v -0.003176343 0.0007291169 0.005730278
v -0.003203439 0.0008182836 0.005713814
v -0.003195115 0.0009264776 0.00571106
v -0.003170924 0.0006504015 0.005706215
v -0.003146606 0.0009615486 0.005737059
v -0.003129777 0.0006071404 0.005730753
v -0.003110046 0.00101411 0.005721087
v -0.003123871 0.0006873889 0.005771748
v -0.003136935 0.0007951919 0.005771798
v -0.003146496 0.0008909694 0.005755837
v -0.00309623 0.0005410704 0.005712448
v -0.003040506 0.001019291 0.005737777
v -0.003036783 0.00051256 0.005774347
v -0.003085968 0.0006007751 0.00578039
v -0.003071651 0.0006726287 0.0058231
v -0.003068369 0.000770303 0.005825764
v -0.003080054 0.0008741912 0.005797202
v -0.003092994 0.0009566643 0.005762818
v -0.002983263 0.0004297826 0.005721046
v -0.00295459 0.001024346 0.005741419
v -0.002918938 0.0003827524 0.005769857
v -0.003001198 0.0008625932 0.005842768
v -0.003015354 0.0009533897 0.005787821
v -0.002846129 0.0003379218 0.005708034
v -0.002851306 0.001032299 0.005717161
v -0.002911214 0.0009529412 0.005810055
v -0.002767981 0.0002995011 0.005734297
v -0.002756405 0.001014497 0.005703983
v -0.002731181 0.0002688484 0.0057763
v -0.002722097 0.00098384 0.005757044
v -0.002778642 0.0002789913 0.005808938
v -0.002797634 0.0009808138 0.005787374
v -0.00266601 0.0002632081 0.005779114
v -0.002654197 0.0009576292 0.005739016
v -0.00255999 0.0002672671 0.005786909
v -0.002586114 0.0009175966 0.005748424
v -0.002503219 0.0003376525 0.005707598
v -0.0025262 0.0008734582 0.005770199
v -0.002430951 0.0003671715 0.00571732
v -0.002473224 0.0008300987 0.005754653
v -0.002392833 0.0004269439 0.005701679
v -0.002431568 0.0007842766 0.005768212
v -0.002449133 0.000310052 0.005766419
v -0.002344432 0.0004467339 0.005740526
v -0.002390252 0.0007099581 0.00572553
v -0.002321736 0.0005121578 0.005754067
v -0.002319283 0.0006022839 0.005778606
v -0.002348751 0.0006747562 0.005775691
v -0.002379268 0.0002994961 0.005806992
v -0.002369106 0.0003738436 0.005760711
v -0.00231396 0.0003460691 0.005816372
v -0.002295645 0.000439939 0.005803097
v -0.002277369 0.0005401084 0.005822401
v 0.0007085524 -0.002821626 0.005782564
v 0.0006841296 -0.002747577 0.005771698
v 0.0006830321 -0.002641851 0.005756016
v 0.0006835799 -0.002528525 0.005771512
v 0.0006315431 -0.002693585 0.005820349
v 0.0006274161 -0.002604188 0.005812584
v 0.0006272538 -0.002545206 0.005812998
v 0.0007431238 -0.002862675 0.0057691
v 0.0007222746 -0.002452964 0.005770222
v 0.0007728675 -0.002916937 0.005803474
v 0.0007714644 -0.002409359 0.005778092
v 0.0007205666 -0.002420324 0.005787977
v 0.0008186633 -0.002944159 0.005756777
v 0.0008496376 -0.002372464 0.005796776
v 0.0008779508 -0.002997519 0.005760619
v 0.0008528006 -0.002333624 0.005846309
v 0.0009360748 -0.003040569 0.005722339
v 0.0009118197 -0.002390616 0.005768142
v 0.001004041 -0.003078914 0.005727575
v 0.0009852424 -0.002392389 0.005775693
v 0.001067857 -0.002408638 0.005789895
v 0.001088635 -0.003094675 0.005766695
v 0.001122257 -0.002444522 0.005717782
v 0.001185314 -0.003083433 0.005778787
v 0.001213975 -0.002475538 0.005749721
v 0.001281659 -0.00303705 0.005777203
v 0.001282498 -0.002519207 0.005778243
v 0.001220923 -0.003040521 0.00583288
v 0.001349107 -0.002979629 0.005772647
v 0.001353438 -0.002572208 0.005724435
v 0.001399141 -0.002910507 0.005765037
v 0.001386977 -0.002641941 0.005781029
v 0.001352052 -0.002924794 0.005815609
v 0.001429009 -0.002842677 0.00576007
v 0.001432171 -0.002676493 0.005731709
v 0.001460661 -0.002825759 0.005717251
v 0.001460335 -0.002742548 0.005709367
v 0.001429177 -0.002774379 0.005769065
v 0.001423133 -0.002708403 0.005767323
v -0.003004955 0.0005198307 0.005848405
v -0.003032991 0.0006032097 0.00584799
v -0.003028121 0.0007093131 0.005868691
v -0.003012997 0.0007868247 0.005870203
v -0.002977056 0.0004520665 0.005815597
v -0.002980041 0.0008201656 0.005882596
v -0.002919338 0.000411486 0.005883529
v -0.002923141 0.0008566498 0.005890707
v -0.002969592 0.0004870631 0.005885062
v -0.002984865 0.0005641233 0.005905882
v -0.00298928 0.0006606698 0.005911869
v -0.00297166 0.0007628894 0.005909357
v -0.002845212 0.0003266373 0.005817752
v -0.002831293 0.0009203654 0.005868807
v -0.002795449 0.0002819454 0.005883221
v -0.002852058 0.0008617419 0.005930676
v -0.002730793 0.0002547585 0.005836591
v -0.002721414 0.0009423749 0.005841365
v -0.002778777 0.0008929941 0.00592549
v -0.002655185 0.0002347581 0.005856823
v -0.002637021 0.0009337168 0.005812123
v -0.002570402 0.0002138456 0.005877713
v -0.00258692 0.000908031 0.005829925
v -0.002548102 0.0008809177 0.00585577
v -0.002576488 0.0001820011 0.005937776
v -0.002591678 0.0008954307 0.005892356
v -0.002461137 0.0002425405 0.005839232
v -0.002489441 0.0008401516 0.005844853
v -0.002426292 0.0007912077 0.005882435
v -0.002503956 0.0001869814 0.005911452
v -0.002369787 0.0002556709 0.005848387
v -0.002376097 0.0007343845 0.005821598
v -0.002326728 0.0002927285 0.005835181
v -0.002319438 0.0006747629 0.005864347
v -0.002396431 0.0002006829 0.005901678
v -0.002291192 0.0003156123 0.005846439
v -0.002280452 0.0006079896 0.005852302
v -0.002244013 0.0003703251 0.005872829
v -0.002229957 0.0004940344 0.005885407
v -0.002248026 0.0005728451 0.005886001
v -0.002313642 0.0001928926 0.005924614
v -0.002294897 0.0002647001 0.005881081
v -0.002176606 0.0003715821 0.005933471
v -0.002182078 0.0004415097 0.005932462
v 0.0006043956 -0.002742131 0.005884924
v 0.0005786915 -0.002656097 0.005883568
v 0.0005893134 -0.002560696 0.005855965
v 0.0005386085 -0.002586485 0.005923935
v 0.0005661623 -0.00248146 0.00590009
v 0.0005782928 -0.002381657 0.005925518
v 0.0006398444 -0.002760475 0.00583526
v 0.0006279392 -0.002492202 0.005829702
v 0.0006693723 -0.002810409 0.005835223
v 0.0006827223 -0.002444783 0.005802357
v 0.0006325165 -0.002794597 0.005879757
v 0.0006461023 -0.002404257 0.005863003
v 0.0006512102 -0.002324698 0.005921491
v 0.0007153786 -0.002874333 0.005848143
v 0.0007190346 -0.002390526 0.005818675
v 0.000768266 -0.002936859 0.00589623
v 0.0007868096 -0.002352919 0.005831146
v 0.000724289 -0.002336634 0.005876243
v 0.0008236076 -0.002971067 0.00583766
v 0.0008128196 -0.002303991 0.005895598
v 0.0008872533 -0.003015362 0.00587046
v 0.0008839204 -0.002313329 0.005886121
v 0.000945135 -0.003046269 0.005806124
v 0.0009319099 -0.002351384 0.005840477
v 0.0009361812 -0.002318223 0.005913988
v 0.001019219 -0.003067671 0.005839485
v 0.001018602 -0.002377146 0.005838618
v 0.001089222 -0.002403934 0.005875241
v 0.001099452 -0.003061885 0.005874298
v 0.001151694 -0.002442325 0.00581371
v 0.001170159 -0.003030377 0.005893821
v 0.001118659 -0.003036842 0.005930817
v 0.001238689 -0.002996902 0.005876205
v 0.001229564 -0.002487924 0.005833182
v 0.001297846 -0.002936484 0.005868335
v 0.001276608 -0.002523325 0.005836065
v 0.001247447 -0.002951868 0.005920818
v 0.001260322 -0.002532174 0.005897382
v 0.001351125 -0.002864056 0.005851091
v 0.001320733 -0.0025719 0.005827612
v 0.0013936 -0.002813194 0.005812905
v 0.001384859 -0.002716356 0.00582842
v 0.001350985 -0.002639488 0.005852776
v 0.001347771 -0.002769044 0.005887296
v 0.001334731 -0.00267911 0.005904423
v 0.001308042 -0.002602886 0.005904928
v -0.002894189 0.0004191259 0.005989559
v -0.002936045 0.0005092181 0.005959608
v -0.002947853 0.0006208058 0.005964377
v -0.002945537 0.0007068324 0.005954218
v -0.002899227 0.0007863095 0.005959717
v -0.002855439 0.0003417642 0.005934781
v -0.002817787 0.0008268892 0.005986465
v -0.002797294 0.000287458 0.005979524
v -0.002862027 0.0007674953 0.006010426
v -0.00273173 0.0002440304 0.005921571
v -0.002733145 0.0008649037 0.005976899
v -0.00271107 0.000906524 0.005921266
v -0.002650474 0.0002054246 0.005949252
v -0.002648181 0.0009142763 0.005887885
v -0.002599777 0.0001705954 0.005996851
v -0.0026242 0.0008849986 0.005939438
v -0.002673597 0.0008876628 0.005951989
v -0.002540396 0.0001621144 0.005965145
v -0.002560728 0.000860902 0.005933291
v -0.002467937 0.000153542 0.005966467
v -0.002486481 0.0008244175 0.005949459
v -0.002430442 0.0007889909 0.005983747
v -0.002366493 0.0001423426 0.005971284
v -0.002370406 0.000744233 0.005930395
v -0.002312765 0.0006965975 0.00598321
v -0.002367763 0.00009855636 0.006028867
v -0.002280407 0.0001606245 0.005959156
v -0.00226528 0.0006329045 0.00592797
v -0.002237316 0.0002183925 0.005937344
v -0.002202801 0.000299637 0.005924368
v -0.002214795 0.0005735031 0.005959222
v -0.002285944 0.0001091201 0.006007491
v -0.002144205 0.0003347812 0.005969853
v -0.002184685 0.0005092323 0.005950436
v -0.002133263 0.000415331 0.005994973
v -0.002155026 0.0004837119 0.005985151
v -0.002188937 0.0001000477 0.006027983
v -0.002204735 0.0001630425 0.005984959
v -0.002142786 0.0002517529 0.005987407
v -0.0021148 0.0000908076 0.006046919
v -0.002104042 0.0001622311 0.006030919
v 0.0004950869 -0.002626661 0.006005304
v 0.0004999962 -0.002524882 0.005973402
v 0.0005167752 -0.002427433 0.005962963
v 0.0005335232 -0.002661984 0.005951793
v 0.0005346857 -0.00235867 0.005966979
v 0.0006114535 -0.002798255 0.00594612
v 0.0005619578 -0.002731273 0.005962308
v 0.0005809566 -0.002309002 0.005968027
v 0.0005196928 -0.002695596 0.006002267
v 0.0005305897 -0.002325629 0.005988044
v 0.0006606944 -0.002842923 0.00590932
v 0.0006533425 -0.002269947 0.005969894
v 0.0006933314 -0.00222546 0.006012179
v 0.0007101239 -0.002898146 0.005951745
v 0.0007429594 -0.002270048 0.0059541
v 0.0007745863 -0.002945213 0.005997621
v 0.0007618719 -0.002222253 0.006019432
v 0.0008325296 -0.002982959 0.0059367
v 0.0008188664 -0.002271107 0.005951401
v 0.0009015017 -0.00301559 0.005965361
v 0.0009557948 -0.003043256 0.005904621
v 0.0008823507 -0.00228608 0.005951021
v 0.0009627282 -0.002311768 0.005984487
v 0.001026167 -0.003047818 0.005940465
v 0.001012218 -0.002355635 0.005920782
v 0.001083634 -0.003039078 0.005949975
v 0.001097318 -0.00240728 0.005975042
v 0.001053953 -0.003026265 0.005993562
v 0.001116358 -0.002999004 0.005992806
v 0.001175116 -0.002463351 0.00591684
v 0.001199208 -0.002967941 0.005954772
v 0.001220436 -0.002529318 0.005986128
v 0.001242316 -0.002897429 0.005975682
v 0.001268835 -0.002576461 0.005958703
v 0.001297574 -0.002823922 0.005944007
v 0.001303435 -0.002721452 0.005962724
v 0.001291147 -0.002638844 0.005966982
v -0.002877687 0.0004265285 0.006055411
v -0.002894247 0.0004935503 0.006041416
v -0.002903373 0.0005910642 0.006026824
v -0.002899631 0.0006972224 0.006007528
v -0.00284366 0.0003612689 0.006046696
v -0.002852793 0.0007310396 0.006042826
v -0.00278977 0.0002941297 0.006058018
v -0.002822405 0.0007767145 0.006034345
v -0.002859475 0.0004132734 0.006085547
v -0.002862229 0.0004675245 0.006097139
v -0.002854421 0.0005656842 0.006098637
v -0.002856181 0.0006639324 0.006066846
v -0.002728621 0.0002404526 0.006026701
v -0.002759105 0.0008026924 0.006036071
v -0.00275117 0.0002759655 0.006106702
v -0.002795496 0.0006547349 0.006125843
v -0.002803342 0.0007330306 0.006073232
v -0.002658511 0.0001957329 0.006035839
v -0.002651803 0.0008376879 0.006011739
v -0.002608531 0.0001674828 0.006075922
v -0.002712361 0.0007460366 0.006105129
v -0.002538022 0.000144879 0.006025799
v -0.002548284 0.0008237133 0.006019708
v -0.002602209 0.0007848981 0.006095623
v -0.002451145 0.000115521 0.006043283
v -0.002483819 0.0008082901 0.0060221
v -0.00239719 0.00007749654 0.00608668
v -0.002453442 0.0007837287 0.006058739
v -0.002515842 0.0007910477 0.006084268
v -0.002331453 0.00007328224 0.006056105
v -0.00238644 0.0007477203 0.006050613
v -0.002316236 0.0007016719 0.006091748
v -0.002262102 0.00005919364 0.006063463
v -0.002249444 0.0006452169 0.00603625
v -0.002196199 0.0005927575 0.006038357
v -0.002167161 0.00004123421 0.006075418
v -0.00216938 0.0005411291 0.006008031
v -0.002087092 0.0003417258 0.006038556
v -0.002089417 0.0004290992 0.006079669
v -0.002132772 0.0005007851 0.006058563
v -0.00217852 -0.000005619136 0.006122761
v -0.002166291 0.0005655839 0.006071765
v -0.00208112 0.00005742323 0.006071894
v -0.002042903 0.0002599366 0.006072236
v -0.002040243 0.0001114835 0.00606707
v -0.002011492 0.0001799471 0.006082224
v -0.002087852 0.000002965715 0.006111313
v -0.002039467 0.0003267693 0.006091338
v -0.00204738 0.0003790144 0.006113457
v -0.001980002 -0.000003906094 0.006128627
v -0.002002828 0.00005772348 0.006098093
v -0.00194286 0.0001366842 0.006120779
v -0.00190336 -0.000008332049 0.006143446
v -0.001900541 0.00005606182 0.006137426
v 0.000498988 -0.002698347 0.006068648
v 0.0004584229 -0.002639987 0.006093842
v 0.0004527085 -0.002559364 0.006050009
v 0.0004608322 -0.002463089 0.006026582
v 0.0004895443 -0.0023616 0.006015243
v 0.0004189876 -0.002585188 0.006126408
v 0.0004124432 -0.002502182 0.006100467
v 0.0004220249 -0.002400512 0.006086708
v 0.0004583223 -0.002283182 0.00608837
v 0.0004722288 -0.002180582 0.006133962
v 0.000535421 -0.002740786 0.006037983
v 0.0005343607 -0.002284194 0.006021656
v 0.0005869742 -0.002798036 0.00604717
v 0.0006105967 -0.002242133 0.006016295
v 0.00055751 -0.002202365 0.006082801
v 0.0005497634 -0.002128146 0.006149199
v 0.0006514196 -0.002854703 0.006002707
v 0.0006586182 -0.002186962 0.006070878
v 0.0006319092 -0.002139938 0.006131457
v 0.0007139411 -0.002903095 0.006054139
v 0.0007391698 -0.00219059 0.006067914
v 0.0007863372 -0.002937255 0.006093527
v 0.0007971473 -0.002206074 0.006062417
v 0.0008564751 -0.002977636 0.006040215
v 0.0008358911 -0.002245369 0.006019098
v 0.0009254742 -0.003005963 0.006032672
v 0.0008442372 -0.002215741 0.0060969
v 0.0009640242 -0.003031067 0.005986591
v 0.0009169156 -0.00227676 0.006027076
v 0.001009526 -0.00302728 0.006008255
v 0.0009793522 -0.002309898 0.006076332
v 0.0009734356 -0.00301021 0.00604261
v 0.001032504 -0.002992727 0.006055269
v 0.001034995 -0.002357017 0.006027469
v 0.001097766 -0.002420238 0.006078639
v 0.001095945 -0.002950537 0.006081285
v 0.001157632 -0.00247386 0.006028046
v 0.001164664 -0.002915362 0.006052888
v 0.001193893 -0.002557075 0.006077423
v 0.001122813 -0.002919412 0.006101912
v 0.001214857 -0.00285216 0.006049537
v 0.001247362 -0.002597729 0.006019184
v 0.001251943 -0.002823093 0.006017226
v 0.001264487 -0.002754286 0.006022402
v 0.001263348 -0.002672508 0.00602612
v 0.001222312 -0.002785505 0.006073823
v 0.001226212 -0.002703751 0.006083247
v 0.001225848 -0.002631756 0.006073639
v -0.002825941 0.0004157255 0.006128777
v -0.002821655 0.0005093408 0.006149274
v -0.002808352 0.0005833944 0.006152541
v -0.002793499 0.0003357404 0.006120666
v -0.002778339 0.0006173762 0.006168887
v -0.00273267 0.0003143495 0.006185901
v -0.002725493 0.0006571806 0.006181031
v -0.002776526 0.0003844438 0.006179218
v -0.002777141 0.0004658157 0.006195617
v -0.002765927 0.0005666657 0.006195304
v -0.002678321 0.0002240341 0.006131085
v -0.002633863 0.0007191669 0.00617712
v -0.0026087 0.0001705808 0.006148994
v -0.002668617 0.000665139 0.006221974
v -0.002538885 0.0001319142 0.006117774
v -0.002552395 0.0007568959 0.006147282
v -0.002571133 0.0001532602 0.006195984
v -0.002464444 0.00009550527 0.006124463
v -0.002467101 0.000751701 0.006137737
v -0.002416333 0.00006528653 0.006168422
v -0.002337151 0.00004662981 0.006115602
v -0.002383328 0.0007234754 0.006154731
v -0.002323278 0.0006915486 0.006181777
v -0.002256737 0.00001286457 0.006130131
v -0.002269187 0.0006658706 0.006132422
v -0.002220173 -0.00002375863 0.00616133
v -0.002272612 -0.00001667435 0.006194117
v -0.002154465 -0.00004071829 0.006163875
v -0.00220864 0.0006143671 0.006122346
v -0.002101128 0.0004942104 0.006151285
v -0.002151263 0.0005565088 0.006137537
v -0.002054447 -0.00006071051 0.006168083
v -0.002063186 0.0004364462 0.006143947
v -0.001997166 0.0003286976 0.006163022
v -0.002034443 0.0004095243 0.006190525
v -0.002070937 -0.0001093676 0.006220204
v -0.002066654 0.0004629311 0.006199653
v -0.001945488 -0.00005588384 0.006160769
v -0.001944763 0.0002378743 0.006157239
v -0.001882065 0.0001856521 0.006175641
v -0.001992751 -0.0001075505 0.006202927
v -0.001947098 0.0002961402 0.006200162
v -0.001870929 -0.0000402986 0.006166365
v -0.001846223 0.0001337784 0.006180547
v -0.001839471 0.00001151397 0.006165392
v -0.001819345 0.00007147807 0.006181225
v -0.001886508 -0.00009777908 0.006201385
v -0.001843001 0.0001839832 0.006205224
v -0.001805865 -0.0001044252 0.006224025
v -0.001800947 -0.00004110829 0.006201515
v -0.001772942 0.00003594705 0.006210664
v 0.0004001619 -0.002603835 0.006203423
v 0.000385042 -0.00254043 0.006169095
v 0.0003630006 -0.002452324 0.006170638
v 0.0003739193 -0.002340322 0.00614724
v 0.0003826131 -0.002228095 0.006163451
v 0.0003177029 -0.002380343 0.006205766
v 0.0003236716 -0.002298921 0.006194949
v 0.0003257188 -0.002244446 0.006198204
v 0.0004341624 -0.002643786 0.006163113
v 0.0004245897 -0.002153671 0.006167194
v 0.0004808757 -0.002702797 0.00616766
v 0.0004730539 -0.002110406 0.006179185
v 0.0004228511 -0.002121663 0.006184856
v 0.0005358044 -0.00275796 0.006117938
v 0.0005476124 -0.002072984 0.006204198
v 0.000595264 -0.002811682 0.006158668
v 0.0005465288 -0.00203497 0.00625113
v 0.0006525316 -0.002856879 0.006105997
v 0.0006195979 -0.002091525 0.006190299
v 0.0006817504 -0.002110685 0.006181172
v 0.0007322385 -0.002892219 0.006160098
v 0.0007228839 -0.002150701 0.006140464
v 0.0008078212 -0.002920308 0.006164246
v 0.0007358499 -0.002118624 0.006212509
v 0.0008516171 -0.00294895 0.006122713
v 0.0007978279 -0.002184114 0.006124544
v 0.0008659924 -0.002213079 0.006176075
v 0.0008777695 -0.002914911 0.006186533
v 0.0009403619 -0.002964288 0.00610619
v 0.0009122858 -0.002258645 0.006113584
v 0.0009873367 -0.002319218 0.006177904
v 0.0009765475 -0.002882446 0.006201465
v 0.001035854 -0.002934749 0.006128722
v 0.001042318 -0.002369205 0.006129376
v 0.001092742 -0.002915871 0.006126917
v 0.001091732 -0.00245006 0.006181139
v 0.00107027 -0.002872654 0.006169886
v 0.001050798 -0.002791432 0.006234876
v 0.001127851 -0.00288043 0.006126306
v 0.001141795 -0.002492756 0.006119618
v 0.001175466 -0.002832682 0.006106119
v 0.001178436 -0.002745327 0.006135126
v 0.00118031 -0.002639854 0.006138041
v 0.001159136 -0.002557855 0.006148844
v 0.001123799 -0.002806372 0.006168914
v 0.001119869 -0.002701135 0.006209384
v 0.001132012 -0.00259271 0.006204229
v 0.001128481 -0.002520932 0.006183194
v -0.002694114 0.0003342633 0.006258179
v -0.002721528 0.0004102634 0.00624475
v -0.002716453 0.0005201002 0.006248064
v -0.002700265 0.0006077774 0.006235414
v -0.002670835 0.0002692738 0.006236434
v -0.002650311 0.0006396532 0.006254165
v -0.002620658 0.0006799718 0.006234134
v -0.0026557 0.0003132776 0.006295697
v -0.002663053 0.0003838647 0.006306497
v -0.002653094 0.0004866845 0.006306922
v -0.002653382 0.0005812998 0.006278773
v -0.002621825 0.0002027756 0.006218515
v -0.00254655 0.0007067405 0.006217115
v -0.002561332 0.0001742726 0.006275275
v -0.002584951 0.0005736608 0.006322314
v -0.002595785 0.0006430065 0.006272092
v -0.002501495 0.0001123077 0.006211873
v -0.002447506 0.0007061361 0.006222106
v -0.002431755 0.00006857781 0.006270279
v -0.002508046 0.0006473298 0.006291857
v -0.002344369 0.0000205142 0.006208377
v -0.002378881 0.0006993327 0.006221914
v -0.002298491 -0.00002355372 0.00626803
v -0.00234277 0.00067158 0.006248405
v -0.002410136 0.000665826 0.006279227
v -0.002225869 -0.00004737994 0.006217299
v -0.002271031 0.000642848 0.006220069
v -0.002149897 -0.00008614064 0.006233795
v -0.00219145 0.0005909016 0.006215377
v -0.002109242 -0.0001329066 0.006273442
v -0.002136965 0.000545378 0.006208234
v -0.002162544 0.0005540855 0.006292226
v -0.002041626 -0.0001405962 0.006249234
v -0.002101201 0.000507221 0.006242646
v -0.002002926 0.0003870641 0.006261807
v -0.002056446 0.00045536 0.006278091
v -0.002110427 0.0005079801 0.006326257
v -0.001960858 -0.0001596799 0.006256866
v -0.001953244 0.0003316482 0.006253522
v -0.001911491 0.0002839399 0.006244795
v -0.001987153 -0.0002055821 0.006316049
v -0.001849742 -0.0001549123 0.006249759
v -0.001858446 0.0002311294 0.006245905
v -0.001807364 0.0001778034 0.006241977
v -0.00190135 -0.0002097725 0.006302117
v -0.001878382 0.0002787954 0.006295895
v -0.001772406 -0.000136828 0.00625743
v -0.001766283 0.0001170303 0.00624866
v -0.001741547 -0.00007838487 0.006248652
v -0.001726406 -0.000005071527 0.006248424
v -0.001722916 0.00005814895 0.006261115
v -0.001786812 -0.0001993019 0.006300052
v -0.001770894 0.0001723294 0.006285527
v -0.001699944 -0.0002047392 0.006326547
v -0.001698866 -0.0001324106 0.0063026
v -0.001677692 -0.00004108275 0.006302372
v -0.001681183 0.00003440464 0.006306542
v 0.000285312 -0.002395088 0.006250109
v 0.0002795761 -0.002340966 0.00624547
v 0.0002865024 -0.002261228 0.006234568
v 0.000255707 -0.002404053 0.006313892
v 0.0002362059 -0.002299474 0.006297898
v 0.0002542807 -0.002191507 0.006279246
v 0.0002587385 -0.002092662 0.006300237
v 0.0002625417 -0.002029944 0.006323155
v 0.0003072668 -0.002446776 0.006251242
v 0.0003249354 -0.002194844 0.006216047
v 0.0004007437 -0.002620946 0.006278244
v 0.000354302 -0.002542045 0.006262636
v 0.000382807 -0.002146649 0.006195213
v 0.0002965426 -0.002490429 0.006326158
v 0.0003385696 -0.002109784 0.006249695
v 0.0003334963 -0.002032975 0.006302509
v 0.0004373094 -0.002664015 0.00623539
v 0.000418149 -0.002092987 0.006214011
v 0.0004890958 -0.002714624 0.006271351
v 0.0004839344 -0.002055363 0.006230362
v 0.0004169152 -0.002040926 0.006268659
v 0.0005481257 -0.002765184 0.006228263
v 0.0005023053 -0.002011184 0.006288876
v 0.000614857 -0.002810575 0.006240153
v 0.0005829607 -0.002013826 0.006301052
v 0.0006618834 -0.002848348 0.00620085
v 0.0006099908 -0.002049589 0.006250171
v 0.0006769431 -0.002824066 0.006279031
v 0.0007235135 -0.002860633 0.006239656
v 0.0006892622 -0.002080644 0.006250491
v 0.0007662935 -0.00211734 0.006285699
v 0.0007580138 -0.002831721 0.006299942
v 0.0008032745 -0.002878456 0.006235646
v 0.0008040543 -0.00216265 0.006219788
v 0.000881922 -0.002221841 0.00627999
v 0.000842153 -0.002829331 0.006306078
v 0.0008934358 -0.002860343 0.006259011
v 0.0009339582 -0.002270242 0.00622827
v 0.0009603759 -0.002803628 0.006288667
v 0.0009914095 -0.002350118 0.00628688
v 0.0008991241 -0.002821293 0.006305208
v 0.001019282 -0.002743095 0.006296821
v 0.001039912 -0.00238937 0.006225806
v 0.001064498 -0.002707541 0.006272777
v 0.001082043 -0.002619225 0.006276011
v 0.00109754 -0.002526605 0.006241774
v 0.001065606 -0.002459622 0.0062671
v 0.001030814 -0.002673067 0.006321782
v 0.001039878 -0.002602607 0.00633522
v 0.001034128 -0.002415606 0.006295195
v -0.002615578 0.0003423307 0.006347056
v -0.002609772 0.0004302787 0.006356763
v -0.002594068 0.0005040773 0.006353657
v -0.002610022 0.0002557346 0.006308133
v -0.002552369 0.0005405429 0.006365414
v -0.002538492 0.000218062 0.006375824
v -0.002519662 0.0005868507 0.006347534
v -0.00257205 0.000299013 0.00638047
v -0.002555321 0.0003863427 0.00640554
v -0.00255279 0.0004793321 0.006388858
v -0.002496112 0.0001320491 0.006325093
v -0.002447335 0.0006066512 0.006343207
v -0.002433752 0.0000870476 0.006380166
v -0.002488169 0.0004608839 0.006432201
v -0.002496213 0.000540535 0.006386027
v -0.00237044 0.00002314376 0.006323075
v -0.0023431 0.0006198541 0.006316337
v -0.00231127 -0.00002603397 0.006371041
v -0.002402899 0.0005413119 0.006404769
v -0.002238768 -0.0000683336 0.006302024
v -0.00224348 0.0005956385 0.006301582
v -0.00221631 0.0005599817 0.00636089
v -0.002293142 0.0005641428 0.006383543
v -0.002176085 -0.0001160526 0.006319929
v -0.002164563 0.0005311014 0.006376307
v -0.002131637 -0.0001475933 0.006322505
v -0.00212252 0.0004998549 0.006397715
v -0.00215755 -0.0001513034 0.00638959
v -0.002067581 -0.0001738562 0.006318573
v -0.00207983 0.0004726164 0.006362202
v -0.002033266 -0.000218346 0.006363384
v -0.002030993 0.0004203467 0.006367095
v -0.002095674 -0.0002012515 0.006407829
v -0.00196441 -0.0002440759 0.006363689
v -0.001972466 0.0003672065 0.006330469
v -0.001860125 -0.0002689437 0.006362881
v -0.001916335 0.0003192169 0.006338811
v -0.001848171 0.000270808 0.006365264
v -0.001879844 -0.0003191104 0.006423495
v -0.001742448 -0.0002608475 0.006349736
v -0.001795437 0.0002123359 0.006316131
v -0.001740282 0.0001679219 0.006351562
v -0.00178575 -0.0003274651 0.006406308
v -0.001659333 -0.00024005 0.006359418
v -0.001702207 0.00009925818 0.006320202
v -0.001629526 -0.0001744817 0.006359351
v -0.001617286 -0.00007698767 0.006374219
v -0.001637869 0.0000120226 0.006370701
v -0.001661297 0.00007215502 0.006366926
v -0.001689849 -0.0003727435 0.006430093
v -0.001672858 -0.0002998713 0.006387689
v -0.001587304 -0.000392072 0.006438733
v -0.001602822 -0.0003319721 0.006414024
v -0.001567792 -0.0002438879 0.006413064
v -0.001560563 -0.0001361045 0.006423573
v -0.001511577 -0.0004054497 0.006448654
v -0.001507697 -0.0003358518 0.006441326
v 0.00007014295 -0.002097195 0.006424818
v 0.00007015493 -0.001987033 0.006424543
v 0.00007796924 -0.001900468 0.00643154
v 0.0002282999 -0.002424018 0.006401448
v 0.0001915473 -0.002348223 0.006387716
v 0.0001798129 -0.002244483 0.006350527
v 0.0001860126 -0.002145993 0.006335303
v 0.0002007679 -0.002062176 0.006338084
v 0.0001308623 -0.002286536 0.006427009
v 0.0001133747 -0.002188847 0.006401909
v 0.0001397194 -0.002101168 0.0063706
v 0.0001542023 -0.002014899 0.006380129
v 0.000155943 -0.001923591 0.006410461
v 0.0001505784 -0.001849335 0.006442208
v 0.000262286 -0.002465436 0.006378829
v 0.0002296663 -0.002002404 0.006349619
v 0.0002973739 -0.002514525 0.00640561
v 0.0002407138 -0.001944521 0.006384031
v 0.0002550478 -0.001862502 0.006439245
v 0.0003332651 -0.002546775 0.006359728
v 0.0003067155 -0.001977519 0.006348413
v 0.0003879787 -0.002603078 0.006361645
v 0.00035423 -0.001909398 0.006408672
v 0.0004492987 -0.002666828 0.00633203
v 0.0004306273 -0.001972315 0.006349294
v 0.0005079914 -0.002710935 0.006344559
v 0.0004504735 -0.001917881 0.006422442
v 0.0005412337 -0.002744116 0.006310924
v 0.0005476275 -0.001982797 0.006353567
v 0.0006157228 -0.002001168 0.006355286
v 0.0005706625 -0.002725665 0.006377396
v 0.0006135445 -0.002775244 0.00631653
v 0.0006615387 -0.002037852 0.006325491
v 0.0006599958 -0.002733378 0.006400219
v 0.0006594969 -0.002015526 0.006392731
v 0.0007095314 -0.002784246 0.006349718
v 0.0007282694 -0.002079319 0.006329706
v 0.0007823728 -0.00212407 0.006380279
v 0.0007577142 -0.002728268 0.006412149
v 0.0008032958 -0.002780898 0.006359152
v 0.000831708 -0.002173283 0.00633157
v 0.0008885452 -0.002253302 0.006391324
v 0.0008569424 -0.002710502 0.006408159
v 0.0008962952 -0.002771887 0.006346799
v 0.0009377254 -0.002291723 0.006329916
v 0.000972642 -0.002724115 0.006341079
v 0.0009817043 -0.002630941 0.006379152
v 0.001005723 -0.002433378 0.006355197
v 0.0009661737 -0.002364045 0.006375359
v 0.0009279118 -0.002702583 0.006383244
v 0.0009172663 -0.002659178 0.00641513
v 0.0009316452 -0.002320442 0.00640279
v 0.001022896 -0.00255707 0.006361516
v 0.001043388 -0.002465105 0.006321623
v 0.001058934 -0.00253131 0.006313036
v 0.001027658 -0.002500098 0.006355142
v -0.002497717 0.0002261066 0.006449758
v -0.002517373 0.0003053984 0.006442161
v -0.002501837 0.0003878492 0.006454274
v -0.002479925 0.0001599636 0.0064216
v -0.002469545 0.0004182108 0.006469993
v -0.002419611 0.0001259822 0.006489147
v -0.002414956 0.0004511189 0.006476915
v -0.002461097 0.0001950532 0.00648623
v -0.002465199 0.000267034 0.006499633
v -0.002457213 0.0003627862 0.006494223
v -0.002371623 0.00004011926 0.006436403
v -0.002328417 0.0005051449 0.006457167
v -0.002311302 -0.00001547578 0.006481453
v -0.002347903 0.0004494932 0.006509678
v -0.002242924 -0.00008572061 0.006412023
v -0.002230166 0.0005212874 0.006432714
v -0.002204046 -0.0001283058 0.006491013
v -0.002275201 0.0004674071 0.006503843
v -0.002149942 -0.0001770671 0.006465762
v -0.002164137 0.0005078577 0.006430348
v -0.0021029 -0.0002160945 0.006493388
v -0.002138178 0.0004893463 0.00644079
v -0.00217837 0.0004687581 0.006486739
v -0.002035385 -0.0002442186 0.006428821
v -0.002099365 0.000459806 0.006435351
v -0.002053773 0.0004122835 0.006461655
v -0.002115026 0.0004241825 0.006512492
v -0.001955987 -0.0002891675 0.006435976
v -0.001981829 0.0003665764 0.006435809
v -0.001922782 -0.000330158 0.006468642
v -0.001970504 -0.0003144505 0.006505098
v -0.001862691 -0.0003544963 0.006467931
v -0.001903134 0.0003170577 0.0064555
v -0.001839636 0.0002794134 0.006489307
v -0.001787576 -0.0003839089 0.006466715
v -0.001783947 0.0002311951 0.006424345
v -0.001732792 -0.0004146722 0.006475414
v -0.001725817 0.0001868015 0.006473537
v -0.001785449 -0.000417503 0.006512667
v -0.001659986 -0.0004314211 0.006472277
v -0.001682836 0.0001266404 0.006410318
v -0.001591738 2.820601e-8 0.006455432
v -0.00163642 0.00007266317 0.006443173
v -0.001560938 -0.0004566795 0.006474935
v -0.001563502 -0.00006594672 0.006443848
v -0.00149033 -0.0001650632 0.006492548
v -0.001524933 -0.00008646413 0.006493255
v -0.001572859 -0.0005094644 0.006518027
v -0.001549884 -0.00003350289 0.006493517
v -0.001474495 -0.0004430194 0.006467307
v -0.001450637 -0.0002512253 0.006486731
v -0.001440781 -0.0003881003 0.006464143
v -0.001418647 -0.0003249093 0.006482394
v -0.00147244 -0.0005114457 0.006503519
v -0.001440147 -0.0001948457 0.006521509
v -0.00138051 -0.0005728338 0.00652435
v -0.001369367 -0.0005004058 0.006507043
v -0.001399984 -0.0004431329 0.006488198
v -0.001356795 -0.0003682897 0.006508713
v -0.001304919 -0.0005898911 0.006533322
v -0.001301142 -0.0005266027 0.006531782
v -0.001308853 -0.0004403538 0.006529222
v -0.0001207872 -0.001785395 0.006515184
v -0.0001260448 -0.001727422 0.00652958
v 0.00001071059 -0.002150489 0.006496733
v -0.00001406493 -0.00204895 0.006483852
v -3.358578e-7 -0.001941414 0.006457021
v -0.0000762487 -0.001974206 0.006503601
v -0.00006317881 -0.001867926 0.006489682
v -0.00003830702 -0.0017832 0.00649598
v -0.00006033214 -0.001728897 0.006521787
v 0.0000537953 -0.002183353 0.006457177
v 0.00002434779 -0.001870126 0.006452407
v 0.0001121945 -0.002317003 0.006496586
v 0.00007472352 -0.002253609 0.006482562
v 0.00008112865 -0.001842876 0.006446351
v 0.00003064421 -0.002213623 0.00650545
v 0.00003746004 -0.001805055 0.006474938
v 0.00002394229 -0.001736719 0.006512746
v 0.0001507262 -0.002349584 0.006465963
v 0.0001210581 -0.001802602 0.006467534
v 0.0001993294 -0.002409082 0.006480837
v 0.0001193088 -0.001748645 0.006509576
v 0.0002601852 -0.002474423 0.00645835
v 0.0002154082 -0.001784979 0.006498635
v 0.0003073924 -0.002522005 0.006469028
v 0.0003065424 -0.001810809 0.006494013
v 0.0001868292 -0.001736866 0.006536071
v 0.0003557186 -0.002560968 0.006447744
v 0.0003595708 -0.00184656 0.00647496
v 0.0004142399 -0.0026074 0.0064412
v 0.0003343587 -0.002535386 0.006497431
v 0.0003660672 -0.001809461 0.006522533
v 0.0004435398 -0.00264089 0.006406987
v 0.0004335195 -0.001879774 0.006471076
v 0.0004946848 -0.001907514 0.006468805
v 0.0004765381 -0.00262492 0.00647205
v 0.0005134376 -0.002674501 0.00641541
v 0.0005303334 -0.001947581 0.006427968
v 0.0005638126 -0.002630907 0.006497473
v 0.000545925 -0.001929155 0.00650127
v 0.0006113141 -0.002681676 0.006449904
v 0.0006098279 -0.001984613 0.006413578
v 0.000669375 -0.002016812 0.006460113
v 0.0006640729 -0.002620064 0.006513304
v 0.000711502 -0.002673355 0.006463394
v 0.0007189805 -0.002065129 0.006414277
v 0.0007804353 -0.002147862 0.006488745
v 0.0007724102 -0.002589783 0.006511076
v 0.0008075114 -0.002659065 0.006458271
v 0.0008350581 -0.002193011 0.006431347
v 0.0008768144 -0.002644541 0.006443946
v 0.0008979648 -0.002338629 0.006466518
v 0.0008622319 -0.00226601 0.006480423
v 0.0008619849 -0.002585756 0.006475606
v 0.0008510495 -0.002502226 0.00651256
v 0.0008273338 -0.002220287 0.006504587
v 0.0009270585 -0.002593971 0.006434227
v 0.0009385386 -0.002374682 0.006432535
v 0.0009823805 -0.002522793 0.006400088
v 0.0009588851 -0.002437043 0.006420937
v 0.0009195228 -0.002511774 0.006458471
v 0.0009097641 -0.002428078 0.006474273
v -0.002387034 0.0001422764 0.00656469
v -0.00241464 0.000211931 0.006547118
v -0.002411232 0.0003095683 0.00654653
v -0.002388603 0.0003912595 0.006530968
v -0.002347114 0.00007228748 0.006557965
v -0.002319574 0.0004078578 0.006551058
v -0.002295688 -0.000003331983 0.006568533
v -0.002359245 0.0001318595 0.006597346
v -0.002363247 0.0001848881 0.006604954
v -0.002354518 0.0002727841 0.006599768
v -0.002357059 0.0003481124 0.006571947
v -0.002261113 -0.00006520369 0.006528194
v -0.002241482 0.0004184064 0.006553887
v -0.002214975 -0.00009885817 0.006596429
v -0.002259296 -0.00003551136 0.006605092
v -0.002290122 0.0003474345 0.006599934
v -0.002161506 -0.0001667352 0.006549075
v -0.002174877 0.0004188402 0.006549822
v -0.00210737 -0.0002119664 0.00658815
v -0.002137642 0.0003870446 0.006572016
v -0.002204195 0.0003721098 0.006597358
v -0.002035402 -0.0002676865 0.006524062
v -0.002058673 0.000370871 0.006544175
v -0.001989319 -0.0003115091 0.006579337
v -0.00192627 -0.0003472525 0.006528245
v -0.00196627 0.000334422 0.006542668
v -0.001855522 -0.0003885759 0.006540215
v -0.001894876 0.0003060669 0.0065534
v -0.00180359 -0.000430994 0.006578547
v -0.001849029 0.0002795506 0.006575453
v -0.001889528 0.0002890953 0.006616828
v -0.001731756 -0.0004465711 0.006525113
v -0.001789063 0.0002394102 0.00655189
v -0.001723607 0.0001875764 0.006584082
v -0.0016526 -0.0004839388 0.006530411
v -0.001669943 0.0001344914 0.006516122
v -0.001618289 -0.0005268485 0.006557872
v -0.001611804 0.00006871963 0.00654916
v -0.00167073 -0.00051656 0.006593627
v -0.001555571 -0.0005540266 0.006557327
v -0.001565042 0.000008499475 0.006531583
v -0.001485738 -0.0000909434 0.006572071
v -0.00153071 -0.00003182437 0.006556288
v -0.001475146 -0.0005928783 0.006554278
v -0.001438402 -0.0001517038 0.006574973
v -0.001411063 -0.0006328438 0.006553333
v -0.001403199 -0.0002126966 0.006554073
v -0.001446893 -0.0007173695 0.00663623
v -0.001469135 -0.0006572438 0.006599732
v -0.001454677 -0.0001076898 0.006612933
v -0.001340114 -0.000638098 0.00654499
v -0.001362589 -0.0002787415 0.006550503
v -0.001310495 -0.0003305246 0.006554639
v -0.001365415 -0.0007583113 0.006626014
v -0.001388043 -0.0006871526 0.006582037
v -0.00136927 -0.0002241836 0.006593307
v -0.001273579 -0.0006294497 0.006550122
v -0.001294147 -0.0003737693 0.006546354
v -0.001240775 -0.0005707644 0.006558084
v -0.001223747 -0.0004777647 0.00658798
v -0.001251282 -0.0003928066 0.006589008
v -0.001253225 -0.0007921571 0.006614223
v -0.00128627 -0.0006979833 0.006576939
v -0.001273572 -0.0003435897 0.006585508
v -0.001173372 -0.0008667204 0.006627293
v -0.00115129 -0.0007952666 0.006608238
v -0.001176596 -0.0007214161 0.006598173
v -0.001204195 -0.0006378395 0.006579896
v -0.001156165 -0.0005550822 0.006614149
v -0.001053658 -0.0009138943 0.006621499
v -0.001084949 -0.0008344154 0.00661423
v -0.001062532 -0.0007508743 0.006627691
v -0.001103228 -0.0006419118 0.006630738
v -0.0009580881 -0.0009955714 0.006618255
v -0.000950562 -0.0009164537 0.006614277
v -0.0009792236 -0.0008378716 0.006627462
v -0.0008647729 -0.001078618 0.006623139
v -0.0008545425 -0.001001738 0.006619054
v -0.0008874018 -0.0009486587 0.006616198
v -0.0008751582 -0.0008833659 0.006632357
v -0.0007903473 -0.001151161 0.006631787
v -0.0007802472 -0.001098152 0.006625505
v -0.0007632548 -0.001035772 0.006640708
v -0.000802768 -0.0009435197 0.006642751
v -0.0007128571 -0.001180011 0.006640308
v -0.0007060967 -0.001115213 0.006643663
v -0.000310042 -0.001690599 0.00661091
v -0.0003173831 -0.001606661 0.006625095
v -0.0001856179 -0.00179495 0.00653811
v -0.0001817319 -0.001750045 0.006541699
v -0.0002547734 -0.001793644 0.006585625
v -0.0002204934 -0.001700722 0.006572067
v -0.0002379809 -0.001627018 0.006603614
v -0.0002535232 -0.001555698 0.006637164
v -0.0001675125 -0.001848485 0.00653684
v -0.0001588439 -0.001699587 0.006548899
v -0.000122491 -0.001994352 0.006543402
v -0.0001390499 -0.001935715 0.006539058
v -0.0001636599 -0.002009714 0.006607051
v -0.0002155825 -0.001906155 0.006594385
v -0.0001564255 -0.00164678 0.006580149
v -0.0001533189 -0.001570297 0.006633861
v -0.00009361698 -0.002045821 0.006550139
v -0.00009487606 -0.001679677 0.006552268
v 0.000004388178 -0.002207922 0.00656588
v -0.00004652701 -0.002133378 0.006574252
v -0.0001115915 -0.002093924 0.006624309
v -0.00006225102 -0.001616203 0.006605585
v 0.00004082455 -0.00225363 0.006546848
v 0.000002301104 -0.001673418 0.006563001
v 0.00008601049 -0.002306987 0.006570202
v 0.000022624 -0.001622795 0.006620212
v 0.0001501326 -0.00236724 0.006550902
v 0.00008225245 -0.001699307 0.006549059
v 0.0002043706 -0.002415551 0.006567515
v 0.0002490612 -0.002453656 0.00654406
v 0.0001573545 -0.001703453 0.006569936
v 0.0002436846 -0.001730058 0.00658614
v 0.0002432131 -0.002433297 0.00660859
v 0.0003138444 -0.002500305 0.006534367
v 0.000324322 -0.001776975 0.006557665
v 0.0003785736 -0.00253789 0.006533151
v 0.0003939191 -0.001801364 0.006565792
v 0.0004306384 -0.002580131 0.006506041
v 0.0004289007 -0.001839535 0.006537991
v 0.0004641551 -0.002534782 0.006580283
v 0.0004350847 -0.001818877 0.006596042
v 0.0005171084 -0.002582239 0.006542035
v 0.0004982546 -0.001890427 0.006529829
v 0.0005737132 -0.001949387 0.006584365
v 0.000565637 -0.002520496 0.006606184
v 0.0006159337 -0.002569409 0.006561066
v 0.0006131698 -0.001976999 0.006498047
v 0.0006698931 -0.002018532 0.006516715
v 0.0006743324 -0.002486154 0.006611566
v 0.0006606197 -0.002028073 0.006579903
v 0.0007139547 -0.002546456 0.006561254
v 0.0007143804 -0.002070961 0.006523501
v 0.0007865605 -0.002517352 0.006550508
v 0.0007914469 -0.002235785 0.006569847
v 0.0007489377 -0.002153276 0.006583144
v 0.0007626764 -0.002471809 0.00658341
v 0.0007494539 -0.002399316 0.006617523
v 0.0007101854 -0.002096228 0.006608324
v 0.0008190958 -0.002462557 0.006553855
v 0.0008341537 -0.002274729 0.006537262
v 0.0008621613 -0.002411234 0.006523388
v 0.0008517943 -0.002335214 0.006531006
v 0.0008132744 -0.002402015 0.006570345
v 0.0008054215 -0.002326178 0.006580527
v -0.002314487 0.0001393526 0.006638446
v -0.002313995 0.0002221236 0.006644565
v -0.002296094 0.0002828332 0.006637292
v -0.002267386 0.00004545158 0.006650182
v -0.002235322 0.0003096468 0.006641653
v -0.002195794 -0.00008885183 0.006666452
v -0.00222576 -0.00003841552 0.006661518
v -0.002250587 0.000132333 0.006688363
v -0.002259544 0.0001985418 0.006679445
v -0.002265179 0.0002552877 0.006664072
v -0.002154088 -0.0001425621 0.006651997
v -0.002139139 0.0003273204 0.006628691
v -0.002104875 -0.0001999577 0.006658576
v -0.002171462 -0.00009542311 0.00669323
v -0.002183627 -0.0000527866 0.006706945
v -0.00218538 0.0001826631 0.006715829
v -0.002200497 0.000256844 0.006678687
v -0.002051187 -0.0002512344 0.006643822
v -0.002033011 0.0003142484 0.006625087
v -0.001991119 -0.0003042146 0.006655193
v -0.002082673 -0.0002089444 0.00668676
v -0.00210158 0.0002533928 0.006695266
v -0.001929658 -0.0003525554 0.006622093
v -0.001946959 0.0003030919 0.006619665
v -0.001920975 0.000272605 0.006663959
v -0.00195501 -0.0003171496 0.006704211
v -0.001994449 0.0002674339 0.00668425
v -0.001864481 -0.0003984482 0.00662639
v -0.001853799 0.0002519973 0.006647355
v -0.00181944 -0.0004311447 0.006673212
v -0.001738987 -0.0004764805 0.006610909
v -0.001781029 0.0002144595 0.006649731
v -0.001698552 -0.0005239164 0.006672196
v -0.001731349 0.0001781555 0.006663903
v -0.001772552 0.0001846347 0.006706817
v -0.001627399 -0.0005551403 0.006617535
v -0.00167234 0.0001325817 0.006631244
v -0.001616101 0.00007779084 0.0066543
v -0.001557215 -0.0006113228 0.006629892
v -0.00156702 0.00002516635 0.006608015
v -0.001481252 -0.0007353885 0.006693837
v -0.001522462 -0.0006820252 0.006681363
v -0.001522004 -0.00002681595 0.0066471
v -0.001585503 -0.0006369146 0.006713417
v -0.001434295 -0.0007620421 0.006671055
v -0.00147561 -0.0000774237 0.006644043
v -0.001396457 -0.0008044937 0.006692793
v -0.001440619 -0.0001175827 0.006668632
v -0.001330277 -0.000820153 0.006656718
v -0.001393047 -0.0001812662 0.006628843
v -0.001342612 -0.0002310583 0.006658077
v -0.001271827 -0.0008627483 0.006658957
v -0.001296814 -0.0002965641 0.006614891
v -0.001225288 -0.0009081416 0.006667082
v -0.001195473 -0.0003969477 0.006669681
v -0.001247034 -0.0003359742 0.006652237
v -0.001278375 -0.0009044893 0.00670331
v -0.001151903 -0.0009423662 0.00665894
v -0.001145533 -0.0004667286 0.006671612
v -0.00110758 -0.0005226441 0.006665838
v -0.00115316 -0.0004144349 0.006709259
v -0.001065134 -0.0009933647 0.006646605
v -0.001093826 -0.0005689117 0.00665377
v -0.001013145 -0.001030656 0.006636553
v -0.000998645 -0.0006670447 0.0066963
v -0.001047212 -0.0005890132 0.006695782
v -0.001051471 -0.001057201 0.006674582
v -0.001072759 -0.0005391341 0.006694003
v -0.0009667195 -0.001068795 0.006637486
v -0.0009497849 -0.0007523615 0.006673441
v -0.0009233656 -0.001108749 0.006638668
v -0.0009756754 -0.001127969 0.00668173
v -0.0009232459 -0.0007010081 0.006727749
v -0.0008787519 -0.001147981 0.006645575
v -0.000882806 -0.0008118167 0.006667091
v -0.0008288249 -0.001188011 0.006650063
v -0.0008296886 -0.000846102 0.006663869
v -0.000880135 -0.001212494 0.00669907
v -0.0007612062 -0.001224402 0.00665863
v -0.0008060845 -0.0008822177 0.006656209
v -0.0006970937 -0.0009604745 0.006700371
v -0.0007502836 -0.0008921218 0.006694789
v -0.0007718186 -0.00130652 0.006718094
v -0.0007861019 -0.0008514446 0.006688664
v -0.0006712128 -0.001220798 0.006654789
v -0.0006486311 -0.001041074 0.006692033
v -0.0006395659 -0.001169923 0.0066585
v -0.0006193019 -0.001110784 0.006679503
v -0.0006534513 -0.001382373 0.006708196
v -0.0006676477 -0.001283606 0.00667715
v -0.0006345755 -0.0009857743 0.006727509
v -0.0005584502 -0.001473062 0.006709045
v -0.0005478035 -0.001389282 0.006691847
v -0.0005658188 -0.001318388 0.006689356
v -0.0005781721 -0.001228525 0.006683283
v -0.0005608202 -0.001147556 0.006701113
v -0.0003730555 -0.001701705 0.006645191
v -0.0003826387 -0.001644486 0.006648187
v -0.0004264719 -0.001708862 0.006705092
v -0.0004624882 -0.001576471 0.006694615
v -0.0004532025 -0.001482455 0.006683595
v -0.000469721 -0.001414128 0.006692416
v -0.0004842042 -0.001348325 0.006697633
v -0.0004630991 -0.001265929 0.006723561
v -0.0004900844 -0.001179758 0.006732951
v -0.0003489741 -0.001756618 0.006643131
v -0.0003750875 -0.001576909 0.0066488
v -0.0003228514 -0.001812614 0.006641125
v -0.000323131 -0.001549169 0.006641874
v -0.0003697497 -0.001820011 0.006709369
v -0.0003708881 -0.001507926 0.006668463
v -0.0003923933 -0.00143698 0.006688592
v -0.0003765199 -0.001350563 0.0067258
v -0.0002934738 -0.001870011 0.006651293
v -0.0002868548 -0.001504884 0.006662918
v -0.0001928325 -0.002034354 0.006693706
v -0.0002455111 -0.001962607 0.006683807
v -0.0003181547 -0.001906298 0.006728211
v -0.0002896467 -0.001433298 0.006705448
v -0.0001527548 -0.002073282 0.006671738
v -0.0001941871 -0.001489072 0.006692188
v -0.0001139302 -0.002121782 0.006706171
v -0.0001099898 -0.00152113 0.006687579
v -0.0002136743 -0.001435639 0.006727936
v -0.00007237757 -0.002150825 0.006662243
v -0.00005935926 -0.001558111 0.006667551
v -0.000014141 -0.002205866 0.006666968
v -0.00005361045 -0.001522358 0.006719319
v 0.00003944874 -0.002262647 0.006625363
v -0.000001819811 -0.001587101 0.006656303
v 0.00009408076 -0.002310109 0.006669556
v 0.00006505391 -0.001603688 0.006679656
v 0.0001328822 -0.002348943 0.006629874
v 0.00009851803 -0.001655073 0.006616274
v 0.0002052964 -0.002388494 0.006650718
v 0.0001945012 -0.001680236 0.006648595
v 0.0002766653 -0.002422561 0.006660205
v 0.000276399 -0.001715252 0.006682759
v 0.0003017685 -0.002458925 0.006610669
v 0.0003238632 -0.001750843 0.006632882
v 0.0003533551 -0.002427242 0.006683281
v 0.0003948743 -0.002484035 0.006617214
v 0.0003940262 -0.001790432 0.006627351
v 0.0004456878 -0.001822116 0.006634373
v 0.0004564426 -0.002420032 0.006700793
v 0.0004440187 -0.001832425 0.006694352
v 0.0005105556 -0.002471304 0.006650807
v 0.0004896211 -0.001868951 0.006621581
v 0.0006224571 -0.002035271 0.006669584
v 0.0005511682 -0.001948764 0.006683078
v 0.0005682643 -0.002389079 0.006710402
v 0.0005013208 -0.001891285 0.006711677
v 0.000612748 -0.002448014 0.00665852
v 0.0006799204 -0.002076679 0.006643018
v 0.000685939 -0.002418212 0.00665195
v 0.0007015719 -0.002111243 0.00665115
v 0.0006587754 -0.002374927 0.006685826
v 0.0006390238 -0.002305822 0.006724716
v 0.0006729702 -0.002126059 0.006688146
v 0.0007162496 -0.002363845 0.006657774
v 0.0007167556 -0.002154587 0.006649006
v 0.0007572682 -0.002310429 0.006628654
v 0.0007407824 -0.002229176 0.006639044
v 0.0007053558 -0.002302663 0.006677716
v 0.0006863083 -0.002220218 0.006698926
v -0.002201445 0.00009764357 0.006720492
v -0.002198324 0.00001697099 0.006713829
v -0.002146748 0.0001385067 0.006749215
v -0.002130158 -0.00008568873 0.006728463
v -0.002147973 -0.00001173094 0.006744734
v -0.00211333 0.0001888624 0.006741573
v -0.002133272 0.00006861844 0.006759441
v -0.002100482 -0.0001632379 0.006708139
v -0.002038186 0.0002085763 0.006738498
v -0.00205164 -0.0002040904 0.00672388
v -0.00204679 -0.0001174734 0.006774835
v -0.002071044 -0.000002307357 0.006781837
v -0.002056733 0.00008866144 0.006784979
v -0.0020836 0.0001439474 0.006766344
v -0.002002003 -0.0002630685 0.006720402
v -0.001932498 0.0002191184 0.006721555
v -0.001935143 -0.0002773238 0.006790984
v -0.001994004 -0.0001982254 0.006787049
v -0.00197472 -0.0001255098 0.006828659
v -0.001972204 -0.00003309633 0.006828128
v -0.001983012 0.00006817115 0.006803718
v -0.001998803 0.0001493799 0.00677357
v -0.001888445 -0.0003646229 0.00672304
v -0.001836844 0.0002013294 0.006715585
v -0.001822538 -0.0004146847 0.006779749
v -0.00180163 0.0001562111 0.006752015
v -0.001894575 0.00004506748 0.006830366
v -0.001891158 0.0001382265 0.006778531
v -0.001766673 -0.0004750069 0.006723864
v -0.001724807 0.0001355657 0.006724214
v -0.001716491 -0.0005197788 0.006780373
v -0.001789957 0.00008557937 0.006802837
v -0.001642757 -0.0005799208 0.006719339
v -0.001657951 0.0001024067 0.006703219
v -0.001614334 -0.0006256018 0.006793248
v -0.001627645 0.00007402996 0.006712353
v -0.001665685 0.00006091488 0.006771462
v -0.001568129 -0.0006706411 0.006757257
v -0.001584785 0.00003211943 0.006703547
v -0.001520502 -0.0007221188 0.006769642
v -0.001542624 -0.00001075288 0.006718562
v -0.001579865 -0.000008824706 0.006790802
v -0.001459571 -0.0007745716 0.00673416
v -0.001500884 -0.00005576351 0.006722554
v -0.001417311 -0.0008232036 0.006776991
v -0.001460249 -0.0001036525 0.006761188
v -0.001517959 -0.00006973877 0.006815896
v -0.001342501 -0.0008629757 0.006722901
v -0.001399413 -0.0001627057 0.006742246
v -0.001297403 -0.0009211589 0.006775347
v -0.001336819 -0.0002182197 0.006780628
v -0.00122595 -0.0009484065 0.006717517
v -0.001282499 -0.0002756729 0.006717019
v -0.001218871 -0.0003302404 0.006762083
v -0.001142395 -0.001008929 0.006712982
v -0.001166722 -0.0003827112 0.006744722
v -0.001103931 -0.001058071 0.006722173
v -0.001125286 -0.0004258271 0.006764223
v -0.001136008 -0.001059887 0.006791274
v -0.001064678 -0.001097226 0.006730594
v -0.001090286 -0.0004904958 0.006723741
v -0.001027166 -0.001135039 0.006736719
v -0.0009902264 -0.0005905036 0.006775724
v -0.00104417 -0.0005323322 0.006756228
v -0.001063808 -0.001130902 0.006809247
v -0.0009855508 -0.00117361 0.006747792
v -0.0009323407 -0.00064755 0.006783384
v -0.0009407621 -0.001223932 0.006772227
v -0.0008847911 -0.0006948348 0.006775507
v -0.0009991116 -0.001193211 0.006822419
v -0.0009502263 -0.0006056633 0.006817813
v -0.0008752593 -0.001277598 0.006777899
v -0.0008650434 -0.0007487834 0.006735849
v -0.0008077928 -0.001353679 0.006808815
v -0.0008428928 -0.000715236 0.006808314
v -0.0007363929 -0.001383031 0.006749006
v -0.0008122659 -0.0008086886 0.00671472
v -0.0006986719 -0.001418425 0.006744304
v -0.0006800982 -0.0008858613 0.00677267
v -0.0007482158 -0.0008365634 0.006749489
v -0.0007290746 -0.00143286 0.006800777
v -0.0006577616 -0.001458533 0.00674823
v -0.0006205432 -0.0009406974 0.006779293
v -0.0006181672 -0.001504595 0.00675184
v -0.0005851478 -0.001001733 0.006761752
v -0.0006598186 -0.001515837 0.006817813
v -0.0006297859 -0.0008966016 0.006814546
v -0.0005754781 -0.001555669 0.006760013
v -0.0005547042 -0.001071485 0.006741514
v -0.0004727238 -0.001726676 0.006793439
v -0.0005204618 -0.001648652 0.006787716
v -0.0005996288 -0.001593932 0.006837472
v -0.0005262424 -0.001017954 0.006806639
v -0.0004311459 -0.0017754 0.006767124
v -0.0005006922 -0.001118512 0.006753877
v -0.000403821 -0.001828716 0.006804448
v -0.0004081135 -0.001186624 0.006786913
v -0.000449766 -0.001133349 0.006785347
v -0.0003621815 -0.00187534 0.006777038
v -0.0003548967 -0.0012513 0.006792717
v -0.0003234753 -0.001923872 0.006808195
v -0.0003026826 -0.001306782 0.006786278
v -0.0003583261 -0.00119803 0.006823041
v -0.0002803081 -0.001961812 0.006765801
v -0.0002701475 -0.001359597 0.006765714
v -0.0002197689 -0.002020388 0.006778423
v -0.0002503853 -0.001318462 0.006819513
v -0.0001606236 -0.002080837 0.00674624
v -0.000222847 -0.001401852 0.006756263
v -0.0001082981 -0.002125475 0.006793227
v -0.0001580997 -0.001432961 0.006776005
v -0.00005309219 -0.002171651 0.00675189
v -0.00009991363 -0.001486364 0.006745324
v 0.000004259002 -0.002216536 0.006757933
v -0.00002629377 -0.001512322 0.006784542
v 0.00005908732 -0.002257936 0.006738797
v 0.00001230537 -0.001556848 0.006725597
v 0.0001226308 -0.002304713 0.006742146
v 0.00009425295 -0.001593746 0.006765005
v 0.00003657031 -0.002227162 0.006792842
v 0.0001553666 -0.002343157 0.006703521
v 0.0001441398 -0.001635813 0.006707919
v 0.0001850523 -0.002314891 0.006775115
v 0.0002181614 -0.00235471 0.0067354
v 0.0002219445 -0.001674585 0.006740817
v 0.0002883199 -0.001720451 0.006773247
v 0.0002650414 -0.002320122 0.006794665
v 0.0002953238 -0.00237667 0.006730733
v 0.0003575225 -0.001770649 0.006718831
v 0.0004122324 -0.001846615 0.006788794
v 0.0003568396 -0.00231574 0.006803605
v 0.0004045136 -0.002368156 0.006753095
v 0.0004712624 -0.001874799 0.006751614
v 0.0004976486 -0.001904565 0.00675555
v 0.0004576263 -0.002289278 0.006807671
v 0.0004741785 -0.001923572 0.006795678
v 0.0005041446 -0.002349115 0.00675784
v 0.0005220987 -0.001946508 0.006752082
v 0.0005763376 -0.002322757 0.006753997
v 0.0006123593 -0.002112865 0.006740366
v 0.0005652805 -0.002025012 0.006745411
v 0.0005457807 -0.002278162 0.006784945
v 0.0005157775 -0.002212812 0.00681656
v 0.000539663 -0.002112447 0.006802005
v 0.0005101699 -0.002008351 0.006802101
v 0.000603554 -0.002272354 0.00676239
v 0.000646629 -0.002180422 0.006734428
v 0.0006392261 -0.002238103 0.006744515
v 0.0005915977 -0.002202544 0.00677485
v -0.00189205 -0.0002579275 0.006865771
v -0.001922623 -0.0001860545 0.006856229
v -0.001915728 -0.00009054368 0.006868385
v -0.001895537 -0.00002230843 0.006862689
v -0.00185299 -0.0003294638 0.006854143
v -0.001825542 0.000005894791 0.006864217
v -0.001801325 -0.0004029876 0.006865113
v -0.001860362 -0.0002690577 0.006895668
v -0.001862559 -0.0002158215 0.00690667
v -0.0018509 -0.0001292281 0.00690809
v -0.001856094 -0.00005592863 0.006888648
v -0.001771135 -0.0004603638 0.006826741
v -0.001729445 0.00001385243 0.006853586
v -0.001719921 -0.0004934538 0.006894478
v -0.001764103 -0.0004337128 0.00690084
v -0.001779149 -0.00005951882 0.006906775
v -0.001666651 -0.0005650815 0.006840939
v -0.001650466 0.000005065187 0.0068395
v -0.001618955 -0.0006120629 0.006892182
v -0.001618566 -0.00002042402 0.006854448
v -0.001668119 -0.00004779133 0.006898889
v -0.001573797 -0.0006707433 0.00683902
v -0.001584756 -0.00005114396 0.006866551
v -0.001526837 -0.0007205782 0.006874695
v -0.001538869 -0.00009477625 0.006883869
v -0.001600788 -0.00009489942 0.006923588
v -0.001477324 -0.0007751597 0.006823799
v -0.00146689 -0.0001303403 0.006848375
v -0.001428269 -0.0008200333 0.006878189
v -0.001366516 -0.0008742894 0.006827578
v -0.001393346 -0.0001810785 0.006848915
v -0.001308137 -0.000926102 0.006883515
v -0.001347583 -0.000218792 0.006869574
v -0.001389001 -0.0002048617 0.006914083
v -0.001225762 -0.000985731 0.006816132
v -0.001287475 -0.0002665332 0.006845602
v -0.001183443 -0.001035347 0.006896674
v -0.001222948 -0.0003195454 0.00688463
v -0.001127594 -0.001084824 0.006875581
v -0.0011661 -0.0003682041 0.006828564
v -0.001087146 -0.00111974 0.006916404
v -0.001115267 -0.0004149272 0.006872047
v -0.001040565 -0.001162829 0.006883243
v -0.001071782 -0.0004719883 0.006812841
v -0.0009922846 -0.001204409 0.006904158
v -0.001014903 -0.0005266242 0.006854237
v -0.000941816 -0.00124542 0.006842054
v -0.0009667665 -0.0005773919 0.006847345
v -0.0009245719 -0.0006146807 0.006872125
v -0.000883968 -0.001300167 0.006861972
v -0.0008767577 -0.0006697213 0.006840403
v -0.0007832054 -0.001401566 0.006899793
v -0.0008419032 -0.001344488 0.006891624
v -0.0008243619 -0.0007048239 0.006882886
v -0.0007231553 -0.001467964 0.006878829
v -0.0007812314 -0.0007686379 0.006819793
v -0.0006852347 -0.001514993 0.006918759
v -0.0007008464 -0.0008252874 0.006835162
v -0.0006430137 -0.001562579 0.00689081
v -0.0006396765 -0.0008623856 0.006861984
v -0.0006016194 -0.001607818 0.006920423
v -0.0005947507 -0.0009064346 0.006852778
v -0.000669001 -0.0008250178 0.006892806
v -0.0005597827 -0.001646504 0.006876204
v -0.0005486785 -0.0009581895 0.006851229
v -0.0005028711 -0.001707135 0.006882797
v -0.0004970431 -0.001003467 0.006858924
v -0.0005645548 -0.000914498 0.006893641
v -0.0004496548 -0.001775092 0.006846236
v -0.0004679219 -0.001064316 0.006834999
v -0.0004067856 -0.001825433 0.006893482
v -0.0004043489 -0.0011274 0.006839407
v -0.0004721487 -0.001014136 0.006889259
v -0.0003654606 -0.001877722 0.00685293
v -0.0003663565 -0.001167157 0.006841526
v -0.0003129196 -0.001922599 0.006893669
v -0.0003230399 -0.001200816 0.006883812
v -0.0003636045 -0.00114166 0.006887539
v -0.0002693134 -0.001972325 0.006844981
v -0.0002802099 -0.001270099 0.006847817
v -0.0002073122 -0.002018018 0.006881507
v -0.0002217335 -0.001309228 0.006885684
v -0.000151898 -0.00207502 0.006844935
v -0.0001983198 -0.001366516 0.006826682
v -0.00009537635 -0.002115854 0.006863894
v -0.0001256518 -0.001414129 0.006874705
v -0.00005251882 -0.002149158 0.006843477
v -0.00007604367 -0.001467143 0.006829256
v -0.000007236121 -0.00151589 0.006874294
v -0.00005539639 -0.002119954 0.006900226
v 0.00001338603 -0.002187726 0.006830756
v 0.00004419599 -0.001554316 0.006819122
v 0.00008411318 -0.002220222 0.006831435
v 0.0001097393 -0.001603296 0.006854594
v 0.0001399569 -0.002265707 0.006806511
v 0.0001658744 -0.001639692 0.006802026
v 0.0001783859 -0.00219598 0.00688373
v 0.0002265888 -0.002264061 0.006839024
v 0.0002343911 -0.001691004 0.00682685
v 0.0002816318 -0.001728074 0.006832371
v 0.0002807154 -0.002194716 0.006888317
v 0.0002510217 -0.002115685 0.006931464
v 0.0002557971 -0.001745427 0.006889389
v 0.0003162891 -0.002260784 0.006849036
v 0.0003280629 -0.0017794 0.006827264
v 0.0004110276 -0.001924458 0.006852813
v 0.0003626371 -0.001856651 0.006861619
v 0.0003653808 -0.002193057 0.006879937
v 0.0003393877 -0.002116363 0.006906668
v 0.0003092687 -0.002033775 0.006933831
v 0.000333762 -0.001928608 0.006914387
v 0.0003024905 -0.001827565 0.006904287
v 0.0003990413 -0.002249571 0.006848654
v 0.0004573432 -0.001987631 0.00684224
v 0.0004583012 -0.002223249 0.006844318
v 0.0004753367 -0.002157488 0.006849189
v 0.0004704466 -0.002068984 0.006849257
v 0.0004261528 -0.002192518 0.006866934
v 0.0004158724 -0.002126707 0.006879584
v 0.000395475 -0.002025452 0.006888212
v -0.001812843 -0.0002647087 0.006934261
v -0.001808338 -0.0001829401 0.006944446
v -0.001786929 -0.0001243609 0.006940756
v -0.001766251 -0.0003593125 0.006943641
v -0.001725697 -0.0001067959 0.006946635
v -0.001693156 -0.0004755208 0.006977932
v -0.001732338 -0.0004362464 0.006950714
v -0.001748942 -0.0002764788 0.006978463
v -0.001757139 -0.0002128247 0.00697306
v -0.0017569 -0.0001563979 0.00696375
v -0.001655145 -0.0005409381 0.006955743
v -0.00166183 -0.0001080034 0.00694954
v -0.001608955 -0.0005980554 0.00696355
v -0.00162117 -0.0001449452 0.006965657
v -0.001665203 -0.0004978013 0.00700142
v -0.001685456 -0.0003091068 0.007009251
v -0.001702233 -0.0002363254 0.006995947
v -0.001692746 -0.0001669222 0.006978345
v -0.001564372 -0.0006537167 0.006946175
v -0.001538906 -0.0001510089 0.006939493
v -0.00151555 -0.0007142685 0.00694914
v -0.001583789 -0.0006073602 0.006991
v -0.001612264 -0.0002242177 0.007002127
v -0.00148031 -0.0007641275 0.006917294
v -0.001447958 -0.0001797887 0.006922123
v -0.001425925 -0.0007904779 0.006985712
v -0.001421417 -0.0002216578 0.006963725
v -0.001478736 -0.0007369099 0.006984622
v -0.001497338 -0.0002193731 0.00698808
v -0.001369827 -0.000863318 0.006938395
v -0.001353543 -0.0002500082 0.006944514
v -0.001308824 -0.0009083656 0.006993221
v -0.001244403 -0.0009757339 0.006951917
v -0.001281768 -0.0002925362 0.006948879
v -0.001192654 -0.001021923 0.006976385
v -0.001233269 -0.0003289784 0.006967458
v -0.001274366 -0.0003248577 0.007009335
v -0.00113927 -0.001064754 0.006972403
v -0.001173608 -0.0003692927 0.006941119
v -0.001085699 -0.001106956 0.00698854
v -0.001113308 -0.0004221686 0.00696559
v -0.00117262 -0.001028625 0.007012456
v -0.001034958 -0.001151982 0.006974626
v -0.00106415 -0.0004648883 0.006911987
v -0.0009775459 -0.001202115 0.006976535
v -0.001020839 -0.0005108336 0.006955891
v -0.001062019 -0.001114488 0.007019354
v -0.0009308934 -0.001252368 0.006936715
v -0.000970418 -0.0005616136 0.00692035
v -0.0009264968 -0.0006038191 0.006968007
v -0.0009379078 -0.001221774 0.007012678
v -0.0008772536 -0.001304482 0.006936022
v -0.0008725036 -0.0006542 0.006928513
v -0.0007816696 -0.001387918 0.006996376
v -0.0008322335 -0.00134255 0.006965812
v -0.0008202115 -0.0006979529 0.006973885
v -0.0007301425 -0.001451809 0.006976135
v -0.0007754046 -0.00074024 0.006926521
v -0.000682522 -0.001507083 0.006987951
v -0.0007518083 -0.001410707 0.007024664
v -0.0006386999 -0.001556425 0.006977035
v -0.0007111856 -0.0007905074 0.006922913
v -0.0005901512 -0.001606093 0.006986062
v -0.0006418648 -0.0008360691 0.006947983
v -0.0006602756 -0.001519015 0.007017392
v -0.0005437169 -0.001652878 0.006967882
v -0.0005914128 -0.0008829449 0.006920017
v -0.0004891045 -0.001707584 0.006970969
v -0.0005426108 -0.0009243625 0.006947349
v -0.0005645329 -0.001617996 0.007014055
v -0.0004428904 -0.001763525 0.006951281
v -0.0004957409 -0.0009783882 0.006917961
v -0.0003952931 -0.001818179 0.006960182
v -0.0004499892 -0.001025677 0.006945815
v -0.0004593125 -0.001722312 0.007003131
v -0.0003497602 -0.001864647 0.006948894
v -0.0004013787 -0.001091904 0.006915422
v -0.000296206 -0.001912058 0.006958758
v -0.0002953861 -0.001211435 0.006992366
v -0.0003506954 -0.001143022 0.006962963
v -0.0003687829 -0.001827735 0.006988327
v -0.0002444557 -0.001956186 0.006944821
v -0.0002559884 -0.001258198 0.006932579
v -0.0001816668 -0.002004428 0.006948433
v -0.0002051433 -0.001309734 0.006968412
v -0.0002666136 -0.001916766 0.006986044
v -0.0001538909 -0.002044315 0.006918283
v -0.0001680538 -0.001359344 0.006924476
v -0.0001160239 -0.001417078 0.006968394
v -0.0001203442 -0.002016358 0.006975639
v -0.0000929668 -0.002076038 0.006924501
v -0.00006307422 -0.001469516 0.006924125
v -0.00002613151 -0.002091082 0.006944254
v -0.00000557575 -0.001546875 0.006974125
v -0.00003118549 -0.002024578 0.006995238
v 0.000002435515 -0.002134217 0.006904491
v 0.00005812319 -0.001573841 0.006905175
v 0.0001062366 -0.00161635 0.006914307
v 0.00005339347 -0.002070099 0.006970189
v 0.00005615074 -0.001980475 0.007024743
v 0.00007564572 -0.001634887 0.00697498
v 0.00009269208 -0.00215002 0.006909289
v 0.0001639537 -0.001672803 0.006906301
v 0.0001762122 -0.002127495 0.00693742
v 0.0002002686 -0.001753724 0.006953018
v 0.0001456788 -0.002077661 0.00696726
v 0.0001317424 -0.002000005 0.007002173
v 0.0001192487 -0.001906067 0.007032196
v 0.0001166126 -0.001820116 0.007037471
v 0.0001270674 -0.001737787 0.007001403
v 0.000207594 -0.002079346 0.006962658
v 0.0002454911 -0.001803238 0.006945604
v 0.0002500551 -0.002044996 0.006961357
v 0.0002629231 -0.001972503 0.006963924
v 0.0002592891 -0.001879918 0.006958987
v 0.0002025233 -0.002019234 0.006982159
v 0.0001975406 -0.001934183 0.006995655
v 0.0001853331 -0.001831052 0.006995432
v -0.001690052 -0.0004060907 0.007006907
v -0.001663471 -0.0004638614 0.007020028
v -0.001639879 -0.0003604353 0.007042486
v -0.001627993 -0.0005018843 0.007024781
v -0.001613034 -0.0003049966 0.007039601
v -0.001615758 -0.0004298305 0.007051304
v -0.001598356 -0.0005621645 0.007010336
v -0.001538327 -0.0002860531 0.007038767
v -0.001545362 -0.0006049542 0.007024
v -0.001541522 -0.0005073962 0.007066742
v -0.001542268 -0.0004134551 0.007077399
v -0.001576429 -0.0003557767 0.007062161
v -0.001504746 -0.0006762149 0.007010142
v -0.0014319 -0.0002813628 0.00702095
v -0.001397769 -0.0007672076 0.007062655
v -0.001445003 -0.000718071 0.007044506
v -0.001454545 -0.0006101864 0.00708559
v -0.001448503 -0.0005055468 0.007106083
v -0.001470143 -0.00043097 0.007093159
v -0.001492737 -0.0003526217 0.007069967
v -0.001348653 -0.0008296005 0.007053554
v -0.001337109 -0.0003063121 0.007015503
v -0.001294436 -0.0008888646 0.00706731
v -0.001302103 -0.0003580706 0.007055361
v -0.001364631 -0.0007703977 0.00709522
v -0.001384192 -0.0007054213 0.007108812
v -0.001371247 -0.000621737 0.007137737
v -0.001368882 -0.0005341396 0.007132917
v -0.001394273 -0.0004538904 0.007112003
v -0.001388363 -0.0003705463 0.007076093
v -0.001255922 -0.0009357504 0.007047612
v -0.001227518 -0.0003749486 0.007030491
v -0.001256476 -0.0008986479 0.00710093
v -0.001287686 -0.0004476277 0.00711086
v -0.001196865 -0.0009873577 0.007040459
v -0.001158901 -0.0004037606 0.007013944
v -0.001142342 -0.001026788 0.007050498
v -0.001116828 -0.000445545 0.007032078
v -0.001187973 -0.0005028558 0.007133076
v -0.001174965 -0.0004423544 0.007073512
v -0.001082651 -0.001069897 0.00705365
v -0.001069094 -0.0004729981 0.006998488
v -0.001028931 -0.001118018 0.007051926
v -0.001036752 -0.0005098042 0.007017225
v -0.001106501 -0.001022049 0.007089743
v -0.00107964 -0.000519832 0.007080597
v -0.0009705021 -0.001164661 0.007051481
v -0.0009886124 -0.0005570651 0.007014336
v -0.0009176137 -0.001209591 0.007059418
v -0.0009387298 -0.0006044664 0.007030528
v -0.0009919592 -0.001117886 0.007086721
v -0.0009682954 -0.0006216919 0.007095986
v -0.0008737387 -0.001264571 0.007029754
v -0.0008843595 -0.0006527668 0.007024544
v -0.0008074264 -0.001329846 0.007042946
v -0.0008277128 -0.0007013052 0.007037405
v -0.0008868898 -0.001214403 0.007081002
v -0.0008612011 -0.0007150475 0.007105988
v -0.0007572308 -0.001367968 0.007065231
v -0.0007605183 -0.0007569923 0.007025716
v -0.0007203348 -0.00141973 0.007054729
v -0.0007780347 -0.001322755 0.007086185
v -0.0007739574 -0.0007959591 0.007124841
v -0.000673349 -0.001470223 0.00705156
v -0.000679887 -0.0008078943 0.007001224
v -0.0006284199 -0.00152414 0.007049154
v -0.0006410503 -0.0008361574 0.007012399
v -0.0006868926 -0.001421742 0.007087078
v -0.0006682627 -0.0008433654 0.007076073
v -0.0005778791 -0.00157179 0.007049231
v -0.0005939848 -0.0008773092 0.007005674
v -0.0005292762 -0.001622998 0.007046097
v -0.000544082 -0.0009206462 0.007017064
v -0.000592156 -0.001524934 0.007082945
v -0.000565273 -0.0009328778 0.007088213
v -0.0004727194 -0.001670995 0.007044017
v -0.0004972814 -0.0009695312 0.007008902
v -0.0004159619 -0.001730914 0.007035646
v -0.0004507381 -0.001018294 0.0070221
v -0.0004900269 -0.001622997 0.007081132
v -0.0004745861 -0.001024157 0.007096507
v -0.0003842219 -0.001788922 0.007009695
v -0.0004064648 -0.001076426 0.007021528
v -0.0003290643 -0.001822728 0.007022261
v -0.0002854971 -0.0012542 0.007077201
v -0.0003491383 -0.001166023 0.00706884
v -0.0003310133 -0.001746863 0.007078887
v -0.0004123405 -0.001104333 0.007114274
v -0.0002868547 -0.001875784 0.007005944
v -0.0002400886 -0.001275872 0.007015206
v -0.00022527 -0.001903177 0.007018458
v -0.0002046171 -0.001316868 0.007023674
v -0.0002354481 -0.001808447 0.00707492
v -0.0002534529 -0.001718736 0.007124166
v -0.000223235 -0.001333177 0.00707848
v -0.0001673977 -0.001957347 0.007002936
v -0.0001686406 -0.001367103 0.007018639
v -0.0001235216 -0.001435895 0.007041181
v -0.0001377525 -0.00187618 0.007064473
v -0.0001413585 -0.001788439 0.007103201
v -0.0001738048 -0.001708076 0.007128986
v -0.0001565883 -0.001519983 0.007139536
v -0.0001718225 -0.001428336 0.007100407
v -0.00008376983 -0.00195579 0.007033756
v -0.00007424046 -0.00148353 0.007011576
v -0.000004273857 -0.001626616 0.007046917
v -0.00005471534 -0.001552601 0.007052093
v -0.00004279833 -0.001885946 0.007074222
v -0.00006945946 -0.001806993 0.007095315
v -0.00009795686 -0.001730274 0.007113797
v -0.0001019666 -0.001618082 0.007115179
v -0.0001094006 -0.001503375 0.00708299
v -0.000002888894 -0.001945693 0.007050216
v 0.00005304008 -0.001697733 0.007040471
v 0.00005476358 -0.001917385 0.007056399
v 0.00006699754 -0.001855923 0.007064417
v 0.00006289889 -0.00177586 0.007059419
v 0.00001941669 -0.001888088 0.007073309
v 0.000006522825 -0.001824162 0.007083192
v -0.00001782462 -0.001725225 0.007086637
v -0.001312744 -0.0007628941 0.007132164
v -0.001319617 -0.0006690615 0.007158303
v -0.001315546 -0.0005900899 0.007165703
v -0.001296331 -0.0005273807 0.007157281
v -0.001280018 -0.000845947 0.007116176
v -0.001247207 -0.0005151168 0.007158201
v -0.001225912 -0.0008721028 0.007137556
v -0.001205275 -0.0005532718 0.007171055
v -0.001220515 -0.0007976245 0.007166787
v -0.001249677 -0.0007015915 0.007177927
v -0.001269376 -0.0006301235 0.007181542
v -0.001256293 -0.0005703118 0.007178303
v -0.001206529 -0.0009266121 0.00710619
v -0.001136176 -0.0005741893 0.007158149
v -0.00115087 -0.0008730102 0.007162471
v -0.001141931 -0.0007924667 0.007192392
v -0.001167286 -0.0007215008 0.007193568
v -0.001197539 -0.0006281105 0.007186428
v -0.001132032 -0.0009692739 0.007112324
v -0.001056367 -0.0006041572 0.007144208
v -0.001056561 -0.001011439 0.007122912
v -0.001011641 -0.0006632578 0.007162129
v -0.001044662 -0.0009187319 0.007172802
v -0.001071249 -0.0008205708 0.007195195
v -0.001095055 -0.0007485672 0.00720053
v -0.001094341 -0.0006665114 0.007185254
v -0.001011553 -0.001073249 0.007105598
v -0.000947562 -0.0006958241 0.007153018
v -0.0009463344 -0.001106009 0.007119201
v -0.0009081053 -0.0007515224 0.007169941
v -0.0009492039 -0.001004085 0.007166911
v -0.0009539395 -0.0009049569 0.007195197
v -0.0009929746 -0.0008443725 0.007198856
v -0.00100094 -0.0007501438 0.007191335
v -0.0009029318 -0.001168282 0.007103635
v -0.0008461364 -0.0007822367 0.007162573
v -0.0008418455 -0.001204729 0.007112964
v -0.0008052893 -0.0008360367 0.007176088
v -0.0008407691 -0.001097645 0.007165184
v -0.000847256 -0.0009907313 0.007194207
v -0.0008882614 -0.0009284188 0.007198472
v -0.0008974099 -0.0008359239 0.007195051
v -0.0007982361 -0.001273756 0.007098075
v -0.000725262 -0.0008724116 0.00715884
v -0.0007363868 -0.001308091 0.007120665
v -0.0007360614 -0.001198474 0.007165564
v -0.0007359103 -0.001092877 0.007197013
v -0.0007635014 -0.001014971 0.007200211
v -0.0007991421 -0.0009166216 0.007196347
v -0.0006991632 -0.001373782 0.007107219
v -0.0006440645 -0.0009098082 0.00714214
v -0.0006420892 -0.001409635 0.007118282
v -0.0006010038 -0.0009650261 0.007160204
v -0.0006365171 -0.001298949 0.00716656
v -0.0006356623 -0.001192065 0.007198374
v -0.000660242 -0.001116806 0.007203764
v -0.000684673 -0.001043928 0.007205765
v -0.0006836818 -0.00096278 0.007188393
v -0.0006056956 -0.001476763 0.007101462
v -0.0005432444 -0.0009990211 0.007148375
v -0.0005454044 -0.001511471 0.007114869
v -0.0005096993 -0.001053473 0.007165201
v -0.0005388777 -0.001400161 0.007162018
v -0.0005384458 -0.001290096 0.007194802
v -0.0005641715 -0.001213017 0.007203193
v -0.0005884448 -0.001138586 0.007207685
v -0.0005928408 -0.001047762 0.007193026
v -0.0005063317 -0.00157619 0.007099615
v -0.0004608129 -0.001086012 0.00715451
v -0.000442252 -0.001606863 0.007113864
v -0.0004323655 -0.001138109 0.00716502
v -0.0004418374 -0.001500483 0.007158143
v -0.0004369725 -0.001393932 0.00718504
v -0.0004653441 -0.001309894 0.007193793
v -0.0004961048 -0.001231543 0.007202849
v -0.0005042052 -0.001136995 0.007193157
v -0.0003866954 -0.001670195 0.007101756
v -0.0003874327 -0.001168671 0.007141018
v -0.0002889173 -0.001325798 0.007138653
v -0.0003464925 -0.001240214 0.00713863
v -0.0003493644 -0.0015825 0.007157972
v -0.0003437954 -0.001492337 0.007180421
v -0.0003758949 -0.001427836 0.0071851
v -0.0003728164 -0.001332054 0.007180151
v -0.0004247822 -0.001219017 0.007182237
v -0.0003023194 -0.001664829 0.007140312
v -0.0002352638 -0.001392815 0.007137851
v -0.0001998819 -0.001535332 0.007171697
v -0.0002170926 -0.001469136 0.007159055
v -0.0002697951 -0.00160422 0.007171453
v -0.0002668686 -0.001527441 0.00717941
v -0.0002965273 -0.001422346 0.007174791
v -0.00022867 -0.001653407 0.007158287
v -0.0001650609 -0.001577282 0.007160328
v -0.0001732347 -0.001629127 0.007156363
v -0.000213785 -0.00158787 0.007175453
f 1 2 5
f 2 1 6
f 1 5 7
f 6 1 7
f 3 21 25
f 3 4 22
f 21 3 22
f 22 4 26
f 8 3 25
f 30 8 25
f 2 8 5
f 2 4 8
f 4 3 8
f 6 9 27
f 2 6 27
f 2 27 26
f 2 26 4
f 27 9 31
f 10 8 30
f 35 10 30
f 5 11 7
f 5 8 11
f 8 10 11
f 7 9 6
f 7 11 9
f 11 12 9
f 32 31 9
f 32 9 13
f 13 9 12
f 32 13 36
f 10 35 37
f 37 39 14
f 37 14 10
f 10 14 11
f 12 11 15
f 15 11 14
f 13 12 16
f 16 12 15
f 40 36 13
f 16 40 13
f 14 39 41
f 41 45 17
f 41 17 14
f 14 17 15
f 16 15 18
f 18 15 17
f 42 40 16
f 42 16 19
f 19 16 18
f 42 19 46
f 17 45 47
f 18 17 47
f 48 18 47
f 19 18 48
f 49 19 48
f 46 19 49
f 20 53 55
f 53 20 56
f 23 20 55
f 60 23 55
f 57 56 20
f 57 20 24
f 24 20 23
f 57 24 61
f 28 62 65
f 60 62 28
f 23 60 28
f 23 28 25
f 23 25 21
f 22 23 21
f 24 23 22
f 26 29 63
f 22 26 63
f 22 63 61
f 22 61 24
f 63 29 66
f 33 28 65
f 68 33 65
f 25 33 30
f 28 33 25
f 26 27 29
f 31 34 67
f 27 31 67
f 27 67 66
f 27 66 29
f 67 34 69
f 38 33 68
f 71 38 68
f 30 38 35
f 33 38 30
f 31 32 34
f 34 32 36
f 34 36 69
f 69 36 72
f 38 71 73
f 43 73 76
f 37 73 43
f 37 38 73
f 37 35 38
f 37 43 39
f 74 40 44
f 74 72 40
f 72 36 40
f 74 44 77
f 43 76 78
f 50 78 80
f 41 78 50
f 41 43 78
f 41 39 43
f 41 50 45
f 40 42 44
f 44 42 46
f 44 46 77
f 77 46 81
f 50 80 82
f 45 50 82
f 45 82 47
f 47 82 83
f 51 83 86
f 51 48 83
f 48 47 83
f 48 52 49
f 51 52 48
f 49 52 87
f 49 87 46
f 46 87 81
f 51 86 88
f 52 51 88
f 89 52 88
f 87 52 89
f 54 119 121
f 119 54 122
f 58 123 127
f 121 123 58
f 54 121 58
f 54 58 55
f 54 55 53
f 56 59 124
f 53 56 124
f 53 124 122
f 53 122 54
f 124 59 128
f 64 58 127
f 129 64 127
f 55 64 60
f 58 64 55
f 56 57 59
f 59 57 61
f 59 61 128
f 128 61 130
f 62 64 129
f 62 129 65
f 65 129 134
f 60 64 62
f 61 131 130
f 63 131 61
f 131 63 66
f 135 131 66
f 70 136 140
f 70 134 136
f 70 68 134
f 68 65 134
f 66 137 135
f 67 137 66
f 137 67 69
f 141 137 69
f 70 140 142
f 142 68 70
f 142 145 68
f 145 71 68
f 143 72 75
f 143 141 72
f 141 69 72
f 143 75 146
f 79 73 71
f 79 71 148
f 148 71 145
f 73 79 76
f 72 74 75
f 75 74 77
f 75 77 146
f 146 77 149
f 79 148 150
f 84 150 153
f 78 150 84
f 78 79 150
f 78 76 79
f 78 84 80
f 151 81 85
f 151 149 81
f 149 77 81
f 151 85 154
f 84 153 155
f 80 84 155
f 80 155 82
f 82 155 156
f 90 156 159
f 90 83 156
f 83 82 156
f 83 90 86
f 85 160 157
f 85 81 160
f 81 87 160
f 154 85 157
f 90 159 161
f 86 90 161
f 86 161 88
f 88 161 162
f 89 88 163
f 88 162 163
f 160 87 89
f 163 160 89
f 91 167 172
f 167 91 173
f 92 174 183
f 92 93 175
f 174 92 175
f 172 175 93
f 172 93 91
f 91 93 94
f 176 173 91
f 176 91 95
f 95 91 94
f 95 96 177
f 176 95 177
f 177 96 184
f 97 92 183
f 187 97 183
f 93 92 98
f 98 92 97
f 94 93 99
f 99 93 98
f 95 94 100
f 100 94 99
f 96 95 101
f 101 95 100
f 188 184 96
f 101 188 96
f 102 97 187
f 192 102 187
f 98 97 103
f 103 97 102
f 99 98 104
f 104 98 103
f 100 99 105
f 105 99 104
f 101 100 106
f 106 100 105
f 193 188 101
f 106 193 101
f 107 194 199
f 192 194 107
f 192 107 102
f 102 107 108
f 103 102 109
f 109 102 108
f 104 103 110
f 110 103 109
f 105 104 111
f 111 104 110
f 200 195 106
f 200 106 111
f 111 106 105
f 193 106 195
f 112 107 199
f 205 112 199
f 108 107 113
f 113 107 112
f 109 108 114
f 114 108 113
f 110 109 115
f 115 109 114
f 206 201 111
f 206 111 115
f 115 111 110
f 200 111 201
f 116 112 205
f 211 116 205
f 113 112 117
f 117 112 116
f 114 113 118
f 118 113 117
f 212 207 115
f 212 115 118
f 118 115 114
f 206 115 207
f 116 211 213
f 117 116 213
f 214 117 213
f 118 117 214
f 215 118 214
f 212 118 215
f 120 222 225
f 222 120 226
f 125 227 231
f 225 227 125
f 120 225 125
f 120 125 121
f 120 121 119
f 122 126 228
f 119 122 228
f 119 228 226
f 119 226 120
f 228 126 232
f 123 125 231
f 123 231 127
f 127 231 234
f 121 125 123
f 122 124 126
f 126 124 128
f 126 128 232
f 232 128 235
f 132 236 240
f 132 234 236
f 132 129 234
f 129 127 234
f 237 130 133
f 237 235 130
f 235 128 130
f 237 133 241
f 138 132 240
f 244 138 240
f 129 138 134
f 132 138 129
f 130 131 133
f 135 139 242
f 131 135 242
f 131 242 241
f 131 241 133
f 242 139 245
f 136 138 244
f 136 244 140
f 140 244 249
f 134 138 136
f 135 137 139
f 141 144 246
f 137 141 246
f 137 246 245
f 137 245 139
f 246 144 250
f 147 142 140
f 147 140 253
f 253 140 249
f 142 147 145
f 141 143 144
f 144 143 146
f 144 146 250
f 250 146 254
f 147 253 255
f 255 145 147
f 255 259 145
f 259 148 145
f 256 149 152
f 256 254 149
f 254 146 149
f 256 152 260
f 158 150 148
f 158 148 262
f 262 148 259
f 150 158 153
f 149 151 152
f 152 151 154
f 152 154 260
f 260 154 263
f 158 262 264
f 164 264 265
f 155 264 164
f 155 158 264
f 155 153 158
f 155 165 156
f 164 165 155
f 156 165 159
f 157 160 166
f 157 166 266
f 157 266 154
f 154 266 263
f 164 265 267
f 165 164 267
f 268 165 267
f 159 165 268
f 159 268 161
f 161 268 269
f 162 161 270
f 161 269 270
f 163 162 271
f 162 270 271
f 166 160 163
f 166 163 272
f 272 163 271
f 266 166 272
f 168 273 280
f 168 169 274
f 273 168 274
f 169 170 275
f 274 169 275
f 170 171 276
f 275 170 276
f 276 171 281
f 178 282 286
f 280 282 178
f 280 178 168
f 168 178 179
f 169 168 180
f 180 168 179
f 167 180 172
f 167 170 180
f 170 169 180
f 173 170 167
f 173 181 170
f 181 171 170
f 283 281 171
f 283 171 182
f 182 171 181
f 283 182 287
f 185 288 291
f 286 288 185
f 286 185 178
f 178 185 186
f 174 186 183
f 174 179 186
f 179 178 186
f 175 179 174
f 180 179 175
f 172 180 175
f 173 176 181
f 177 181 176
f 182 181 177
f 182 177 184
f 182 184 287
f 287 184 292
f 189 185 291
f 297 189 291
f 186 185 190
f 190 185 189
f 183 190 187
f 186 190 183
f 293 188 191
f 293 292 188
f 292 184 188
f 293 191 298
f 196 189 297
f 301 196 297
f 190 189 197
f 197 189 196
f 187 197 192
f 190 197 187
f 191 193 198
f 188 193 191
f 302 298 191
f 198 302 191
f 202 303 306
f 301 303 202
f 301 202 196
f 196 202 203
f 194 203 199
f 194 197 203
f 197 196 203
f 192 197 194
f 195 200 204
f 195 204 307
f 193 195 307
f 193 307 304
f 193 304 198
f 302 198 304
f 208 202 306
f 309 208 306
f 203 202 209
f 209 202 208
f 199 209 205
f 203 209 199
f 201 206 210
f 201 210 310
f 200 201 310
f 200 310 308
f 200 308 204
f 307 204 308
f 208 309 311
f 311 314 216
f 311 216 208
f 208 216 209
f 205 216 211
f 209 216 205
f 207 212 217
f 207 217 315
f 206 207 315
f 206 315 312
f 206 312 210
f 310 210 312
f 218 216 314
f 319 218 314
f 211 219 213
f 211 216 219
f 216 218 219
f 213 220 214
f 219 220 213
f 214 221 215
f 220 221 214
f 215 221 320
f 212 215 320
f 212 320 316
f 212 316 217
f 315 217 316
f 218 319 321
f 219 218 321
f 322 219 321
f 220 219 322
f 323 220 322
f 221 220 323
f 324 221 323
f 320 221 324
f 223 329 333
f 223 224 330
f 329 223 330
f 330 224 334
f 229 335 338
f 333 335 229
f 223 333 229
f 223 229 225
f 223 225 222
f 226 223 222
f 226 230 223
f 230 224 223
f 339 334 224
f 230 339 224
f 233 340 342
f 338 340 233
f 229 338 233
f 229 233 231
f 229 231 227
f 225 229 227
f 226 228 230
f 230 228 232
f 230 232 339
f 339 232 343
f 238 233 342
f 346 238 342
f 231 238 234
f 233 238 231
f 344 235 239
f 344 343 235
f 343 232 235
f 344 239 347
f 236 238 346
f 236 346 240
f 240 346 351
f 234 238 236
f 235 237 239
f 241 243 348
f 237 241 348
f 237 348 347
f 237 347 239
f 348 243 352
f 247 353 357
f 247 351 353
f 247 244 351
f 244 240 351
f 241 242 243
f 245 248 354
f 242 245 354
f 242 354 352
f 242 352 243
f 354 248 358
f 251 247 357
f 361 251 357
f 244 251 249
f 247 251 244
f 245 246 248
f 250 252 359
f 246 250 359
f 246 359 358
f 246 358 248
f 359 252 362
f 257 251 361
f 363 257 361
f 249 257 253
f 251 257 249
f 252 254 258
f 250 254 252
f 364 362 252
f 258 364 252
f 257 363 365
f 261 365 367
f 255 365 261
f 255 257 365
f 255 253 257
f 255 261 259
f 254 256 258
f 258 256 260
f 258 260 364
f 364 260 368
f 261 367 369
f 369 259 261
f 369 371 259
f 371 262 259
f 260 263 368
f 368 263 372
f 262 371 373
f 264 262 373
f 373 265 264
f 376 265 373
f 263 266 372
f 372 266 377
f 265 376 378
f 267 265 378
f 268 267 379
f 267 378 379
f 269 268 380
f 268 379 380
f 270 269 381
f 269 380 381
f 271 270 382
f 270 381 382
f 272 271 383
f 271 382 383
f 377 266 272
f 383 377 272
f 277 385 388
f 277 278 386
f 385 277 386
f 278 279 387
f 386 278 387
f 387 279 389
f 284 390 394
f 284 285 391
f 390 284 391
f 388 391 285
f 277 388 285
f 277 285 280
f 277 280 273
f 274 277 273
f 278 277 274
f 275 278 274
f 279 278 275
f 279 392 389
f 279 275 392
f 275 276 392
f 392 276 281
f 395 392 281
f 289 396 399
f 394 396 289
f 394 289 284
f 284 289 290
f 282 290 286
f 282 285 290
f 285 284 290
f 280 285 282
f 281 397 395
f 283 397 281
f 397 283 287
f 400 397 287
f 294 401 404
f 399 401 294
f 399 294 289
f 289 294 295
f 288 295 291
f 288 290 295
f 290 289 295
f 286 290 288
f 402 292 296
f 402 400 292
f 400 287 292
f 402 296 405
f 299 294 404
f 406 299 404
f 295 294 300
f 300 294 299
f 291 300 297
f 295 300 291
f 292 293 296
f 296 293 298
f 296 298 405
f 405 298 407
f 299 406 408
f 408 409 305
f 408 305 299
f 299 305 300
f 297 305 301
f 300 305 297
f 298 302 407
f 407 302 410
f 303 305 409
f 303 409 306
f 306 409 413
f 301 305 303
f 304 414 411
f 307 414 304
f 410 302 304
f 411 410 304
f 306 413 309
f 413 416 309
f 308 310 313
f 308 313 417
f 308 417 307
f 307 417 414
f 317 311 309
f 317 309 420
f 420 309 416
f 311 317 314
f 312 315 318
f 312 318 421
f 310 312 421
f 310 421 418
f 310 418 313
f 417 313 418
f 317 420 422
f 422 314 317
f 422 424 314
f 424 319 314
f 316 320 325
f 316 325 425
f 315 316 425
f 315 425 423
f 315 423 318
f 421 318 423
f 319 424 426
f 321 319 426
f 326 426 430
f 326 322 426
f 322 321 426
f 322 327 323
f 326 327 322
f 431 323 327
f 431 427 323
f 427 324 323
f 325 320 324
f 325 324 428
f 428 324 427
f 425 325 428
f 326 430 432
f 327 326 432
f 433 327 432
f 431 327 433
f 328 438 442
f 438 328 443
f 331 444 449
f 442 444 331
f 442 331 328
f 328 331 332
f 450 443 328
f 332 450 328
f 336 451 456
f 449 451 336
f 331 449 336
f 331 336 333
f 331 333 329
f 330 331 329
f 332 331 330
f 334 337 452
f 330 334 452
f 330 452 450
f 330 450 332
f 452 337 457
f 335 336 456
f 335 456 338
f 338 456 460
f 333 336 335
f 337 339 341
f 334 339 337
f 461 457 337
f 341 461 337
f 340 462 465
f 342 340 465
f 460 340 338
f 462 340 460
f 341 343 345
f 339 343 341
f 466 461 341
f 345 466 341
f 349 467 470
f 349 465 467
f 349 346 465
f 346 342 465
f 343 344 345
f 347 350 468
f 344 347 468
f 344 468 466
f 344 466 345
f 468 350 471
f 355 349 470
f 474 355 470
f 346 355 351
f 349 355 346
f 347 348 350
f 352 356 472
f 348 352 472
f 348 472 471
f 348 471 350
f 472 356 475
f 353 355 474
f 353 474 357
f 357 474 478
f 351 355 353
f 352 354 356
f 358 360 476
f 354 358 476
f 354 476 475
f 354 475 356
f 476 360 479
f 357 478 361
f 478 481 361
f 358 359 360
f 360 359 362
f 360 362 479
f 479 362 482
f 361 481 363
f 481 485 363
f 483 364 366
f 483 482 364
f 482 362 364
f 483 366 486
f 363 485 487
f 365 363 487
f 487 367 365
f 488 367 487
f 366 368 370
f 364 368 366
f 489 486 366
f 370 489 366
f 374 369 367
f 374 367 490
f 490 367 488
f 369 374 371
f 370 372 375
f 368 372 370
f 491 489 370
f 375 491 370
f 374 490 492
f 384 492 494
f 373 492 384
f 373 374 492
f 373 371 374
f 373 384 376
f 375 495 493
f 375 372 495
f 372 377 495
f 491 375 493
f 384 494 496
f 376 384 496
f 376 496 378
f 378 496 497
f 379 378 498
f 378 497 498
f 380 379 499
f 379 498 499
f 381 380 500
f 380 499 500
f 382 381 501
f 381 500 501
f 383 382 502
f 382 501 502
f 495 377 383
f 502 495 383
f 393 503 510
f 393 388 385
f 393 385 503
f 503 385 504
f 386 505 385
f 385 505 504
f 387 506 386
f 386 506 505
f 506 387 389
f 511 506 389
f 398 512 517
f 398 394 390
f 398 390 512
f 512 390 513
f 510 391 393
f 510 513 391
f 513 390 391
f 388 393 391
f 389 514 511
f 392 514 389
f 514 392 395
f 518 514 395
f 403 519 522
f 517 519 403
f 398 517 403
f 398 403 399
f 398 399 396
f 394 398 396
f 395 520 518
f 397 520 395
f 520 397 400
f 523 520 400
f 401 403 522
f 401 522 404
f 404 522 525
f 399 403 401
f 400 524 523
f 402 524 400
f 524 402 405
f 526 524 405
f 404 525 406
f 525 527 406
f 405 407 526
f 526 407 528
f 412 408 406
f 412 406 529
f 529 406 527
f 408 412 409
f 407 410 528
f 528 410 530
f 415 412 529
f 532 415 529
f 409 415 413
f 412 415 409
f 411 533 531
f 414 533 411
f 530 410 411
f 531 530 411
f 419 415 532
f 534 419 532
f 413 419 416
f 415 419 413
f 414 417 533
f 533 417 535
f 419 534 536
f 536 416 419
f 536 539 416
f 539 420 416
f 418 540 537
f 421 540 418
f 535 417 418
f 537 535 418
f 429 422 420
f 429 420 542
f 542 420 539
f 422 429 424
f 423 543 541
f 425 543 423
f 540 421 423
f 541 540 423
f 429 542 544
f 434 544 546
f 426 544 434
f 426 429 544
f 426 424 429
f 426 434 430
f 427 431 435
f 547 427 435
f 547 545 427
f 545 428 427
f 543 425 428
f 545 543 428
f 434 546 548
f 430 434 548
f 430 548 432
f 432 548 549
f 433 432 550
f 432 549 550
f 435 431 433
f 435 433 551
f 551 433 550
f 547 435 551
f 436 554 556
f 436 437 555
f 554 436 555
f 555 437 557
f 439 558 559
f 556 558 439
f 556 439 436
f 436 439 440
f 437 436 441
f 441 436 440
f 560 557 437
f 441 560 437
f 445 561 564
f 559 561 445
f 559 445 439
f 439 445 446
f 438 446 442
f 438 440 446
f 440 439 446
f 443 440 438
f 443 447 440
f 447 441 440
f 562 560 441
f 562 441 448
f 448 441 447
f 562 448 565
f 453 445 564
f 566 453 564
f 444 453 449
f 444 446 453
f 446 445 453
f 442 446 444
f 447 450 454
f 443 450 447
f 448 447 455
f 455 447 454
f 567 565 448
f 455 567 448
f 458 568 569
f 566 568 458
f 453 566 458
f 453 458 456
f 453 456 451
f 449 453 451
f 450 452 454
f 457 454 452
f 457 459 454
f 459 455 454
f 570 567 455
f 459 570 455
f 463 458 569
f 571 463 569
f 456 463 460
f 458 463 456
f 459 461 464
f 457 461 459
f 572 570 459
f 464 572 459
f 462 463 571
f 462 571 465
f 465 571 573
f 460 463 462
f 464 466 469
f 461 466 464
f 574 572 464
f 469 574 464
f 467 575 578
f 470 467 578
f 573 467 465
f 575 467 573
f 466 468 469
f 471 473 576
f 468 471 576
f 468 576 574
f 468 574 469
f 576 473 579
f 470 578 474
f 578 581 474
f 471 472 473
f 475 477 580
f 472 475 580
f 472 580 579
f 472 579 473
f 580 477 582
f 480 583 585
f 480 581 583
f 480 478 581
f 478 474 581
f 475 476 477
f 477 476 479
f 477 479 582
f 582 479 586
f 480 585 587
f 587 478 480
f 587 590 478
f 590 481 478
f 588 482 484
f 588 586 482
f 586 479 482
f 588 484 591
f 481 590 485
f 590 593 485
f 482 483 484
f 484 483 486
f 484 486 591
f 591 486 594
f 485 593 595
f 487 485 595
f 595 488 487
f 597 488 595
f 486 489 594
f 594 489 598
f 488 597 490
f 597 601 490
f 489 491 598
f 598 491 602
f 490 601 603
f 492 490 603
f 603 494 492
f 605 494 603
f 493 606 604
f 495 606 493
f 602 491 493
f 604 602 493
f 494 605 607
f 496 494 607
f 497 496 608
f 496 607 608
f 498 497 609
f 497 608 609
f 499 498 610
f 498 609 610
f 500 499 611
f 499 610 611
f 501 500 612
f 500 611 612
f 502 501 613
f 501 612 613
f 606 495 502
f 613 606 502
f 507 615 618
f 507 508 616
f 615 507 616
f 508 509 617
f 616 508 617
f 617 509 619
f 515 620 623
f 515 510 503
f 515 503 620
f 620 503 621
f 618 504 507
f 618 621 504
f 621 503 504
f 505 507 504
f 508 507 505
f 506 508 505
f 509 508 506
f 511 516 622
f 506 511 622
f 506 622 619
f 506 619 509
f 622 516 624
f 512 625 627
f 517 512 627
f 623 513 515
f 623 625 513
f 625 512 513
f 510 515 513
f 511 514 516
f 518 521 626
f 514 518 626
f 514 626 624
f 514 624 516
f 626 521 628
f 519 629 630
f 522 519 630
f 627 519 517
f 629 519 627
f 518 520 521
f 521 520 523
f 521 523 628
f 628 523 631
f 522 630 525
f 630 633 525
f 523 632 631
f 524 632 523
f 632 524 526
f 634 632 526
f 525 633 527
f 633 635 527
f 526 528 634
f 634 528 636
f 527 635 529
f 635 637 529
f 528 530 636
f 636 530 638
f 529 637 532
f 637 640 532
f 531 641 639
f 533 641 531
f 638 530 531
f 639 638 531
f 532 640 534
f 640 643 534
f 538 644 642
f 538 642 641
f 538 641 535
f 535 641 533
f 534 643 645
f 536 534 645
f 645 539 536
f 646 539 645
f 537 644 538
f 537 540 644
f 540 647 644
f 535 537 538
f 539 646 542
f 646 650 542
f 541 651 648
f 543 651 541
f 647 540 541
f 648 647 541
f 542 650 652
f 544 542 652
f 546 653 552
f 546 544 653
f 544 652 653
f 653 657 552
f 553 658 654
f 553 545 547
f 553 654 545
f 654 655 545
f 651 543 545
f 655 651 545
f 546 552 548
f 552 657 659
f 552 659 548
f 548 659 549
f 550 549 660
f 549 659 660
f 658 553 551
f 658 551 660
f 660 551 550
f 547 551 553
f 554 663 665
f 556 554 665
f 555 664 554
f 554 664 663
f 664 555 557
f 666 664 557
f 558 667 670
f 559 558 670
f 665 558 556
f 667 558 665
f 668 560 563
f 668 666 560
f 666 557 560
f 668 563 671
f 561 672 673
f 564 561 673
f 670 561 559
f 672 561 670
f 560 562 563
f 563 562 565
f 563 565 671
f 671 565 674
f 564 673 566
f 673 675 566
f 565 567 674
f 674 567 676
f 568 677 679
f 569 568 679
f 675 568 566
f 677 568 675
f 567 570 676
f 676 570 680
f 569 679 571
f 679 681 571
f 570 572 680
f 680 572 682
f 577 683 686
f 577 681 683
f 577 573 681
f 573 571 681
f 572 574 682
f 682 574 687
f 575 577 686
f 575 686 578
f 578 686 690
f 573 577 575
f 574 688 687
f 576 688 574
f 688 576 579
f 691 688 579
f 584 692 696
f 584 690 692
f 584 581 690
f 581 578 690
f 579 693 691
f 580 693 579
f 693 580 582
f 697 693 582
f 583 584 696
f 583 696 585
f 585 696 699
f 581 584 583
f 698 586 589
f 698 697 586
f 697 582 586
f 698 589 700
f 592 587 585
f 592 585 701
f 701 585 699
f 587 592 590
f 586 588 589
f 589 588 591
f 589 591 700
f 700 591 702
f 592 701 703
f 703 590 592
f 703 705 590
f 705 593 590
f 704 594 596
f 704 702 594
f 702 591 594
f 704 596 706
f 599 595 593
f 599 593 708
f 708 593 705
f 595 599 597
f 596 598 600
f 594 598 596
f 709 706 596
f 600 709 596
f 599 708 710
f 710 597 599
f 710 713 597
f 713 601 597
f 600 714 711
f 600 598 714
f 598 602 714
f 709 600 711
f 601 713 715
f 603 601 715
f 715 605 603
f 719 605 715
f 614 720 716
f 614 604 606
f 614 716 604
f 716 717 604
f 714 602 604
f 717 714 604
f 605 719 721
f 607 605 721
f 608 607 722
f 607 721 722
f 609 608 723
f 608 722 723
f 610 609 724
f 609 723 724
f 611 610 725
f 610 724 725
f 612 611 726
f 611 725 726
f 720 614 613
f 720 613 726
f 726 613 612
f 606 613 614
f 615 730 733
f 618 615 733
f 616 731 615
f 615 731 730
f 617 732 616
f 616 732 731
f 732 617 619
f 734 732 619
f 620 735 738
f 623 620 738
f 621 736 620
f 620 736 735
f 733 621 618
f 736 621 733
f 619 737 734
f 622 737 619
f 737 622 624
f 739 737 624
f 625 740 742
f 627 625 742
f 738 625 623
f 740 625 738
f 624 741 739
f 626 741 624
f 741 626 628
f 743 741 628
f 629 744 745
f 630 629 745
f 742 629 627
f 744 629 742
f 628 631 743
f 743 631 746
f 630 745 633
f 745 749 633
f 631 747 746
f 632 747 631
f 747 632 634
f 750 747 634
f 633 749 635
f 749 751 635
f 634 636 750
f 750 636 752
f 635 751 637
f 751 753 637
f 636 638 752
f 752 638 754
f 637 753 640
f 753 756 640
f 639 757 755
f 641 757 639
f 754 638 639
f 755 754 639
f 640 756 643
f 756 759 643
f 642 760 758
f 644 760 642
f 757 641 642
f 758 757 642
f 643 759 761
f 645 643 761
f 761 646 645
f 763 646 761
f 649 764 762
f 649 762 760
f 649 760 647
f 647 760 644
f 765 656 650
f 765 650 763
f 763 650 646
f 765 766 656
f 648 764 649
f 648 651 764
f 651 767 764
f 647 648 649
f 650 656 652
f 656 766 768
f 656 768 652
f 652 768 653
f 657 769 661
f 657 653 769
f 653 768 769
f 661 770 662
f 769 770 661
f 662 654 658
f 662 770 654
f 770 771 654
f 655 654 772
f 654 771 772
f 767 651 655
f 772 767 655
f 657 661 659
f 660 659 661
f 662 660 661
f 658 660 662
f 663 773 776
f 665 663 776
f 664 774 663
f 663 774 773
f 666 669 775
f 666 775 664
f 664 775 774
f 775 669 777
f 667 778 779
f 670 667 779
f 776 667 665
f 778 667 776
f 666 668 669
f 669 668 671
f 669 671 777
f 777 671 780
f 672 781 782
f 673 672 782
f 779 672 670
f 781 672 779
f 671 674 780
f 780 674 783
f 678 784 785
f 678 782 784
f 678 675 782
f 675 673 782
f 674 676 783
f 783 676 786
f 677 678 785
f 677 785 679
f 679 785 787
f 675 678 677
f 676 680 786
f 786 680 788
f 684 789 791
f 684 787 789
f 684 681 787
f 681 679 787
f 790 682 685
f 790 788 682
f 788 680 682
f 790 685 792
f 683 684 791
f 683 791 686
f 686 791 793
f 681 684 683
f 685 687 689
f 682 687 685
f 794 792 685
f 689 794 685
f 694 795 797
f 694 793 795
f 694 690 793
f 690 686 793
f 687 688 689
f 691 695 796
f 688 691 796
f 688 796 794
f 688 794 689
f 796 695 798
f 692 694 797
f 692 797 696
f 696 797 799
f 690 694 692
f 691 693 695
f 695 693 697
f 695 697 798
f 798 697 800
f 696 799 699
f 799 804 699
f 697 801 800
f 698 801 697
f 801 698 700
f 805 801 700
f 699 804 701
f 804 807 701
f 700 702 805
f 805 702 808
f 707 703 701
f 707 701 811
f 811 701 807
f 703 707 705
f 702 809 808
f 704 809 702
f 809 704 706
f 812 809 706
f 707 811 813
f 813 705 707
f 813 816 705
f 816 708 705
f 712 817 814
f 712 814 812
f 712 812 709
f 709 812 706
f 708 816 818
f 710 708 818
f 818 713 710
f 822 713 818
f 718 823 819
f 817 718 819
f 712 718 817
f 712 714 718
f 712 711 714
f 709 711 712
f 713 822 824
f 715 713 824
f 824 719 715
f 832 719 824
f 727 833 825
f 727 826 728
f 825 826 727
f 728 827 729
f 826 827 728
f 729 716 720
f 729 827 716
f 827 828 716
f 823 718 717
f 823 717 828
f 828 717 716
f 714 717 718
f 719 832 834
f 721 719 834
f 722 721 835
f 721 834 835
f 723 722 836
f 722 835 836
f 833 727 724
f 833 724 836
f 836 724 723
f 725 724 727
f 728 725 727
f 726 725 728
f 729 726 728
f 720 726 729
f 730 840 843
f 733 730 843
f 731 841 730
f 730 841 840
f 732 842 731
f 731 842 841
f 842 732 734
f 844 842 734
f 735 845 848
f 738 735 848
f 736 846 735
f 735 846 845
f 843 736 733
f 846 736 843
f 734 847 844
f 737 847 734
f 847 737 739
f 849 847 739
f 740 850 852
f 742 740 852
f 848 740 738
f 850 740 848
f 739 851 849
f 741 851 739
f 851 741 743
f 853 851 743
f 744 854 856
f 745 744 856
f 852 744 742
f 854 744 852
f 855 746 748
f 855 853 746
f 853 743 746
f 855 748 857
f 745 856 749
f 856 858 749
f 746 747 748
f 748 747 750
f 748 750 857
f 857 750 859
f 749 858 751
f 858 860 751
f 750 752 859
f 859 752 861
f 751 860 753
f 860 862 753
f 752 754 861
f 861 754 863
f 753 862 756
f 862 865 756
f 755 866 864
f 757 866 755
f 863 754 755
f 864 863 755
f 756 865 759
f 865 868 759
f 758 869 867
f 760 869 758
f 866 757 758
f 867 866 758
f 759 868 870
f 761 759 870
f 870 763 761
f 872 763 870
f 762 873 871
f 764 873 762
f 869 760 762
f 871 869 762
f 763 872 874
f 765 763 874
f 874 766 765
f 876 766 874
f 764 767 873
f 873 767 877
f 766 876 878
f 768 766 878
f 769 768 879
f 768 878 879
f 770 769 880
f 769 879 880
f 771 770 881
f 770 880 881
f 772 771 882
f 771 881 882
f 877 767 772
f 882 877 772
f 773 884 887
f 776 773 887
f 774 885 773
f 773 885 884
f 775 886 774
f 774 886 885
f 886 775 777
f 888 886 777
f 778 889 891
f 779 778 891
f 887 778 776
f 889 778 887
f 777 780 888
f 888 780 892
f 781 893 895
f 782 781 895
f 891 781 779
f 893 781 891
f 780 783 892
f 892 783 896
f 784 897 899
f 785 784 899
f 895 784 782
f 897 784 895
f 783 786 896
f 896 786 900
f 785 899 787
f 899 901 787
f 786 788 900
f 900 788 902
f 789 903 906
f 791 789 906
f 901 789 787
f 903 789 901
f 788 904 902
f 790 904 788
f 904 790 792
f 907 904 792
f 791 906 793
f 906 908 793
f 792 794 907
f 907 794 909
f 795 910 914
f 797 795 914
f 908 795 793
f 910 795 908
f 794 911 909
f 796 911 794
f 911 796 798
f 915 911 798
f 802 916 920
f 802 914 916
f 802 799 914
f 799 797 914
f 917 800 803
f 917 915 800
f 915 798 800
f 917 803 921
f 806 802 920
f 922 806 920
f 799 806 804
f 802 806 799
f 800 801 803
f 803 801 805
f 803 805 921
f 921 805 923
f 810 806 922
f 924 810 922
f 804 810 807
f 806 810 804
f 805 808 923
f 923 808 925
f 810 924 926
f 926 807 810
f 926 927 807
f 927 811 807
f 815 808 809
f 815 928 808
f 928 925 808
f 809 812 815
f 820 813 811
f 820 811 930
f 930 811 927
f 813 820 816
f 821 931 929
f 928 821 929
f 815 821 928
f 815 817 821
f 815 814 817
f 812 814 815
f 820 930 932
f 816 820 932
f 816 932 818
f 818 932 933
f 933 822 818
f 937 822 933
f 829 938 934
f 829 935 830
f 934 935 829
f 830 936 831
f 935 936 830
f 931 831 936
f 821 831 931
f 821 823 831
f 821 819 823
f 817 819 821
f 822 937 939
f 824 822 939
f 832 940 837
f 832 824 940
f 824 939 940
f 837 941 838
f 940 941 837
f 838 942 839
f 941 942 838
f 839 825 833
f 839 942 825
f 942 943 825
f 938 829 826
f 938 826 943
f 943 826 825
f 827 826 829
f 830 827 829
f 828 827 830
f 831 828 830
f 823 828 831
f 832 837 834
f 835 834 837
f 838 835 837
f 836 835 838
f 839 836 838
f 833 836 839
f 840 946 949
f 843 840 949
f 841 947 840
f 840 947 946
f 842 948 841
f 841 948 947
f 948 842 844
f 950 948 844
f 845 951 955
f 848 845 955
f 846 952 845
f 845 952 951
f 949 846 843
f 952 846 949
f 844 953 950
f 847 953 844
f 953 847 849
f 956 953 849
f 850 957 959
f 852 850 959
f 955 850 848
f 957 850 955
f 849 958 956
f 851 958 849
f 958 851 853
f 960 958 853
f 854 961 963
f 856 854 963
f 959 854 852
f 961 854 959
f 853 962 960
f 855 962 853
f 962 855 857
f 964 962 857
f 856 963 858
f 963 965 858
f 857 859 964
f 964 859 966
f 858 965 860
f 965 967 860
f 859 861 966
f 966 861 968
f 860 967 862
f 967 969 862
f 861 863 968
f 968 863 970
f 862 969 865
f 969 972 865
f 864 973 971
f 866 973 864
f 970 863 864
f 971 970 864
f 865 972 868
f 972 975 868
f 867 976 974
f 869 976 867
f 973 866 867
f 974 973 867
f 868 975 977
f 870 868 977
f 977 872 870
f 980 872 977
f 871 873 875
f 871 875 981
f 871 981 869
f 869 981 976
f 872 980 982
f 874 872 982
f 982 876 874
f 986 876 982
f 883 987 983
f 875 983 984
f 875 877 983
f 875 873 877
f 877 883 983
f 981 875 984
f 876 986 988
f 878 876 988
f 879 878 989
f 878 988 989
f 880 879 990
f 879 989 990
f 881 880 991
f 880 990 991
f 987 883 882
f 987 882 991
f 991 882 881
f 877 882 883
f 884 890 887
f 995 890 884
f 995 884 993
f 993 884 885
f 886 994 885
f 885 994 993
f 994 886 888
f 996 994 888
f 889 894 891
f 889 999 894
f 887 999 889
f 887 997 999
f 887 890 997
f 995 997 890
f 888 892 996
f 996 892 1000
f 893 898 895
f 893 1002 898
f 891 1002 893
f 891 1001 1002
f 891 894 1001
f 999 1001 894
f 892 896 1000
f 1000 896 1003
f 897 1004 1007
f 899 897 1007
f 898 897 895
f 898 1005 897
f 1005 1004 897
f 1002 1005 898
f 896 900 1003
f 1003 900 1008
f 899 1007 901
f 1007 1011 901
f 1009 902 905
f 1009 1008 902
f 1008 900 902
f 1009 905 1012
f 903 1013 1016
f 906 903 1016
f 1011 903 901
f 1013 903 1011
f 902 904 905
f 905 904 907
f 905 907 1012
f 1012 907 1017
f 912 1018 1022
f 912 1016 1018
f 912 908 1016
f 908 906 1016
f 1019 909 913
f 1019 1017 909
f 1017 907 909
f 1019 913 1023
f 918 1024 1027
f 1022 1024 918
f 912 1022 918
f 912 918 914
f 912 914 910
f 908 912 910
f 909 911 913
f 915 919 1025
f 911 915 1025
f 911 1025 1023
f 911 1023 913
f 1025 919 1028
f 916 918 1027
f 916 1027 920
f 920 1027 1029
f 914 918 916
f 915 917 919
f 919 917 921
f 919 921 1028
f 1028 921 1030
f 920 1029 922
f 1029 1032 922
f 921 923 1030
f 1030 923 1033
f 922 1032 924
f 1032 1035 924
f 923 925 1033
f 1033 925 1036
f 924 1035 1037
f 926 924 1037
f 1037 927 926
f 1038 927 1037
f 925 928 1036
f 1036 928 1039
f 927 1038 930
f 1038 1043 930
f 929 1044 1040
f 931 1044 929
f 1039 928 929
f 1040 1039 929
f 930 1043 1045
f 932 930 1045
f 933 932 1046
f 932 1045 1046
f 937 1047 944
f 937 933 1047
f 933 1046 1047
f 1047 1054 944
f 945 1055 1048
f 945 934 938
f 945 1048 934
f 1048 1049 934
f 935 934 1050
f 934 1049 1050
f 936 935 1051
f 935 1050 1051
f 1044 931 936
f 1051 1044 936
f 937 944 939
f 944 1054 1056
f 944 1056 939
f 939 1056 940
f 941 940 1057
f 940 1056 1057
f 942 941 1058
f 941 1057 1058
f 1055 945 943
f 1055 943 1058
f 1058 943 942
f 938 943 945
f 954 1060 1064
f 954 949 946
f 954 946 1060
f 1060 946 1061
f 947 1062 946
f 946 1062 1061
f 948 1063 947
f 947 1063 1062
f 1063 948 950
f 1065 1063 950
f 951 1066 1070
f 955 951 1070
f 1064 952 954
f 1064 1066 952
f 1066 951 952
f 949 954 952
f 950 1067 1065
f 953 1067 950
f 1067 953 956
f 1071 1067 956
f 957 1072 1074
f 959 957 1074
f 1070 957 955
f 1072 957 1070
f 956 1073 1071
f 958 1073 956
f 1073 958 960
f 1075 1073 960
f 961 1076 1078
f 963 961 1078
f 1074 961 959
f 1076 961 1074
f 960 1077 1075
f 962 1077 960
f 1077 962 964
f 1079 1077 964
f 963 1078 965
f 1078 1080 965
f 964 966 1079
f 1079 966 1081
f 965 1080 967
f 1080 1082 967
f 966 968 1081
f 1081 968 1083
f 967 1082 969
f 1082 1085 969
f 968 970 1083
f 1083 970 1086
f 969 1085 972
f 1085 1089 972
f 971 1090 1087
f 973 1090 971
f 1086 970 971
f 1087 1086 971
f 1091 978 975
f 1091 975 1089
f 1089 975 972
f 1091 1092 978
f 974 976 979
f 974 979 1093
f 974 1093 973
f 973 1093 1090
f 975 978 977
f 980 1094 985
f 977 1094 980
f 977 1092 1094
f 977 978 1092
f 1094 1097 985
f 979 1098 1095
f 979 976 1098
f 976 981 1098
f 1093 979 1095
f 980 985 982
f 986 1099 992
f 982 1099 986
f 982 1097 1099
f 982 985 1097
f 1099 1102 992
f 983 1103 1100
f 987 1103 983
f 984 983 1101
f 983 1100 1101
f 1098 981 984
f 1101 1098 984
f 986 992 988
f 992 1102 1104
f 992 1104 988
f 988 1104 989
f 990 989 1105
f 989 1104 1105
f 991 990 1106
f 990 1105 1106
f 1103 987 991
f 1106 1103 991
f 993 1110 1111
f 995 993 1111
f 998 1112 1110
f 998 1110 994
f 994 1110 993
f 994 996 998
f 997 1113 1116
f 999 997 1116
f 1111 997 995
f 1113 997 1111
f 998 1114 1112
f 1114 998 996
f 1114 996 1117
f 1117 996 1000
f 1001 1118 1120
f 1002 1001 1120
f 1116 1001 999
f 1118 1001 1116
f 1119 1003 1006
f 1119 1117 1003
f 1117 1000 1003
f 1119 1006 1121
f 1004 1122 1124
f 1007 1004 1124
f 1005 1123 1004
f 1004 1123 1122
f 1120 1005 1002
f 1123 1005 1120
f 1006 1008 1010
f 1003 1008 1006
f 1125 1121 1006
f 1010 1125 1006
f 1014 1126 1129
f 1014 1124 1126
f 1014 1011 1124
f 1011 1007 1124
f 1008 1009 1010
f 1012 1015 1127
f 1009 1012 1127
f 1009 1127 1125
f 1009 1125 1010
f 1127 1015 1130
f 1020 1131 1132
f 1129 1131 1020
f 1014 1129 1020
f 1014 1020 1016
f 1014 1016 1013
f 1011 1014 1013
f 1015 1017 1021
f 1012 1017 1015
f 1133 1130 1015
f 1021 1133 1015
f 1018 1020 1132
f 1018 1132 1022
f 1022 1132 1136
f 1016 1020 1018
f 1017 1019 1021
f 1023 1026 1134
f 1019 1023 1134
f 1019 1134 1133
f 1019 1133 1021
f 1134 1026 1137
f 1024 1138 1140
f 1027 1024 1140
f 1136 1024 1022
f 1138 1024 1136
f 1023 1025 1026
f 1026 1025 1028
f 1026 1028 1137
f 1137 1028 1141
f 1031 1142 1143
f 1031 1140 1142
f 1031 1029 1140
f 1029 1027 1140
f 1028 1030 1141
f 1141 1030 1144
f 1034 1031 1143
f 1145 1034 1143
f 1029 1034 1032
f 1031 1034 1029
f 1030 1033 1144
f 1144 1033 1146
f 1034 1145 1147
f 1147 1032 1034
f 1147 1149 1032
f 1149 1035 1032
f 1033 1036 1146
f 1146 1036 1150
f 1041 1037 1035
f 1041 1035 1154
f 1154 1035 1149
f 1037 1041 1038
f 1042 1155 1151
f 1042 1151 1150
f 1042 1150 1039
f 1039 1150 1036
f 1041 1154 1156
f 1156 1038 1041
f 1156 1161 1038
f 1161 1043 1038
f 1052 1162 1157
f 1052 1158 1053
f 1157 1158 1052
f 1155 1053 1158
f 1042 1053 1155
f 1042 1044 1053
f 1042 1040 1044
f 1039 1040 1042
f 1043 1161 1163
f 1045 1043 1163
f 1046 1045 1164
f 1045 1163 1164
f 1047 1046 1165
f 1046 1164 1165
f 1054 1166 1059
f 1054 1047 1166
f 1047 1165 1166
f 1166 1171 1059
f 1048 1172 1167
f 1055 1172 1048
f 1049 1048 1168
f 1048 1167 1168
f 1162 1052 1050
f 1162 1050 1168
f 1168 1050 1049
f 1051 1050 1052
f 1053 1051 1052
f 1044 1051 1053
f 1054 1059 1056
f 1059 1171 1173
f 1059 1173 1056
f 1056 1173 1057
f 1058 1057 1174
f 1057 1173 1174
f 1172 1055 1058
f 1174 1172 1058
f 1060 1068 1064
f 1179 1068 1060
f 1179 1060 1177
f 1177 1060 1061
f 1062 1178 1061
f 1061 1178 1177
f 1069 1180 1178
f 1069 1178 1063
f 1063 1178 1062
f 1063 1065 1069
f 1066 1181 1187
f 1070 1066 1187
f 1068 1066 1064
f 1068 1182 1066
f 1182 1181 1066
f 1179 1182 1068
f 1069 1183 1180
f 1065 1183 1069
f 1065 1067 1183
f 1067 1184 1183
f 1184 1067 1071
f 1188 1184 1071
f 1072 1189 1191
f 1074 1072 1191
f 1187 1072 1070
f 1189 1072 1187
f 1071 1190 1188
f 1073 1190 1071
f 1190 1073 1075
f 1192 1190 1075
f 1076 1193 1195
f 1078 1076 1195
f 1191 1076 1074
f 1193 1076 1191
f 1075 1194 1192
f 1077 1194 1075
f 1194 1077 1079
f 1196 1194 1079
f 1078 1195 1080
f 1195 1199 1080
f 1079 1081 1196
f 1196 1081 1200
f 1080 1199 1082
f 1199 1203 1082
f 1084 1204 1201
f 1084 1201 1200
f 1084 1200 1083
f 1083 1200 1081
f 1082 1203 1085
f 1203 1205 1085
f 1088 1204 1084
f 1206 1204 1088
f 1083 1086 1088
f 1084 1083 1088
f 1085 1205 1089
f 1205 1207 1089
f 1087 1206 1088
f 1087 1090 1206
f 1090 1208 1206
f 1086 1087 1088
f 1089 1207 1209
f 1091 1089 1209
f 1209 1092 1091
f 1211 1092 1209
f 1096 1212 1210
f 1096 1210 1208
f 1096 1208 1093
f 1093 1208 1090
f 1092 1211 1213
f 1094 1092 1213
f 1213 1097 1094
f 1214 1097 1213
f 1095 1212 1096
f 1095 1098 1212
f 1098 1215 1212
f 1093 1095 1096
f 1097 1214 1216
f 1099 1097 1216
f 1102 1217 1107
f 1102 1099 1217
f 1099 1216 1217
f 1107 1218 1108
f 1217 1218 1107
f 1108 1219 1109
f 1218 1219 1108
f 1109 1100 1103
f 1109 1219 1100
f 1219 1220 1100
f 1101 1100 1221
f 1100 1220 1221
f 1215 1098 1101
f 1221 1215 1101
f 1102 1107 1104
f 1105 1104 1107
f 1108 1105 1107
f 1106 1105 1108
f 1109 1106 1108
f 1103 1106 1109
f 1110 1115 1111
f 1110 1112 1115
f 1113 1222 1225
f 1116 1113 1225
f 1115 1113 1111
f 1115 1223 1113
f 1223 1222 1113
f 1112 1223 1115
f 1112 1114 1223
f 1114 1224 1223
f 1224 1114 1117
f 1226 1224 1117
f 1118 1227 1230
f 1120 1118 1230
f 1225 1118 1116
f 1227 1118 1225
f 1117 1228 1226
f 1119 1228 1117
f 1228 1119 1121
f 1231 1228 1121
f 1122 1232 1235
f 1124 1122 1235
f 1123 1233 1122
f 1122 1233 1232
f 1230 1123 1120
f 1233 1123 1230
f 1234 1125 1128
f 1234 1231 1125
f 1231 1121 1125
f 1234 1128 1236
f 1126 1237 1238
f 1129 1126 1238
f 1235 1126 1124
f 1237 1126 1235
f 1125 1127 1128
f 1128 1127 1130
f 1128 1130 1236
f 1236 1130 1239
f 1131 1240 1242
f 1132 1131 1242
f 1238 1131 1129
f 1240 1131 1238
f 1241 1133 1135
f 1241 1239 1133
f 1239 1130 1133
f 1241 1135 1243
f 1139 1244 1245
f 1139 1242 1244
f 1139 1136 1242
f 1136 1132 1242
f 1133 1134 1135
f 1135 1134 1137
f 1135 1137 1243
f 1243 1137 1246
f 1138 1139 1245
f 1138 1245 1140
f 1140 1245 1247
f 1136 1139 1138
f 1137 1141 1246
f 1246 1141 1248
f 1142 1249 1250
f 1143 1142 1250
f 1247 1142 1140
f 1249 1142 1247
f 1141 1144 1248
f 1248 1144 1251
f 1143 1250 1145
f 1250 1254 1145
f 1148 1255 1252
f 1148 1252 1251
f 1148 1251 1146
f 1146 1251 1144
f 1152 1147 1145
f 1152 1145 1257
f 1257 1145 1254
f 1147 1152 1149
f 1153 1255 1148
f 1258 1255 1153
f 1146 1150 1153
f 1148 1146 1153
f 1152 1257 1259
f 1259 1149 1152
f 1259 1264 1149
f 1264 1154 1149
f 1159 1265 1260
f 1159 1261 1160
f 1260 1261 1159
f 1258 1160 1261
f 1153 1160 1258
f 1153 1155 1160
f 1153 1151 1155
f 1150 1151 1153
f 1169 1156 1154
f 1169 1154 1268
f 1268 1154 1264
f 1156 1169 1161
f 1170 1269 1266
f 1265 1170 1266
f 1159 1170 1265
f 1159 1162 1170
f 1159 1157 1162
f 1158 1157 1159
f 1160 1158 1159
f 1155 1158 1160
f 1169 1268 1270
f 1161 1169 1270
f 1161 1270 1163
f 1163 1270 1271
f 1164 1163 1272
f 1163 1271 1272
f 1165 1164 1273
f 1164 1272 1273
f 1166 1165 1274
f 1165 1273 1274
f 1171 1275 1175
f 1171 1166 1275
f 1166 1274 1275
f 1175 1276 1176
f 1275 1276 1175
f 1176 1167 1172
f 1176 1276 1167
f 1276 1277 1167
f 1269 1170 1168
f 1269 1168 1277
f 1277 1168 1167
f 1162 1168 1170
f 1171 1175 1173
f 1174 1173 1175
f 1176 1174 1175
f 1172 1174 1176
f 1177 1185 1179
f 1177 1178 1186
f 1185 1177 1186
f 1178 1180 1186
f 1181 1280 1286
f 1187 1181 1286
f 1182 1281 1181
f 1181 1281 1280
f 1185 1182 1179
f 1185 1282 1182
f 1282 1281 1182
f 1186 1282 1185
f 1283 1282 1186
f 1180 1283 1186
f 1180 1183 1283
f 1183 1284 1283
f 1184 1285 1183
f 1183 1285 1284
f 1285 1184 1188
f 1287 1285 1188
f 1189 1288 1291
f 1191 1189 1291
f 1286 1189 1187
f 1288 1189 1286
f 1188 1289 1287
f 1190 1289 1188
f 1289 1190 1192
f 1292 1289 1192
f 1193 1197 1195
f 1193 1294 1197
f 1193 1191 1294
f 1191 1291 1294
f 1198 1192 1194
f 1198 1295 1192
f 1295 1292 1192
f 1194 1196 1198
f 1197 1296 1297
f 1197 1297 1195
f 1195 1297 1199
f 1294 1296 1197
f 1202 1295 1198
f 1298 1295 1202
f 1196 1200 1202
f 1198 1196 1202
f 1199 1297 1203
f 1297 1300 1203
f 1201 1298 1202
f 1201 1204 1298
f 1204 1301 1298
f 1200 1201 1202
f 1203 1300 1205
f 1300 1304 1205
f 1204 1206 1301
f 1301 1206 1305
f 1205 1304 1207
f 1304 1307 1207
f 1206 1208 1305
f 1305 1208 1308
f 1207 1307 1309
f 1209 1207 1309
f 1309 1211 1209
f 1312 1211 1309
f 1210 1313 1310
f 1212 1313 1210
f 1308 1208 1210
f 1310 1308 1210
f 1211 1312 1314
f 1213 1211 1314
f 1314 1214 1213
f 1316 1214 1314
f 1212 1215 1313
f 1313 1215 1317
f 1214 1316 1318
f 1216 1214 1318
f 1217 1216 1319
f 1216 1318 1319
f 1218 1217 1320
f 1217 1319 1320
f 1219 1218 1321
f 1218 1320 1321
f 1220 1219 1322
f 1219 1321 1322
f 1221 1220 1323
f 1220 1322 1323
f 1317 1215 1221
f 1323 1317 1221
f 1222 1229 1225
f 1326 1229 1222
f 1326 1222 1324
f 1324 1222 1223
f 1224 1325 1223
f 1223 1325 1324
f 1325 1224 1226
f 1327 1325 1226
f 1227 1328 1333
f 1230 1227 1333
f 1229 1227 1225
f 1229 1329 1227
f 1329 1328 1227
f 1326 1329 1229
f 1226 1330 1327
f 1228 1330 1226
f 1330 1228 1231
f 1334 1330 1231
f 1232 1335 1338
f 1235 1232 1338
f 1233 1336 1232
f 1232 1336 1335
f 1333 1233 1230
f 1336 1233 1333
f 1231 1337 1334
f 1234 1337 1231
f 1337 1234 1236
f 1339 1337 1236
f 1237 1340 1341
f 1238 1237 1341
f 1338 1237 1235
f 1340 1237 1338
f 1236 1239 1339
f 1339 1239 1342
f 1240 1343 1345
f 1242 1240 1345
f 1341 1240 1238
f 1343 1240 1341
f 1239 1344 1342
f 1241 1344 1239
f 1344 1241 1243
f 1346 1344 1243
f 1244 1347 1349
f 1245 1244 1349
f 1345 1244 1242
f 1347 1244 1345
f 1243 1246 1346
f 1346 1246 1350
f 1245 1349 1247
f 1349 1352 1247
f 1246 1248 1350
f 1350 1248 1353
f 1249 1354 1358
f 1250 1249 1358
f 1352 1249 1247
f 1354 1249 1352
f 1253 1359 1355
f 1253 1355 1353
f 1253 1353 1251
f 1251 1353 1248
f 1250 1358 1254
f 1358 1363 1254
f 1256 1364 1360
f 1359 1256 1360
f 1253 1256 1359
f 1253 1255 1256
f 1253 1252 1255
f 1251 1252 1253
f 1254 1363 1257
f 1363 1367 1257
f 1262 1368 1365
f 1364 1262 1365
f 1364 1256 1262
f 1256 1263 1262
f 1255 1258 1263
f 1256 1255 1263
f 1257 1367 1369
f 1259 1257 1369
f 1369 1264 1259
f 1372 1264 1369
f 1267 1373 1370
f 1368 1267 1370
f 1262 1267 1368
f 1262 1265 1267
f 1262 1260 1265
f 1261 1260 1262
f 1263 1261 1262
f 1258 1261 1263
f 1264 1372 1268
f 1372 1377 1268
f 1278 1378 1374
f 1278 1375 1279
f 1374 1375 1278
f 1373 1279 1375
f 1267 1279 1373
f 1267 1269 1279
f 1267 1266 1269
f 1265 1266 1267
f 1268 1377 1379
f 1270 1268 1379
f 1271 1270 1380
f 1270 1379 1380
f 1272 1271 1381
f 1271 1380 1381
f 1273 1272 1382
f 1272 1381 1382
f 1274 1273 1383
f 1273 1382 1383
f 1275 1274 1384
f 1274 1383 1384
f 1378 1278 1276
f 1378 1276 1384
f 1384 1276 1275
f 1277 1276 1278
f 1279 1277 1278
f 1269 1277 1279
f 1280 1290 1286
f 1393 1290 1280
f 1393 1280 1388
f 1388 1280 1281
f 1282 1389 1281
f 1281 1389 1388
f 1283 1390 1282
f 1282 1390 1389
f 1284 1391 1283
f 1283 1391 1390
f 1285 1392 1284
f 1284 1392 1391
f 1392 1285 1287
f 1394 1392 1287
f 1288 1293 1291
f 1288 1397 1293
f 1286 1397 1288
f 1286 1395 1397
f 1286 1290 1395
f 1393 1395 1290
f 1287 1396 1394
f 1289 1396 1287
f 1396 1289 1292
f 1398 1396 1292
f 1293 1399 1400
f 1293 1400 1291
f 1291 1400 1294
f 1397 1399 1293
f 1292 1295 1398
f 1398 1295 1401
f 1296 1299 1297
f 1296 1402 1299
f 1296 1294 1402
f 1294 1400 1402
f 1295 1298 1401
f 1401 1298 1403
f 1299 1302 1300
f 1297 1299 1300
f 1406 1299 1402
f 1302 1299 1406
f 1404 1301 1303
f 1404 1403 1301
f 1403 1298 1301
f 1404 1303 1407
f 1302 1306 1304
f 1300 1302 1304
f 1409 1302 1406
f 1306 1302 1409
f 1303 1410 1408
f 1303 1301 1410
f 1301 1305 1410
f 1407 1303 1408
f 1306 1311 1307
f 1304 1306 1307
f 1411 1306 1409
f 1311 1306 1411
f 1305 1308 1410
f 1410 1308 1412
f 1307 1311 1309
f 1311 1312 1309
f 1311 1411 1312
f 1411 1413 1312
f 1310 1313 1315
f 1310 1315 1414
f 1310 1414 1308
f 1308 1414 1412
f 1312 1413 1415
f 1314 1312 1415
f 1415 1316 1314
f 1417 1316 1415
f 1315 1418 1416
f 1315 1313 1418
f 1313 1317 1418
f 1414 1315 1416
f 1316 1417 1419
f 1318 1316 1419
f 1319 1318 1420
f 1318 1419 1420
f 1320 1319 1421
f 1319 1420 1421
f 1321 1320 1422
f 1320 1421 1422
f 1322 1321 1423
f 1321 1422 1423
f 1323 1322 1424
f 1322 1423 1424
f 1418 1317 1323
f 1424 1418 1323
f 1324 1331 1326
f 1324 1325 1332
f 1331 1324 1332
f 1325 1327 1332
f 1328 1425 1430
f 1333 1328 1430
f 1329 1426 1328
f 1328 1426 1425
f 1331 1329 1326
f 1331 1427 1329
f 1427 1426 1329
f 1332 1427 1331
f 1428 1427 1332
f 1327 1428 1332
f 1327 1330 1428
f 1330 1429 1428
f 1429 1330 1334
f 1431 1429 1334
f 1335 1432 1439
f 1338 1335 1439
f 1336 1433 1335
f 1335 1433 1432
f 1430 1336 1333
f 1433 1336 1430
f 1334 1434 1431
f 1337 1434 1334
f 1434 1337 1339
f 1440 1434 1339
f 1340 1441 1446
f 1341 1340 1446
f 1439 1340 1338
f 1441 1340 1439
f 1339 1342 1440
f 1440 1342 1447
f 1343 1448 1451
f 1345 1343 1451
f 1446 1343 1341
f 1448 1343 1446
f 1348 1342 1344
f 1348 1452 1342
f 1452 1447 1342
f 1344 1346 1348
f 1347 1453 1456
f 1349 1347 1456
f 1451 1347 1345
f 1453 1347 1451
f 1351 1452 1348
f 1457 1452 1351
f 1346 1350 1351
f 1348 1346 1351
f 1356 1458 1461
f 1356 1456 1458
f 1356 1352 1456
f 1352 1349 1456
f 1357 1457 1351
f 1462 1457 1357
f 1350 1353 1357
f 1351 1350 1357
f 1354 1356 1461
f 1354 1461 1358
f 1358 1461 1467
f 1352 1356 1354
f 1361 1468 1463
f 1361 1464 1362
f 1463 1464 1361
f 1462 1362 1464
f 1357 1362 1462
f 1357 1359 1362
f 1357 1355 1359
f 1353 1355 1357
f 1358 1467 1363
f 1467 1469 1363
f 1366 1468 1361
f 1470 1468 1366
f 1360 1364 1366
f 1360 1366 1362
f 1362 1366 1361
f 1359 1360 1362
f 1363 1469 1367
f 1469 1474 1367
f 1371 1475 1471
f 1470 1371 1471
f 1366 1371 1470
f 1366 1368 1371
f 1366 1365 1368
f 1364 1365 1366
f 1367 1474 1476
f 1369 1367 1476
f 1476 1372 1369
f 1480 1372 1476
f 1376 1481 1477
f 1475 1376 1477
f 1371 1376 1475
f 1371 1373 1376
f 1371 1370 1373
f 1368 1370 1371
f 1482 1385 1377
f 1482 1377 1480
f 1480 1377 1372
f 1482 1488 1385
f 1386 1489 1483
f 1386 1484 1387
f 1483 1484 1386
f 1387 1374 1378
f 1387 1484 1374
f 1484 1485 1374
f 1481 1376 1375
f 1481 1375 1485
f 1485 1375 1374
f 1373 1375 1376
f 1377 1385 1379
f 1385 1488 1490
f 1385 1490 1379
f 1379 1490 1380
f 1381 1380 1491
f 1380 1490 1491
f 1382 1381 1492
f 1381 1491 1492
f 1489 1386 1383
f 1489 1383 1492
f 1492 1383 1382
f 1384 1383 1386
f 1387 1384 1386
f 1378 1384 1387
f 1388 1496 1501
f 1393 1388 1501
f 1389 1497 1388
f 1388 1497 1496
f 1390 1498 1389
f 1389 1498 1497
f 1391 1499 1390
f 1390 1499 1498
f 1392 1500 1391
f 1391 1500 1499
f 1500 1392 1394
f 1502 1500 1394
f 1395 1503 1506
f 1397 1395 1506
f 1501 1395 1393
f 1503 1395 1501
f 1394 1504 1502
f 1396 1504 1394
f 1504 1396 1398
f 1507 1504 1398
f 1399 1508 1509
f 1400 1399 1509
f 1506 1399 1397
f 1508 1399 1506
f 1398 1401 1507
f 1507 1401 1510
f 1400 1509 1402
f 1509 1513 1402
f 1511 1403 1405
f 1511 1510 1403
f 1510 1401 1403
f 1511 1405 1514
f 1402 1513 1406
f 1513 1516 1406
f 1403 1404 1405
f 1405 1404 1407
f 1405 1407 1514
f 1514 1407 1517
f 1406 1516 1409
f 1516 1520 1409
f 1408 1521 1518
f 1410 1521 1408
f 1517 1407 1408
f 1518 1517 1408
f 1409 1520 1411
f 1520 1522 1411
f 1410 1412 1521
f 1521 1412 1523
f 1411 1522 1413
f 1522 1524 1413
f 1412 1414 1523
f 1523 1414 1525
f 1413 1524 1526
f 1415 1413 1526
f 1526 1417 1415
f 1528 1417 1526
f 1416 1529 1527
f 1418 1529 1416
f 1525 1414 1416
f 1527 1525 1416
f 1417 1528 1530
f 1419 1417 1530
f 1420 1419 1531
f 1419 1530 1531
f 1421 1420 1532
f 1420 1531 1532
f 1422 1421 1533
f 1421 1532 1533
f 1423 1422 1534
f 1422 1533 1534
f 1424 1423 1535
f 1423 1534 1535
f 1529 1418 1424
f 1535 1529 1424
f 1425 1435 1430
f 1537 1435 1425
f 1537 1425 1536
f 1536 1425 1426
f 1436 1538 1536
f 1436 1536 1427
f 1427 1536 1426
f 1427 1428 1437
f 1436 1427 1437
f 1428 1429 1438
f 1437 1428 1438
f 1429 1431 1438
f 1432 1442 1439
f 1543 1442 1432
f 1543 1432 1539
f 1539 1432 1433
f 1435 1433 1430
f 1435 1540 1433
f 1540 1539 1433
f 1537 1540 1435
f 1436 1541 1538
f 1541 1443 1544
f 1541 1436 1443
f 1436 1437 1443
f 1438 1444 1437
f 1444 1443 1437
f 1431 1434 1445
f 1431 1445 1438
f 1438 1445 1444
f 1434 1440 1445
f 1441 1545 1549
f 1446 1441 1549
f 1442 1441 1439
f 1442 1546 1441
f 1546 1545 1441
f 1543 1546 1442
f 1443 1547 1544
f 1547 1449 1550
f 1547 1443 1449
f 1443 1444 1449
f 1445 1450 1444
f 1450 1449 1444
f 1440 1447 1450
f 1445 1440 1450
f 1454 1551 1556
f 1454 1451 1448
f 1454 1448 1551
f 1551 1448 1552
f 1549 1448 1446
f 1552 1448 1549
f 1449 1553 1550
f 1553 1455 1557
f 1553 1449 1455
f 1449 1450 1455
f 1447 1452 1455
f 1450 1447 1455
f 1459 1558 1560
f 1556 1558 1459
f 1454 1556 1459
f 1454 1459 1456
f 1454 1456 1453
f 1451 1454 1453
f 1460 1557 1455
f 1561 1557 1460
f 1452 1457 1460
f 1455 1452 1460
f 1458 1459 1560
f 1458 1560 1461
f 1461 1560 1564
f 1456 1459 1458
f 1465 1565 1562
f 1561 1465 1562
f 1561 1460 1465
f 1460 1466 1465
f 1457 1462 1466
f 1460 1457 1466
f 1461 1564 1467
f 1564 1567 1467
f 1463 1565 1465
f 1463 1468 1565
f 1468 1568 1565
f 1464 1463 1465
f 1466 1464 1465
f 1462 1464 1466
f 1467 1567 1469
f 1567 1573 1469
f 1472 1574 1569
f 1472 1570 1473
f 1569 1570 1472
f 1473 1570 1568
f 1473 1568 1470
f 1470 1568 1468
f 1469 1573 1474
f 1573 1577 1474
f 1478 1578 1575
f 1574 1478 1575
f 1574 1472 1478
f 1472 1479 1478
f 1471 1475 1479
f 1471 1479 1473
f 1473 1479 1472
f 1470 1471 1473
f 1474 1577 1579
f 1476 1474 1579
f 1579 1480 1476
f 1581 1480 1579
f 1486 1582 1580
f 1578 1486 1580
f 1578 1478 1486
f 1478 1487 1486
f 1477 1481 1487
f 1477 1487 1479
f 1479 1487 1478
f 1475 1477 1479
f 1480 1581 1583
f 1482 1480 1583
f 1488 1584 1493
f 1488 1482 1584
f 1482 1583 1584
f 1493 1585 1494
f 1584 1585 1493
f 1494 1586 1495
f 1585 1586 1494
f 1495 1483 1489
f 1495 1586 1483
f 1586 1587 1483
f 1582 1486 1484
f 1582 1484 1587
f 1587 1484 1483
f 1485 1484 1486
f 1487 1485 1486
f 1481 1485 1487
f 1488 1493 1490
f 1491 1490 1493
f 1494 1491 1493
f 1492 1491 1494
f 1495 1492 1494
f 1489 1492 1495
f 1496 1589 1595
f 1501 1496 1595
f 1497 1590 1496
f 1496 1590 1589
f 1498 1591 1497
f 1497 1591 1590
f 1499 1592 1498
f 1498 1592 1591
f 1500 1593 1499
f 1499 1593 1592
f 1502 1505 1594
f 1502 1594 1500
f 1500 1594 1593
f 1594 1505 1596
f 1503 1597 1600
f 1506 1503 1600
f 1595 1503 1501
f 1597 1503 1595
f 1502 1504 1505
f 1505 1504 1507
f 1505 1507 1596
f 1596 1507 1601
f 1508 1512 1509
f 1508 1603 1512
f 1508 1506 1603
f 1506 1600 1603
f 1507 1510 1601
f 1601 1510 1604
f 1512 1605 1606
f 1512 1606 1509
f 1509 1606 1513
f 1603 1605 1512
f 1515 1510 1511
f 1515 1607 1510
f 1607 1604 1510
f 1511 1514 1515
f 1513 1606 1516
f 1606 1609 1516
f 1519 1607 1515
f 1610 1607 1519
f 1514 1517 1519
f 1515 1514 1519
f 1516 1609 1520
f 1609 1611 1520
f 1518 1610 1519
f 1518 1521 1610
f 1521 1612 1610
f 1517 1518 1519
f 1520 1611 1522
f 1611 1613 1522
f 1521 1523 1612
f 1612 1523 1614
f 1522 1613 1524
f 1613 1615 1524
f 1523 1525 1614
f 1614 1525 1616
f 1524 1615 1617
f 1526 1524 1617
f 1617 1528 1526
f 1620 1528 1617
f 1527 1621 1618
f 1529 1621 1527
f 1616 1525 1527
f 1618 1616 1527
f 1528 1620 1622
f 1530 1528 1622
f 1531 1530 1623
f 1530 1622 1623
f 1532 1531 1624
f 1531 1623 1624
f 1533 1532 1625
f 1532 1624 1625
f 1534 1533 1626
f 1533 1625 1626
f 1535 1534 1627
f 1534 1626 1627
f 1621 1529 1535
f 1627 1621 1535
f 1536 1542 1537
f 1536 1538 1542
f 1539 1629 1632
f 1543 1539 1632
f 1540 1630 1539
f 1539 1630 1629
f 1542 1540 1537
f 1542 1631 1540
f 1631 1630 1540
f 1548 1633 1631
f 1541 1548 1631
f 1541 1631 1542
f 1541 1542 1538
f 1541 1544 1548
f 1554 1634 1639
f 1554 1549 1545
f 1554 1545 1634
f 1634 1545 1635
f 1546 1636 1545
f 1545 1636 1635
f 1632 1546 1543
f 1636 1546 1632
f 1548 1637 1633
f 1555 1640 1637
f 1547 1555 1637
f 1547 1637 1548
f 1547 1548 1544
f 1547 1550 1555
f 1551 1641 1644
f 1556 1551 1644
f 1639 1552 1554
f 1639 1641 1552
f 1641 1551 1552
f 1549 1554 1552
f 1555 1642 1640
f 1559 1645 1642
f 1553 1559 1642
f 1553 1642 1555
f 1553 1555 1550
f 1553 1557 1559
f 1558 1646 1649
f 1560 1558 1649
f 1644 1558 1556
f 1646 1558 1644
f 1563 1645 1559
f 1650 1645 1563
f 1557 1561 1563
f 1559 1557 1563
f 1560 1649 1564
f 1649 1653 1564
f 1566 1654 1651
f 1650 1566 1651
f 1563 1566 1650
f 1563 1565 1566
f 1563 1562 1565
f 1561 1562 1563
f 1564 1653 1567
f 1653 1657 1567
f 1571 1658 1655
f 1654 1571 1655
f 1654 1566 1571
f 1566 1572 1571
f 1565 1568 1572
f 1566 1565 1572
f 1567 1657 1573
f 1657 1660 1573
f 1576 1661 1659
f 1658 1576 1659
f 1571 1576 1658
f 1571 1574 1576
f 1571 1569 1574
f 1570 1569 1571
f 1572 1570 1571
f 1568 1570 1572
f 1573 1660 1577
f 1660 1662 1577
f 1575 1661 1576
f 1575 1578 1661
f 1578 1663 1661
f 1574 1575 1576
f 1577 1662 1664
f 1579 1577 1664
f 1664 1581 1579
f 1668 1581 1664
f 1588 1669 1665
f 1588 1580 1582
f 1588 1665 1580
f 1665 1666 1580
f 1663 1578 1580
f 1666 1663 1580
f 1581 1668 1670
f 1583 1581 1670
f 1584 1583 1671
f 1583 1670 1671
f 1585 1584 1672
f 1584 1671 1672
f 1586 1585 1673
f 1585 1672 1673
f 1669 1588 1587
f 1669 1587 1673
f 1673 1587 1586
f 1582 1587 1588
f 1589 1598 1595
f 1680 1598 1589
f 1680 1589 1676
f 1676 1589 1590
f 1591 1677 1590
f 1590 1677 1676
f 1592 1678 1591
f 1591 1678 1677
f 1593 1679 1592
f 1592 1679 1678
f 1599 1681 1679
f 1599 1679 1594
f 1594 1679 1593
f 1594 1596 1599
f 1597 1602 1600
f 1597 1684 1602
f 1595 1684 1597
f 1595 1682 1684
f 1595 1598 1682
f 1680 1682 1598
f 1599 1683 1681
f 1683 1599 1596
f 1683 1596 1685
f 1685 1596 1601
f 1602 1686 1687
f 1602 1687 1600
f 1600 1687 1603
f 1684 1686 1602
f 1601 1604 1685
f 1685 1604 1688
f 1605 1608 1606
f 1605 1689 1608
f 1605 1603 1689
f 1603 1687 1689
f 1604 1607 1688
f 1688 1607 1690
f 1608 1691 1693
f 1608 1693 1606
f 1606 1693 1609
f 1689 1691 1608
f 1607 1610 1690
f 1690 1610 1694
f 1609 1693 1611
f 1693 1697 1611
f 1610 1612 1694
f 1694 1612 1698
f 1611 1697 1613
f 1697 1700 1613
f 1612 1614 1698
f 1698 1614 1701
f 1702 1619 1615
f 1702 1615 1700
f 1700 1615 1613
f 1702 1703 1619
f 1614 1616 1701
f 1701 1616 1704
f 1615 1619 1617
f 1620 1705 1628
f 1617 1705 1620
f 1617 1703 1705
f 1617 1619 1703
f 1705 1707 1628
f 1618 1708 1706
f 1621 1708 1618
f 1704 1616 1618
f 1706 1704 1618
f 1620 1628 1622
f 1628 1707 1709
f 1628 1709 1622
f 1622 1709 1623
f 1624 1623 1710
f 1623 1709 1710
f 1625 1624 1711
f 1624 1710 1711
f 1626 1625 1712
f 1625 1711 1712
f 1627 1626 1713
f 1626 1712 1713
f 1708 1621 1627
f 1713 1708 1627
f 1638 1714 1718
f 1638 1632 1629
f 1638 1629 1714
f 1714 1629 1715
f 1630 1716 1629
f 1629 1716 1715
f 1631 1717 1630
f 1630 1717 1716
f 1717 1631 1633
f 1719 1717 1633
f 1643 1720 1726
f 1643 1639 1634
f 1643 1634 1720
f 1720 1634 1721
f 1635 1722 1634
f 1634 1722 1721
f 1718 1636 1638
f 1718 1722 1636
f 1722 1635 1636
f 1632 1638 1636
f 1633 1723 1719
f 1637 1723 1633
f 1723 1637 1640
f 1727 1723 1640
f 1647 1728 1730
f 1726 1728 1647
f 1643 1726 1647
f 1643 1647 1644
f 1643 1644 1641
f 1639 1643 1641
f 1648 1640 1642
f 1648 1731 1640
f 1731 1727 1640
f 1642 1645 1648
f 1646 1647 1730
f 1646 1730 1649
f 1649 1730 1732
f 1644 1647 1646
f 1652 1731 1648
f 1733 1731 1652
f 1645 1650 1652
f 1648 1645 1652
f 1649 1732 1653
f 1732 1736 1653
f 1656 1737 1734
f 1733 1656 1734
f 1652 1656 1733
f 1652 1654 1656
f 1652 1651 1654
f 1650 1651 1652
f 1653 1736 1657
f 1736 1738 1657
f 1655 1737 1656
f 1655 1658 1737
f 1658 1739 1737
f 1654 1655 1656
f 1657 1738 1660
f 1738 1742 1660
f 1659 1743 1740
f 1661 1743 1659
f 1739 1658 1659
f 1740 1739 1659
f 1660 1742 1662
f 1742 1746 1662
f 1667 1747 1744
f 1667 1744 1743
f 1667 1743 1663
f 1663 1743 1661
f 1662 1746 1748
f 1664 1662 1748
f 1668 1749 1674
f 1668 1664 1749
f 1664 1748 1749
f 1749 1754 1674
f 1675 1755 1750
f 1675 1665 1669
f 1675 1750 1665
f 1750 1751 1665
f 1747 1667 1666
f 1747 1666 1751
f 1751 1666 1665
f 1663 1666 1667
f 1668 1674 1670
f 1674 1754 1756
f 1674 1756 1670
f 1670 1756 1671
f 1672 1671 1757
f 1671 1756 1757
f 1755 1675 1673
f 1755 1673 1757
f 1757 1673 1672
f 1669 1673 1675
f 1676 1760 1764
f 1680 1676 1764
f 1677 1761 1676
f 1676 1761 1760
f 1678 1762 1677
f 1677 1762 1761
f 1679 1763 1678
f 1678 1763 1762
f 1763 1679 1681
f 1765 1763 1681
f 1682 1766 1770
f 1684 1682 1770
f 1764 1682 1680
f 1766 1682 1764
f 1681 1767 1765
f 1683 1767 1681
f 1767 1683 1685
f 1771 1767 1685
f 1686 1772 1773
f 1687 1686 1773
f 1770 1686 1684
f 1772 1686 1770
f 1685 1688 1771
f 1771 1688 1774
f 1687 1773 1689
f 1773 1776 1689
f 1775 1690 1692
f 1775 1774 1690
f 1774 1688 1690
f 1775 1692 1777
f 1691 1695 1693
f 1691 1778 1695
f 1691 1689 1778
f 1689 1776 1778
f 1692 1694 1696
f 1690 1694 1692
f 1779 1777 1692
f 1696 1779 1692
f 1695 1780 1781
f 1695 1781 1693
f 1693 1781 1697
f 1778 1780 1695
f 1696 1698 1699
f 1694 1698 1696
f 1782 1779 1696
f 1699 1782 1696
f 1697 1781 1700
f 1781 1784 1700
f 1699 1785 1783
f 1699 1698 1785
f 1698 1701 1785
f 1782 1699 1783
f 1700 1784 1786
f 1702 1700 1786
f 1786 1703 1702
f 1787 1703 1786
f 1701 1704 1785
f 1785 1704 1788
f 1703 1787 1789
f 1705 1703 1789
f 1789 1707 1705
f 1791 1707 1789
f 1706 1792 1790
f 1708 1792 1706
f 1788 1704 1706
f 1790 1788 1706
f 1707 1791 1793
f 1709 1707 1793
f 1710 1709 1794
f 1709 1793 1794
f 1711 1710 1795
f 1710 1794 1795
f 1712 1711 1796
f 1711 1795 1796
f 1713 1712 1797
f 1712 1796 1797
f 1792 1708 1713
f 1797 1792 1713
f 1724 1799 1803
f 1724 1718 1714
f 1724 1714 1799
f 1799 1714 1800
f 1715 1801 1714
f 1714 1801 1800
f 1716 1802 1715
f 1715 1802 1801
f 1725 1804 1802
f 1725 1802 1717
f 1717 1802 1716
f 1717 1719 1725
f 1720 1805 1810
f 1726 1720 1810
f 1721 1806 1720
f 1720 1806 1805
f 1803 1722 1724
f 1803 1806 1722
f 1806 1721 1722
f 1718 1724 1722
f 1725 1807 1804
f 1729 1811 1807
f 1723 1729 1807
f 1723 1807 1725
f 1723 1725 1719
f 1723 1727 1729
f 1728 1812 1815
f 1730 1728 1815
f 1810 1728 1726
f 1812 1728 1810
f 1729 1813 1811
f 1813 1729 1727
f 1813 1727 1816
f 1816 1727 1731
f 1730 1815 1732
f 1815 1819 1732
f 1735 1820 1817
f 1735 1817 1816
f 1735 1816 1733
f 1733 1816 1731
f 1732 1819 1736
f 1819 1822 1736
f 1734 1820 1735
f 1734 1737 1820
f 1737 1823 1820
f 1733 1734 1735
f 1736 1822 1738
f 1822 1827 1738
f 1741 1828 1824
f 1741 1824 1823
f 1741 1823 1739
f 1739 1823 1737
f 1738 1827 1742
f 1827 1831 1742
f 1745 1832 1829
f 1828 1745 1829
f 1741 1745 1828
f 1741 1743 1745
f 1741 1740 1743
f 1739 1740 1741
f 1833 1752 1746
f 1833 1746 1831
f 1831 1746 1742
f 1833 1836 1752
f 1753 1837 1834
f 1832 1753 1834
f 1745 1753 1832
f 1745 1747 1753
f 1745 1744 1747
f 1743 1744 1745
f 1746 1752 1748
f 1752 1836 1838
f 1752 1838 1748
f 1748 1838 1749
f 1754 1839 1758
f 1754 1749 1839
f 1749 1838 1839
f 1758 1840 1759
f 1839 1840 1758
f 1759 1750 1755
f 1759 1840 1750
f 1840 1841 1750
f 1837 1753 1751
f 1837 1751 1841
f 1841 1751 1750
f 1747 1751 1753
f 1754 1758 1756
f 1757 1756 1758
f 1759 1757 1758
f 1755 1757 1759
f 1760 1768 1764
f 1846 1768 1760
f 1846 1760 1844
f 1844 1760 1761
f 1762 1845 1761
f 1761 1845 1844
f 1769 1847 1845
f 1769 1845 1763
f 1763 1845 1762
f 1763 1765 1769
f 1766 1848 1854
f 1770 1766 1854
f 1768 1766 1764
f 1768 1849 1766
f 1849 1848 1766
f 1846 1849 1768
f 1769 1850 1847
f 1765 1850 1769
f 1765 1767 1850
f 1767 1851 1850
f 1851 1767 1771
f 1855 1851 1771
f 1772 1856 1858
f 1773 1772 1858
f 1854 1772 1770
f 1856 1772 1854
f 1771 1774 1855
f 1855 1774 1859
f 1773 1858 1776
f 1858 1862 1776
f 1774 1860 1859
f 1775 1860 1774
f 1860 1775 1777
f 1863 1860 1777
f 1776 1862 1778
f 1862 1865 1778
f 1777 1779 1863
f 1863 1779 1866
f 1780 1867 1869
f 1781 1780 1869
f 1865 1780 1778
f 1867 1780 1865
f 1779 1782 1866
f 1866 1782 1870
f 1781 1869 1784
f 1869 1873 1784
f 1783 1874 1871
f 1785 1874 1783
f 1870 1782 1783
f 1871 1870 1783
f 1784 1873 1875
f 1786 1784 1875
f 1875 1787 1786
f 1877 1787 1875
f 1785 1788 1874
f 1874 1788 1878
f 1798 1789 1787
f 1798 1787 1880
f 1880 1787 1877
f 1789 1798 1791
f 1790 1881 1879
f 1792 1881 1790
f 1878 1788 1790
f 1879 1878 1790
f 1798 1880 1882
f 1791 1798 1882
f 1791 1882 1793
f 1793 1882 1883
f 1794 1793 1884
f 1793 1883 1884
f 1795 1794 1885
f 1794 1884 1885
f 1796 1795 1886
f 1795 1885 1886
f 1797 1796 1887
f 1796 1886 1887
f 1881 1792 1797
f 1887 1881 1797
f 1799 1888 1890
f 1803 1799 1890
f 1800 1889 1799
f 1799 1889 1888
f 1808 1891 1889
f 1808 1889 1801
f 1801 1889 1800
f 1801 1802 1809
f 1808 1801 1809
f 1802 1804 1809
f 1805 1892 1897
f 1810 1805 1897
f 1806 1893 1805
f 1805 1893 1892
f 1890 1806 1803
f 1893 1806 1890
f 1808 1894 1891
f 1809 1894 1808
f 1895 1894 1809
f 1814 1898 1895
f 1807 1814 1895
f 1807 1895 1809
f 1807 1809 1804
f 1807 1811 1814
f 1812 1899 1903
f 1815 1812 1903
f 1897 1812 1810
f 1899 1812 1897
f 1814 1900 1898
f 1818 1904 1900
f 1813 1818 1900
f 1813 1900 1814
f 1813 1814 1811
f 1813 1816 1818
f 1821 1905 1908
f 1821 1903 1905
f 1821 1819 1903
f 1819 1815 1903
f 1817 1904 1818
f 1817 1820 1904
f 1820 1909 1904
f 1816 1817 1818
f 1825 1821 1908
f 1912 1825 1908
f 1819 1825 1822
f 1821 1825 1819
f 1826 1913 1910
f 1826 1910 1909
f 1826 1909 1823
f 1823 1909 1820
f 1825 1912 1914
f 1914 1822 1825
f 1914 1917 1822
f 1917 1827 1822
f 1830 1918 1915
f 1913 1830 1915
f 1826 1830 1913
f 1826 1828 1830
f 1826 1824 1828
f 1823 1824 1826
f 1827 1917 1831
f 1917 1920 1831
f 1835 1921 1919
f 1918 1835 1919
f 1830 1835 1918
f 1830 1832 1835
f 1830 1829 1832
f 1828 1829 1830
f 1831 1920 1922
f 1833 1831 1922
f 1836 1923 1842
f 1836 1833 1923
f 1833 1922 1923
f 1923 1925 1842
f 1843 1926 1924
f 1921 1843 1924
f 1835 1843 1921
f 1835 1837 1843
f 1835 1834 1837
f 1832 1834 1835
f 1836 1842 1838
f 1842 1925 1927
f 1842 1927 1838
f 1838 1927 1839
f 1840 1839 1928
f 1839 1927 1928
f 1926 1843 1841
f 1926 1841 1928
f 1928 1841 1840
f 1837 1841 1843
f 1844 1852 1846
f 1844 1845 1853
f 1852 1844 1853
f 1845 1847 1853
f 1848 1931 1936
f 1854 1848 1936
f 1849 1932 1848
f 1848 1932 1931
f 1852 1849 1846
f 1852 1933 1849
f 1933 1932 1849
f 1853 1933 1852
f 1934 1933 1853
f 1847 1934 1853
f 1847 1850 1934
f 1850 1935 1934
f 1857 1937 1935
f 1857 1935 1851
f 1851 1935 1850
f 1851 1855 1857
f 1856 1861 1858
f 1856 1940 1861
f 1856 1854 1940
f 1854 1936 1940
f 1857 1938 1937
f 1938 1857 1855
f 1938 1855 1941
f 1941 1855 1859
f 1861 1942 1943
f 1861 1943 1858
f 1858 1943 1862
f 1940 1942 1861
f 1864 1859 1860
f 1864 1944 1859
f 1944 1941 1859
f 1860 1863 1864
f 1862 1943 1865
f 1943 1946 1865
f 1868 1944 1864
f 1947 1944 1868
f 1863 1866 1868
f 1864 1863 1868
f 1867 1948 1949
f 1869 1867 1949
f 1946 1867 1865
f 1948 1867 1946
f 1872 1947 1868
f 1950 1947 1872
f 1866 1870 1872
f 1868 1866 1872
f 1951 1876 1873
f 1951 1873 1949
f 1949 1873 1869
f 1951 1953 1876
f 1871 1950 1872
f 1871 1874 1950
f 1874 1954 1950
f 1870 1871 1872
f 1873 1876 1875
f 1876 1877 1875
f 1876 1953 1877
f 1953 1955 1877
f 1874 1878 1954
f 1954 1878 1956
f 1877 1955 1880
f 1955 1958 1880
f 1879 1959 1957
f 1881 1959 1879
f 1956 1878 1879
f 1957 1956 1879
f 1880 1958 1960
f 1882 1880 1960
f 1883 1882 1961
f 1882 1960 1961
f 1884 1883 1962
f 1883 1961 1962
f 1885 1884 1963
f 1884 1962 1963
f 1886 1885 1964
f 1885 1963 1964
f 1887 1886 1965
f 1886 1964 1965
f 1959 1881 1887
f 1965 1959 1887
f 1896 1970 1973
f 1896 1890 1888
f 1896 1888 1970
f 1970 1888 1971
f 1889 1972 1888
f 1888 1972 1971
f 1972 1889 1891
f 1974 1972 1891
f 1901 1975 1979
f 1901 1897 1892
f 1901 1892 1975
f 1975 1892 1976
f 1973 1893 1896
f 1973 1976 1893
f 1976 1892 1893
f 1890 1896 1893
f 1891 1977 1974
f 1894 1977 1891
f 1902 1980 1977
f 1902 1977 1895
f 1895 1977 1894
f 1895 1898 1902
f 1906 1981 1983
f 1979 1981 1906
f 1901 1979 1906
f 1901 1906 1903
f 1901 1903 1899
f 1897 1901 1899
f 1902 1982 1980
f 1907 1984 1982
f 1900 1907 1982
f 1900 1982 1902
f 1900 1902 1898
f 1900 1904 1907
f 1905 1906 1983
f 1905 1983 1908
f 1908 1983 1986
f 1903 1906 1905
f 1911 1984 1907
f 1987 1984 1911
f 1904 1909 1911
f 1907 1904 1911
f 1908 1986 1912
f 1986 1990 1912
f 1916 1991 1988
f 1987 1916 1988
f 1911 1916 1987
f 1911 1913 1916
f 1911 1910 1913
f 1909 1910 1911
f 1912 1990 1992
f 1914 1912 1992
f 1992 1917 1914
f 1993 1917 1992
f 1915 1991 1916
f 1915 1918 1991
f 1918 1994 1991
f 1913 1915 1916
f 1917 1993 1920
f 1993 1997 1920
f 1919 1998 1995
f 1921 1998 1919
f 1994 1918 1919
f 1995 1994 1919
f 1920 1997 1999
f 1922 1920 1999
f 1923 1922 2000
f 1922 1999 2000
f 1925 2001 1929
f 1925 1923 2001
f 1923 2000 2001
f 1929 2002 1930
f 2001 2002 1929
f 1930 1924 1926
f 1930 2002 1924
f 2002 2003 1924
f 1998 1921 1924
f 2003 1998 1924
f 1925 1929 1927
f 1928 1927 1929
f 1930 1928 1929
f 1926 1928 1930
f 1931 1939 1936
f 2008 1939 1931
f 2008 1931 2004
f 2004 1931 1932
f 1933 2005 1932
f 1932 2005 2004
f 1934 2006 1933
f 1933 2006 2005
f 1935 2007 1934
f 1934 2007 2006
f 2007 1935 1937
f 2009 2007 1937
f 1939 2010 2014
f 1939 2014 1936
f 1936 2014 1940
f 2008 2010 1939
f 1937 2011 2009
f 1938 2011 1937
f 2011 1938 1941
f 2015 2011 1941
f 1942 1945 1943
f 1942 2018 1945
f 1942 1940 2018
f 1940 2014 2018
f 1941 1944 2015
f 2015 1944 2019
f 1945 2020 2022
f 1945 2022 1943
f 1943 2022 1946
f 2018 2020 1945
f 1944 1947 2019
f 2019 1947 2023
f 1948 1952 1949
f 1948 2024 1952
f 1948 1946 2024
f 1946 2022 2024
f 1947 1950 2023
f 2023 1950 2025
f 1949 1952 1951
f 1952 1953 1951
f 1952 2024 1953
f 2024 2026 1953
f 1950 1954 2025
f 2025 1954 2027
f 1953 2026 1955
f 2026 2028 1955
f 1954 1956 2027
f 2027 1956 2029
f 1955 2028 1958
f 2028 2031 1958
f 1957 2032 2030
f 1959 2032 1957
f 2029 1956 1957
f 2030 2029 1957
f 1958 2031 2033
f 1960 1958 2033
f 1966 2033 2036
f 1966 1961 2033
f 1961 1960 2033
f 1961 1967 1962
f 1966 1967 1961
f 1962 1968 1963
f 1967 1968 1962
f 1963 1969 1964
f 1968 1969 1963
f 2037 1964 1969
f 2037 2034 1964
f 2034 1965 1964
f 2032 1959 1965
f 2034 2032 1965
f 1966 2036 2038
f 1967 1966 2038
f 2039 1967 2038
f 1968 1967 2039
f 2040 1968 2039
f 1969 1968 2040
f 2041 1969 2040
f 2037 1969 2041
f 1978 2042 2046
f 1978 1973 1970
f 1978 1970 2042
f 2042 1970 2043
f 1971 2044 1970
f 1970 2044 2043
f 1972 2045 1971
f 1971 2045 2044
f 2045 1972 1974
f 2047 2045 1974
f 1975 2048 2051
f 1979 1975 2051
f 2046 1976 1978
f 2046 2048 1976
f 2048 1975 1976
f 1973 1978 1976
f 1974 2049 2047
f 1977 2049 1974
f 2049 1977 1980
f 2052 2049 1980
f 1981 2053 2055
f 1983 1981 2055
f 2051 1981 1979
f 2053 1981 2051
f 1985 1980 1982
f 1985 2056 1980
f 2056 2052 1980
f 1982 1984 1985
f 1983 2055 1986
f 2055 2057 1986
f 1989 2056 1985
f 2058 2056 1989
f 1984 1987 1989
f 1985 1984 1989
f 1986 2057 1990
f 2057 2059 1990
f 1988 2058 1989
f 1988 1991 2058
f 1991 2060 2058
f 1987 1988 1989
f 1996 1992 1990
f 1996 1990 2061
f 2061 1990 2059
f 1992 1996 1993
f 1991 1994 2060
f 2060 1994 2062
f 1996 2061 2063
f 2063 1993 1996
f 2063 2065 1993
f 2065 1997 1993
f 1995 2066 2064
f 1998 2066 1995
f 2062 1994 1995
f 2064 2062 1995
f 1997 2065 2067
f 1999 1997 2067
f 2000 1999 2068
f 1999 2067 2068
f 2001 2000 2069
f 2000 2068 2069
f 2002 2001 2070
f 2001 2069 2070
f 2003 2002 2071
f 2002 2070 2071
f 2066 1998 2003
f 2071 2066 2003
f 2004 2012 2008
f 2075 2012 2004
f 2075 2004 2073
f 2073 2004 2005
f 2006 2074 2005
f 2005 2074 2073
f 2013 2076 2074
f 2013 2074 2007
f 2007 2074 2006
f 2007 2009 2013
f 2010 2016 2014
f 2010 2081 2016
f 2008 2081 2010
f 2008 2077 2081
f 2008 2012 2077
f 2075 2077 2012
f 2013 2078 2076
f 2017 2082 2078
f 2011 2017 2078
f 2011 2078 2013
f 2011 2013 2009
f 2011 2015 2017
f 2016 2083 2086
f 2016 2086 2014
f 2014 2086 2018
f 2081 2083 2016
f 2021 2082 2017
f 2087 2082 2021
f 2015 2019 2021
f 2017 2015 2021
f 2020 2088 2090
f 2022 2020 2090
f 2086 2020 2018
f 2088 2020 2086
f 2021 2089 2087
f 2089 2021 2019
f 2089 2019 2091
f 2091 2019 2023
f 2022 2090 2024
f 2090 2093 2024
f 2023 2025 2091
f 2091 2025 2094
f 2024 2093 2026
f 2093 2095 2026
f 2025 2027 2094
f 2094 2027 2096
f 2026 2095 2028
f 2095 2097 2028
f 2027 2029 2096
f 2096 2029 2098
f 2028 2097 2031
f 2097 2099 2031
f 2030 2032 2035
f 2030 2035 2100
f 2030 2100 2029
f 2029 2100 2098
f 2031 2099 2101
f 2033 2031 2101
f 2101 2036 2033
f 2104 2036 2101
f 2034 2105 2102
f 2037 2105 2034
f 2035 2032 2034
f 2035 2034 2103
f 2103 2034 2102
f 2100 2035 2103
f 2036 2104 2106
f 2038 2036 2106
f 2039 2038 2107
f 2038 2106 2107
f 2040 2039 2108
f 2039 2107 2108
f 2041 2040 2109
f 2040 2108 2109
f 2105 2037 2041
f 2109 2105 2041
f 2042 2111 2116
f 2046 2042 2116
f 2043 2112 2042
f 2042 2112 2111
f 2044 2113 2043
f 2043 2113 2112
f 2045 2114 2044
f 2044 2114 2113
f 2047 2050 2115
f 2047 2115 2045
f 2045 2115 2114
f 2115 2050 2117
f 2054 2118 2121
f 2054 2051 2048
f 2054 2048 2118
f 2118 2048 2119
f 2116 2048 2046
f 2119 2048 2116
f 2047 2049 2050
f 2050 2049 2052
f 2050 2052 2117
f 2117 2052 2122
f 2053 2054 2121
f 2053 2121 2055
f 2055 2121 2124
f 2051 2054 2053
f 2052 2056 2122
f 2122 2056 2125
f 2055 2124 2057
f 2124 2126 2057
f 2056 2058 2125
f 2125 2058 2127
f 2057 2126 2059
f 2126 2128 2059
f 2058 2060 2127
f 2127 2060 2129
f 2059 2128 2061
f 2128 2130 2061
f 2060 2062 2129
f 2129 2062 2131
f 2061 2130 2132
f 2063 2061 2132
f 2132 2065 2063
f 2137 2065 2132
f 2072 2138 2133
f 2072 2064 2066
f 2072 2133 2064
f 2133 2134 2064
f 2131 2062 2064
f 2134 2131 2064
f 2065 2137 2139
f 2067 2065 2139
f 2068 2067 2140
f 2067 2139 2140
f 2069 2068 2141
f 2068 2140 2141
f 2070 2069 2142
f 2069 2141 2142
f 2138 2072 2071
f 2138 2071 2142
f 2142 2071 2070
f 2066 2071 2072
f 2073 2079 2075
f 2073 2074 2080
f 2079 2073 2080
f 2074 2076 2080
f 2077 2084 2081
f 2077 2147 2084
f 2075 2147 2077
f 2075 2145 2147
f 2075 2079 2145
f 2080 2145 2079
f 2146 2145 2080
f 2085 2148 2146
f 2078 2085 2146
f 2078 2146 2080
f 2078 2080 2076
f 2078 2082 2085
f 2083 2149 2154
f 2086 2083 2154
f 2084 2083 2081
f 2084 2150 2083
f 2150 2149 2083
f 2147 2150 2084
f 2085 2151 2148
f 2151 2085 2082
f 2151 2082 2155
f 2155 2082 2087
f 2088 2092 2090
f 2088 2158 2092
f 2088 2086 2158
f 2086 2154 2158
f 2087 2156 2155
f 2089 2156 2087
f 2156 2089 2091
f 2159 2156 2091
f 2092 2160 2161
f 2092 2161 2090
f 2090 2161 2093
f 2158 2160 2092
f 2091 2094 2159
f 2159 2094 2162
f 2093 2161 2095
f 2161 2163 2095
f 2094 2096 2162
f 2162 2096 2164
f 2095 2163 2097
f 2163 2165 2097
f 2096 2098 2164
f 2164 2098 2166
f 2097 2165 2099
f 2165 2167 2099
f 2098 2100 2166
f 2166 2100 2168
f 2099 2167 2169
f 2101 2099 2169
f 2169 2104 2101
f 2171 2104 2169
f 2102 2105 2110
f 2172 2102 2110
f 2172 2170 2102
f 2170 2103 2102
f 2168 2100 2103
f 2170 2168 2103
f 2104 2171 2173
f 2106 2104 2173
f 2107 2106 2174
f 2106 2173 2174
f 2108 2107 2175
f 2107 2174 2175
f 2109 2108 2176
f 2108 2175 2176
f 2110 2105 2109
f 2110 2109 2177
f 2177 2109 2176
f 2172 2110 2177
f 2120 2178 2186
f 2120 2116 2111
f 2120 2111 2178
f 2178 2111 2179
f 2112 2180 2111
f 2111 2180 2179
f 2113 2181 2112
f 2112 2181 2180
f 2114 2182 2113
f 2113 2182 2181
f 2115 2183 2114
f 2114 2183 2182
f 2183 2115 2117
f 2187 2183 2117
f 2118 2188 2190
f 2121 2118 2190
f 2186 2119 2120
f 2186 2188 2119
f 2188 2118 2119
f 2116 2120 2119
f 2189 2122 2123
f 2189 2187 2122
f 2187 2117 2122
f 2189 2123 2191
f 2121 2190 2124
f 2190 2194 2124
f 2123 2195 2192
f 2123 2122 2195
f 2122 2125 2195
f 2191 2123 2192
f 2124 2194 2126
f 2194 2196 2126
f 2125 2127 2195
f 2195 2127 2197
f 2126 2196 2128
f 2196 2198 2128
f 2127 2129 2197
f 2197 2129 2199
f 2200 2135 2130
f 2200 2130 2198
f 2198 2130 2128
f 2200 2202 2135
f 2136 2203 2201
f 2136 2201 2199
f 2136 2199 2131
f 2131 2199 2129
f 2130 2135 2132
f 2137 2204 2143
f 2132 2204 2137
f 2132 2202 2204
f 2132 2135 2202
f 2204 2207 2143
f 2144 2208 2205
f 2144 2133 2138
f 2144 2205 2133
f 2205 2206 2133
f 2203 2136 2134
f 2203 2134 2206
f 2206 2134 2133
f 2131 2134 2136
f 2137 2143 2139
f 2143 2207 2209
f 2143 2209 2139
f 2139 2209 2140
f 2141 2140 2210
f 2140 2209 2210
f 2208 2144 2142
f 2208 2142 2210
f 2210 2142 2141
f 2138 2142 2144
f 2145 2152 2147
f 2145 2146 2153
f 2152 2145 2153
f 2146 2148 2153
f 2149 2157 2154
f 2217 2157 2149
f 2217 2149 2213
f 2213 2149 2150
f 2152 2150 2147
f 2152 2214 2150
f 2214 2213 2150
f 2153 2214 2152
f 2215 2214 2153
f 2148 2215 2153
f 2148 2151 2215
f 2151 2216 2215
f 2216 2151 2155
f 2218 2216 2155
f 2157 2219 2223
f 2157 2223 2154
f 2154 2223 2158
f 2217 2219 2157
f 2155 2220 2218
f 2156 2220 2155
f 2220 2156 2159
f 2224 2220 2159
f 2160 2225 2227
f 2161 2160 2227
f 2223 2160 2158
f 2225 2160 2223
f 2159 2162 2224
f 2224 2162 2228
f 2161 2227 2163
f 2227 2230 2163
f 2162 2164 2228
f 2228 2164 2231
f 2163 2230 2165
f 2230 2233 2165
f 2164 2166 2231
f 2231 2166 2234
f 2165 2233 2167
f 2233 2235 2167
f 2166 2168 2234
f 2234 2168 2236
f 2167 2235 2237
f 2169 2167 2237
f 2237 2171 2169
f 2239 2171 2237
f 2170 2240 2238
f 2172 2240 2170
f 2236 2168 2170
f 2238 2236 2170
f 2171 2239 2241
f 2173 2171 2241
f 2174 2173 2242
f 2173 2241 2242
f 2175 2174 2243
f 2174 2242 2243
f 2176 2175 2244
f 2175 2243 2244
f 2177 2176 2245
f 2176 2244 2245
f 2240 2172 2177
f 2245 2240 2177
f 2184 2246 2248
f 2184 2185 2247
f 2246 2184 2247
f 2247 2185 2249
f 2178 2250 2256
f 2186 2178 2256
f 2179 2251 2178
f 2178 2251 2250
f 2248 2180 2184
f 2248 2251 2180
f 2251 2179 2180
f 2181 2184 2180
f 2185 2184 2181
f 2185 2252 2249
f 2185 2181 2252
f 2181 2182 2252
f 2183 2253 2182
f 2182 2253 2252
f 2253 2183 2187
f 2257 2253 2187
f 2188 2258 2260
f 2190 2188 2260
f 2256 2188 2186
f 2258 2188 2256
f 2193 2187 2189
f 2193 2261 2187
f 2261 2257 2187
f 2189 2191 2193
f 2190 2260 2194
f 2260 2262 2194
f 2192 2261 2193
f 2192 2195 2261
f 2195 2263 2261
f 2191 2192 2193
f 2194 2262 2196
f 2262 2264 2196
f 2195 2197 2263
f 2263 2197 2265
f 2196 2264 2198
f 2264 2266 2198
f 2197 2199 2265
f 2265 2199 2267
f 2198 2266 2268
f 2200 2198 2268
f 2268 2202 2200
f 2271 2202 2268
f 2201 2272 2269
f 2203 2272 2201
f 2267 2199 2201
f 2269 2267 2201
f 2202 2271 2273
f 2204 2202 2273
f 2207 2274 2211
f 2207 2204 2274
f 2204 2273 2274
f 2211 2275 2212
f 2274 2275 2211
f 2212 2205 2208
f 2212 2275 2205
f 2275 2276 2205
f 2206 2205 2277
f 2205 2276 2277
f 2272 2203 2206
f 2277 2272 2206
f 2207 2211 2209
f 2210 2209 2211
f 2212 2210 2211
f 2208 2210 2212
f 2213 2221 2217
f 2282 2221 2213
f 2282 2213 2280
f 2280 2213 2214
f 2215 2281 2214
f 2214 2281 2280
f 2222 2283 2281
f 2222 2281 2216
f 2216 2281 2215
f 2216 2218 2222
f 2219 2284 2289
f 2223 2219 2289
f 2221 2219 2217
f 2221 2285 2219
f 2285 2284 2219
f 2282 2285 2221
f 2222 2286 2283
f 2226 2290 2286
f 2220 2226 2286
f 2220 2286 2222
f 2220 2222 2218
f 2220 2224 2226
f 2225 2229 2227
f 2225 2293 2229
f 2225 2223 2293
f 2223 2289 2293
f 2226 2291 2290
f 2291 2226 2224
f 2291 2224 2294
f 2294 2224 2228
f 2229 2232 2230
f 2227 2229 2230
f 2295 2229 2293
f 2232 2229 2295
f 2228 2231 2294
f 2294 2231 2296
f 2232 2297 2298
f 2232 2298 2230
f 2230 2298 2233
f 2295 2297 2232
f 2231 2234 2296
f 2296 2234 2299
f 2233 2298 2235
f 2298 2301 2235
f 2234 2236 2299
f 2299 2236 2302
f 2235 2301 2303
f 2237 2235 2303
f 2303 2239 2237
f 2306 2239 2303
f 2238 2307 2304
f 2240 2307 2238
f 2302 2236 2238
f 2304 2302 2238
f 2239 2306 2308
f 2241 2239 2308
f 2242 2241 2309
f 2241 2308 2309
f 2243 2242 2310
f 2242 2309 2310
f 2244 2243 2311
f 2243 2310 2311
f 2245 2244 2312
f 2244 2311 2312
f 2307 2240 2245
f 2312 2307 2245
f 2254 2316 2320
f 2254 2248 2246
f 2254 2246 2316
f 2316 2246 2317
f 2247 2318 2246
f 2246 2318 2317
f 2249 2255 2319
f 2249 2319 2247
f 2247 2319 2318
f 2319 2255 2321
f 2259 2322 2326
f 2259 2256 2250
f 2259 2250 2322
f 2322 2250 2323
f 2320 2251 2254
f 2320 2323 2251
f 2323 2250 2251
f 2248 2254 2251
f 2249 2252 2255
f 2255 2324 2321
f 2255 2252 2324
f 2252 2253 2324
f 2324 2253 2257
f 2327 2324 2257
f 2258 2259 2326
f 2258 2326 2260
f 2260 2326 2328
f 2256 2259 2258
f 2257 2261 2327
f 2327 2261 2329
f 2260 2328 2262
f 2328 2330 2262
f 2261 2263 2329
f 2329 2263 2331
f 2262 2330 2264
f 2330 2332 2264
f 2263 2265 2331
f 2331 2265 2333
f 2264 2332 2266
f 2332 2336 2266
f 2270 2337 2334
f 2270 2334 2333
f 2270 2333 2267
f 2267 2333 2265
f 2266 2336 2338
f 2268 2266 2338
f 2271 2339 2278
f 2271 2268 2339
f 2268 2338 2339
f 2339 2342 2278
f 2279 2343 2340
f 2337 2279 2340
f 2270 2279 2337
f 2270 2272 2279
f 2270 2269 2272
f 2267 2269 2270
f 2271 2278 2273
f 2278 2342 2344
f 2278 2344 2273
f 2273 2344 2274
f 2275 2274 2345
f 2274 2344 2345
f 2276 2275 2346
f 2275 2345 2346
f 2343 2279 2277
f 2343 2277 2346
f 2346 2277 2276
f 2272 2277 2279
f 2280 2287 2282
f 2280 2281 2288
f 2287 2280 2288
f 2281 2283 2288
f 2284 2292 2289
f 2352 2292 2284
f 2352 2284 2348
f 2348 2284 2285
f 2287 2285 2282
f 2287 2349 2285
f 2349 2348 2285
f 2288 2349 2287
f 2350 2349 2288
f 2283 2350 2288
f 2283 2286 2350
f 2286 2351 2350
f 2351 2286 2290
f 2353 2351 2290
f 2292 2354 2356
f 2292 2356 2289
f 2289 2356 2293
f 2352 2354 2292
f 2290 2355 2353
f 2291 2355 2290
f 2355 2291 2294
f 2357 2355 2294
f 2293 2356 2295
f 2356 2358 2295
f 2294 2296 2357
f 2357 2296 2359
f 2297 2300 2298
f 2297 2360 2300
f 2297 2295 2360
f 2295 2358 2360
f 2296 2299 2359
f 2359 2299 2361
f 2300 2305 2301
f 2298 2300 2301
f 2362 2300 2360
f 2305 2300 2362
f 2299 2302 2361
f 2361 2302 2363
f 2301 2305 2303
f 2305 2306 2303
f 2305 2362 2306
f 2362 2366 2306
f 2304 2367 2364
f 2307 2367 2304
f 2363 2302 2304
f 2364 2363 2304
f 2306 2366 2368
f 2308 2306 2368
f 2313 2368 2371
f 2313 2309 2368
f 2309 2308 2368
f 2309 2314 2310
f 2313 2314 2309
f 2310 2315 2311
f 2314 2315 2310
f 2372 2311 2315
f 2372 2369 2311
f 2369 2312 2311
f 2367 2307 2312
f 2369 2367 2312
f 2313 2371 2373
f 2314 2313 2373
f 2374 2314 2373
f 2315 2314 2374
f 2375 2315 2374
f 2372 2315 2375
f 2325 2378 2385
f 2325 2320 2316
f 2325 2316 2378
f 2378 2316 2379
f 2317 2380 2316
f 2316 2380 2379
f 2318 2381 2317
f 2317 2381 2380
f 2319 2382 2318
f 2318 2382 2381
f 2382 2319 2321
f 2386 2382 2321
f 2322 2387 2390
f 2326 2322 2390
f 2385 2323 2325
f 2385 2387 2323
f 2387 2322 2323
f 2320 2325 2323
f 2321 2388 2386
f 2324 2388 2321
f 2388 2324 2327
f 2391 2388 2327
f 2326 2390 2328
f 2390 2392 2328
f 2327 2329 2391
f 2391 2329 2393
f 2328 2392 2330
f 2392 2394 2330
f 2329 2331 2393
f 2393 2331 2395
f 2330 2394 2332
f 2394 2397 2332
f 2335 2398 2396
f 2335 2396 2395
f 2335 2395 2333
f 2333 2395 2331
f 2399 2341 2336
f 2399 2336 2397
f 2397 2336 2332
f 2399 2400 2341
f 2334 2398 2335
f 2334 2337 2398
f 2337 2401 2398
f 2333 2334 2335
f 2336 2341 2338
f 2341 2400 2402
f 2341 2402 2338
f 2338 2402 2339
f 2402 2342 2339
f 2406 2342 2402
f 2347 2407 2403
f 2347 2340 2343
f 2347 2403 2340
f 2403 2404 2340
f 2401 2337 2340
f 2404 2401 2340
f 2342 2406 2408
f 2344 2342 2408
f 2345 2344 2409
f 2344 2408 2409
f 2407 2347 2346
f 2407 2346 2409
f 2409 2346 2345
f 2343 2346 2347
f 2348 2410 2414
f 2352 2348 2414
f 2349 2411 2348
f 2348 2411 2410
f 2350 2412 2349
f 2349 2412 2411
f 2351 2413 2350
f 2350 2413 2412
f 2413 2351 2353
f 2415 2413 2353
f 2354 2416 2422
f 2356 2354 2422
f 2414 2354 2352
f 2416 2354 2414
f 2353 2417 2415
f 2355 2417 2353
f 2417 2355 2357
f 2423 2417 2357
f 2356 2422 2358
f 2422 2425 2358
f 2357 2359 2423
f 2423 2359 2426
f 2358 2425 2360
f 2425 2427 2360
f 2359 2361 2426
f 2426 2361 2428
f 2365 2429 2431
f 2365 2427 2429
f 2365 2362 2427
f 2362 2360 2427
f 2361 2363 2428
f 2428 2363 2432
f 2370 2365 2431
f 2434 2370 2431
f 2362 2370 2366
f 2365 2370 2362
f 2364 2435 2433
f 2367 2435 2364
f 2432 2363 2364
f 2433 2432 2364
f 2370 2434 2436
f 2376 2436 2438
f 2368 2436 2376
f 2368 2370 2436
f 2368 2366 2370
f 2368 2376 2371
f 2369 2372 2377
f 2369 2377 2439
f 2369 2439 2367
f 2367 2439 2435
f 2376 2438 2440
f 2371 2376 2440
f 2371 2440 2373
f 2373 2440 2441
f 2374 2373 2442
f 2373 2441 2442
f 2375 2374 2443
f 2374 2442 2443
f 2377 2372 2375
f 2377 2375 2444
f 2444 2375 2443
f 2439 2377 2444
f 2383 2450 2452
f 2383 2384 2451
f 2450 2383 2451
f 2451 2384 2453
f 2378 2454 2460
f 2385 2378 2460
f 2379 2455 2378
f 2378 2455 2454
f 2452 2380 2383
f 2452 2455 2380
f 2455 2379 2380
f 2381 2383 2380
f 2384 2383 2381
f 2384 2456 2453
f 2384 2381 2456
f 2381 2382 2456
f 2386 2389 2457
f 2386 2457 2382
f 2382 2457 2456
f 2457 2389 2461
f 2387 2462 2463
f 2390 2387 2463
f 2460 2387 2385
f 2462 2387 2460
f 2386 2388 2389
f 2389 2388 2391
f 2389 2391 2461
f 2461 2391 2464
f 2390 2463 2392
f 2463 2465 2392
f 2391 2393 2464
f 2464 2393 2466
f 2392 2465 2394
f 2465 2467 2394
f 2393 2395 2466
f 2466 2395 2468
f 2394 2467 2397
f 2467 2470 2397
f 2396 2471 2469
f 2398 2471 2396
f 2468 2395 2396
f 2469 2468 2396
f 2397 2470 2472
f 2399 2397 2472
f 2472 2400 2399
f 2474 2400 2472
f 2405 2475 2473
f 2405 2473 2471
f 2405 2471 2401
f 2401 2471 2398
f 2400 2474 2476
f 2402 2400 2476
f 2476 2406 2402
f 2478 2406 2476
f 2403 2479 2477
f 2407 2479 2403
f 2475 2405 2404
f 2475 2404 2477
f 2477 2404 2403
f 2401 2404 2405
f 2406 2478 2480
f 2408 2406 2480
f 2409 2408 2481
f 2408 2480 2481
f 2479 2407 2409
f 2481 2479 2409
f 2410 2418 2414
f 2410 2411 2419
f 2418 2410 2419
f 2411 2412 2420
f 2419 2411 2420
f 2412 2413 2421
f 2420 2412 2421
f 2413 2415 2421
f 2416 2484 2489
f 2422 2416 2489
f 2418 2416 2414
f 2418 2485 2416
f 2485 2484 2416
f 2419 2485 2418
f 2486 2485 2419
f 2420 2486 2419
f 2487 2486 2420
f 2421 2487 2420
f 2488 2487 2421
f 2424 2490 2488
f 2417 2424 2488
f 2417 2488 2421
f 2417 2421 2415
f 2417 2423 2424
f 2422 2489 2425
f 2489 2494 2425
f 2424 2491 2490
f 2491 2424 2423
f 2491 2423 2495
f 2495 2423 2426
f 2430 2496 2498
f 2430 2494 2496
f 2430 2427 2494
f 2427 2425 2494
f 2426 2428 2495
f 2495 2428 2499
f 2429 2430 2498
f 2429 2498 2431
f 2431 2498 2500
f 2427 2430 2429
f 2428 2432 2499
f 2499 2432 2501
f 2431 2500 2434
f 2500 2502 2434
f 2433 2435 2437
f 2433 2437 2503
f 2433 2503 2432
f 2432 2503 2501
f 2445 2436 2434
f 2445 2434 2505
f 2505 2434 2502
f 2436 2445 2438
f 2437 2506 2504
f 2437 2435 2506
f 2435 2439 2506
f 2503 2437 2504
f 2445 2505 2507
f 2446 2507 2509
f 2440 2507 2446
f 2440 2445 2507
f 2440 2438 2445
f 2440 2447 2441
f 2446 2447 2440
f 2441 2448 2442
f 2447 2448 2441
f 2442 2449 2443
f 2448 2449 2442
f 2510 2443 2449
f 2510 2508 2443
f 2508 2444 2443
f 2506 2439 2444
f 2508 2506 2444
f 2446 2509 2511
f 2447 2446 2511
f 2512 2447 2511
f 2448 2447 2512
f 2513 2448 2512
f 2449 2448 2513
f 2514 2449 2513
f 2510 2449 2514
f 2458 2515 2519
f 2458 2452 2450
f 2458 2450 2515
f 2515 2450 2516
f 2451 2517 2450
f 2450 2517 2516
f 2453 2459 2518
f 2453 2518 2451
f 2451 2518 2517
f 2518 2459 2520
f 2454 2521 2523
f 2460 2454 2523
f 2519 2455 2458
f 2519 2521 2455
f 2521 2454 2455
f 2452 2458 2455
f 2453 2456 2459
f 2459 2522 2520
f 2459 2456 2522
f 2456 2457 2522
f 2522 2457 2461
f 2524 2522 2461
f 2462 2525 2526
f 2463 2462 2526
f 2523 2462 2460
f 2525 2462 2523
f 2461 2464 2524
f 2524 2464 2527
f 2463 2526 2465
f 2526 2528 2465
f 2464 2466 2527
f 2527 2466 2529
f 2465 2528 2467
f 2528 2530 2467
f 2466 2468 2529
f 2529 2468 2531
f 2467 2530 2470
f 2530 2533 2470
f 2469 2534 2532
f 2471 2534 2469
f 2531 2468 2469
f 2532 2531 2469
f 2470 2533 2535
f 2472 2470 2535
f 2535 2474 2472
f 2537 2474 2535
f 2473 2538 2536
f 2475 2538 2473
f 2534 2471 2473
f 2536 2534 2473
f 2474 2537 2539
f 2476 2474 2539
f 2478 2540 2482
f 2478 2476 2540
f 2476 2539 2540
f 2482 2541 2483
f 2540 2541 2482
f 2483 2477 2479
f 2483 2541 2477
f 2541 2542 2477
f 2538 2475 2477
f 2542 2538 2477
f 2478 2482 2480
f 2481 2480 2482
f 2483 2481 2482
f 2479 2481 2483
f 2484 2492 2489
f 2547 2492 2484
f 2547 2484 2544
f 2544 2484 2485
f 2486 2545 2485
f 2485 2545 2544
f 2487 2546 2486
f 2486 2546 2545
f 2493 2548 2546
f 2493 2546 2488
f 2488 2546 2487
f 2488 2490 2493
f 2492 2549 2554
f 2492 2554 2489
f 2489 2554 2494
f 2547 2549 2492
f 2493 2550 2548
f 2497 2555 2550
f 2491 2497 2550
f 2491 2550 2493
f 2491 2493 2490
f 2491 2495 2497
f 2496 2556 2558
f 2498 2496 2558
f 2554 2496 2494
f 2556 2496 2554
f 2497 2557 2555
f 2557 2497 2495
f 2557 2495 2559
f 2559 2495 2499
f 2498 2558 2500
f 2558 2560 2500
f 2499 2501 2559
f 2559 2501 2561
f 2500 2560 2502
f 2560 2562 2502
f 2501 2503 2561
f 2561 2503 2563
f 2502 2562 2505
f 2562 2565 2505
f 2504 2566 2564
f 2506 2566 2504
f 2563 2503 2504
f 2564 2563 2504
f 2505 2565 2567
f 2507 2505 2567
f 2567 2509 2507
f 2569 2509 2567
f 2508 2570 2568
f 2510 2570 2508
f 2566 2506 2508
f 2568 2566 2508
f 2509 2569 2571
f 2511 2509 2571
f 2512 2511 2572
f 2511 2571 2572
f 2513 2512 2573
f 2512 2572 2573
f 2514 2513 2574
f 2513 2573 2574
f 2570 2510 2514
f 2574 2570 2514
f 2515 2580 2584
f 2519 2515 2584
f 2516 2581 2515
f 2515 2581 2580
f 2517 2582 2516
f 2516 2582 2581
f 2518 2583 2517
f 2517 2583 2582
f 2583 2518 2520
f 2585 2583 2520
f 2521 2586 2588
f 2523 2521 2588
f 2584 2521 2519
f 2586 2521 2584
f 2520 2587 2585
f 2522 2587 2520
f 2587 2522 2524
f 2589 2587 2524
f 2525 2590 2591
f 2526 2525 2591
f 2588 2525 2523
f 2590 2525 2588
f 2524 2527 2589
f 2589 2527 2592
f 2526 2591 2528
f 2591 2593 2528
f 2527 2529 2592
f 2592 2529 2594
f 2528 2593 2530
f 2593 2595 2530
f 2529 2531 2594
f 2594 2531 2596
f 2530 2595 2533
f 2595 2598 2533
f 2532 2599 2597
f 2534 2599 2532
f 2596 2531 2532
f 2597 2596 2532
f 2533 2598 2600
f 2535 2533 2600
f 2537 2601 2543
f 2537 2535 2601
f 2535 2600 2601
f 2601 2603 2543
f 2536 2604 2602
f 2538 2604 2536
f 2599 2534 2536
f 2602 2599 2536
f 2537 2543 2539
f 2543 2603 2605
f 2543 2605 2539
f 2539 2605 2540
f 2541 2540 2606
f 2540 2605 2606
f 2542 2541 2607
f 2541 2606 2607
f 2604 2538 2542
f 2607 2604 2542
f 2544 2551 2547
f 2544 2545 2552
f 2551 2544 2552
f 2545 2546 2553
f 2552 2545 2553
f 2546 2548 2553
f 2549 2609 2614
f 2554 2549 2614
f 2551 2549 2547
f 2551 2610 2549
f 2610 2609 2549
f 2552 2610 2551
f 2611 2610 2552
f 2553 2611 2552
f 2612 2611 2553
f 2548 2612 2553
f 2548 2550 2612
f 2550 2613 2612
f 2613 2550 2555
f 2615 2613 2555
f 2556 2616 2620
f 2558 2556 2620
f 2614 2556 2554
f 2616 2556 2614
f 2555 2617 2615
f 2557 2617 2555
f 2617 2557 2559
f 2621 2617 2559
f 2558 2620 2560
f 2620 2624 2560
f 2559 2561 2621
f 2621 2561 2625
f 2560 2624 2562
f 2624 2627 2562
f 2561 2563 2625
f 2625 2563 2628
f 2562 2627 2565
f 2627 2631 2565
f 2564 2632 2629
f 2566 2632 2564
f 2628 2563 2564
f 2629 2628 2564
f 2575 2567 2565
f 2575 2565 2635
f 2635 2565 2631
f 2567 2575 2569
f 2568 2636 2633
f 2570 2636 2568
f 2632 2566 2568
f 2633 2632 2568
f 2576 2575 2635
f 2640 2576 2635
f 2569 2577 2571
f 2569 2575 2577
f 2575 2576 2577
f 2571 2578 2572
f 2577 2578 2571
f 2572 2579 2573
f 2578 2579 2572
f 2641 2573 2579
f 2641 2637 2573
f 2637 2574 2573
f 2636 2570 2574
f 2637 2636 2574
f 2576 2640 2642
f 2577 2576 2642
f 2643 2577 2642
f 2578 2577 2643
f 2644 2578 2643
f 2579 2578 2644
f 2645 2579 2644
f 2641 2579 2645
f 2580 2650 2658
f 2584 2580 2658
f 2581 2651 2580
f 2580 2651 2650
f 2582 2652 2581
f 2581 2652 2651
f 2583 2653 2582
f 2582 2653 2652
f 2653 2583 2585
f 2659 2653 2585
f 2586 2660 2664
f 2588 2586 2664
f 2658 2586 2584
f 2660 2586 2658
f 2585 2661 2659
f 2587 2661 2585
f 2661 2587 2589
f 2665 2661 2589
f 2590 2666 2667
f 2591 2590 2667
f 2664 2590 2588
f 2666 2590 2664
f 2589 2592 2665
f 2665 2592 2668
f 2591 2667 2593
f 2667 2670 2593
f 2592 2594 2668
f 2668 2594 2671
f 2593 2670 2595
f 2670 2673 2595
f 2594 2596 2671
f 2671 2596 2674
f 2595 2673 2598
f 2673 2676 2598
f 2597 2677 2675
f 2599 2677 2597
f 2674 2596 2597
f 2675 2674 2597
f 2598 2676 2678
f 2600 2598 2678
f 2601 2600 2679
f 2600 2678 2679
f 2679 2603 2601
f 2683 2603 2679
f 2608 2684 2680
f 2608 2602 2604
f 2608 2680 2602
f 2680 2681 2602
f 2677 2599 2602
f 2681 2677 2602
f 2603 2683 2685
f 2605 2603 2685
f 2606 2605 2686
f 2605 2685 2686
f 2684 2608 2607
f 2684 2607 2686
f 2686 2607 2606
f 2604 2607 2608
f 2609 2618 2614
f 2691 2618 2609
f 2691 2609 2688
f 2688 2609 2610
f 2611 2689 2610
f 2610 2689 2688
f 2612 2690 2611
f 2611 2690 2689
f 2619 2692 2690
f 2619 2690 2613
f 2613 2690 2612
f 2613 2615 2619
f 2616 2622 2620
f 2616 2698 2622
f 2614 2698 2616
f 2614 2693 2698
f 2614 2618 2693
f 2691 2693 2618
f 2619 2694 2692
f 2623 2699 2694
f 2617 2623 2694
f 2617 2694 2619
f 2617 2619 2615
f 2617 2621 2623
f 2622 2700 2702
f 2622 2702 2620
f 2620 2702 2624
f 2698 2700 2622
f 2626 2699 2623
f 2703 2699 2626
f 2621 2625 2626
f 2623 2621 2626
f 2624 2702 2627
f 2702 2704 2627
f 2630 2703 2626
f 2705 2703 2630
f 2625 2628 2630
f 2626 2625 2630
f 2634 2706 2707
f 2634 2704 2706
f 2634 2631 2704
f 2631 2627 2704
f 2629 2705 2630
f 2629 2632 2705
f 2632 2708 2705
f 2628 2629 2630
f 2638 2634 2707
f 2709 2638 2707
f 2631 2638 2635
f 2634 2638 2631
f 2633 2636 2639
f 2633 2639 2710
f 2633 2710 2632
f 2632 2710 2708
f 2638 2709 2711
f 2711 2635 2638
f 2711 2714 2635
f 2714 2640 2635
f 2637 2641 2646
f 2637 2646 2715
f 2636 2637 2715
f 2636 2715 2712
f 2636 2712 2639
f 2710 2639 2712
f 2640 2714 2716
f 2642 2640 2716
f 2647 2716 2719
f 2647 2643 2716
f 2643 2642 2716
f 2643 2648 2644
f 2647 2648 2643
f 2644 2649 2645
f 2648 2649 2644
f 2645 2649 2720
f 2641 2645 2720
f 2641 2720 2717
f 2641 2717 2646
f 2715 2646 2717
f 2647 2719 2721
f 2648 2647 2721
f 2722 2648 2721
f 2649 2648 2722
f 2723 2649 2722
f 2720 2649 2723
f 2654 2725 2729
f 2654 2655 2726
f 2725 2654 2726
f 2655 2656 2727
f 2726 2655 2727
f 2656 2657 2728
f 2727 2656 2728
f 2728 2657 2730
f 2662 2731 2733
f 2729 2731 2662
f 2654 2729 2662
f 2654 2662 2658
f 2654 2658 2650
f 2651 2654 2650
f 2655 2654 2651
f 2652 2655 2651
f 2656 2655 2652
f 2653 2656 2652
f 2657 2656 2653
f 2659 2663 2732
f 2653 2659 2732
f 2653 2732 2730
f 2653 2730 2657
f 2732 2663 2734
f 2660 2662 2733
f 2660 2733 2664
f 2664 2733 2735
f 2658 2662 2660
f 2659 2661 2663
f 2663 2661 2665
f 2663 2665 2734
f 2734 2665 2736
f 2666 2669 2667
f 2666 2738 2669
f 2666 2664 2738
f 2664 2735 2738
f 2665 2668 2736
f 2736 2668 2739
f 2669 2672 2670
f 2667 2669 2670
f 2741 2669 2738
f 2672 2669 2741
f 2668 2671 2739
f 2739 2671 2742
f 2672 2743 2744
f 2672 2744 2670
f 2670 2744 2673
f 2741 2743 2672
f 2671 2674 2742
f 2742 2674 2745
f 2746 2682 2676
f 2746 2676 2744
f 2744 2676 2673
f 2746 2750 2682
f 2675 2751 2747
f 2677 2751 2675
f 2745 2674 2675
f 2747 2745 2675
f 2676 2682 2678
f 2682 2750 2752
f 2682 2752 2678
f 2678 2752 2679
f 2752 2683 2679
f 2757 2683 2752
f 2687 2758 2753
f 2687 2680 2684
f 2687 2753 2680
f 2753 2754 2680
f 2681 2680 2755
f 2680 2754 2755
f 2751 2677 2681
f 2755 2751 2681
f 2683 2757 2759
f 2685 2683 2759
f 2758 2687 2686
f 2758 2686 2759
f 2759 2686 2685
f 2684 2686 2687
f 2688 2695 2691
f 2688 2689 2696
f 2695 2688 2696
f 2689 2690 2697
f 2696 2689 2697
f 2690 2692 2697
f 2693 2761 2765
f 2698 2693 2765
f 2695 2693 2691
f 2695 2762 2693
f 2762 2761 2693
f 2696 2762 2695
f 2763 2762 2696
f 2697 2763 2696
f 2764 2763 2697
f 2701 2766 2764
f 2694 2701 2764
f 2694 2764 2697
f 2694 2697 2692
f 2694 2699 2701
f 2700 2767 2770
f 2702 2700 2770
f 2765 2700 2698
f 2767 2700 2765
f 2701 2768 2766
f 2768 2701 2699
f 2768 2699 2771
f 2771 2699 2703
f 2702 2770 2704
f 2770 2773 2704
f 2703 2705 2771
f 2771 2705 2774
f 2706 2775 2777
f 2707 2706 2777
f 2773 2706 2704
f 2775 2706 2773
f 2705 2708 2774
f 2774 2708 2778
f 2707 2777 2709
f 2777 2780 2709
f 2713 2781 2779
f 2713 2779 2778
f 2713 2778 2710
f 2710 2778 2708
f 2718 2711 2709
f 2718 2709 2782
f 2782 2709 2780
f 2711 2718 2714
f 2712 2781 2713
f 2712 2715 2781
f 2715 2783 2781
f 2710 2712 2713
f 2718 2782 2784
f 2724 2784 2786
f 2716 2784 2724
f 2716 2718 2784
f 2716 2714 2718
f 2716 2724 2719
f 2717 2787 2785
f 2720 2787 2717
f 2783 2715 2717
f 2785 2783 2717
f 2724 2786 2788
f 2719 2724 2788
f 2719 2788 2721
f 2721 2788 2789
f 2722 2721 2790
f 2721 2789 2790
f 2723 2722 2791
f 2722 2790 2791
f 2787 2720 2723
f 2791 2787 2723
f 2725 2796 2803
f 2729 2725 2803
f 2726 2797 2725
f 2725 2797 2796
f 2727 2798 2726
f 2726 2798 2797
f 2728 2799 2727
f 2727 2799 2798
f 2799 2728 2730
f 2804 2799 2730
f 2731 2805 2808
f 2733 2731 2808
f 2803 2731 2729
f 2805 2731 2803
f 2730 2806 2804
f 2732 2806 2730
f 2806 2732 2734
f 2809 2806 2734
f 2733 2808 2735
f 2808 2812 2735
f 2810 2736 2737
f 2810 2809 2736
f 2809 2734 2736
f 2810 2737 2813
f 2735 2812 2738
f 2812 2814 2738
f 2737 2739 2740
f 2736 2739 2737
f 2815 2813 2737
f 2740 2815 2737
f 2738 2814 2741
f 2814 2817 2741
f 2740 2818 2816
f 2740 2739 2818
f 2739 2742 2818
f 2815 2740 2816
f 2743 2748 2744
f 2743 2820 2748
f 2743 2741 2820
f 2741 2817 2820
f 2749 2821 2819
f 2749 2819 2818
f 2749 2818 2745
f 2745 2818 2742
f 2744 2748 2746
f 2748 2750 2746
f 2748 2820 2750
f 2820 2824 2750
f 2756 2825 2822
f 2821 2756 2822
f 2749 2756 2821
f 2749 2751 2756
f 2749 2747 2751
f 2745 2747 2749
f 2750 2824 2826
f 2752 2750 2826
f 2757 2827 2760
f 2757 2752 2827
f 2752 2826 2827
f 2760 2753 2758
f 2760 2827 2753
f 2827 2828 2753
f 2754 2753 2829
f 2753 2828 2829
f 2825 2756 2755
f 2825 2755 2829
f 2829 2755 2754
f 2751 2755 2756
f 2757 2760 2759
f 2758 2759 2760
f 2761 2832 2835
f 2765 2761 2835
f 2762 2833 2761
f 2761 2833 2832
f 2763 2834 2762
f 2762 2834 2833
f 2769 2836 2834
f 2769 2834 2764
f 2764 2834 2763
f 2764 2766 2769
f 2767 2837 2842
f 2770 2767 2842
f 2835 2767 2765
f 2837 2767 2835
f 2769 2838 2836
f 2772 2843 2838
f 2768 2772 2838
f 2768 2838 2769
f 2768 2769 2766
f 2768 2771 2772
f 2776 2844 2847
f 2776 2842 2844
f 2776 2773 2842
f 2773 2770 2842
f 2772 2845 2843
f 2845 2772 2771
f 2845 2771 2848
f 2848 2771 2774
f 2775 2776 2847
f 2775 2847 2777
f 2777 2847 2851
f 2773 2776 2775
f 2774 2778 2848
f 2848 2778 2852
f 2777 2851 2780
f 2851 2855 2780
f 2779 2856 2853
f 2781 2856 2779
f 2852 2778 2779
f 2853 2852 2779
f 2780 2855 2782
f 2855 2857 2782
f 2781 2783 2856
f 2856 2783 2858
f 2792 2784 2782
f 2792 2782 2861
f 2861 2782 2857
f 2784 2792 2786
f 2785 2862 2859
f 2787 2862 2785
f 2858 2783 2785
f 2859 2858 2785
f 2792 2861 2863
f 2793 2863 2866
f 2788 2863 2793
f 2788 2792 2863
f 2788 2786 2792
f 2788 2794 2789
f 2793 2794 2788
f 2789 2795 2790
f 2794 2795 2789
f 2867 2790 2795
f 2867 2864 2790
f 2864 2791 2790
f 2862 2787 2791
f 2864 2862 2791
f 2793 2866 2868
f 2794 2793 2868
f 2869 2794 2868
f 2795 2794 2869
f 2870 2795 2869
f 2867 2795 2870
f 2800 2877 2880
f 2800 2801 2878
f 2877 2800 2878
f 2801 2802 2879
f 2878 2801 2879
f 2879 2802 2881
f 2796 2882 2885
f 2803 2796 2885
f 2880 2797 2800
f 2880 2882 2797
f 2882 2796 2797
f 2798 2800 2797
f 2801 2800 2798
f 2799 2801 2798
f 2802 2801 2799
f 2804 2807 2883
f 2799 2804 2883
f 2799 2883 2881
f 2799 2881 2802
f 2883 2807 2886
f 2805 2887 2890
f 2808 2805 2890
f 2885 2805 2803
f 2887 2805 2885
f 2804 2806 2807
f 2809 2811 2888
f 2806 2809 2888
f 2806 2888 2886
f 2806 2886 2807
f 2888 2811 2891
f 2808 2890 2812
f 2890 2892 2812
f 2809 2810 2811
f 2811 2810 2813
f 2811 2813 2891
f 2891 2813 2893
f 2812 2892 2814
f 2892 2894 2814
f 2813 2815 2893
f 2893 2815 2895
f 2814 2894 2817
f 2894 2897 2817
f 2816 2898 2896
f 2818 2898 2816
f 2895 2815 2816
f 2896 2895 2816
f 2899 2823 2820
f 2899 2820 2897
f 2897 2820 2817
f 2899 2902 2823
f 2819 2903 2900
f 2821 2903 2819
f 2898 2818 2819
f 2900 2898 2819
f 2823 2830 2824
f 2820 2823 2824
f 2907 2823 2902
f 2830 2823 2907
f 2831 2908 2904
f 2831 2822 2825
f 2831 2904 2822
f 2904 2905 2822
f 2903 2821 2822
f 2905 2903 2822
f 2824 2830 2826
f 2830 2907 2909
f 2830 2909 2826
f 2826 2909 2827
f 2828 2827 2910
f 2827 2909 2910
f 2908 2831 2829
f 2908 2829 2910
f 2910 2829 2828
f 2825 2829 2831
f 2832 2839 2835
f 2832 2833 2840
f 2839 2832 2840
f 2833 2834 2841
f 2840 2833 2841
f 2834 2836 2841
f 2837 2913 2917
f 2842 2837 2917
f 2839 2837 2835
f 2839 2914 2837
f 2914 2913 2837
f 2840 2914 2839
f 2915 2914 2840
f 2841 2915 2840
f 2916 2915 2841
f 2846 2918 2916
f 2838 2846 2916
f 2838 2916 2841
f 2838 2841 2836
f 2838 2843 2846
f 2844 2849 2847
f 2844 2921 2849
f 2844 2842 2921
f 2842 2917 2921
f 2846 2919 2918
f 2850 2922 2919
f 2845 2850 2919
f 2845 2919 2846
f 2845 2846 2843
f 2845 2848 2850
f 2849 2923 2924
f 2849 2924 2847
f 2847 2924 2851
f 2921 2923 2849
f 2854 2922 2850
f 2925 2922 2854
f 2848 2852 2854
f 2850 2848 2854
f 2851 2924 2855
f 2924 2926 2855
f 2853 2925 2854
f 2853 2856 2925
f 2856 2927 2925
f 2852 2853 2854
f 2860 2928 2930
f 2860 2926 2928
f 2860 2857 2926
f 2857 2855 2926
f 2856 2858 2927
f 2927 2858 2931
f 2865 2860 2930
f 2933 2865 2930
f 2857 2865 2861
f 2860 2865 2857
f 2859 2934 2932
f 2862 2934 2859
f 2931 2858 2859
f 2932 2931 2859
f 2871 2865 2933
f 2936 2871 2933
f 2861 2872 2863
f 2861 2865 2872
f 2865 2871 2872
f 2863 2872 2866
f 2864 2867 2873
f 2864 2873 2937
f 2864 2937 2862
f 2862 2937 2934
f 2871 2936 2938
f 2938 2941 2874
f 2938 2874 2871
f 2871 2874 2872
f 2866 2875 2868
f 2866 2872 2875
f 2872 2874 2875
f 2868 2876 2869
f 2875 2876 2868
f 2942 2869 2876
f 2942 2939 2869
f 2939 2870 2869
f 2873 2867 2870
f 2873 2870 2940
f 2940 2870 2939
f 2937 2873 2940
f 2874 2941 2943
f 2875 2874 2943
f 2944 2875 2943
f 2876 2875 2944
f 2945 2876 2944
f 2942 2876 2945
f 2877 2951 2958
f 2880 2877 2958
f 2878 2952 2877
f 2877 2952 2951
f 2879 2953 2878
f 2878 2953 2952
f 2881 2884 2954
f 2881 2954 2879
f 2879 2954 2953
f 2954 2884 2959
f 2882 2960 2963
f 2885 2882 2963
f 2958 2882 2880
f 2960 2882 2958
f 2881 2883 2884
f 2886 2889 2961
f 2883 2886 2961
f 2883 2961 2959
f 2883 2959 2884
f 2961 2889 2964
f 2887 2965 2966
f 2890 2887 2966
f 2963 2887 2885
f 2965 2887 2963
f 2886 2888 2889
f 2889 2888 2891
f 2889 2891 2964
f 2964 2891 2967
f 2890 2966 2892
f 2966 2968 2892
f 2891 2893 2967
f 2967 2893 2969
f 2892 2968 2894
f 2968 2970 2894
f 2893 2895 2969
f 2969 2895 2971
f 2972 2901 2897
f 2972 2897 2970
f 2970 2897 2894
f 2972 2975 2901
f 2896 2976 2973
f 2898 2976 2896
f 2971 2895 2896
f 2973 2971 2896
f 2897 2901 2899
f 2901 2902 2899
f 2901 2975 2902
f 2975 2979 2902
f 2906 2980 2977
f 2906 2900 2903
f 2906 2977 2900
f 2977 2978 2900
f 2976 2898 2900
f 2978 2976 2900
f 2981 2911 2907
f 2981 2907 2979
f 2979 2907 2902
f 2911 2982 2912
f 2981 2982 2911
f 2912 2904 2908
f 2912 2982 2904
f 2982 2983 2904
f 2980 2906 2905
f 2980 2905 2983
f 2983 2905 2904
f 2903 2905 2906
f 2907 2911 2909
f 2910 2909 2911
f 2912 2910 2911
f 2908 2910 2912
f 2913 2920 2917
f 2989 2920 2913
f 2989 2913 2986
f 2986 2913 2914
f 2915 2987 2914
f 2914 2987 2986
f 2916 2988 2915
f 2915 2988 2987
f 2988 2916 2918
f 2990 2988 2918
f 2920 2991 2996
f 2920 2996 2917
f 2917 2996 2921
f 2989 2991 2920
f 2918 2992 2990
f 2919 2992 2918
f 2992 2919 2922
f 2997 2992 2922
f 2923 2998 3001
f 2924 2923 3001
f 2996 2923 2921
f 2998 2923 2996
f 2922 2925 2997
f 2997 2925 3002
f 2929 3003 3004
f 2929 3001 3003
f 2929 2926 3001
f 2926 2924 3001
f 2925 2927 3002
f 3002 2927 3005
f 2928 2929 3004
f 2928 3004 2930
f 2930 3004 3006
f 2926 2929 2928
f 2927 2931 3005
f 3005 2931 3007
f 2930 3006 2933
f 3006 3008 2933
f 2932 2934 2935
f 2932 2935 3009
f 2932 3009 2931
f 2931 3009 3007
f 2933 3008 2936
f 3008 3012 2936
f 2935 3013 3010
f 2935 2934 3013
f 2934 2937 3013
f 3009 2935 3010
f 2946 2938 2936
f 2946 2936 3016
f 3016 2936 3012
f 2938 2946 2941
f 2939 2942 2947
f 3017 2939 2947
f 3017 3014 2939
f 3014 2940 2939
f 3013 2937 2940
f 3014 3013 2940
f 2946 3016 3018
f 2948 3018 3022
f 2943 3018 2948
f 2943 2946 3018
f 2943 2941 2946
f 2943 2949 2944
f 2948 2949 2943
f 2944 2950 2945
f 2949 2950 2944
f 2945 2950 3023
f 2942 2945 3023
f 2942 3023 3019
f 2942 3019 2947
f 3017 2947 3019
f 2948 3022 3024
f 2949 2948 3024
f 3025 2949 3024
f 2950 2949 3025
f 3026 2950 3025
f 3023 2950 3026
f 2955 3030 3034
f 2955 2956 3031
f 3030 2955 3031
f 2956 2957 3032
f 3031 2956 3032
f 3032 2957 3035
f 2951 3036 3039
f 2958 2951 3039
f 3034 2952 2955
f 3034 3036 2952
f 3036 2951 2952
f 2953 2955 2952
f 2956 2955 2953
f 2954 2956 2953
f 2957 2956 2954
f 2959 2962 3037
f 2954 2959 3037
f 2954 3037 3035
f 2954 3035 2957
f 3037 2962 3040
f 2960 3041 3044
f 2963 2960 3044
f 3039 2960 2958
f 3041 2960 3039
f 2959 2961 2962
f 2962 2961 2964
f 2962 2964 3040
f 3040 2964 3045
f 2965 3046 3048
f 2966 2965 3048
f 3044 2965 2963
f 3046 2965 3044
f 2964 2967 3045
f 3045 2967 3049
f 2966 3048 2968
f 3048 3052 2968
f 2967 2969 3049
f 3049 2969 3053
f 3054 2974 2970
f 3054 2970 3052
f 3052 2970 2968
f 3054 3056 2974
f 2969 2971 3053
f 3053 2971 3057
f 2970 2974 2972
f 2974 2975 2972
f 2974 3056 2975
f 3056 3060 2975
f 2973 3061 3058
f 2976 3061 2973
f 3057 2971 2973
f 3058 3057 2973
f 3062 2984 2979
f 3062 2979 3060
f 3060 2979 2975
f 2984 3063 2985
f 3062 3063 2984
f 3063 3067 2985
f 2977 3068 3064
f 2980 3068 2977
f 2978 2977 3065
f 2977 3064 3065
f 3061 2976 2978
f 3065 3061 2978
f 2979 2984 2981
f 2982 2981 2984
f 2985 2982 2984
f 2985 3067 3069
f 2985 3069 2982
f 2982 3069 2983
f 3068 2980 2983
f 3069 3068 2983
f 2986 2993 2989
f 2986 2987 2994
f 2993 2986 2994
f 2987 2988 2995
f 2994 2987 2995
f 2988 2990 2995
f 2991 2999 2996
f 2991 3074 2999
f 2989 3074 2991
f 2989 3071 3074
f 2989 2993 3071
f 2994 3071 2993
f 3072 3071 2994
f 2995 3072 2994
f 3073 3072 2995
f 3000 3075 3073
f 2992 3000 3073
f 2992 3073 2995
f 2992 2995 2990
f 2992 2997 3000
f 2998 3076 3080
f 3001 2998 3080
f 2999 2998 2996
f 2999 3077 2998
f 3077 3076 2998
f 3074 3077 2999
f 3000 3078 3075
f 3078 3000 2997
f 3078 2997 3081
f 3081 2997 3002
f 3003 3082 3085
f 3004 3003 3085
f 3080 3003 3001
f 3082 3003 3080
f 3002 3005 3081
f 3081 3005 3086
f 3004 3085 3006
f 3085 3088 3006
f 3005 3007 3086
f 3086 3007 3089
f 3011 3090 3091
f 3011 3088 3090
f 3011 3008 3088
f 3008 3006 3088
f 3007 3009 3089
f 3089 3009 3092
f 3015 3011 3091
f 3094 3015 3091
f 3008 3015 3012
f 3011 3015 3008
f 3010 3095 3093
f 3013 3095 3010
f 3092 3009 3010
f 3093 3092 3010
f 3020 3015 3094
f 3096 3020 3094
f 3012 3020 3016
f 3015 3020 3012
f 3014 3017 3021
f 3014 3021 3097
f 3014 3097 3013
f 3013 3097 3095
f 3020 3096 3098
f 3027 3098 3101
f 3018 3098 3027
f 3018 3020 3098
f 3018 3016 3020
f 3018 3027 3022
f 3019 3102 3099
f 3023 3102 3019
f 3021 3017 3019
f 3021 3019 3100
f 3100 3019 3099
f 3097 3021 3100
f 3027 3101 3103
f 3028 3103 3107
f 3024 3103 3028
f 3024 3027 3103
f 3024 3022 3027
f 3024 3029 3025
f 3028 3029 3024
f 3108 3025 3029
f 3108 3104 3025
f 3104 3026 3025
f 3102 3023 3026
f 3104 3102 3026
f 3028 3107 3109
f 3029 3028 3109
f 3110 3029 3109
f 3108 3029 3110
f 3033 3112 3113
f 3112 3033 3114
f 3030 3115 3120
f 3034 3030 3120
f 3031 3116 3030
f 3030 3116 3115
f 3113 3032 3033
f 3113 3116 3032
f 3116 3031 3032
f 3035 3038 3117
f 3032 3035 3117
f 3032 3117 3114
f 3032 3114 3033
f 3117 3038 3121
f 3042 3122 3127
f 3042 3039 3036
f 3042 3036 3122
f 3122 3036 3123
f 3120 3036 3034
f 3123 3036 3120
f 3035 3037 3038
f 3040 3043 3124
f 3037 3040 3124
f 3037 3124 3121
f 3037 3121 3038
f 3124 3043 3128
f 3041 3042 3127
f 3041 3127 3044
f 3044 3127 3129
f 3039 3042 3041
f 3043 3045 3047
f 3040 3045 3043
f 3130 3128 3043
f 3047 3130 3043
f 3046 3050 3048
f 3046 3131 3050
f 3046 3044 3131
f 3044 3129 3131
f 3047 3049 3051
f 3045 3049 3047
f 3132 3130 3047
f 3051 3132 3047
f 3050 3055 3052
f 3048 3050 3052
f 3134 3050 3131
f 3055 3050 3134
f 3051 3135 3133
f 3051 3049 3135
f 3049 3053 3135
f 3132 3051 3133
f 3052 3055 3054
f 3056 3136 3059
f 3054 3136 3056
f 3054 3134 3136
f 3054 3055 3134
f 3136 3138 3059
f 3053 3057 3135
f 3135 3057 3139
f 3059 3066 3060
f 3056 3059 3060
f 3142 3059 3138
f 3066 3059 3142
f 3058 3143 3140
f 3061 3143 3058
f 3139 3057 3058
f 3140 3139 3058
f 3060 3066 3062
f 3066 3142 3144
f 3066 3144 3062
f 3062 3144 3063
f 3067 3145 3070
f 3067 3063 3145
f 3063 3144 3145
f 3070 3064 3068
f 3070 3145 3064
f 3145 3146 3064
f 3065 3064 3147
f 3064 3146 3147
f 3143 3061 3065
f 3147 3143 3065
f 3067 3070 3069
f 3068 3069 3070
f 3071 3152 3154
f 3074 3071 3154
f 3072 3153 3071
f 3071 3153 3152
f 3079 3155 3153
f 3079 3153 3073
f 3073 3153 3072
f 3073 3075 3079
f 3076 3083 3080
f 3160 3083 3076
f 3160 3076 3156
f 3156 3076 3077
f 3154 3077 3074
f 3156 3077 3154
f 3079 3157 3155
f 3084 3161 3157
f 3078 3084 3157
f 3078 3157 3079
f 3078 3079 3075
f 3078 3081 3084
f 3082 3087 3085
f 3082 3165 3087
f 3080 3165 3082
f 3080 3162 3165
f 3080 3083 3162
f 3160 3162 3083
f 3084 3163 3161
f 3163 3084 3081
f 3163 3081 3166
f 3166 3081 3086
f 3087 3167 3169
f 3087 3169 3085
f 3085 3169 3088
f 3165 3167 3087
f 3086 3089 3166
f 3166 3089 3170
f 3090 3171 3173
f 3091 3090 3173
f 3169 3090 3088
f 3171 3090 3169
f 3089 3092 3170
f 3170 3092 3174
f 3091 3173 3094
f 3173 3177 3094
f 3093 3178 3175
f 3095 3178 3093
f 3174 3092 3093
f 3175 3174 3093
f 3094 3177 3096
f 3177 3179 3096
f 3095 3097 3178
f 3178 3097 3180
f 3105 3098 3096
f 3105 3096 3184
f 3184 3096 3179
f 3098 3105 3101
f 3099 3102 3106
f 3185 3099 3106
f 3185 3181 3099
f 3181 3100 3099
f 3180 3097 3100
f 3181 3180 3100
f 3105 3184 3186
f 3111 3186 3190
f 3103 3186 3111
f 3103 3105 3186
f 3103 3101 3105
f 3103 3111 3107
f 3104 3191 3187
f 3108 3191 3104
f 3106 3102 3104
f 3106 3104 3188
f 3188 3104 3187
f 3185 3106 3188
f 3111 3190 3192
f 3107 3111 3192
f 3107 3192 3109
f 3109 3192 3193
f 3110 3109 3194
f 3109 3193 3194
f 3191 3108 3110
f 3194 3191 3110
f 3118 3200 3207
f 3118 3113 3112
f 3118 3112 3200
f 3200 3112 3201
f 3114 3119 3202
f 3114 3202 3112
f 3112 3202 3201
f 3202 3119 3208
f 3125 3209 3215
f 3125 3120 3115
f 3125 3115 3209
f 3209 3115 3210
f 3207 3116 3118
f 3207 3210 3116
f 3210 3115 3116
f 3113 3118 3116
f 3114 3117 3119
f 3121 3126 3211
f 3117 3121 3211
f 3117 3211 3208
f 3117 3208 3119
f 3211 3126 3216
f 3122 3217 3219
f 3127 3122 3219
f 3215 3123 3125
f 3215 3217 3123
f 3217 3122 3123
f 3120 3125 3123
f 3121 3124 3126
f 3126 3124 3128
f 3126 3128 3216
f 3216 3128 3220
f 3127 3219 3129
f 3219 3223 3129
f 3128 3130 3220
f 3220 3130 3224
f 3129 3223 3131
f 3223 3226 3131
f 3130 3132 3224
f 3224 3132 3227
f 3228 3137 3134
f 3228 3134 3226
f 3226 3134 3131
f 3228 3231 3137
f 3133 3232 3229
f 3135 3232 3133
f 3227 3132 3133
f 3229 3227 3133
f 3134 3137 3136
f 3138 3233 3141
f 3136 3233 3138
f 3136 3231 3233
f 3136 3137 3231
f 3233 3235 3141
f 3135 3139 3232
f 3232 3139 3236
f 3141 3148 3142
f 3138 3141 3142
f 3237 3141 3235
f 3237 3149 3141
f 3149 3148 3141
f 3149 3238 3150
f 3237 3238 3149
f 3150 3239 3151
f 3238 3239 3150
f 3151 3140 3143
f 3151 3239 3140
f 3239 3240 3140
f 3236 3139 3140
f 3240 3236 3140
f 3142 3148 3144
f 3145 3144 3148
f 3149 3145 3148
f 3146 3145 3149
f 3150 3146 3149
f 3147 3146 3150
f 3151 3147 3150
f 3143 3147 3151
f 3152 3158 3154
f 3152 3153 3159
f 3158 3152 3159
f 3153 3155 3159
f 3156 3243 3246
f 3160 3156 3246
f 3158 3156 3154
f 3158 3244 3156
f 3244 3243 3156
f 3159 3244 3158
f 3245 3244 3159
f 3164 3247 3245
f 3157 3164 3245
f 3157 3245 3159
f 3157 3159 3155
f 3157 3161 3164
f 3162 3248 3253
f 3165 3162 3253
f 3246 3162 3160
f 3248 3162 3246
f 3164 3249 3247
f 3168 3254 3249
f 3163 3168 3249
f 3163 3249 3164
f 3163 3164 3161
f 3163 3166 3168
f 3167 3255 3261
f 3169 3167 3261
f 3253 3167 3165
f 3255 3167 3253
f 3172 3254 3168
f 3262 3254 3172
f 3166 3170 3172
f 3168 3166 3172
f 3171 3263 3266
f 3173 3171 3266
f 3261 3171 3169
f 3263 3171 3261
f 3176 3262 3172
f 3267 3262 3176
f 3170 3174 3176
f 3172 3170 3176
f 3173 3266 3177
f 3266 3269 3177
f 3175 3267 3176
f 3175 3178 3267
f 3178 3270 3267
f 3174 3175 3176
f 3182 3271 3275
f 3182 3269 3271
f 3182 3179 3269
f 3179 3177 3269
f 3183 3276 3272
f 3183 3272 3270
f 3183 3270 3180
f 3180 3270 3178
f 3189 3182 3275
f 3277 3189 3275
f 3179 3189 3184
f 3182 3189 3179
f 3181 3276 3183
f 3181 3185 3276
f 3185 3278 3276
f 3180 3181 3183
f 3189 3277 3279
f 3195 3279 3281
f 3186 3279 3195
f 3186 3189 3279
f 3186 3184 3189
f 3186 3195 3190
f 3187 3191 3196
f 3282 3187 3196
f 3282 3280 3187
f 3280 3188 3187
f 3278 3185 3188
f 3280 3278 3188
f 3195 3281 3283
f 3197 3283 3286
f 3192 3283 3197
f 3192 3195 3283
f 3192 3190 3195
f 3192 3198 3193
f 3197 3198 3192
f 3193 3199 3194
f 3198 3199 3193
f 3194 3199 3287
f 3191 3194 3287
f 3191 3287 3284
f 3191 3284 3196
f 3282 3196 3284
f 3197 3286 3288
f 3198 3197 3288
f 3289 3198 3288
f 3199 3198 3289
f 3290 3199 3289
f 3287 3199 3290
f 3203 3296 3303
f 3203 3204 3297
f 3296 3203 3297
f 3204 3205 3298
f 3297 3204 3298
f 3205 3206 3299
f 3298 3205 3299
f 3299 3206 3304
f 3212 3305 3308
f 3303 3305 3212
f 3203 3303 3212
f 3203 3212 3207
f 3203 3207 3200
f 3201 3203 3200
f 3204 3203 3201
f 3202 3204 3201
f 3205 3204 3202
f 3208 3205 3202
f 3208 3213 3205
f 3213 3206 3205
f 3306 3304 3206
f 3306 3206 3214
f 3214 3206 3213
f 3306 3214 3309
f 3209 3310 3312
f 3215 3209 3312
f 3308 3210 3212
f 3308 3310 3210
f 3310 3209 3210
f 3207 3212 3210
f 3208 3211 3213
f 3216 3213 3211
f 3216 3218 3213
f 3218 3214 3213
f 3313 3309 3214
f 3218 3313 3214
f 3217 3221 3219
f 3217 3314 3221
f 3217 3215 3314
f 3215 3312 3314
f 3218 3220 3222
f 3216 3220 3218
f 3315 3313 3218
f 3222 3315 3218
f 3221 3225 3223
f 3219 3221 3223
f 3317 3221 3314
f 3225 3221 3317
f 3222 3318 3316
f 3222 3220 3318
f 3220 3224 3318
f 3315 3222 3316
f 3225 3230 3226
f 3223 3225 3226
f 3319 3225 3317
f 3230 3225 3319
f 3224 3227 3318
f 3318 3227 3320
f 3226 3230 3228
f 3231 3321 3234
f 3228 3321 3231
f 3228 3319 3321
f 3228 3230 3319
f 3321 3324 3234
f 3229 3325 3322
f 3232 3325 3229
f 3320 3227 3229
f 3322 3320 3229
f 3231 3234 3233
f 3235 3326 3241
f 3233 3326 3235
f 3233 3324 3326
f 3233 3234 3324
f 3326 3329 3241
f 3242 3330 3327
f 3242 3327 3325
f 3242 3325 3236
f 3236 3325 3232
f 3235 3241 3237
f 3241 3329 3331
f 3241 3331 3237
f 3237 3331 3238
f 3239 3238 3332
f 3238 3331 3332
f 3330 3242 3240
f 3330 3240 3332
f 3332 3240 3239
f 3236 3240 3242
f 3243 3250 3246
f 3243 3244 3251
f 3250 3243 3251
f 3244 3245 3252
f 3251 3244 3252
f 3245 3247 3252
f 3248 3256 3253
f 3248 3246 3250
f 3248 3250 3256
f 3256 3250 3257
f 3251 3258 3250
f 3258 3257 3250
f 3252 3259 3251
f 3259 3258 3251
f 3247 3249 3260
f 3247 3260 3252
f 3252 3260 3259
f 3249 3254 3260
f 3255 3335 3339
f 3261 3255 3339
f 3256 3255 3253
f 3256 3336 3255
f 3336 3335 3255
f 3257 3336 3256
f 3337 3336 3257
f 3258 3337 3257
f 3338 3337 3258
f 3338 3264 3340
f 3338 3258 3264
f 3258 3259 3264
f 3260 3265 3259
f 3265 3264 3259
f 3254 3262 3265
f 3260 3254 3265
f 3263 3341 3347
f 3266 3263 3347
f 3339 3263 3261
f 3341 3263 3339
f 3264 3342 3340
f 3342 3268 3348
f 3342 3264 3268
f 3264 3265 3268
f 3262 3267 3268
f 3265 3262 3268
f 3273 3349 3351
f 3273 3347 3349
f 3273 3269 3347
f 3269 3266 3347
f 3274 3348 3268
f 3352 3348 3274
f 3267 3270 3274
f 3268 3267 3274
f 3271 3273 3351
f 3271 3351 3275
f 3275 3351 3354
f 3269 3273 3271
f 3272 3352 3274
f 3272 3276 3352
f 3276 3355 3352
f 3270 3272 3274
f 3275 3354 3277
f 3354 3356 3277
f 3276 3278 3355
f 3355 3278 3357
f 3285 3279 3277
f 3285 3277 3361
f 3361 3277 3356
f 3279 3285 3281
f 3280 3362 3358
f 3282 3362 3280
f 3357 3278 3280
f 3358 3357 3280
f 3291 3285 3361
f 3365 3291 3361
f 3281 3292 3283
f 3281 3285 3292
f 3285 3291 3292
f 3283 3292 3286
f 3284 3366 3363
f 3287 3366 3284
f 3362 3282 3284
f 3363 3362 3284
f 3291 3365 3367
f 3367 3370 3293
f 3367 3293 3291
f 3291 3293 3292
f 3286 3294 3288
f 3286 3292 3294
f 3292 3293 3294
f 3288 3295 3289
f 3294 3295 3288
f 3371 3289 3295
f 3371 3368 3289
f 3368 3290 3289
f 3366 3287 3290
f 3368 3366 3290
f 3293 3370 3372
f 3294 3293 3372
f 3373 3294 3372
f 3295 3294 3373
f 3374 3295 3373
f 3371 3295 3374
f 3300 3379 3385
f 3300 3301 3380
f 3379 3300 3380
f 3301 3302 3381
f 3380 3301 3381
f 3381 3302 3386
f 3296 3387 3392
f 3303 3296 3392
f 3385 3297 3300
f 3385 3387 3297
f 3387 3296 3297
f 3298 3300 3297
f 3301 3300 3298
f 3299 3301 3298
f 3302 3301 3299
f 3304 3307 3388
f 3299 3304 3388
f 3299 3388 3386
f 3299 3386 3302
f 3388 3307 3393
f 3305 3394 3397
f 3308 3305 3397
f 3392 3305 3303
f 3394 3305 3392
f 3304 3306 3307
f 3309 3311 3395
f 3306 3309 3395
f 3306 3395 3393
f 3306 3393 3307
f 3395 3311 3398
f 3310 3399 3401
f 3312 3310 3401
f 3397 3310 3308
f 3399 3310 3397
f 3311 3402 3400
f 3311 3309 3402
f 3309 3313 3402
f 3398 3311 3400
f 3312 3401 3314
f 3401 3404 3314
f 3313 3315 3402
f 3402 3315 3405
f 3314 3404 3317
f 3404 3407 3317
f 3316 3408 3406
f 3318 3408 3316
f 3405 3315 3316
f 3406 3405 3316
f 3409 3323 3319
f 3409 3319 3407
f 3407 3319 3317
f 3409 3411 3323
f 3318 3320 3408
f 3408 3320 3412
f 3319 3323 3321
f 3324 3413 3328
f 3321 3413 3324
f 3321 3411 3413
f 3321 3323 3411
f 3413 3417 3328
f 3322 3418 3414
f 3325 3418 3322
f 3412 3320 3322
f 3414 3412 3322
f 3324 3328 3326
f 3329 3419 3333
f 3326 3419 3329
f 3326 3417 3419
f 3326 3328 3417
f 3333 3420 3334
f 3419 3420 3333
f 3334 3327 3330
f 3334 3420 3327
f 3420 3421 3327
f 3418 3325 3327
f 3421 3418 3327
f 3329 3333 3331
f 3332 3331 3333
f 3334 3332 3333
f 3330 3332 3334
f 3335 3343 3339
f 3335 3336 3344
f 3343 3335 3344
f 3336 3337 3345
f 3344 3336 3345
f 3337 3338 3346
f 3345 3337 3346
f 3338 3340 3346
f 3341 3425 3430
f 3347 3341 3430
f 3343 3341 3339
f 3343 3426 3341
f 3426 3425 3341
f 3344 3426 3343
f 3427 3426 3344
f 3345 3427 3344
f 3428 3427 3345
f 3346 3428 3345
f 3429 3428 3346
f 3350 3431 3429
f 3342 3350 3429
f 3342 3429 3346
f 3342 3346 3340
f 3342 3348 3350
f 3349 3432 3434
f 3351 3349 3434
f 3430 3349 3347
f 3432 3349 3430
f 3353 3431 3350
f 3435 3431 3353
f 3348 3352 3353
f 3350 3348 3353
f 3351 3434 3354
f 3434 3437 3354
f 3353 3436 3435
f 3436 3353 3352
f 3436 3352 3438
f 3438 3352 3355
f 3359 3439 3442
f 3359 3437 3439
f 3359 3356 3437
f 3356 3354 3437
f 3360 3443 3440
f 3360 3440 3438
f 3360 3438 3357
f 3357 3438 3355
f 3364 3359 3442
f 3444 3364 3442
f 3356 3364 3361
f 3359 3364 3356
f 3358 3443 3360
f 3358 3362 3443
f 3362 3445 3443
f 3357 3358 3360
f 3369 3364 3444
f 3447 3369 3444
f 3361 3369 3365
f 3364 3369 3361
f 3363 3448 3446
f 3366 3448 3363
f 3445 3362 3363
f 3446 3445 3363
f 3375 3369 3447
f 3451 3375 3447
f 3365 3376 3367
f 3365 3369 3376
f 3369 3375 3376
f 3367 3376 3370
f 3368 3452 3449
f 3371 3452 3368
f 3448 3366 3368
f 3449 3448 3368
f 3375 3451 3453
f 3376 3375 3453
f 3454 3376 3453
f 3377 3454 3457
f 3372 3454 3377
f 3372 3376 3454
f 3372 3370 3376
f 3372 3378 3373
f 3377 3378 3372
f 3458 3373 3378
f 3458 3455 3373
f 3455 3374 3373
f 3452 3371 3374
f 3455 3452 3374
f 3377 3457 3459
f 3378 3377 3459
f 3460 3378 3459
f 3458 3378 3460
f 3382 3466 3469
f 3382 3383 3467
f 3466 3382 3467
f 3383 3384 3468
f 3467 3383 3468
f 3468 3384 3470
f 3389 3471 3476
f 3389 3385 3379
f 3389 3379 3471
f 3471 3379 3472
f 3469 3380 3382
f 3469 3472 3380
f 3472 3379 3380
f 3381 3382 3380
f 3383 3382 3381
f 3386 3383 3381
f 3386 3390 3383
f 3390 3384 3383
f 3473 3470 3384
f 3473 3384 3391
f 3391 3384 3390
f 3473 3391 3477
f 3387 3389 3476
f 3387 3476 3392
f 3392 3476 3479
f 3385 3389 3387
f 3386 3388 3390
f 3393 3390 3388
f 3393 3396 3390
f 3396 3391 3390
f 3480 3477 3391
f 3396 3480 3391
f 3394 3481 3483
f 3397 3394 3483
f 3479 3394 3392
f 3481 3394 3479
f 3393 3395 3396
f 3396 3395 3398
f 3396 3398 3480
f 3480 3398 3484
f 3399 3485 3486
f 3401 3399 3486
f 3483 3399 3397
f 3485 3399 3483
f 3400 3402 3403
f 3400 3403 3487
f 3400 3487 3398
f 3398 3487 3484
f 3401 3486 3404
f 3486 3489 3404
f 3403 3490 3488
f 3403 3402 3490
f 3402 3405 3490
f 3487 3403 3488
f 3491 3410 3407
f 3491 3407 3489
f 3489 3407 3404
f 3491 3494 3410
f 3406 3495 3492
f 3408 3495 3406
f 3490 3405 3406
f 3492 3490 3406
f 3407 3410 3409
f 3411 3496 3415
f 3409 3496 3411
f 3409 3494 3496
f 3409 3410 3494
f 3496 3498 3415
f 3416 3499 3497
f 3416 3497 3495
f 3416 3495 3412
f 3412 3495 3408
f 3411 3415 3413
f 3417 3500 3422
f 3413 3500 3417
f 3413 3498 3500
f 3413 3415 3498
f 3422 3501 3423
f 3500 3501 3422
f 3423 3502 3424
f 3501 3502 3423
f 3499 3424 3502
f 3416 3424 3499
f 3416 3418 3424
f 3416 3414 3418
f 3412 3414 3416
f 3417 3422 3419
f 3420 3419 3422
f 3423 3420 3422
f 3421 3420 3423
f 3424 3421 3423
f 3418 3421 3424
f 3425 3503 3507
f 3430 3425 3507
f 3426 3504 3425
f 3425 3504 3503
f 3427 3505 3426
f 3426 3505 3504
f 3428 3506 3427
f 3427 3506 3505
f 3433 3508 3506
f 3433 3506 3429
f 3429 3506 3428
f 3429 3431 3433
f 3432 3509 3515
f 3434 3432 3515
f 3507 3432 3430
f 3509 3432 3507
f 3433 3510 3508
f 3510 3433 3431
f 3510 3431 3516
f 3516 3431 3435
f 3434 3515 3437
f 3515 3520 3437
f 3441 3435 3436
f 3441 3521 3435
f 3521 3516 3435
f 3436 3438 3441
f 3439 3522 3524
f 3442 3439 3524
f 3520 3439 3437
f 3522 3439 3520
f 3440 3521 3441
f 3440 3443 3521
f 3443 3525 3521
f 3438 3440 3441
f 3442 3524 3444
f 3524 3527 3444
f 3443 3445 3525
f 3525 3445 3528
f 3450 3529 3532
f 3450 3527 3529
f 3450 3447 3527
f 3447 3444 3527
f 3446 3533 3530
f 3448 3533 3446
f 3528 3445 3446
f 3530 3528 3446
f 3456 3450 3532
f 3535 3456 3532
f 3447 3456 3451
f 3450 3456 3447
f 3449 3536 3534
f 3452 3536 3449
f 3533 3448 3449
f 3534 3533 3449
f 3461 3456 3535
f 3538 3461 3535
f 3451 3462 3453
f 3451 3456 3462
f 3456 3461 3462
f 3453 3463 3454
f 3462 3463 3453
f 3454 3463 3457
f 3455 3539 3537
f 3458 3539 3455
f 3536 3452 3455
f 3537 3536 3455
f 3464 3461 3538
f 3545 3464 3538
f 3462 3461 3465
f 3465 3461 3464
f 3546 3540 3463
f 3546 3463 3465
f 3465 3463 3462
f 3457 3463 3540
f 3457 3540 3459
f 3459 3540 3541
f 3460 3459 3542
f 3459 3541 3542
f 3539 3458 3460
f 3542 3539 3460
f 3464 3545 3547
f 3465 3464 3547
f 3548 3465 3547
f 3546 3465 3548
f 3474 3557 3567
f 3474 3469 3466
f 3474 3466 3557
f 3557 3466 3558
f 3467 3559 3466
f 3466 3559 3558
f 3468 3560 3467
f 3467 3560 3559
f 3470 3475 3561
f 3470 3561 3468
f 3468 3561 3560
f 3561 3475 3568
f 3471 3569 3573
f 3476 3471 3573
f 3567 3472 3474
f 3567 3569 3472
f 3569 3471 3472
f 3469 3474 3472
f 3470 3473 3475
f 3477 3478 3570
f 3473 3477 3570
f 3473 3570 3568
f 3473 3568 3475
f 3570 3478 3574
f 3476 3573 3479
f 3573 3576 3479
f 3478 3480 3482
f 3477 3480 3478
f 3577 3574 3478
f 3482 3577 3478
f 3481 3578 3580
f 3483 3481 3580
f 3576 3481 3479
f 3578 3481 3576
f 3482 3581 3579
f 3482 3480 3581
f 3480 3484 3581
f 3577 3482 3579
f 3485 3582 3584
f 3486 3485 3584
f 3580 3485 3483
f 3582 3485 3580
f 3484 3487 3581
f 3581 3487 3585
f 3586 3493 3489
f 3586 3489 3584
f 3584 3489 3486
f 3586 3589 3493
f 3488 3590 3587
f 3490 3590 3488
f 3585 3487 3488
f 3587 3585 3488
f 3489 3493 3491
f 3493 3494 3491
f 3493 3589 3494
f 3589 3592 3494
f 3492 3593 3591
f 3495 3593 3492
f 3590 3490 3492
f 3591 3590 3492
f 3494 3592 3594
f 3496 3494 3594
f 3594 3498 3496
f 3597 3498 3594
f 3497 3598 3595
f 3499 3598 3497
f 3593 3495 3497
f 3595 3593 3497
f 3498 3597 3599
f 3500 3498 3599
f 3501 3500 3600
f 3500 3599 3600
f 3502 3501 3601
f 3501 3600 3601
f 3598 3499 3502
f 3601 3598 3502
f 3503 3511 3507
f 3503 3504 3512
f 3511 3503 3512
f 3504 3505 3513
f 3512 3504 3513
f 3505 3506 3514
f 3513 3505 3514
f 3506 3508 3514
f 3509 3517 3515
f 3509 3608 3517
f 3507 3608 3509
f 3507 3605 3608
f 3507 3511 3605
f 3512 3605 3511
f 3606 3605 3512
f 3513 3606 3512
f 3607 3606 3513
f 3607 3518 3609
f 3607 3513 3518
f 3513 3514 3518
f 3508 3510 3519
f 3508 3519 3514
f 3514 3519 3518
f 3510 3516 3519
f 3517 3610 3615
f 3517 3615 3515
f 3515 3615 3520
f 3608 3610 3517
f 3518 3611 3609
f 3611 3523 3616
f 3611 3518 3523
f 3518 3519 3523
f 3516 3521 3523
f 3519 3516 3523
f 3522 3617 3619
f 3524 3522 3619
f 3615 3522 3520
f 3617 3522 3615
f 3526 3616 3523
f 3620 3616 3526
f 3521 3525 3526
f 3523 3521 3526
f 3524 3619 3527
f 3619 3622 3527
f 3531 3620 3526
f 3623 3620 3531
f 3525 3528 3531
f 3526 3525 3531
f 3529 3624 3625
f 3532 3529 3625
f 3622 3529 3527
f 3624 3529 3622
f 3530 3623 3531
f 3530 3533 3623
f 3533 3626 3623
f 3528 3530 3531
f 3532 3625 3535
f 3625 3628 3535
f 3534 3629 3627
f 3536 3629 3534
f 3626 3533 3534
f 3627 3626 3534
f 3543 3630 3632
f 3543 3628 3630
f 3543 3538 3628
f 3538 3535 3628
f 3537 3539 3544
f 3537 3544 3633
f 3537 3633 3536
f 3536 3633 3629
f 3549 3543 3632
f 3636 3549 3632
f 3538 3549 3545
f 3543 3549 3538
f 3540 3546 3550
f 3540 3551 3541
f 3550 3551 3540
f 3637 3541 3551
f 3637 3634 3541
f 3634 3542 3541
f 3544 3539 3542
f 3544 3542 3635
f 3635 3542 3634
f 3633 3544 3635
f 3552 3549 3636
f 3642 3552 3636
f 3545 3553 3547
f 3545 3549 3553
f 3549 3552 3553
f 3547 3554 3548
f 3553 3554 3547
f 3548 3554 3643
f 3546 3548 3643
f 3546 3643 3638
f 3546 3638 3550
f 3551 3550 3638
f 3639 3551 3638
f 3637 3551 3639
f 3555 3552 3642
f 3647 3555 3642
f 3553 3552 3556
f 3556 3552 3555
f 3648 3644 3554
f 3648 3554 3556
f 3556 3554 3553
f 3643 3554 3644
f 3555 3647 3649
f 3556 3555 3649
f 3650 3556 3649
f 3648 3556 3650
f 3562 3656 3664
f 3562 3563 3657
f 3656 3562 3657
f 3563 3564 3658
f 3657 3563 3658
f 3564 3565 3659
f 3658 3564 3659
f 3565 3566 3660
f 3659 3565 3660
f 3660 3566 3665
f 3557 3666 3669
f 3567 3557 3669
f 3664 3558 3562
f 3664 3666 3558
f 3666 3557 3558
f 3559 3562 3558
f 3563 3562 3559
f 3560 3563 3559
f 3564 3563 3560
f 3561 3564 3560
f 3565 3564 3561
f 3568 3565 3561
f 3568 3571 3565
f 3571 3566 3565
f 3667 3665 3566
f 3667 3566 3572
f 3572 3566 3571
f 3667 3572 3670
f 3569 3671 3673
f 3573 3569 3673
f 3669 3569 3567
f 3671 3569 3669
f 3568 3570 3571
f 3574 3571 3570
f 3574 3575 3571
f 3575 3572 3571
f 3674 3670 3572
f 3575 3674 3572
f 3573 3673 3576
f 3673 3676 3576
f 3575 3677 3675
f 3575 3574 3677
f 3574 3577 3677
f 3674 3575 3675
f 3578 3678 3680
f 3580 3578 3680
f 3676 3578 3576
f 3678 3578 3676
f 3579 3581 3583
f 3579 3583 3681
f 3579 3681 3577
f 3577 3681 3677
f 3582 3588 3584
f 3582 3684 3588
f 3582 3580 3684
f 3580 3680 3684
f 3583 3685 3682
f 3583 3581 3685
f 3581 3585 3685
f 3681 3583 3682
f 3584 3588 3586
f 3588 3589 3586
f 3588 3684 3589
f 3684 3688 3589
f 3587 3689 3686
f 3590 3689 3587
f 3685 3585 3587
f 3686 3685 3587
f 3690 3596 3592
f 3690 3592 3688
f 3688 3592 3589
f 3690 3694 3596
f 3591 3695 3691
f 3593 3695 3591
f 3689 3590 3591
f 3691 3689 3591
f 3592 3596 3594
f 3597 3696 3602
f 3594 3696 3597
f 3594 3694 3696
f 3594 3596 3694
f 3602 3697 3603
f 3696 3697 3602
f 3603 3698 3604
f 3697 3698 3603
f 3604 3595 3598
f 3604 3698 3595
f 3698 3699 3595
f 3695 3593 3595
f 3699 3695 3595
f 3597 3602 3599
f 3600 3599 3602
f 3603 3600 3602
f 3601 3600 3603
f 3604 3601 3603
f 3598 3601 3604
f 3605 3612 3608
f 3605 3606 3613
f 3612 3605 3613
f 3606 3607 3614
f 3613 3606 3614
f 3607 3609 3614
f 3610 3704 3708
f 3615 3610 3708
f 3612 3610 3608
f 3612 3705 3610
f 3705 3704 3610
f 3613 3705 3612
f 3706 3705 3613
f 3614 3706 3613
f 3707 3706 3614
f 3618 3709 3707
f 3611 3618 3707
f 3611 3707 3614
f 3611 3614 3609
f 3611 3616 3618
f 3617 3621 3619
f 3617 3715 3621
f 3617 3615 3715
f 3615 3708 3715
f 3618 3710 3709
f 3710 3618 3616
f 3710 3616 3716
f 3716 3616 3620
f 3621 3717 3720
f 3621 3720 3619
f 3619 3720 3622
f 3715 3717 3621
f 3620 3623 3716
f 3716 3623 3721
f 3624 3722 3724
f 3625 3624 3724
f 3720 3624 3622
f 3722 3624 3720
f 3623 3626 3721
f 3721 3626 3725
f 3631 3726 3729
f 3631 3724 3726
f 3631 3628 3724
f 3628 3625 3724
f 3627 3730 3727
f 3629 3730 3627
f 3725 3626 3627
f 3727 3725 3627
f 3630 3631 3729
f 3630 3729 3632
f 3632 3729 3731
f 3628 3631 3630
f 3629 3633 3730
f 3730 3633 3732
f 3640 3733 3736
f 3640 3731 3733
f 3640 3636 3731
f 3636 3632 3731
f 3634 3637 3641
f 3737 3634 3641
f 3737 3734 3634
f 3734 3635 3634
f 3732 3633 3635
f 3734 3732 3635
f 3645 3640 3736
f 3741 3645 3736
f 3636 3645 3642
f 3640 3645 3636
f 3638 3643 3646
f 3742 3638 3646
f 3742 3738 3638
f 3738 3639 3638
f 3641 3637 3639
f 3641 3639 3739
f 3739 3639 3738
f 3737 3641 3739
f 3651 3645 3741
f 3745 3651 3741
f 3642 3651 3647
f 3645 3651 3642
f 3644 3648 3652
f 3644 3652 3746
f 3643 3644 3746
f 3643 3746 3743
f 3643 3743 3646
f 3742 3646 3743
f 3653 3651 3745
f 3750 3653 3745
f 3647 3654 3649
f 3647 3651 3654
f 3651 3653 3654
f 3649 3655 3650
f 3654 3655 3649
f 3650 3655 3751
f 3648 3650 3751
f 3648 3751 3747
f 3648 3747 3652
f 3746 3652 3747
f 3653 3750 3752
f 3654 3653 3752
f 3753 3654 3752
f 3655 3654 3753
f 3754 3655 3753
f 3751 3655 3754
f 3661 3761 3769
f 3661 3662 3762
f 3761 3661 3762
f 3662 3663 3763
f 3762 3662 3763
f 3763 3663 3770
f 3656 3771 3777
f 3664 3656 3777
f 3657 3772 3656
f 3656 3772 3771
f 3769 3658 3661
f 3769 3772 3658
f 3772 3657 3658
f 3659 3661 3658
f 3662 3661 3659
f 3660 3662 3659
f 3663 3662 3660
f 3665 3668 3773
f 3660 3665 3773
f 3660 3773 3770
f 3660 3770 3663
f 3773 3668 3778
f 3666 3779 3782
f 3669 3666 3782
f 3777 3666 3664
f 3779 3666 3777
f 3665 3667 3668
f 3670 3672 3780
f 3667 3670 3780
f 3667 3780 3778
f 3667 3778 3668
f 3780 3672 3783
f 3671 3784 3786
f 3673 3671 3786
f 3782 3671 3669
f 3784 3671 3782
f 3672 3787 3785
f 3672 3670 3787
f 3670 3674 3787
f 3783 3672 3785
f 3673 3786 3676
f 3786 3789 3676
f 3675 3677 3679
f 3675 3679 3790
f 3675 3790 3674
f 3674 3790 3787
f 3678 3683 3680
f 3678 3793 3683
f 3678 3676 3793
f 3676 3789 3793
f 3679 3794 3791
f 3679 3677 3794
f 3677 3681 3794
f 3790 3679 3791
f 3683 3687 3684
f 3680 3683 3684
f 3797 3683 3793
f 3687 3683 3797
f 3682 3798 3795
f 3685 3798 3682
f 3794 3681 3682
f 3795 3794 3682
f 3687 3692 3688
f 3684 3687 3688
f 3799 3687 3797
f 3799 3693 3687
f 3693 3692 3687
f 3799 3802 3693
f 3686 3803 3800
f 3689 3803 3686
f 3798 3685 3686
f 3800 3798 3686
f 3688 3692 3690
f 3694 3690 3692
f 3694 3692 3700
f 3700 3692 3693
f 3804 3693 3802
f 3804 3701 3693
f 3701 3700 3693
f 3701 3805 3702
f 3804 3805 3701
f 3702 3806 3703
f 3805 3806 3702
f 3703 3691 3695
f 3703 3806 3691
f 3806 3807 3691
f 3803 3689 3691
f 3807 3803 3691
f 3694 3700 3696
f 3697 3696 3700
f 3701 3697 3700
f 3698 3697 3701
f 3702 3698 3701
f 3699 3698 3702
f 3703 3699 3702
f 3695 3699 3703
f 3704 3711 3708
f 3704 3705 3712
f 3711 3704 3712
f 3705 3706 3713
f 3712 3705 3713
f 3706 3707 3714
f 3713 3706 3714
f 3707 3709 3714
f 3711 3811 3814
f 3711 3814 3708
f 3708 3814 3715
f 3712 3811 3711
f 3812 3811 3712
f 3713 3812 3712
f 3813 3812 3713
f 3813 3718 3815
f 3813 3713 3718
f 3713 3714 3718
f 3709 3710 3719
f 3709 3719 3714
f 3714 3719 3718
f 3710 3716 3719
f 3717 3816 3821
f 3720 3717 3821
f 3814 3717 3715
f 3816 3717 3814
f 3718 3817 3815
f 3817 3723 3822
f 3817 3718 3723
f 3718 3719 3723
f 3716 3721 3723
f 3719 3716 3723
f 3722 3823 3826
f 3724 3722 3826
f 3821 3722 3720
f 3823 3722 3821
f 3728 3822 3723
f 3827 3822 3728
f 3721 3725 3728
f 3723 3721 3728
f 3726 3828 3830
f 3729 3726 3830
f 3826 3726 3724
f 3828 3726 3826
f 3727 3827 3728
f 3727 3730 3827
f 3730 3831 3827
f 3725 3727 3728
f 3729 3830 3731
f 3830 3834 3731
f 3735 3835 3832
f 3735 3832 3831
f 3735 3831 3732
f 3732 3831 3730
f 3733 3836 3839
f 3736 3733 3839
f 3834 3733 3731
f 3836 3733 3834
f 3740 3840 3837
f 3835 3740 3837
f 3735 3740 3835
f 3735 3737 3740
f 3735 3734 3737
f 3732 3734 3735
f 3744 3841 3844
f 3744 3839 3841
f 3744 3741 3839
f 3741 3736 3839
f 3738 3845 3842
f 3742 3845 3738
f 3840 3740 3739
f 3840 3739 3842
f 3842 3739 3738
f 3737 3739 3740
f 3748 3744 3844
f 3846 3748 3844
f 3741 3748 3745
f 3744 3748 3741
f 3743 3746 3749
f 3743 3749 3847
f 3743 3847 3742
f 3742 3847 3845
f 3755 3748 3846
f 3850 3755 3846
f 3745 3755 3750
f 3748 3755 3745
f 3747 3751 3756
f 3747 3756 3851
f 3746 3747 3851
f 3746 3851 3848
f 3746 3848 3749
f 3847 3749 3848
f 3757 3755 3850
f 3854 3757 3850
f 3750 3758 3752
f 3750 3755 3758
f 3755 3757 3758
f 3752 3759 3753
f 3758 3759 3752
f 3753 3760 3754
f 3759 3760 3753
f 3754 3760 3855
f 3751 3754 3855
f 3751 3855 3852
f 3751 3852 3756
f 3851 3756 3852
f 3757 3854 3856
f 3758 3757 3856
f 3857 3758 3856
f 3759 3758 3857
f 3858 3759 3857
f 3760 3759 3858
f 3859 3760 3858
f 3855 3760 3859
f 3764 3871 3882
f 3764 3765 3872
f 3871 3764 3872
f 3765 3766 3873
f 3872 3765 3873
f 3766 3767 3874
f 3873 3766 3874
f 3767 3768 3875
f 3874 3767 3875
f 3875 3768 3883
f 3774 3884 3887
f 3882 3884 3774
f 3764 3882 3774
f 3764 3774 3769
f 3764 3769 3761
f 3762 3764 3761
f 3765 3764 3762
f 3763 3765 3762
f 3766 3765 3763
f 3770 3766 3763
f 3770 3775 3766
f 3775 3767 3766
f 3768 3767 3776
f 3776 3767 3775
f 3888 3883 3768
f 3776 3888 3768
f 3771 3889 3891
f 3777 3771 3891
f 3887 3772 3774
f 3887 3889 3772
f 3889 3771 3772
f 3769 3774 3772
f 3770 3773 3775
f 3778 3775 3773
f 3778 3781 3775
f 3781 3776 3775
f 3892 3888 3776
f 3781 3892 3776
f 3779 3893 3895
f 3782 3779 3895
f 3891 3779 3777
f 3893 3779 3891
f 3778 3780 3781
f 3781 3780 3783
f 3781 3783 3892
f 3892 3783 3896
f 3784 3788 3786
f 3784 3899 3788
f 3784 3782 3899
f 3782 3895 3899
f 3785 3900 3897
f 3787 3900 3785
f 3896 3783 3785
f 3897 3896 3785
f 3788 3792 3789
f 3786 3788 3789
f 3903 3788 3899
f 3792 3788 3903
f 3787 3790 3900
f 3900 3790 3904
f 3792 3796 3793
f 3789 3792 3793
f 3907 3792 3903
f 3796 3792 3907
f 3791 3908 3905
f 3794 3908 3791
f 3904 3790 3791
f 3905 3904 3791
f 3796 3801 3797
f 3793 3796 3797
f 3911 3796 3907
f 3801 3796 3911
f 3795 3912 3909
f 3798 3912 3795
f 3908 3794 3795
f 3909 3908 3795
f 3797 3801 3799
f 3802 3913 3808
f 3799 3913 3802
f 3799 3911 3913
f 3799 3801 3911
f 3808 3914 3809
f 3913 3914 3808
f 3914 3920 3809
f 3810 3921 3915
f 3810 3800 3803
f 3810 3915 3800
f 3915 3916 3800
f 3912 3798 3800
f 3916 3912 3800
f 3802 3808 3804
f 3805 3804 3808
f 3809 3805 3808
f 3809 3920 3922
f 3809 3922 3805
f 3805 3922 3806
f 3921 3810 3807
f 3921 3807 3922
f 3922 3807 3806
f 3803 3807 3810
f 3811 3818 3814
f 3811 3812 3819
f 3818 3811 3819
f 3812 3813 3820
f 3819 3812 3820
f 3813 3815 3820
f 3816 3924 3927
f 3821 3816 3927
f 3818 3816 3814
f 3818 3925 3816
f 3925 3924 3816
f 3819 3925 3818
f 3926 3925 3819
f 3926 3824 3928
f 3926 3819 3824
f 3819 3820 3824
f 3815 3817 3825
f 3815 3825 3820
f 3820 3825 3824
f 3817 3822 3825
f 3823 3929 3934
f 3826 3823 3934
f 3927 3823 3821
f 3929 3823 3927
f 3824 3930 3928
f 3930 3829 3935
f 3930 3824 3829
f 3824 3825 3829
f 3822 3827 3829
f 3825 3822 3829
f 3828 3936 3938
f 3830 3828 3938
f 3934 3828 3826
f 3936 3828 3934
f 3833 3935 3829
f 3939 3935 3833
f 3827 3831 3833
f 3829 3827 3833
f 3838 3940 3942
f 3838 3938 3940
f 3838 3834 3938
f 3834 3830 3938
f 3832 3939 3833
f 3832 3835 3939
f 3835 3943 3939
f 3831 3832 3833
f 3843 3944 3947
f 3942 3944 3843
f 3838 3942 3843
f 3838 3843 3839
f 3838 3839 3836
f 3834 3838 3836
f 3837 3948 3945
f 3840 3948 3837
f 3943 3835 3837
f 3945 3943 3837
f 3841 3843 3947
f 3841 3947 3844
f 3844 3947 3951
f 3839 3843 3841
f 3842 3952 3949
f 3845 3952 3842
f 3948 3840 3842
f 3949 3948 3842
f 3849 3953 3955
f 3849 3951 3953
f 3849 3846 3951
f 3846 3844 3951
f 3845 3847 3952
f 3952 3847 3956
f 3853 3849 3955
f 3958 3853 3955
f 3846 3853 3850
f 3849 3853 3846
f 3848 3959 3957
f 3851 3959 3848
f 3956 3847 3848
f 3957 3956 3848
f 3860 3960 3963
f 3958 3960 3860
f 3958 3860 3853
f 3853 3860 3861
f 3850 3861 3854
f 3853 3861 3850
f 3852 3964 3961
f 3855 3964 3852
f 3959 3851 3852
f 3961 3959 3852
f 3862 3860 3963
f 3967 3862 3963
f 3861 3860 3863
f 3863 3860 3862
f 3854 3864 3856
f 3854 3861 3864
f 3861 3863 3864
f 3856 3865 3857
f 3864 3865 3856
f 3968 3857 3865
f 3968 3965 3857
f 3965 3858 3857
f 3859 3858 3966
f 3858 3965 3966
f 3964 3855 3859
f 3966 3964 3859
f 3866 3862 3967
f 3973 3866 3967
f 3863 3862 3867
f 3867 3862 3866
f 3974 3969 3864
f 3974 3864 3867
f 3867 3864 3863
f 3865 3864 3969
f 3970 3865 3969
f 3968 3865 3970
f 3866 3973 3975
f 3867 3866 3975
f 3976 3867 3975
f 3974 3867 3976
f 3868 3988 3995
f 3868 3869 3989
f 3988 3868 3989
f 3869 3870 3990
f 3989 3869 3990
f 3990 3870 3996
f 3876 3997 4003
f 3876 3877 3998
f 3997 3876 3998
f 3995 3998 3877
f 3995 3877 3868
f 3868 3877 3878
f 3869 3868 3879
f 3879 3868 3878
f 3870 3869 3880
f 3880 3869 3879
f 3999 3996 3870
f 3999 3870 3881
f 3881 3870 3880
f 3999 3881 4004
f 3871 4005 4007
f 3882 3871 4007
f 4003 3872 3876
f 4003 4005 3872
f 4005 3871 3872
f 3873 3876 3872
f 3877 3876 3873
f 3874 3877 3873
f 3878 3877 3874
f 3875 3878 3874
f 3879 3878 3875
f 3883 3879 3875
f 3883 3885 3879
f 3885 3880 3879
f 3881 3880 3886
f 3886 3880 3885
f 4008 4004 3881
f 3886 4008 3881
f 3884 4009 4012
f 3887 3884 4012
f 4007 3884 3882
f 4009 3884 4007
f 3885 3888 3890
f 3883 3888 3885
f 4013 4010 3886
f 4013 3886 3890
f 3890 3886 3885
f 4008 3886 4010
f 3889 4014 4017
f 3891 3889 4017
f 4012 3889 3887
f 4014 3889 4012
f 3890 3892 3894
f 3888 3892 3890
f 4018 4013 3890
f 3894 4018 3890
f 3893 3898 3895
f 3893 4021 3898
f 3893 3891 4021
f 3891 4017 4021
f 3894 4022 4019
f 3894 3892 4022
f 3892 3896 4022
f 4018 3894 4019
f 3898 3901 3899
f 3895 3898 3899
f 4025 3898 4021
f 3901 3898 4025
f 3897 3900 3902
f 3897 3902 4026
f 3897 4026 3896
f 3896 4026 4022
f 3901 3906 3903
f 3899 3901 3903
f 4029 3901 4025
f 3906 3901 4029
f 3902 4030 4027
f 3902 3900 4030
f 3900 3904 4030
f 4026 3902 4027
f 3906 3910 3907
f 3903 3906 3907
f 4033 3906 4029
f 3910 3906 4033
f 3905 4034 4031
f 3908 4034 3905
f 4030 3904 3905
f 4031 4030 3905
f 3910 3917 3911
f 3907 3910 3911
f 4035 3910 4033
f 4035 3918 3910
f 3918 3917 3910
f 4035 4041 3918
f 3919 4042 4036
f 3919 3909 3912
f 3919 4036 3909
f 4036 4037 3909
f 4034 3908 3909
f 4037 4034 3909
f 3911 3917 3913
f 3914 3913 3917
f 3918 3914 3917
f 3920 4043 3923
f 3914 4043 3920
f 3914 4041 4043
f 3914 3918 4041
f 3923 3915 3921
f 3923 4043 3915
f 4043 4044 3915
f 4042 3919 3916
f 4042 3916 4044
f 4044 3916 3915
f 3912 3916 3919
f 3920 3923 3922
f 3921 3922 3923
f 3924 3931 3927
f 3924 3925 3932
f 3931 3924 3932
f 3925 3926 3933
f 3932 3925 3933
f 3926 3928 3933
f 3929 4047 4051
f 3934 3929 4051
f 3931 3929 3927
f 3931 4048 3929
f 4048 4047 3929
f 3932 4048 3931
f 4049 4048 3932
f 3933 4049 3932
f 4050 4049 3933
f 3937 4052 4050
f 3930 3937 4050
f 3930 4050 3933
f 3930 3933 3928
f 3930 3935 3937
f 3936 4053 4058
f 3938 3936 4058
f 4051 3936 3934
f 4053 3936 4051
f 3941 4052 3937
f 4059 4052 3941
f 3935 3939 3941
f 3937 3935 3941
f 3940 4060 4063
f 3942 3940 4063
f 4058 3940 3938
f 4060 3940 4058
f 3946 4059 3941
f 4064 4059 3946
f 3939 3943 3946
f 3941 3939 3946
f 3944 4065 4068
f 3947 3944 4068
f 4063 3944 3942
f 4065 3944 4063
f 3950 4069 4066
f 4064 3950 4066
f 3946 3950 4064
f 3946 3948 3950
f 3946 3945 3948
f 3943 3945 3946
f 3954 4070 4071
f 3954 4068 4070
f 3954 3951 4068
f 3951 3947 4068
f 3949 4069 3950
f 3949 3952 4069
f 3952 4072 4069
f 3948 3949 3950
f 3953 3954 4071
f 3953 4071 3955
f 3955 4071 4073
f 3951 3954 3953
f 3952 3956 4072
f 4072 3956 4074
f 3962 4075 4078
f 3962 4073 4075
f 3962 3958 4073
f 3958 3955 4073
f 3957 4079 4076
f 3959 4079 3957
f 4074 3956 3957
f 4076 4074 3957
f 3960 3962 4078
f 3960 4078 3963
f 3963 4078 4081
f 3958 3962 3960
f 3961 4082 4080
f 3964 4082 3961
f 4079 3959 3961
f 4080 4079 3961
f 3971 4083 4086
f 3971 4081 4083
f 3971 3967 4081
f 3967 3963 4081
f 3965 3968 3972
f 4087 3965 3972
f 4087 4084 3965
f 4084 3966 3965
f 4082 3964 3966
f 4084 4082 3966
f 3977 3971 4086
f 4090 3977 4086
f 3967 3977 3973
f 3971 3977 3967
f 3969 3974 3978
f 4091 3969 3978
f 4091 4088 3969
f 4088 3970 3969
f 3972 3968 3970
f 3972 3970 4089
f 4089 3970 4088
f 4087 3972 4089
f 3979 4092 4097
f 4090 4092 3979
f 4090 3979 3977
f 3977 3979 3980
f 3973 3981 3975
f 3973 3977 3981
f 3977 3980 3981
f 3975 3982 3976
f 3981 3982 3975
f 3976 3982 4098
f 3974 3976 4098
f 3974 4098 4093
f 3974 4093 3978
f 4091 3978 4093
f 3983 3979 4097
f 4103 3983 4097
f 3980 3979 3984
f 3984 3979 3983
f 3981 3980 3985
f 3985 3980 3984
f 4104 4099 3982
f 4104 3982 3985
f 3985 3982 3981
f 4098 3982 4099
f 3983 4103 4105
f 3984 3983 4105
f 4106 3984 4105
f 3985 3984 4106
f 4107 3985 4106
f 4104 3985 4107
f 3986 4135 4141
f 3986 3987 4136
f 4135 3986 4136
f 4136 3987 4142
f 3991 4143 4149
f 3991 3992 4144
f 4143 3991 4144
f 4141 4144 3992
f 4141 3992 3986
f 3986 3992 3993
f 3987 3986 3994
f 3994 3986 3993
f 4150 4142 3987
f 3994 4150 3987
f 4000 4151 4155
f 4000 3995 3988
f 4000 3988 4151
f 4151 3988 4152
f 4149 3989 3991
f 4149 4152 3989
f 4152 3988 3989
f 3990 3991 3989
f 3992 3991 3990
f 3996 3992 3990
f 3996 4001 3992
f 4001 3993 3992
f 3994 3993 4002
f 4002 3993 4001
f 4156 4150 3994
f 4002 4156 3994
f 3997 4157 4159
f 4003 3997 4159
f 4155 3998 4000
f 4155 4157 3998
f 4157 3997 3998
f 3995 4000 3998
f 3996 3999 4001
f 4004 4001 3999
f 4004 4006 4001
f 4006 4002 4001
f 4160 4156 4002
f 4006 4160 4002
f 4005 4161 4162
f 4007 4005 4162
f 4159 4005 4003
f 4161 4005 4159
f 4006 4008 4011
f 4004 4008 4006
f 4163 4160 4006
f 4011 4163 4006
f 4009 4015 4012
f 4009 4166 4015
f 4009 4007 4166
f 4007 4162 4166
f 4010 4013 4016
f 4010 4016 4167
f 4008 4010 4167
f 4008 4167 4164
f 4008 4164 4011
f 4163 4011 4164
f 4014 4020 4017
f 4014 4170 4020
f 4012 4170 4014
f 4012 4168 4170
f 4012 4015 4168
f 4166 4168 4015
f 4016 4171 4169
f 4016 4013 4171
f 4013 4018 4171
f 4167 4016 4169
f 4020 4023 4021
f 4017 4020 4021
f 4174 4020 4170
f 4023 4020 4174
f 4019 4022 4024
f 4019 4024 4175
f 4019 4175 4018
f 4018 4175 4171
f 4023 4028 4025
f 4021 4023 4025
f 4178 4023 4174
f 4028 4023 4178
f 4024 4179 4176
f 4024 4022 4179
f 4022 4026 4179
f 4175 4024 4176
f 4028 4032 4029
f 4025 4028 4029
f 4183 4028 4178
f 4032 4028 4183
f 4027 4184 4180
f 4030 4184 4027
f 4179 4026 4027
f 4180 4179 4027
f 4032 4038 4033
f 4029 4032 4033
f 4185 4032 4183
f 4185 4039 4032
f 4039 4038 4032
f 4185 4191 4039
f 4040 4192 4186
f 4040 4031 4034
f 4040 4186 4031
f 4186 4187 4031
f 4184 4030 4031
f 4187 4184 4031
f 4033 4038 4035
f 4041 4035 4038
f 4041 4038 4045
f 4045 4038 4039
f 4193 4039 4191
f 4193 4046 4039
f 4046 4045 4039
f 4046 4036 4042
f 4046 4193 4036
f 4193 4194 4036
f 4192 4040 4037
f 4192 4037 4194
f 4194 4037 4036
f 4034 4037 4040
f 4041 4045 4043
f 4044 4043 4045
f 4046 4044 4045
f 4042 4044 4046
f 4047 4054 4051
f 4047 4048 4055
f 4054 4047 4055
f 4048 4049 4056
f 4055 4048 4056
f 4049 4050 4057
f 4056 4049 4057
f 4050 4052 4057
f 4053 4061 4058
f 4053 4200 4061
f 4051 4200 4053
f 4051 4197 4200
f 4051 4054 4197
f 4055 4197 4054
f 4198 4197 4055
f 4056 4198 4055
f 4199 4198 4056
f 4199 4062 4201
f 4199 4056 4062
f 4056 4057 4062
f 4052 4059 4062
f 4057 4052 4062
f 4060 4202 4207
f 4063 4060 4207
f 4061 4060 4058
f 4061 4203 4060
f 4203 4202 4060
f 4200 4203 4061
f 4067 4201 4062
f 4208 4201 4067
f 4059 4064 4067
f 4062 4059 4067
f 4065 4209 4214
f 4068 4065 4214
f 4207 4065 4063
f 4209 4065 4207
f 4066 4208 4067
f 4066 4069 4208
f 4069 4215 4208
f 4064 4066 4067
f 4070 4216 4219
f 4071 4070 4219
f 4214 4070 4068
f 4216 4070 4214
f 4069 4072 4215
f 4215 4072 4220
f 4071 4219 4073
f 4219 4224 4073
f 4077 4225 4221
f 4077 4221 4220
f 4077 4220 4074
f 4074 4220 4072
f 4075 4226 4227
f 4078 4075 4227
f 4224 4075 4073
f 4226 4075 4224
f 4076 4225 4077
f 4076 4079 4225
f 4079 4228 4225
f 4074 4076 4077
f 4085 4229 4232
f 4085 4227 4229
f 4085 4081 4227
f 4081 4078 4227
f 4080 4233 4230
f 4082 4233 4080
f 4228 4079 4080
f 4230 4228 4080
f 4083 4085 4232
f 4083 4232 4086
f 4086 4232 4235
f 4081 4085 4083
f 4084 4236 4234
f 4087 4236 4084
f 4233 4082 4084
f 4234 4233 4084
f 4094 4237 4241
f 4094 4095 4238
f 4237 4094 4238
f 4095 4235 4238
f 4095 4090 4235
f 4090 4086 4235
f 4088 4091 4096
f 4242 4088 4096
f 4242 4239 4088
f 4239 4089 4088
f 4236 4087 4089
f 4239 4236 4089
f 4100 4243 4245
f 4241 4243 4100
f 4241 4100 4094
f 4094 4100 4101
f 4092 4101 4097
f 4092 4095 4101
f 4095 4094 4101
f 4090 4095 4092
f 4093 4098 4102
f 4093 4102 4246
f 4091 4093 4246
f 4091 4246 4244
f 4091 4244 4096
f 4242 4096 4244
f 4108 4100 4245
f 4248 4108 4245
f 4101 4100 4109
f 4109 4100 4108
f 4097 4109 4103
f 4101 4109 4097
f 4099 4104 4110
f 4099 4110 4249
f 4098 4099 4249
f 4098 4249 4247
f 4098 4247 4102
f 4246 4102 4247
f 4111 4250 4254
f 4248 4250 4111
f 4248 4111 4108
f 4108 4111 4112
f 4109 4108 4113
f 4113 4108 4112
f 4103 4114 4105
f 4103 4109 4114
f 4109 4113 4114
f 4105 4115 4106
f 4114 4115 4105
f 4255 4106 4115
f 4255 4251 4106
f 4251 4107 4106
f 4110 4104 4107
f 4110 4107 4252
f 4252 4107 4251
f 4249 4110 4252
f 4116 4111 4254
f 4258 4116 4254
f 4112 4111 4117
f 4117 4111 4116
f 4113 4112 4118
f 4118 4112 4117
f 4114 4113 4119
f 4119 4113 4118
f 4259 4256 4115
f 4259 4115 4119
f 4119 4115 4114
f 4255 4115 4256
f 4120 4260 4265
f 4258 4260 4120
f 4258 4120 4116
f 4116 4120 4121
f 4117 4116 4122
f 4122 4116 4121
f 4266 4261 4118
f 4266 4118 4122
f 4122 4118 4117
f 4119 4118 4261
f 4262 4119 4261
f 4259 4119 4262
f 4123 4267 4270
f 4265 4267 4123
f 4265 4123 4120
f 4120 4123 4124
f 4121 4120 4125
f 4125 4120 4124
f 4122 4121 4126
f 4126 4121 4125
f 4271 4266 4122
f 4126 4271 4122
f 4127 4272 4275
f 4270 4272 4127
f 4270 4127 4123
f 4123 4127 4128
f 4124 4123 4129
f 4129 4123 4128
f 4125 4124 4130
f 4130 4124 4129
f 4276 4273 4126
f 4276 4126 4130
f 4130 4126 4125
f 4271 4126 4273
f 4131 4127 4275
f 4281 4131 4275
f 4128 4127 4132
f 4132 4127 4131
f 4282 4277 4129
f 4282 4129 4132
f 4132 4129 4128
f 4130 4129 4277
f 4278 4130 4277
f 4276 4130 4278
f 4131 4281 4283
f 4132 4131 4283
f 4284 4132 4283
f 4282 4132 4284
f 4133 4293 4302
f 4133 4134 4294
f 4293 4133 4294
f 4294 4134 4303
f 4137 4304 4310
f 4302 4304 4137
f 4302 4137 4133
f 4133 4137 4138
f 4134 4133 4139
f 4139 4133 4138
f 4305 4303 4134
f 4305 4134 4140
f 4140 4134 4139
f 4305 4140 4311
f 4145 4312 4316
f 4145 4146 4313
f 4312 4145 4313
f 4310 4313 4146
f 4137 4310 4146
f 4137 4146 4141
f 4137 4141 4135
f 4136 4137 4135
f 4138 4137 4136
f 4142 4138 4136
f 4142 4147 4138
f 4147 4139 4138
f 4140 4139 4148
f 4148 4139 4147
f 4317 4311 4140
f 4148 4317 4140
f 4153 4318 4321
f 4316 4318 4153
f 4145 4316 4153
f 4145 4153 4149
f 4145 4149 4143
f 4144 4145 4143
f 4146 4145 4144
f 4141 4146 4144
f 4147 4150 4154
f 4142 4150 4147
f 4322 4319 4148
f 4322 4148 4154
f 4154 4148 4147
f 4317 4148 4319
f 4151 4323 4325
f 4155 4151 4325
f 4321 4152 4153
f 4321 4323 4152
f 4323 4151 4152
f 4149 4153 4152
f 4154 4156 4158
f 4150 4156 4154
f 4326 4322 4154
f 4158 4326 4154
f 4157 4327 4329
f 4159 4157 4329
f 4325 4157 4155
f 4327 4157 4325
f 4158 4330 4328
f 4158 4156 4330
f 4156 4160 4330
f 4326 4158 4328
f 4161 4165 4162
f 4161 4331 4165
f 4161 4159 4331
f 4159 4329 4331
f 4160 4163 4330
f 4330 4163 4332
f 4165 4333 4335
f 4165 4335 4162
f 4162 4335 4166
f 4331 4333 4165
f 4164 4336 4334
f 4167 4336 4164
f 4332 4163 4164
f 4334 4332 4164
f 4168 4172 4170
f 4168 4338 4172
f 4168 4166 4338
f 4166 4335 4338
f 4169 4171 4173
f 4169 4173 4339
f 4169 4339 4167
f 4167 4339 4336
f 4172 4177 4174
f 4170 4172 4174
f 4343 4172 4338
f 4177 4172 4343
f 4173 4344 4340
f 4173 4171 4344
f 4171 4175 4344
f 4339 4173 4340
f 4177 4181 4178
f 4174 4177 4178
f 4349 4177 4343
f 4181 4177 4349
f 4182 4350 4345
f 4182 4176 4179
f 4182 4345 4176
f 4345 4346 4176
f 4344 4175 4176
f 4346 4344 4176
f 4181 4188 4183
f 4178 4181 4183
f 4351 4181 4349
f 4351 4189 4181
f 4189 4188 4181
f 4351 4356 4189
f 4190 4357 4352
f 4350 4190 4352
f 4182 4190 4350
f 4182 4184 4190
f 4182 4180 4184
f 4179 4180 4182
f 4183 4188 4185
f 4191 4185 4188
f 4191 4188 4195
f 4195 4188 4189
f 4358 4189 4356
f 4358 4196 4189
f 4196 4195 4189
f 4196 4186 4192
f 4196 4358 4186
f 4358 4359 4186
f 4357 4190 4187
f 4357 4187 4359
f 4359 4187 4186
f 4184 4187 4190
f 4191 4195 4193
f 4194 4193 4195
f 4196 4194 4195
f 4192 4194 4196
f 4197 4204 4200
f 4197 4198 4205
f 4204 4197 4205
f 4198 4199 4206
f 4205 4198 4206
f 4199 4201 4206
f 4202 4210 4207
f 4202 4203 4211
f 4210 4202 4211
f 4203 4363 4211
f 4200 4363 4203
f 4200 4362 4363
f 4200 4204 4362
f 4362 4212 4364
f 4362 4204 4212
f 4204 4205 4212
f 4206 4213 4205
f 4213 4212 4205
f 4201 4208 4213
f 4206 4201 4213
f 4209 4217 4214
f 4209 4369 4217
f 4207 4369 4209
f 4207 4365 4369
f 4207 4210 4365
f 4211 4365 4210
f 4366 4365 4211
f 4363 4366 4211
f 4212 4367 4364
f 4367 4218 4370
f 4367 4212 4218
f 4212 4213 4218
f 4208 4215 4218
f 4213 4208 4218
f 4216 4222 4219
f 4216 4376 4222
f 4214 4376 4216
f 4214 4371 4376
f 4214 4217 4371
f 4369 4371 4217
f 4223 4370 4218
f 4377 4370 4223
f 4215 4220 4223
f 4218 4215 4223
f 4222 4378 4384
f 4222 4384 4219
f 4219 4384 4224
f 4376 4378 4222
f 4221 4377 4223
f 4221 4225 4377
f 4225 4385 4377
f 4220 4221 4223
f 4226 4386 4390
f 4227 4226 4390
f 4384 4226 4224
f 4386 4226 4384
f 4231 4391 4387
f 4231 4387 4385
f 4231 4385 4228
f 4228 4385 4225
f 4229 4392 4394
f 4232 4229 4394
f 4390 4229 4227
f 4392 4229 4390
f 4230 4391 4231
f 4230 4233 4391
f 4233 4395 4391
f 4228 4230 4231
f 4240 4396 4399
f 4240 4394 4396
f 4240 4235 4394
f 4235 4232 4394
f 4234 4400 4397
f 4236 4400 4234
f 4395 4233 4234
f 4397 4395 4234
f 4237 4401 4404
f 4241 4237 4404
f 4399 4238 4240
f 4399 4401 4238
f 4401 4237 4238
f 4235 4240 4238
f 4239 4405 4402
f 4242 4405 4239
f 4400 4236 4239
f 4402 4400 4239
f 4243 4406 4409
f 4245 4243 4409
f 4404 4243 4241
f 4406 4243 4404
f 4244 4410 4407
f 4246 4410 4244
f 4405 4242 4244
f 4407 4405 4244
f 4253 4411 4413
f 4253 4409 4411
f 4253 4248 4409
f 4248 4245 4409
f 4247 4414 4412
f 4249 4414 4247
f 4410 4246 4247
f 4412 4410 4247
f 4250 4253 4413
f 4250 4413 4254
f 4254 4413 4416
f 4248 4253 4250
f 4251 4255 4257
f 4417 4251 4257
f 4417 4415 4251
f 4415 4252 4251
f 4414 4249 4252
f 4415 4414 4252
f 4263 4418 4421
f 4263 4416 4418
f 4263 4258 4416
f 4258 4254 4416
f 4256 4259 4264
f 4256 4264 4422
f 4255 4256 4422
f 4255 4422 4419
f 4255 4419 4257
f 4417 4257 4419
f 4268 4423 4427
f 4421 4423 4268
f 4263 4421 4268
f 4263 4268 4265
f 4263 4265 4260
f 4258 4263 4260
f 4261 4266 4269
f 4428 4261 4269
f 4428 4424 4261
f 4424 4262 4261
f 4264 4259 4262
f 4264 4262 4425
f 4425 4262 4424
f 4422 4264 4425
f 4274 4429 4433
f 4427 4429 4274
f 4268 4427 4274
f 4268 4274 4270
f 4268 4270 4267
f 4265 4268 4267
f 4269 4434 4430
f 4269 4266 4434
f 4266 4271 4434
f 4428 4269 4430
f 4279 4435 4437
f 4433 4435 4279
f 4274 4433 4279
f 4274 4279 4275
f 4274 4275 4272
f 4270 4274 4272
f 4273 4276 4280
f 4273 4280 4438
f 4273 4438 4271
f 4271 4438 4434
f 4285 4439 4443
f 4437 4439 4285
f 4437 4285 4279
f 4279 4285 4286
f 4275 4286 4281
f 4279 4286 4275
f 4277 4282 4287
f 4444 4277 4287
f 4444 4440 4277
f 4440 4278 4277
f 4280 4276 4278
f 4280 4278 4441
f 4441 4278 4440
f 4438 4280 4441
f 4288 4445 4449
f 4443 4445 4288
f 4443 4288 4285
f 4285 4288 4289
f 4286 4285 4290
f 4290 4285 4289
f 4281 4291 4283
f 4281 4286 4291
f 4286 4290 4291
f 4283 4292 4284
f 4291 4292 4283
f 4284 4292 4450
f 4282 4284 4450
f 4282 4450 4446
f 4282 4446 4287
f 4444 4287 4446
f 4295 4451 4455
f 4295 4296 4452
f 4451 4295 4452
f 4449 4452 4296
f 4449 4296 4288
f 4288 4296 4297
f 4289 4288 4298
f 4298 4288 4297
f 4290 4289 4299
f 4299 4289 4298
f 4291 4290 4300
f 4300 4290 4299
f 4292 4291 4301
f 4301 4291 4300
f 4456 4450 4292
f 4301 4456 4292
f 4306 4457 4460
f 4455 4457 4306
f 4295 4455 4306
f 4295 4306 4302
f 4295 4302 4293
f 4294 4295 4293
f 4296 4295 4294
f 4303 4296 4294
f 4303 4307 4296
f 4307 4297 4296
f 4298 4297 4308
f 4308 4297 4307
f 4299 4298 4309
f 4309 4298 4308
f 4461 4458 4300
f 4461 4300 4309
f 4309 4300 4299
f 4301 4300 4458
f 4459 4301 4458
f 4456 4301 4459
f 4314 4462 4465
f 4460 4462 4314
f 4306 4460 4314
f 4306 4314 4310
f 4306 4310 4304
f 4302 4306 4304
f 4303 4305 4307
f 4311 4307 4305
f 4311 4315 4307
f 4315 4308 4307
f 4466 4463 4309
f 4466 4309 4315
f 4315 4309 4308
f 4461 4309 4463
f 4312 4467 4469
f 4316 4312 4469
f 4465 4313 4314
f 4465 4467 4313
f 4467 4312 4313
f 4310 4314 4313
f 4315 4317 4320
f 4311 4317 4315
f 4470 4466 4315
f 4320 4470 4315
f 4318 4471 4473
f 4321 4318 4473
f 4469 4318 4316
f 4471 4318 4469
f 4319 4322 4324
f 4319 4324 4474
f 4317 4319 4474
f 4317 4474 4472
f 4317 4472 4320
f 4470 4320 4472
f 4323 4475 4477
f 4325 4323 4477
f 4473 4323 4321
f 4475 4323 4473
f 4324 4478 4476
f 4324 4322 4478
f 4322 4326 4478
f 4474 4324 4476
f 4327 4479 4482
f 4329 4327 4482
f 4477 4327 4325
f 4479 4327 4477
f 4328 4483 4480
f 4330 4483 4328
f 4478 4326 4328
f 4480 4478 4328
f 4329 4482 4331
f 4482 4485 4331
f 4330 4332 4483
f 4483 4332 4486
f 4333 4337 4335
f 4333 4489 4337
f 4333 4331 4489
f 4331 4485 4489
f 4334 4490 4487
f 4336 4490 4334
f 4486 4332 4334
f 4487 4486 4334
f 4337 4341 4338
f 4335 4337 4338
f 4493 4337 4489
f 4341 4337 4493
f 4342 4494 4491
f 4342 4491 4490
f 4342 4490 4339
f 4339 4490 4336
f 4341 4347 4343
f 4338 4341 4343
f 4498 4341 4493
f 4347 4341 4498
f 4348 4499 4495
f 4494 4348 4495
f 4342 4348 4494
f 4342 4344 4348
f 4342 4340 4344
f 4339 4340 4342
f 4347 4353 4349
f 4343 4347 4349
f 4500 4347 4498
f 4500 4354 4347
f 4354 4353 4347
f 4500 4507 4354
f 4355 4508 4501
f 4355 4345 4350
f 4355 4501 4345
f 4501 4502 4345
f 4499 4348 4346
f 4499 4346 4502
f 4502 4346 4345
f 4344 4346 4348
f 4349 4353 4351
f 4356 4351 4353
f 4356 4353 4360
f 4360 4353 4354
f 4509 4354 4507
f 4509 4361 4354
f 4361 4360 4354
f 4508 4361 4509
f 4355 4361 4508
f 4355 4357 4361
f 4355 4352 4357
f 4350 4352 4355
f 4356 4360 4358
f 4359 4358 4360
f 4361 4359 4360
f 4357 4359 4361
f 4362 4368 4363
f 4362 4364 4368
f 4365 4372 4369
f 4365 4366 4373
f 4372 4365 4373
f 4366 4363 4368
f 4366 4368 4373
f 4373 4368 4374
f 4364 4367 4375
f 4364 4375 4368
f 4368 4375 4374
f 4367 4370 4375
f 4371 4379 4376
f 4371 4369 4372
f 4371 4372 4379
f 4379 4372 4380
f 4373 4381 4372
f 4381 4380 4372
f 4374 4382 4373
f 4382 4381 4373
f 4375 4383 4374
f 4383 4382 4374
f 4370 4377 4383
f 4375 4370 4383
f 4378 4511 4515
f 4384 4378 4515
f 4379 4378 4376
f 4379 4512 4378
f 4512 4511 4378
f 4380 4512 4379
f 4513 4512 4380
f 4381 4513 4380
f 4514 4513 4381
f 4514 4388 4516
f 4514 4381 4388
f 4381 4382 4388
f 4383 4389 4382
f 4389 4388 4382
f 4377 4385 4389
f 4383 4377 4389
f 4386 4517 4522
f 4390 4386 4522
f 4515 4386 4384
f 4517 4386 4515
f 4393 4516 4388
f 4523 4516 4393
f 4387 4391 4393
f 4387 4393 4389
f 4389 4393 4388
f 4385 4387 4389
f 4392 4524 4527
f 4394 4392 4527
f 4522 4392 4390
f 4524 4392 4522
f 4398 4523 4393
f 4528 4523 4398
f 4391 4395 4398
f 4393 4391 4398
f 4396 4529 4532
f 4399 4396 4532
f 4527 4396 4394
f 4529 4396 4527
f 4403 4533 4530
f 4528 4403 4530
f 4398 4403 4528
f 4398 4400 4403
f 4398 4397 4400
f 4395 4397 4398
f 4401 4534 4537
f 4404 4401 4537
f 4532 4401 4399
f 4534 4401 4532
f 4408 4538 4535
f 4533 4408 4535
f 4403 4408 4533
f 4403 4405 4408
f 4403 4402 4405
f 4400 4402 4403
f 4406 4539 4540
f 4409 4406 4540
f 4537 4406 4404
f 4539 4406 4537
f 4407 4538 4408
f 4407 4410 4538
f 4410 4541 4538
f 4405 4407 4408
f 4411 4542 4545
f 4413 4411 4545
f 4540 4411 4409
f 4542 4411 4540
f 4412 4546 4543
f 4414 4546 4412
f 4541 4410 4412
f 4543 4541 4412
f 4420 4547 4549
f 4420 4545 4547
f 4420 4416 4545
f 4416 4413 4545
f 4415 4550 4548
f 4417 4550 4415
f 4546 4414 4415
f 4548 4546 4415
f 4426 4551 4553
f 4549 4551 4426
f 4420 4549 4426
f 4420 4426 4421
f 4420 4421 4418
f 4416 4420 4418
f 4419 4554 4552
f 4422 4554 4419
f 4550 4417 4419
f 4552 4550 4419
f 4431 4555 4557
f 4553 4555 4431
f 4426 4553 4431
f 4426 4431 4427
f 4426 4427 4423
f 4421 4426 4423
f 4424 4428 4432
f 4558 4424 4432
f 4558 4556 4424
f 4556 4425 4424
f 4554 4422 4425
f 4556 4554 4425
f 4429 4431 4557
f 4429 4557 4433
f 4433 4557 4560
f 4427 4431 4429
f 4430 4434 4436
f 4430 4436 4561
f 4428 4430 4561
f 4428 4561 4559
f 4428 4559 4432
f 4558 4432 4559
f 4442 4562 4565
f 4442 4437 4435
f 4442 4435 4562
f 4562 4435 4563
f 4560 4435 4433
f 4563 4435 4560
f 4436 4566 4564
f 4436 4434 4566
f 4434 4438 4566
f 4561 4436 4564
f 4447 4567 4569
f 4565 4567 4447
f 4442 4565 4447
f 4442 4447 4443
f 4442 4443 4439
f 4437 4442 4439
f 4440 4444 4448
f 4570 4440 4448
f 4570 4568 4440
f 4568 4441 4440
f 4566 4438 4441
f 4568 4566 4441
f 4453 4571 4574
f 4569 4571 4453
f 4447 4569 4453
f 4447 4453 4449
f 4447 4449 4445
f 4443 4447 4445
f 4446 4450 4454
f 4446 4454 4575
f 4444 4446 4575
f 4444 4575 4572
f 4444 4572 4448
f 4570 4448 4572
f 4451 4576 4579
f 4455 4451 4579
f 4574 4452 4453
f 4574 4576 4452
f 4576 4451 4452
f 4449 4453 4452
f 4454 4580 4577
f 4454 4450 4580
f 4450 4456 4580
f 4575 4454 4577
f 4457 4581 4584
f 4460 4457 4584
f 4579 4457 4455
f 4581 4457 4579
f 4458 4461 4464
f 4585 4458 4464
f 4585 4582 4458
f 4582 4459 4458
f 4580 4456 4459
f 4582 4580 4459
f 4462 4586 4589
f 4465 4462 4589
f 4584 4462 4460
f 4586 4462 4584
f 4463 4466 4468
f 4463 4468 4590
f 4461 4463 4590
f 4461 4590 4587
f 4461 4587 4464
f 4585 4464 4587
f 4467 4591 4593
f 4469 4467 4593
f 4589 4467 4465
f 4591 4467 4589
f 4468 4594 4592
f 4468 4466 4594
f 4466 4470 4594
f 4590 4468 4592
f 4471 4595 4597
f 4473 4471 4597
f 4593 4471 4469
f 4595 4471 4593
f 4472 4598 4596
f 4474 4598 4472
f 4594 4470 4472
f 4596 4594 4472
f 4475 4481 4477
f 4475 4601 4481
f 4475 4473 4601
f 4473 4597 4601
f 4476 4602 4599
f 4478 4602 4476
f 4598 4474 4476
f 4599 4598 4476
f 4479 4484 4482
f 4479 4605 4484
f 4477 4605 4479
f 4477 4603 4605
f 4477 4481 4603
f 4601 4603 4481
f 4480 4606 4604
f 4483 4606 4480
f 4602 4478 4480
f 4604 4602 4480
f 4484 4488 4485
f 4482 4484 4485
f 4608 4484 4605
f 4488 4484 4608
f 4483 4486 4606
f 4606 4486 4609
f 4488 4492 4489
f 4485 4488 4489
f 4614 4488 4608
f 4492 4488 4614
f 4487 4615 4610
f 4490 4615 4487
f 4609 4486 4487
f 4610 4609 4487
f 4492 4496 4493
f 4489 4492 4493
f 4623 4492 4614
f 4496 4492 4623
f 4497 4624 4616
f 4497 4491 4494
f 4497 4616 4491
f 4616 4617 4491
f 4615 4490 4491
f 4617 4615 4491
f 4496 4503 4498
f 4493 4496 4498
f 4625 4496 4623
f 4625 4504 4496
f 4504 4503 4496
f 4504 4626 4505
f 4625 4626 4504
f 4505 4627 4506
f 4626 4627 4505
f 4624 4506 4627
f 4497 4506 4624
f 4497 4499 4506
f 4497 4495 4499
f 4494 4495 4497
f 4498 4503 4500
f 4507 4500 4503
f 4507 4503 4510
f 4510 4503 4504
f 4501 4508 4510
f 4501 4510 4505
f 4505 4510 4504
f 4502 4501 4505
f 4506 4502 4505
f 4499 4502 4506
f 4507 4510 4509
f 4508 4509 4510
f 4511 4518 4515
f 4511 4512 4519
f 4518 4511 4519
f 4512 4513 4520
f 4519 4512 4520
f 4513 4514 4521
f 4520 4513 4521
f 4514 4516 4521
f 4517 4525 4522
f 4517 4634 4525
f 4515 4634 4517
f 4515 4631 4634
f 4515 4518 4631
f 4519 4631 4518
f 4632 4631 4519
f 4520 4632 4519
f 4633 4632 4520
f 4633 4526 4635
f 4633 4520 4526
f 4520 4521 4526
f 4516 4523 4526
f 4521 4516 4526
f 4524 4636 4641
f 4527 4524 4641
f 4525 4524 4522
f 4525 4637 4524
f 4637 4636 4524
f 4634 4637 4525
f 4531 4635 4526
f 4642 4635 4531
f 4523 4528 4531
f 4526 4523 4531
f 4529 4643 4649
f 4532 4529 4649
f 4641 4529 4527
f 4643 4529 4641
f 4536 4650 4644
f 4642 4536 4644
f 4531 4536 4642
f 4531 4533 4536
f 4531 4530 4533
f 4528 4530 4531
f 4534 4651 4654
f 4537 4534 4654
f 4649 4534 4532
f 4651 4534 4649
f 4535 4650 4536
f 4535 4538 4650
f 4538 4655 4650
f 4533 4535 4536
f 4539 4656 4660
f 4540 4539 4660
f 4654 4539 4537
f 4656 4539 4654
f 4544 4661 4657
f 4544 4657 4655
f 4544 4655 4541
f 4541 4655 4538
f 4542 4662 4663
f 4545 4542 4663
f 4660 4542 4540
f 4662 4542 4660
f 4543 4661 4544
f 4543 4546 4661
f 4546 4664 4661
f 4541 4543 4544
f 4547 4665 4668
f 4549 4547 4668
f 4663 4547 4545
f 4665 4547 4663
f 4548 4669 4666
f 4550 4669 4548
f 4664 4546 4548
f 4666 4664 4548
f 4551 4670 4673
f 4553 4551 4673
f 4668 4551 4549
f 4670 4551 4668
f 4552 4674 4671
f 4554 4674 4552
f 4669 4550 4552
f 4671 4669 4552
f 4555 4675 4678
f 4557 4555 4678
f 4673 4555 4553
f 4675 4555 4673
f 4556 4679 4676
f 4558 4679 4556
f 4674 4554 4556
f 4676 4674 4556
f 4557 4678 4560
f 4678 4682 4560
f 4559 4683 4680
f 4561 4683 4559
f 4679 4558 4559
f 4680 4679 4559
f 4562 4684 4687
f 4565 4562 4687
f 4563 4685 4562
f 4562 4685 4684
f 4682 4563 4560
f 4685 4563 4682
f 4564 4688 4686
f 4566 4688 4564
f 4683 4561 4564
f 4686 4683 4564
f 4567 4689 4691
f 4569 4567 4691
f 4687 4567 4565
f 4689 4567 4687
f 4568 4570 4573
f 4568 4573 4692
f 4568 4692 4566
f 4566 4692 4688
f 4571 4693 4696
f 4574 4571 4696
f 4691 4571 4569
f 4693 4571 4691
f 4572 4575 4578
f 4572 4578 4697
f 4570 4572 4697
f 4570 4697 4694
f 4570 4694 4573
f 4692 4573 4694
f 4576 4698 4701
f 4579 4576 4701
f 4696 4576 4574
f 4698 4576 4696
f 4577 4580 4583
f 4577 4583 4702
f 4575 4577 4702
f 4575 4702 4699
f 4575 4699 4578
f 4697 4578 4699
f 4581 4703 4706
f 4584 4581 4706
f 4701 4581 4579
f 4703 4581 4701
f 4582 4585 4588
f 4582 4588 4707
f 4580 4582 4707
f 4580 4707 4704
f 4580 4704 4583
f 4702 4583 4704
f 4586 4708 4712
f 4589 4586 4712
f 4706 4586 4584
f 4708 4586 4706
f 4587 4713 4709
f 4590 4713 4587
f 4588 4585 4587
f 4588 4587 4710
f 4710 4587 4709
f 4707 4588 4710
f 4591 4714 4717
f 4593 4591 4717
f 4712 4591 4589
f 4714 4591 4712
f 4592 4718 4715
f 4594 4718 4592
f 4713 4590 4592
f 4715 4713 4592
f 4595 4600 4597
f 4595 4721 4600
f 4595 4593 4721
f 4593 4717 4721
f 4596 4722 4719
f 4598 4722 4596
f 4718 4594 4596
f 4719 4718 4596
f 4600 4723 4726
f 4600 4726 4597
f 4597 4726 4601
f 4721 4723 4600
f 4599 4727 4724
f 4602 4727 4599
f 4722 4598 4599
f 4724 4722 4599
f 4603 4607 4605
f 4603 4732 4607
f 4603 4601 4732
f 4601 4726 4732
f 4604 4733 4728
f 4606 4733 4604
f 4727 4602 4604
f 4728 4727 4604
f 4607 4611 4608
f 4605 4607 4608
f 4734 4607 4732
f 4734 4612 4607
f 4612 4611 4607
f 4734 4741 4612
f 4613 4742 4735
f 4613 4735 4733
f 4613 4733 4609
f 4609 4733 4606
f 4611 4618 4614
f 4608 4611 4614
f 4612 4619 4611
f 4619 4618 4611
f 4743 4612 4741
f 4743 4620 4612
f 4620 4619 4612
f 4620 4744 4621
f 4743 4744 4620
f 4621 4745 4622
f 4744 4745 4621
f 4742 4622 4745
f 4613 4622 4742
f 4613 4615 4622
f 4613 4610 4615
f 4609 4610 4613
f 4618 4628 4623
f 4614 4618 4623
f 4619 4629 4618
f 4629 4628 4618
f 4620 4630 4619
f 4630 4629 4619
f 4616 4624 4630
f 4616 4630 4621
f 4621 4630 4620
f 4617 4616 4621
f 4622 4617 4621
f 4615 4617 4622
f 4623 4628 4625
f 4626 4625 4628
f 4629 4626 4628
f 4627 4626 4629
f 4630 4627 4629
f 4624 4627 4630
f 4631 4638 4634
f 4631 4632 4639
f 4638 4631 4639
f 4632 4633 4640
f 4639 4632 4640
f 4633 4635 4640
f 4636 4645 4641
f 4750 4645 4636
f 4750 4636 4749
f 4749 4636 4637
f 4634 4749 4637
f 4634 4646 4749
f 4634 4638 4646
f 4751 4749 4646
f 4639 4647 4638
f 4647 4646 4638
f 4640 4648 4639
f 4648 4647 4639
f 4635 4642 4648
f 4640 4635 4648
f 4643 4652 4649
f 4643 4755 4652
f 4641 4755 4643
f 4641 4752 4755
f 4641 4645 4752
f 4750 4752 4645
f 4646 4753 4751
f 4753 4653 4756
f 4753 4646 4653
f 4646 4647 4653
f 4644 4650 4653
f 4644 4653 4648
f 4648 4653 4647
f 4642 4644 4648
f 4651 4658 4654
f 4651 4761 4658
f 4649 4761 4651
f 4649 4757 4761
f 4649 4652 4757
f 4755 4757 4652
f 4659 4756 4653
f 4762 4756 4659
f 4650 4655 4659
f 4653 4650 4659
f 4656 4763 4769
f 4660 4656 4769
f 4658 4656 4654
f 4658 4764 4656
f 4764 4763 4656
f 4761 4764 4658
f 4657 4762 4659
f 4657 4661 4762
f 4661 4770 4762
f 4655 4657 4659
f 4662 4771 4779
f 4663 4662 4779
f 4769 4662 4660
f 4771 4662 4769
f 4667 4780 4772
f 4667 4772 4770
f 4667 4770 4664
f 4664 4770 4661
f 4665 4672 4668
f 4665 4783 4672
f 4665 4663 4783
f 4663 4779 4783
f 4666 4780 4667
f 4666 4669 4780
f 4669 4784 4780
f 4664 4666 4667
f 4670 4677 4673
f 4670 4789 4677
f 4668 4789 4670
f 4668 4785 4789
f 4668 4672 4785
f 4783 4785 4672
f 4671 4790 4786
f 4674 4790 4671
f 4784 4669 4671
f 4786 4784 4671
f 4675 4681 4678
f 4675 4795 4681
f 4673 4795 4675
f 4673 4791 4795
f 4673 4677 4791
f 4789 4791 4677
f 4676 4796 4792
f 4679 4796 4676
f 4790 4674 4676
f 4792 4790 4676
f 4681 4797 4801
f 4681 4801 4678
f 4678 4801 4682
f 4795 4797 4681
f 4680 4802 4798
f 4683 4802 4680
f 4796 4679 4680
f 4798 4796 4680
f 4684 4690 4687
f 4807 4690 4684
f 4807 4684 4803
f 4803 4684 4685
f 4801 4685 4682
f 4803 4685 4801
f 4686 4808 4804
f 4688 4808 4686
f 4802 4683 4686
f 4804 4802 4686
f 4689 4695 4691
f 4689 4812 4695
f 4687 4812 4689
f 4687 4809 4812
f 4687 4690 4809
f 4807 4809 4690
f 4688 4692 4808
f 4808 4692 4813
f 4693 4700 4696
f 4693 4818 4700
f 4691 4818 4693
f 4691 4814 4818
f 4691 4695 4814
f 4812 4814 4695
f 4694 4819 4815
f 4697 4819 4694
f 4813 4692 4694
f 4815 4813 4694
f 4698 4705 4701
f 4698 4824 4705
f 4696 4824 4698
f 4696 4820 4824
f 4696 4700 4820
f 4818 4820 4700
f 4699 4825 4821
f 4702 4825 4699
f 4819 4697 4699
f 4821 4819 4699
f 4703 4711 4706
f 4703 4830 4711
f 4701 4830 4703
f 4701 4826 4830
f 4701 4705 4826
f 4824 4826 4705
f 4704 4831 4827
f 4707 4831 4704
f 4825 4702 4704
f 4827 4825 4704
f 4708 4716 4712
f 4708 4837 4716
f 4706 4837 4708
f 4706 4832 4837
f 4706 4711 4832
f 4830 4832 4711
f 4709 4838 4833
f 4713 4838 4709
f 4710 4709 4834
f 4709 4833 4834
f 4831 4707 4710
f 4834 4831 4710
f 4714 4720 4717
f 4714 4844 4720
f 4712 4844 4714
f 4712 4839 4844
f 4712 4716 4839
f 4837 4839 4716
f 4715 4845 4840
f 4718 4845 4715
f 4838 4713 4715
f 4840 4838 4715
f 4720 4725 4721
f 4717 4720 4721
f 4852 4720 4844
f 4725 4720 4852
f 4719 4853 4846
f 4722 4853 4719
f 4845 4718 4719
f 4846 4845 4719
f 4723 4729 4726
f 4723 4721 4725
f 4723 4725 4729
f 4729 4725 4730
f 4861 4725 4852
f 4730 4725 4861
f 4731 4862 4854
f 4731 4724 4727
f 4731 4854 4724
f 4854 4855 4724
f 4853 4722 4724
f 4855 4853 4724
f 4729 4736 4732
f 4726 4729 4732
f 4730 4737 4729
f 4737 4736 4729
f 4863 4730 4861
f 4863 4738 4730
f 4738 4737 4730
f 4738 4864 4739
f 4863 4864 4738
f 4739 4865 4740
f 4864 4865 4739
f 4862 4740 4865
f 4731 4740 4862
f 4731 4733 4740
f 4731 4728 4733
f 4727 4728 4731
f 4732 4736 4734
f 4741 4734 4736
f 4741 4736 4746
f 4746 4736 4737
f 4738 4747 4737
f 4747 4746 4737
f 4739 4748 4738
f 4748 4747 4738
f 4735 4742 4748
f 4735 4748 4740
f 4740 4748 4739
f 4733 4735 4740
f 4741 4746 4743
f 4744 4743 4746
f 4747 4744 4746
f 4745 4744 4747
f 4748 4745 4747
f 4742 4745 4748
f 4749 4754 4750
f 4749 4751 4754
f 4752 4758 4755
f 4752 4750 4754
f 4752 4754 4758
f 4758 4754 4759
f 4751 4753 4760
f 4751 4760 4754
f 4754 4760 4759
f 4753 4756 4760
f 4757 4765 4761
f 4757 4755 4758
f 4757 4758 4765
f 4765 4758 4766
f 4759 4767 4758
f 4767 4766 4758
f 4760 4768 4759
f 4768 4767 4759
f 4756 4762 4768
f 4760 4756 4768
f 4763 4773 4769
f 4763 4764 4774
f 4773 4763 4774
f 4764 4761 4765
f 4764 4765 4774
f 4774 4765 4775
f 4766 4776 4765
f 4776 4775 4765
f 4767 4777 4766
f 4777 4776 4766
f 4768 4778 4767
f 4778 4777 4767
f 4762 4770 4778
f 4768 4762 4778
f 4771 4781 4779
f 4771 4873 4781
f 4769 4873 4771
f 4769 4869 4873
f 4769 4773 4869
f 4774 4869 4773
f 4870 4869 4774
f 4775 4870 4774
f 4871 4870 4775
f 4776 4871 4775
f 4872 4871 4776
f 4872 4782 4874
f 4872 4776 4782
f 4776 4777 4782
f 4772 4780 4782
f 4772 4782 4778
f 4778 4782 4777
f 4770 4772 4778
f 4781 4875 4881
f 4781 4881 4779
f 4779 4881 4783
f 4873 4875 4781
f 4787 4882 4876
f 4874 4787 4876
f 4874 4782 4787
f 4782 4788 4787
f 4780 4784 4788
f 4782 4780 4788
f 4785 4793 4789
f 4785 4887 4793
f 4785 4783 4887
f 4783 4881 4887
f 4794 4882 4787
f 4888 4882 4794
f 4786 4790 4794
f 4786 4794 4788
f 4788 4794 4787
f 4784 4786 4788
f 4791 4799 4795
f 4791 4895 4799
f 4789 4895 4791
f 4789 4889 4895
f 4789 4793 4889
f 4887 4889 4793
f 4800 4896 4890
f 4888 4800 4890
f 4794 4800 4888
f 4794 4796 4800
f 4794 4792 4796
f 4790 4792 4794
f 4797 4805 4801
f 4797 4903 4805
f 4795 4903 4797
f 4795 4897 4903
f 4795 4799 4897
f 4895 4897 4799
f 4806 4904 4898
f 4896 4806 4898
f 4800 4806 4896
f 4800 4802 4806
f 4800 4798 4802
f 4796 4798 4800
f 4803 4810 4807
f 4803 4911 4810
f 4801 4911 4803
f 4801 4905 4911
f 4801 4805 4905
f 4903 4905 4805
f 4811 4912 4906
f 4904 4811 4906
f 4806 4811 4904
f 4806 4808 4811
f 4806 4804 4808
f 4802 4804 4806
f 4809 4816 4812
f 4809 4918 4816
f 4807 4918 4809
f 4807 4913 4918
f 4807 4810 4913
f 4911 4913 4810
f 4817 4912 4811
f 4919 4912 4817
f 4808 4813 4817
f 4811 4808 4817
f 4814 4822 4818
f 4814 4927 4822
f 4812 4927 4814
f 4812 4920 4927
f 4812 4816 4920
f 4918 4920 4816
f 4823 4928 4921
f 4919 4823 4921
f 4817 4823 4919
f 4817 4819 4823
f 4817 4815 4819
f 4813 4815 4817
f 4820 4828 4824
f 4820 4936 4828
f 4818 4936 4820
f 4818 4929 4936
f 4818 4822 4929
f 4927 4929 4822
f 4829 4937 4930
f 4928 4829 4930
f 4823 4829 4928
f 4823 4825 4829
f 4823 4821 4825
f 4819 4821 4823
f 4826 4835 4830
f 4826 4945 4835
f 4824 4945 4826
f 4824 4938 4945
f 4824 4828 4938
f 4936 4938 4828
f 4836 4946 4939
f 4937 4836 4939
f 4829 4836 4937
f 4829 4831 4836
f 4829 4827 4831
f 4825 4827 4829
f 4832 4841 4837
f 4832 4830 4835
f 4832 4835 4841
f 4841 4835 4842
f 4954 4835 4945
f 4842 4835 4954
f 4843 4955 4947
f 4843 4833 4838
f 4843 4947 4833
f 4947 4948 4833
f 4946 4836 4834
f 4946 4834 4948
f 4948 4834 4833
f 4831 4834 4836
f 4839 4847 4844
f 4839 4837 4841
f 4839 4841 4847
f 4847 4841 4848
f 4842 4849 4841
f 4849 4848 4841
f 4961 4842 4954
f 4849 4842 4961
f 4850 4962 4956
f 4850 4957 4851
f 4956 4957 4850
f 4955 4851 4957
f 4843 4851 4955
f 4843 4845 4851
f 4843 4840 4845
f 4838 4840 4843
f 4847 4856 4852
f 4844 4847 4852
f 4848 4857 4847
f 4857 4856 4847
f 4849 4858 4848
f 4858 4857 4848
f 4963 4849 4961
f 4963 4859 4849
f 4859 4858 4849
f 4962 4859 4963
f 4962 4850 4859
f 4850 4860 4859
f 4846 4853 4860
f 4846 4860 4851
f 4851 4860 4850
f 4845 4846 4851
f 4856 4866 4861
f 4852 4856 4861
f 4857 4867 4856
f 4867 4866 4856
f 4858 4868 4857
f 4868 4867 4857
f 4854 4862 4868
f 4854 4868 4859
f 4859 4868 4858
f 4855 4854 4859
f 4860 4855 4859
f 4853 4855 4860
f 4861 4866 4863
f 4864 4863 4866
f 4867 4864 4866
f 4865 4864 4867
f 4868 4865 4867
f 4862 4865 4868
f 4869 4877 4873
f 4869 4870 4878
f 4877 4869 4878
f 4870 4871 4879
f 4878 4870 4879
f 4871 4872 4880
f 4879 4871 4880
f 4872 4874 4880
f 4875 4883 4881
f 4875 4873 4877
f 4875 4877 4883
f 4883 4877 4884
f 4878 4885 4877
f 4885 4884 4877
f 4879 4886 4878
f 4886 4885 4878
f 4876 4882 4886
f 4876 4886 4880
f 4880 4886 4879
f 4874 4876 4880
f 4883 4891 4887
f 4881 4883 4887
f 4884 4892 4883
f 4892 4891 4883
f 4885 4893 4884
f 4893 4892 4884
f 4886 4894 4885
f 4894 4893 4885
f 4882 4888 4894
f 4886 4882 4894
f 4889 4899 4895
f 4889 4887 4891
f 4889 4891 4899
f 4899 4891 4900
f 4892 4901 4891
f 4901 4900 4891
f 4893 4902 4892
f 4902 4901 4892
f 4890 4896 4902
f 4890 4902 4894
f 4894 4902 4893
f 4888 4890 4894
f 4897 4907 4903
f 4897 4895 4899
f 4897 4899 4907
f 4907 4899 4908
f 4900 4909 4899
f 4909 4908 4899
f 4901 4910 4900
f 4910 4909 4900
f 4898 4904 4910
f 4898 4910 4902
f 4902 4910 4901
f 4896 4898 4902
f 4905 4914 4911
f 4905 4903 4907
f 4905 4907 4914
f 4914 4907 4915
f 4908 4916 4907
f 4916 4915 4907
f 4909 4917 4908
f 4917 4916 4908
f 4906 4912 4917
f 4906 4917 4910
f 4910 4917 4909
f 4904 4906 4910
f 4913 4922 4918
f 4913 4911 4914
f 4913 4914 4922
f 4922 4914 4923
f 4915 4924 4914
f 4924 4923 4914
f 4916 4925 4915
f 4925 4924 4915
f 4917 4926 4916
f 4926 4925 4916
f 4912 4919 4926
f 4917 4912 4926
f 4920 4931 4927
f 4920 4918 4922
f 4920 4922 4931
f 4931 4922 4932
f 4923 4933 4922
f 4933 4932 4922
f 4924 4934 4923
f 4934 4933 4923
f 4925 4935 4924
f 4935 4934 4924
f 4921 4928 4935
f 4921 4935 4926
f 4926 4935 4925
f 4919 4921 4926
f 4929 4940 4936
f 4929 4927 4931
f 4929 4931 4940
f 4940 4931 4941
f 4932 4942 4931
f 4942 4941 4931
f 4933 4943 4932
f 4943 4942 4932
f 4934 4944 4933
f 4944 4943 4933
f 4930 4937 4944
f 4930 4944 4935
f 4935 4944 4934
f 4928 4930 4935
f 4938 4949 4945
f 4938 4936 4940
f 4938 4940 4949
f 4949 4940 4950
f 4941 4951 4940
f 4951 4950 4940
f 4942 4952 4941
f 4952 4951 4941
f 4943 4953 4942
f 4953 4952 4942
f 4939 4946 4953
f 4939 4953 4944
f 4944 4953 4943
f 4937 4939 4944
f 4949 4958 4954
f 4945 4949 4954
f 4950 4959 4949
f 4959 4958 4949
f 4951 4960 4950
f 4960 4959 4950
f 4947 4955 4960
f 4947 4960 4952
f 4952 4960 4951
f 4948 4947 4952
f 4953 4948 4952
f 4946 4948 4953
f 4958 4964 4961
f 4954 4958 4961
f 4956 4962 4964
f 4956 4964 4959
f 4959 4964 4958
f 4957 4956 4959
f 4960 4957 4959
f 4955 4957 4960
f 4961 4964 4963
f 4962 4963 4964
