v -0.002767927 0.0006822937 -0.0005540571
v -0.002623186 0.0005010269 -0.0005537186
v -0.002629333 0.0005973434 -0.0005575424
v -0.002578914 0.0003272177 -0.0005596852
v -0.002565817 0.0004036505 -0.0005647475
v -0.002549541 0.000495929 -0.0005695732
v -0.002576431 0.0005614302 -0.0005672101
v -0.002569109 0.0006514357 -0.0005647379
v -0.002568059 0.0007320864 -0.0005599649
v -0.002476038 0.0004535079 -0.000573748
v -0.002501961 0.0005676587 -0.0005709401
v -0.002395984 -0.0001248974 -0.0005458484
v -0.002386145 -0.0000927726 -0.0005513421
v -0.002418224 0.0004069264 -0.0005750809
v -0.002405013 0.0004645035 -0.0005736202
v -0.002421279 0.0005352768 -0.0005717335
v -0.002244272 0.0001271491 -0.0005598377
v -0.002242424 0.0002030124 -0.0005631041
v -0.002237631 0.0002894188 -0.0005651594
v -0.002197376 0.0001108942 -0.0005503272
v -0.00218574 0.0001742391 -0.0005525416
v -0.002175643 0.0002587478 -0.0005544095
v -0.002163552 0.0003709501 -0.0005570037
v -0.002149443 0.0004957734 -0.0005614621
v -0.002141079 0.0006072529 -0.0005662799
v -0.002136704 0.0007155192 -0.0005711534
v -0.002134878 0.0008209998 -0.0005747965
v -0.002133982 0.0009240402 -0.0005770824
v -0.002129111 0.001022153 -0.0005776933
v -0.002121643 0.00110733 -0.0005751677
v -0.002083955 0.0004487516 -0.0005480959
v -0.002061945 0.0005579019 -0.0005542184
v -0.002064156 0.0006715584 -0.0005646879
v -0.002052899 0.0007830056 -0.0005721626
v -0.002058395 0.000890548 -0.0005771618
v -0.002057013 0.0009915011 -0.0005788034
v -0.002057708 0.00108418 -0.0005772764
v -0.002063181 0.001160791 -0.0005693479
v -0.002014174 0.0004850937 -0.0005375632
v -0.001988682 0.0008576002 -0.0005713486
v -0.001975364 0.0009544761 -0.000571629
v -0.001984552 0.001055731 -0.0005713942
v -0.001994865 0.001142239 -0.0005655711
v -0.001923972 0.0008931309 -0.0005624036
v -0.002767928 0.0006822937 -0.0005540568
v -0.002767927 0.0006822935 -0.0005540568
v -0.002767927 0.0006822938 -0.0005540568
v -0.002695952 0.0004613953 -0.0005114421
v -0.002689823 0.0005866539 -0.0005271074
v -0.002767927 0.0006822937 -0.0005540568
v -0.002767927 0.0006822937 -0.0005540565
v -0.002733527 0.0008074739 -0.0004865594
v -0.002722523 0.0009357763 -0.0004695244
v -0.002714161 0.001034331 -0.0004484837
v -0.002638312 0.0004137064 -0.0005441617
v -0.002662994 0.0006331644 -0.0005479672
v -0.00260397 0.0002874492 -0.0005443801
v -0.002622082 0.0003448114 -0.0005450183
v -0.002635772 0.000658094 -0.0005554053
v -0.002617291 0.0007183558 -0.0005529898
v -0.00262779 0.0001063693 -0.0004841479
v -0.002659223 0.0001948703 -0.0004844811
v -0.002657747 0.0002843298 -0.0005085802
v -0.002670744 0.0003703774 -0.0005202878
v -0.002681189 0.0006956548 -0.0005307528
v -0.002639374 0.0007971232 -0.0005335094
v -0.002644881 0.0009071208 -0.0005130968
v -0.002643531 0.001020612 -0.0004941166
v -0.002640838 0.001124087 -0.0004678298
v -0.002617013 0.001205537 -0.0004484842
v -0.0025623 0.0002835292 -0.0005564046
v -0.002585635 0.0007815514 -0.0005518527
v -0.002530171 0.0003314182 -0.0005677589
v -0.002498378 0.0003800022 -0.0005733165
v -0.002512853 0.0007265929 -0.0005624546
v -0.002537883 0.0007865552 -0.0005563432
v -0.002525673 -0.0001906277 -0.000465813
v -0.002542532 -0.00009628174 -0.0004875961
v -0.002561338 0.00001464099 -0.0005027166
v -0.002548306 0.0001165892 -0.0005263073
v -0.002583961 0.0002135372 -0.0005309663
v -0.002544471 0.0008775893 -0.0005436978
v -0.002555379 0.001005778 -0.0005259181
v -0.002555792 0.001112329 -0.0005067975
v -0.002551774 0.00120146 -0.0004802811
v -0.002557846 0.001260239 -0.0004419572
v -0.002455219 0.0003853826 -0.0005754653
v -0.002490698 0.0006571634 -0.0005670369
v -0.002419728 -0.0001474707 -0.0005346048
v -0.00242357 -0.0001023051 -0.0005441715
v -0.002424222 0.0003586108 -0.0005746281
v -0.002476823 -0.0002542313 -0.0004636507
v -0.002472716 -0.0002023573 -0.0004931358
v -0.002467797 -0.0001438397 -0.0005147649
v -0.002462564 -0.00004091948 -0.0005334364
v -0.002468657 0.00007661523 -0.0005424729
v -0.002482247 0.0001880357 -0.0005518346
v -0.002503969 0.0002732874 -0.0005610303
v -0.002466704 0.0003364296 -0.0005723868
v -0.002435732 0.000717804 -0.0005633971
v -0.002460793 0.0008180353 -0.0005567686
v -0.002441997 0.0009215263 -0.0005516238
v -0.0024581 0.001004708 -0.0005437483
v -0.00246261 0.00110722 -0.000530161
v -0.002463332 0.001201228 -0.0005074429
v -0.002466044 0.001282858 -0.0004666678
v -0.002394645 -0.0001516111 -0.0005357078
v -0.002398724 -0.00005257198 -0.0005522465
v -0.002397585 0.0003699703 -0.000574026
v -0.002427823 0.0006252177 -0.0005681672
v -0.002349517 -0.0001228514 -0.0005366246
v -0.00235743 -0.00005496261 -0.0005524228
v -0.002288651 0.00008786179 -0.0005609397
v -0.002304689 0.0001401826 -0.0005644949
v -0.002309272 0.0002338163 -0.0005679681
v -0.002363895 0.0004171929 -0.0005727714
v -0.002355701 0.0005138873 -0.0005711592
v -0.002368625 0.0005906736 -0.0005688786
v -0.002423063 -0.0002852191 -0.0004618913
v -0.002407663 -0.000203766 -0.0005044623
v -0.002357142 0.00003562862 -0.0005553106
v -0.002386253 0.0001610462 -0.0005616338
v -0.00239223 0.0003022524 -0.0005695114
v -0.00234932 0.0006849923 -0.0005656814
v -0.002365562 0.0007963888 -0.000561505
v -0.002368818 0.0009010113 -0.0005580017
v -0.002363827 0.001004148 -0.000553872
v -0.002364145 0.001104785 -0.0005448079
v -0.002367908 0.001198721 -0.0005269008
v -0.002372507 0.001278887 -0.0004974351
v -0.002376646 0.001338589 -0.0004585531
v -0.002247896 0.00005330764 -0.000551157
v -0.00229567 0.0003134249 -0.0005698446
v -0.002243887 0.0003596816 -0.0005673707
v -0.002227123 0.0004402427 -0.0005669018
v -0.002218776 0.0005459284 -0.0005679603
v -0.002211758 0.0006520608 -0.0005692644
v -0.002208615 0.0007525375 -0.0005703905
v -0.002210432 0.0008523806 -0.0005710815
v -0.002207279 0.0009542182 -0.0005714709
v -0.002194954 0.00105269 -0.0005705978
v -0.002250949 -0.0001105921 -0.0005217522
v -0.002291467 -0.00003662049 -0.000544322
v -0.002300949 0.0003854763 -0.0005705983
v -0.002291925 0.0004828504 -0.0005702111
v -0.002294287 0.0005948875 -0.0005686267
v -0.002269571 0.0006926762 -0.0005676819
v -0.002282751 0.0007767846 -0.000566149
v -0.00228745 0.0008783768 -0.000564607
v -0.002281301 0.0009835536 -0.0005629954
v -0.002258398 0.001099572 -0.0005577186
v -0.002269673 0.001196246 -0.0005398733
v -0.002278897 0.001276062 -0.0005128505
v -0.002293657 0.001338812 -0.0004751557
v -0.002172733 0.00007013487 -0.0005393418
v -0.002170798 0.001130134 -0.0005672142
v -0.002137798 0.0001348813 -0.0005375555
v -0.002119517 0.0002163133 -0.000538349
v -0.002108038 0.0003016746 -0.0005408057
v -0.002086019 0.0003723738 -0.0005412669
v -0.00211908 0.001167952 -0.0005672814
v -0.002160409 -0.000106992 -0.0005065913
v -0.002183532 -0.00001467495 -0.0005280538
v -0.002165065 0.001201167 -0.0005494212
v -0.002193345 0.001267595 -0.0005233473
v -0.002194313 0.001338727 -0.0004818903
v -0.002026201 0.0004058817 -0.0005301844
v -0.002084456 0.001214227 -0.0005533473
v -0.001990427 0.0006349465 -0.0005502379
v -0.001993773 0.0007242943 -0.0005611806
v -0.001982838 0.0007914019 -0.0005667903
v -0.002050464 -0.0004169245 -0.0004190942
v -0.002054292 -0.0003883934 -0.0004299837
v -0.002063875 -0.00003873237 -0.000498757
v -0.002098872 0.00007069019 -0.0005201243
v -0.002055694 0.0001723059 -0.0005168585
v -0.002057327 0.0002598168 -0.0005230748
v -0.00204812 0.000332531 -0.0005270509
v -0.002076754 0.001294818 -0.0005068764
v -0.001985422 0.0004457737 -0.0005259322
v -0.001983819 0.000554748 -0.0005395953
v -0.00193059 0.0008230905 -0.0005593788
v -0.002013498 0.001216955 -0.0005471184
v -0.001938883 0.0004907578 -0.0005216475
v -0.001907046 0.001023565 -0.0005566971
v -0.001918 0.001115881 -0.000551832
v -0.001943365 0.001189783 -0.0005441883
v -0.001983971 -0.0001812828 -0.0004628191
v -0.001976689 -0.0001055404 -0.0004725524
v -0.001958302 -0.000003500788 -0.0004804679
v -0.00198337 0.0001037328 -0.0004941859
v -0.001908669 0.0005986728 -0.0005278054
v -0.001922728 0.0006951097 -0.0005428283
v -0.001940462 0.0007624915 -0.0005557367
v -0.00193827 0.00126424 -0.0005074845
v -0.001975421 0.001342261 -0.0004633143
v -0.001874666 0.0008532936 -0.000547613
v -0.00190325 0.0009519184 -0.0005588088
v -0.001865896 0.0009078879 -0.0005481995
v -0.001897957 -0.00004105971 -0.0004623286
v -0.001874575 0.00006430655 -0.0004671657
v -0.001883038 0.0001880543 -0.0004786452
v -0.001862148 0.0002995218 -0.0004837673
v -0.001867925 0.0004130098 -0.0004972984
v -0.001848521 0.0005324022 -0.0005067554
v -0.001840901 0.0006028704 -0.000511887
v -0.001831468 0.0006701077 -0.0005156929
v -0.001865942 0.000772302 -0.0005369527
v -0.001841535 0.0009698134 -0.0005398372
v -0.001820254 0.001076114 -0.0005247764
v -0.001866211 0.001182766 -0.00051965
v -0.001832782 0.001256637 -0.0004748242
v -0.001889723 0.001325131 -0.0004518064
v -0.001800551 0.0001513592 -0.0004584049
v -0.001793418 0.000251761 -0.0004660889
v -0.001782517 0.0003582442 -0.0004751009
v -0.001760011 0.0004768783 -0.0004832136
v -0.001775727 0.0006044779 -0.0004965216
v -0.001774792 0.000729952 -0.0005072801
v -0.001783608 0.0008632977 -0.0005206643
v -0.001768134 0.0009848011 -0.0005155555
v -0.001758984 0.001167431 -0.0004843952
v -0.001670445 0.0005573116 -0.0004714332
v -0.001719823 0.000666225 -0.0004891988
v -0.001686176 0.0007596873 -0.0004902601
v -0.001696414 0.001128661 -0.0004738843
v -0.001689913 0.001167318 -0.0004598996
v -0.001595829 0.0005144114 -0.0004477635
v -0.001591718 0.0005797896 -0.0004523869
v -0.001623079 0.0006619564 -0.0004676773
v -0.001535248 0.0009135624 -0.0004592001
v -0.001525409 0.0009530201 -0.000453531
v -0.001466328 0.0002818022 -0.0004539335
v -0.001493753 0.0009147691 -0.0004438373
v -0.002792874 0.0008126176 -0.0004498924
v -0.002794401 0.000877706 -0.0004267453
v -0.002771678 0.0009677841 -0.0004179534
v -0.002828814 0.0008046605 -0.0004149943
v -0.002837645 0.0008685952 -0.000386982
v -0.002791408 0.000763312 -0.0004547921
v -0.002766957 0.001041061 -0.0003887513
v -0.002683872 0.00006438602 -0.0004153791
v -0.002688378 0.0001479292 -0.000441484
v -0.002715074 0.0002399475 -0.0004366699
v -0.002722201 0.0003621115 -0.0004661361
v -0.002751092 0.0004600308 -0.0004580918
v -0.002751898 0.0005523828 -0.0004727225
v -0.002757268 0.0006769563 -0.0004782808
v -0.002711044 0.001111997 -0.0004179611
v -0.002668399 0.001168726 -0.0004314797
v -0.002761687 0.0003200172 -0.0003899717
v -0.002776274 0.0004185015 -0.0004035228
v -0.002791153 0.000517835 -0.0004112786
v -0.00280291 0.0006231662 -0.0004198121
v -0.002816927 0.0007195692 -0.0004235258
v -0.002635212 0.00001924068 -0.0004596114
v -0.002656493 0.001213733 -0.0004085857
v -0.002565743 -0.0002125163 -0.0004083316
v -0.002598146 -0.0001386671 -0.0004227096
v -0.002613908 -0.00005308371 -0.0004538049
v -0.002613962 0.001246011 -0.0004168881
v -0.002652025 -0.00007473399 -0.0004008082
v -0.002661252 -0.00001450342 -0.0004207252
v -0.002526873 -0.0002515401 -0.0004286941
v -0.002583383 0.001280636 -0.0003950199
v -0.002498696 -0.0003000741 -0.000413156
v -0.002458327 -0.0003096808 -0.0004371451
v -0.002510156 0.001317659 -0.0004016295
v -0.002434644 0.00134138 -0.0004313386
v -0.002417018 -0.0003329605 -0.0004268417
v -0.002387491 0.001369437 -0.0004166611
v -0.002340906 -0.0003015118 -0.000451535
v -0.002304147 -0.0001967792 -0.0005014178
v -0.002214532 -0.0001812658 -0.0004968216
v -0.002321869 0.001377287 -0.0004254119
v -0.002287196 -0.0004737863 -0.0003455645
v -0.002274673 -0.0004044447 -0.0003953279
v -0.002240352 -0.0003152848 -0.0004479483
v -0.002254501 -0.0002503974 -0.0004764337
v -0.00214749 -0.0001701502 -0.0004909016
v -0.002240971 0.001380796 -0.0004390042
v -0.002059451 -0.000440502 -0.0004030541
v -0.002092816 -0.0004086001 -0.0004200449
v -0.002102935 -0.0001259421 -0.0004933518
v -0.002185007 0.001382799 -0.0004443278
v -0.002157698 -0.0003599938 -0.0004313723
v -0.002167022 -0.0002490311 -0.0004704777
v -0.002201472 0.001402388 -0.000403079
v -0.002034676 -0.0004355357 -0.0004045699
v -0.002080241 -0.0003569803 -0.0004383984
v -0.002052296 -0.0001275874 -0.000484621
v -0.002125654 0.001382505 -0.0004320592
v -0.00201127 -0.0004037382 -0.0004127469
v -0.002036202 -0.0003498626 -0.0004363096
v -0.002011153 -0.0002177488 -0.0004615492
v -0.002028568 -0.000181916 -0.0004713699
v -0.002006954 0.0002379393 -0.0005061965
v -0.002008696 0.0002997502 -0.0005118311
v -0.002003084 0.0003541057 -0.000516868
v -0.002042846 0.00136789 -0.0004506214
v -0.002058445 -0.0002736642 -0.0004542424
v -0.002092555 -0.0001877994 -0.0004792871
v -0.002062275 0.001398493 -0.0004087415
v -0.001976195 -0.0002348635 -0.0004470368
v -0.001991314 0.0001868234 -0.0004993984
v -0.001960028 0.0003969074 -0.000513154
v -0.00200452 0.001388972 -0.000411111
v -0.001931597 -0.000167375 -0.0004487136
v -0.001904526 -0.0001042262 -0.0004544976
v -0.001948791 0.0001922012 -0.000490299
v -0.001924605 0.0002534933 -0.0004894427
v -0.001925217 0.0003299193 -0.0004971011
v -0.001966386 -0.0004406654 -0.0003846404
v -0.001956869 -0.0003878835 -0.0004008141
v -0.001977699 -0.000321635 -0.0004252449
v -0.001966717 0.0002300101 -0.0004951961
v -0.001966756 0.0002807212 -0.0004992709
v -0.00197247 0.0003327343 -0.00050627
v -0.001866692 -0.0000749263 -0.0004480953
v -0.00193511 0.001373834 -0.000411682
v -0.001813447 -0.00002170158 -0.0004369532
v -0.001792147 0.00007456372 -0.000447703
v -0.001782636 0.0006854192 -0.0005021364
v -0.001752877 0.001096145 -0.0005002559
v -0.001812737 0.001318693 -0.0004108915
v -0.001875587 0.001360108 -0.0004018348
v -0.001924589 -0.0004135845 -0.0003721023
v -0.001911812 -0.0003462779 -0.0003872674
v -0.001899236 -0.0002456452 -0.0004112113
v -0.001855319 -0.000131439 -0.0004269465
v -0.001741686 0.0001243423 -0.0004385132
v -0.001782797 0.0006603619 -0.0005000108
v -0.001759998 0.0006845235 -0.0004968168
v -0.001752704 0.001048184 -0.0005066032
v -0.001723816 0.001113284 -0.0004874731
v -0.001752534 0.001253373 -0.000440075
v -0.00172328 0.0002059389 -0.0004418892
v -0.001713306 0.0003063982 -0.0004521394
v -0.001702399 0.0003986236 -0.0004625215
v -0.001679089 0.0004684473 -0.0004663025
v -0.001760159 0.0006594661 -0.0004946913
v -0.001696794 0.0009344737 -0.000496225
v -0.001712081 0.001010105 -0.000496649
v -0.001701262 0.001100192 -0.0004820638
v -0.001724236 -0.000016265 -0.0004023438
v -0.00173477 0.00005636316 -0.0004250531
v -0.001769935 0.0006741416 -0.0004968022
v -0.001707707 0.001067681 -0.0004891895
v -0.001740824 0.001296435 -0.0003902004
v -0.001633627 0.0004838246 -0.0004569055
v -0.001678809 0.0008492426 -0.0004929462
v -0.001674007 0.001088134 -0.0004734287
v -0.001706959 0.001209097 -0.0004479044
v -0.001595913 0.0004552942 -0.0004396914
v -0.001625103 0.000803687 -0.0004780956
v -0.001559151 0.0009001422 -0.0004653684
v -0.001569226 0.0009421111 -0.0004653538
v -0.001629782 0.00112859 -0.0004444236
v -0.001661519 0.001194295 -0.000433484
v -0.001663382 -0.000001082757 -0.0003789732
v -0.001680596 0.00004580089 -0.0004002327
v -0.001661619 0.0001357587 -0.0004068832
v -0.001633672 0.0002678112 -0.0004167863
v -0.001649305 0.00035594 -0.0004397029
v -0.001636297 0.0004241824 -0.0004478903
v -0.001604912 0.0008856416 -0.0004739949
v -0.001631591 0.00101301 -0.0004706773
v -0.001557218 0.0004726165 -0.0004251574
v -0.001607659 0.0007420193 -0.0004703891
v -0.001525291 0.0008642926 -0.0004526165
v -0.001554121 0.0009939448 -0.0004542669
v -0.001466329 0.0002818022 -0.0004539334
v -0.001540142 0.0005402625 -0.0004269771
v -0.001542302 0.0006269179 -0.0004375788
v -0.001559936 0.0007026833 -0.000452169
v -0.001510087 0.0009976506 -0.0004407356
v -0.001626646 0.000008673972 -0.0003626153
v -0.001623575 0.00005958777 -0.000372536
v -0.001566262 0.0003843125 -0.0004086823
v -0.001554016 0.0007843385 -0.0004558137
v -0.001530381 0.001067641 -0.0004265249
v -0.001466328 0.0002818021 -0.0004539334
v -0.001466328 0.0002818023 -0.0004539334
v -0.001450912 0.0008625836 -0.000420488
v -0.001484755 0.0009627861 -0.0004377146
v -0.001466328 0.0002818022 -0.0004539334
v -0.001439481 0.0009381422 -0.0004171013
v -0.001466328 0.0002818022 -0.0004539333
v -0.001490682 0.0003999619 -0.0003683557
v -0.001499161 0.0004733423 -0.000391376
v -0.001470857 0.0005794333 -0.00039405
v -0.001485047 0.0007012098 -0.0004188038
v -0.001481053 0.0007962831 -0.0004286293
v -0.001453332 0.001013825 -0.0004133177
v -0.00144317 0.001087449 -0.0003874661
v -0.001406948 0.0006509037 -0.0003653748
v -0.00139783 0.0007723082 -0.0003794548
v -0.001386555 0.001057917 -0.0003703325
v -0.002855048 0.0008023718 -0.0003797122
v -0.002852248 0.0008377802 -0.000380644
v -0.002846304 0.0007586398 -0.000390009
v -0.002851621 0.0008737494 -0.0003637263
v -0.002782237 0.0002897352 -0.0003101418
v -0.002797734 0.0003850611 -0.0003294851
v -0.002814269 0.0004806001 -0.0003398409
v -0.002830916 0.0005848099 -0.0003476553
v -0.002846164 0.0006966804 -0.0003613058
v -0.002834771 0.0009476236 -0.0003324313
v -0.002861058 0.0007725898 -0.0003559917
v -0.002862214 0.0008386707 -0.0003433372
v -0.002866197 0.0009597117 -0.0002587327
v -0.002754548 0.0002404132 -0.0003696423
v -0.002793333 0.001060275 -0.0003322658
v -0.00266998 -0.00008221946 -0.0003552958
v -0.00269182 -0.000005178289 -0.0003533069
v -0.002713733 0.00007264193 -0.0003550506
v -0.002730023 0.0001522207 -0.0003675923
v -0.00275203 0.001117418 -0.0003549458
v -0.002702368 0.001177183 -0.0003805612
v -0.002763027 0.0002134598 -0.0003262405
v -0.002780585 0.001120427 -0.0002978492
v -0.002774464 0.001152672 -0.0002740946
v -0.002642332 -0.000124437 -0.0003723567
v -0.00267708 0.001216651 -0.0003787883
v -0.00260843 -0.000182316 -0.0003336292
v -0.002648185 0.001251802 -0.0003566208
v -0.002655518 -0.0001176673 -0.0003266954
v -0.002680546 -0.00006426767 -0.0003036604
v -0.00269426 0.001213839 -0.0003475673
v -0.002640619 0.001280481 -0.0002953736
v -0.002545944 -0.0002709496 -0.0003627105
v -0.002583448 0.001306233 -0.0003278451
v -0.002501676 -0.0003302146 -0.0003601164
v -0.002458496 -0.0003468326 -0.0003929571
v -0.002506768 0.001349633 -0.0003258851
v -0.002442027 0.001364023 -0.0003811185
v -0.002464577 -0.0003765305 -0.0003243952
v -0.002446975 0.001377856 -0.000322478
v -0.002388794 -0.0003943951 -0.0003675604
v -0.002375867 0.001390134 -0.0003580367
v -0.00231577 -0.0004952024 -0.0003143447
v -0.002336417 -0.0004561366 -0.0003418221
v -0.002357725 -0.0004831979 -0.000295032
v -0.002377848 -0.0004500715 -0.0003189387
v -0.002264567 -0.000514181 -0.0003058528
v -0.002279059 0.001403674 -0.0003725996
v -0.002233104 -0.000471789 -0.0003585394
v -0.00219656 -0.0004303804 -0.0003945771
v -0.002227528 0.001414033 -0.0003605326
v -0.002265408 0.001415119 -0.0003099067
v -0.002143735 -0.0004282333 -0.000403386
v -0.002181551 0.001414729 -0.0003434996
v -0.002100504 -0.0004587933 -0.0003838661
v -0.002106334 0.001410821 -0.0003755338
v -0.002198856 -0.0005094206 -0.00032489
v -0.002166411 -0.0004723126 -0.0003677583
v -0.002126894 0.001419985 -0.0003246369
v -0.002019379 -0.0004726301 -0.0003629826
v -0.002062273 0.001412746 -0.0003469442
v -0.001971679 -0.0004666146 -0.0003723241
v -0.002119785 -0.0005153377 -0.0003197484
v -0.00195533 -0.000462681 -0.0003727071
v -0.001985644 0.001402395 -0.0003488242
v -0.001938652 -0.00045201 -0.0003650488
v -0.001953954 -0.0004742633 -0.0003492087
v -0.001904933 -0.0004485995 -0.0003238209
v -0.001915051 0.001388395 -0.0003533981
v -0.001881404 -0.0003858213 -0.0003459973
v -0.001840514 -0.0003094577 -0.0003460313
v -0.001809638 -0.0002010542 -0.0003744917
v -0.001769707 -0.0001010781 -0.0003931659
v -0.001852442 0.001367164 -0.0003479458
v -0.001901401 0.001391375 -0.000300851
v -0.001688752 -0.00007023472 -0.0003607111
v -0.001776163 0.00133957 -0.0003261033
v -0.001699489 0.001301826 -0.000344876
v -0.001789425 -0.0003263497 -0.0002865026
v -0.001766937 -0.0002520904 -0.0003129711
v -0.001732247 -0.0001608071 -0.0003390103
v -0.00164226 -0.00002671973 -0.0003565053
v -0.001680805 0.001250873 -0.0004013808
v -0.001575776 0.0002050982 -0.0003744333
v -0.001553124 0.0002868267 -0.0003794262
v -0.001607339 0.001206334 -0.0003951429
v -0.001615165 0.001275541 -0.0003249241
v -0.00161224 -0.000009423667 -0.0003430275
v -0.001587195 0.0001285461 -0.000364804
v -0.001495105 0.0003328137 -0.0003536454
v -0.001550372 0.00115574 -0.0004001427
v -0.001597507 0.00002759589 -0.0003465731
v -0.001556473 0.0000804308 -0.0003272057
v -0.001569751 -0.000112574 -0.0002075141
v -0.001575552 0.000004516819 -0.0003123205
v -0.001525437 0.0001681548 -0.0003308453
v -0.001501254 0.0002517916 -0.0003366948
v -0.001518139 0.001220857 -0.0003422996
v -0.001526983 0.001280228 -0.0002763552
v -0.001456125 0.0003794822 -0.0003381069
v -0.00147395 0.001147957 -0.0003732728
v -0.00144583 0.0004387134 -0.0003460736
v -0.001439502 0.0005071609 -0.0003592936
v -0.001402841 0.0005624662 -0.0003447868
v -0.001374053 0.0008925166 -0.000377984
v -0.001383957 0.0009834431 -0.000382932
v -0.001485135 0.0001353282 -0.000281451
v -0.001457868 0.0002160059 -0.0002896445
v -0.001435073 0.001201031 -0.0003256839
v -0.001439655 0.001259092 -0.0002703953
v -0.001362671 0.0006050456 -0.0003210979
v -0.001327533 0.0008249347 -0.0003398179
v -0.001338919 0.00102762 -0.0003482329
v -0.001381193 0.00114328 -0.0003319228
v -0.001339548 0.0006877375 -0.0003199093
v -0.001336033 0.0007628687 -0.0003366638
v -0.00133415 0.001082283 -0.0003295151
v -0.001427144 0.0001869538 -0.000242926
v -0.001407012 0.0002469226 -0.0002486215
v -0.001362409 0.0005491905 -0.0003061598
v -0.001309887 0.0008973727 -0.0003328918
v -0.001322946 0.0009654123 -0.000341833
v -0.00138239 0.001216896 -0.0002882877
v -0.001273605 0.0008557705 -0.0002940664
v -0.001266411 0.0009430324 -0.0002882767
v -0.001283172 0.001039921 -0.0002923153
v -0.002885532 0.00094575 -0.0002105007
v -0.002873938 0.000923835 -0.0002630951
v -0.002858411 0.001012573 -0.0002211295
v -0.002774131 0.0002261523 -0.0002703255
v -0.002792443 0.0002885544 -0.0002220925
v -0.002811067 0.0003683543 -0.0002419759
v -0.00282541 0.0004460032 -0.0002706777
v -0.002849835 0.0005436439 -0.0002557045
v -0.002865077 0.0006564665 -0.0002792717
v -0.00287466 0.0007674444 -0.0002935528
v -0.002875768 0.0008657389 -0.0002801712
v -0.002816768 0.001066275 -0.0002708064
v -0.002794416 0.001129862 -0.0002538271
v -0.002882845 0.0006297041 -0.0001972435
v -0.002893545 0.0007221432 -0.0002089656
v -0.002897674 0.0008190743 -0.0002133209
v -0.002891784 0.0008903512 -0.000223932
v -0.002754929 0.0001701095 -0.0002989604
v -0.002780845 0.001153658 -0.0002589296
v -0.002728951 0.00009309976 -0.0002718453
v -0.002770205 0.001164239 -0.0002658477
v -0.002664095 0.001275352 -0.0002452697
v -0.002759796 0.0001761474 -0.0002467267
v -0.002774852 0.0002281125 -0.0002039804
v -0.002781138 0.001157695 -0.000238734
v -0.002701769 -0.000002496702 -0.0002770779
v -0.002741069 0.001183104 -0.0002875102
v -0.002678624 0.00125348 -0.0002840308
v -0.002623953 0.001302383 -0.0002498231
v -0.002602051 -0.0001892108 -0.0002160048
v -0.002650863 -0.0001104289 -0.0002494345
v -0.002684622 -0.00004208271 -0.0002419902
v -0.002695052 0.001228563 -0.0003130584
v -0.002707321 0.001228934 -0.0002744852
v -0.00256898 -0.0002530815 -0.0002759766
v -0.00256733 0.00133501 -0.0002437244
v -0.002492654 0.001368291 -0.0002564219
v -0.002594943 0.00133079 -0.0001765792
v -0.002520512 -0.000325427 -0.0002835193
v -0.002422971 0.00139096 -0.000274489
v -0.002362415 -0.0004999207 -0.00024842
v -0.002416029 -0.0004413521 -0.0002622106
v -0.002479802 -0.0003844092 -0.0002583068
v -0.002471802 -0.0003991032 -0.0001957778
v -0.002507751 -0.0003518302 -0.0002124735
v -0.002320025 -0.0005173199 -0.0002736019
v -0.002347448 0.001406028 -0.0002862642
v -0.002318655 0.001411969 -0.0002440723
v -0.002370385 0.001405313 -0.0002165726
v -0.002278633 -0.0005412223 -0.0002509177
v -0.002256041 0.001416272 -0.0002412846
v -0.002177348 0.001421051 -0.000276932
v -0.002204513 -0.0005510229 -0.000257308
v -0.002128605 0.001420283 -0.0002650218
v -0.002108546 -0.000576557 -0.0002331407
v -0.002056948 0.001414735 -0.0002646359
v -0.00204031 -0.0005399313 -0.0002816455
v -0.002091067 -0.0006265942 -0.000161694
v -0.001947841 -0.0005192955 -0.0002711505
v -0.001971037 0.001405283 -0.0002738083
v -0.00192806 0.001397715 -0.0002447694
v -0.002030743 -0.0006484087 -0.0001385914
v -0.002013335 -0.0005968702 -0.0002012597
v -0.001979841 0.0014048 -0.0002033228
v -0.001870095 -0.0004743478 -0.0002538223
v -0.001861276 0.001377826 -0.0002593129
v -0.001835239 -0.000397982 -0.0002841872
v -0.001768518 -0.0003699345 -0.0002260347
v -0.001791189 0.001358854 -0.0002362257
v -0.001742219 -0.0002976963 -0.0002534355
v -0.001692876 -0.0002127594 -0.0002640266
v -0.001669879 -0.0001234873 -0.000311631
v -0.001625291 -0.00005566646 -0.0003213765
v -0.001700406 0.001330766 -0.0002566255
v -0.001588089 -0.0001395028 -0.0002039729
v -0.00158173 -0.00004399982 -0.0002848021
v -0.001631363 -0.0002131986 -0.0001870971
v -0.001613297 -0.0001160065 -0.0002578466
v -0.001565673 -0.0001261283 -0.00018467
v -0.00157371 -0.00009941569 -0.0002251811
v -0.001552911 -0.0000092077 -0.0002777907
v -0.001593648 0.001316444 -0.0002267327
v -0.001551688 -0.00009150176 -0.0001987281
v -0.001461704 0.0002994515 -0.0003205235
v -0.001547315 -0.00004375236 -0.0002370811
v -0.001513218 0.00004594089 -0.0002628146
v -0.001451441 0.000267447 -0.0003028288
v -0.001447356 0.0003419094 -0.0003204444
v -0.001486913 0.001309069 -0.000196927
v -0.00144554 0.0001183928 -0.0002218258
v -0.00142464 0.0002658893 -0.0002774666
v -0.001410663 0.0003943951 -0.0003018811
v -0.001392163 0.0004880938 -0.0003145264
v -0.001404758 0.001292604 -0.0002059794
v -0.001470363 0.00006413368 -0.000218209
v -0.001422063 0.000314635 -0.0002896065
v -0.001402044 0.0001773677 -0.0002001933
v -0.001397231 0.0002937885 -0.0002563504
v -0.001352445 0.0005168761 -0.0002848169
v -0.001356824 0.00125947 -0.0002287305
v -0.001383498 0.0002307134 -0.0002051945
v -0.001369089 0.000295577 -0.0002158616
v -0.001316262 0.0005774624 -0.0002611143
v -0.001286659 0.0006810525 -0.0002641629
v -0.001290107 0.0007653501 -0.0002935149
v -0.001325402 0.001198626 -0.0002633473
v -0.001372712 0.0002059533 -0.0001661278
v -0.001376552 0.0003543161 -0.0002502678
v -0.001349899 0.0004566031 -0.0002554348
v -0.001366851 0.001292683 -0.0001854532
v -0.001243399 0.0008104497 -0.0002500558
v -0.001301208 0.001129619 -0.0002814055
v -0.001224607 0.0008890152 -0.0002360778
v -0.0012086 0.001001892 -0.0002074245
v -0.001242921 0.001111587 -0.0002196475
v -0.001266795 0.0005708635 -0.0001890326
v -0.001256698 0.0006433977 -0.0002080032
v -0.00124477 0.000733296 -0.00022702
v -0.001273889 0.001178376 -0.0002270684
v -0.001163943 0.0009735516 -0.0001513411
v -0.002900959 0.0006187119 -0.0001222355
v -0.002907571 0.0006865415 -0.0001439068
v -0.002923925 0.0007749553 -0.0001217621
v -0.002913224 0.0008879219 -0.000146146
v -0.002895197 0.0009854151 -0.0001424747
v -0.002945024 0.0007903535 -0.00006936322
v -0.002874546 0.0005576509 -0.0001674475
v -0.002868996 0.001051716 -0.0001476565
v -0.002812801 0.000348419 -0.0001317557
v -0.002846145 0.000461562 -0.0001728114
v -0.002825369 0.001113314 -0.000176326
v -0.002864094 0.001086223 -0.0001151569
v -0.002788897 0.0002768482 -0.0001618941
v -0.002769362 0.001186873 -0.0001860667
v -0.002721309 0.0001028386 -0.0001470488
v -0.002751722 0.000170348 -0.0001794313
v -0.002770902 0.0002349202 -0.0001339994
v -0.002710124 0.001242211 -0.0002062023
v -0.00266164 0.00128805 -0.000185267
v -0.002788573 0.0002858146 -0.0001105271
v -0.002750942 0.001229215 -0.0001120952
v -0.002745807 0.00124853 -0.00006488222
v -0.002701911 0.00002266224 -0.0002032659
v -0.002620301 0.001315265 -0.0001931542
v -0.002586891 -0.0001828483 -0.0001167824
v -0.00262778 -0.0001108547 -0.0001391734
v -0.002669175 -0.00003952487 -0.0001665665
v -0.002620611 0.001319898 -0.0001585589
v -0.002644926 0.00130595 -0.0001454404
v -0.002547616 -0.0002725716 -0.0001656386
v -0.002615734 0.001323081 -0.0001224003
v -0.002471779 -0.000397272 -0.0001376886
v -0.002501181 -0.0003540515 -0.0001481568
v -0.002543518 0.001352978 -0.0001668901
v -0.002467824 0.00138132 -0.0001957737
v -0.002563163 -0.0002200219 -0.0000953721
v -0.002571182 0.001345253 -0.0000848815
v -0.002556281 0.0013538 -0.0000500313
v -0.002433235 -0.0004367837 -0.0001469819
v -0.002411685 0.001397439 -0.0002184645
v -0.002377734 -0.0004940869 -0.0001871405
v -0.002415589 0.001395644 -0.0001708308
v -0.002457381 -0.0004056751 -0.0001041574
v -0.002478237 -0.0003708237 -0.00009048756
v -0.002446207 0.001389034 -0.000168066
v -0.002325349 -0.000531323 -0.0002174244
v -0.002360108 0.001403347 -0.0001657789
v -0.002328718 -0.0005358945 -0.0001460483
v -0.002268069 -0.000561913 -0.0001916277
v -0.002292473 0.001411031 -0.0001442776
v -0.002208372 0.001418461 -0.0002026311
v -0.00227276 -0.000574871 -0.0001126659
v -0.002244862 0.001413729 -0.0001261928
v -0.002185353 -0.0006023049 -0.0001566806
v -0.002157854 0.001415369 -0.0001630812
v -0.002134182 -0.0006416051 -0.0001174301
v -0.002172201 -0.0006328733 -0.00009932802
v -0.002078616 -0.0006631918 -0.000103523
v -0.002056366 0.001410354 -0.000173132
v -0.00201284 0.001403466 -0.0001444069
v -0.002070236 0.001403893 -0.00009419781
v -0.002020869 -0.0006777112 -0.00009331541
v -0.001942318 0.001392627 -0.000167916
v -0.001958648 -0.0006513754 -0.0001165082
v -0.001931121 -0.0005856174 -0.0001815264
v -0.001987236 -0.0007003177 -0.00005363071
v -0.001870022 -0.0005349665 -0.0001864368
v -0.001859316 0.001374146 -0.000161784
v -0.001805859 -0.0004588998 -0.0001911694
v -0.001897453 -0.0006596872 -0.00007511365
v -0.001881491 -0.000606948 -0.0001182879
v -0.001749245 -0.000409863 -0.0001640762
v -0.001771313 0.001357048 -0.0001581547
v -0.001697282 -0.0003263483 -0.0001688804
v -0.001642713 -0.0002831036 -0.0001330291
v -0.001674648 0.001343466 -0.0001511576
v -0.001610237 -0.0002438935 -0.0001241308
v -0.001678368 -0.0003940473 -0.00007536939
v -0.001654858 -0.0003349324 -0.00009858778
v -0.001574477 -0.0001776035 -0.0001378674
v -0.001576033 0.001335449 -0.0001330705
v -0.001544054 -0.0001175338 -0.0001539161
v -0.001511649 -0.00005885999 -0.0001581853
v -0.001489161 0.00001609475 -0.000200519
v -0.001443474 0.00007245466 -0.00017412
v -0.001495136 0.001330541 -0.0001119607
v -0.001397311 0.0001434476 -0.0001533094
v -0.00147763 -0.00005387727 -0.00008931823
v -0.001459987 0.000009353465 -0.0001307027
v -0.001353971 0.0002028077 -0.000112594
v -0.001402083 0.001310732 -0.0001316108
v -0.001341849 0.0002738361 -0.0001480349
v -0.001325365 0.0003804642 -0.0001827237
v -0.001293624 0.0004934808 -0.0001906747
v -0.001329439 0.001279381 -0.0001634132
v -0.001246716 0.0005372725 -0.0001308246
v -0.001293766 0.001233284 -0.0001991714
v -0.001232786 0.0006098509 -0.0001484368
v -0.001208743 0.0006950556 -0.0001477064
v -0.001201067 0.00080882 -0.000183058
v -0.001180063 0.0009108754 -0.0001728103
v -0.001189359 0.001102751 -0.0001356186
v -0.001240877 0.001191431 -0.0001552977
v -0.001279892 0.001252454 -0.0001396167
v -0.00115214 0.0009318898 -0.0001234585
v -0.001164612 0.001027968 -0.000138867
v -0.001145018 0.0009906255 -0.0001024102
v -0.001176879 0.0007021645 -0.00008419783
v -0.001171597 0.0007702487 -0.0001094474
v -0.00116041 0.0008602134 -0.00011893
v -0.002950656 0.0007819766 -0.00005525743
v -0.002946008 0.0007651146 -0.00006258828
v -0.002953011 0.0007922665 -0.00004985687
v -0.002915593 0.0006134188 -0.00007064696
v -0.002932713 0.0006906888 -0.00006868187
v -0.002946087 0.0008346597 -0.00006403144
v -0.002940294 0.0009522632 -0.00004489541
v -0.00289494 0.001045576 -0.00008200928
v -0.002937535 0.0006081252 -0.000008038683
v -0.002962059 0.0006922419 -0.000002045429
v -0.002954346 0.0007784704 -0.00004589592
v -0.002972039 0.0009916752 0.00003247795
v -0.002890683 0.0005425014 -0.00008362531
v -0.002862763 0.001121658 -0.00005562682
v -0.002795472 0.0003112919 -0.00004368092
v -0.00282176 0.0003650117 -0.0000424319
v -0.002854513 0.0004347314 -0.00004665141
v -0.002800846 0.001182063 -0.00009648601
v -0.002773238 0.001226918 -0.00005564636
v -0.002905503 0.0005150017 0.000006896745
v -0.002773155 0.0002569465 -0.00007604119
v -0.002756841 0.001245533 -0.00004657777
v -0.002703256 0.0001075674 -0.0000502511
v -0.002742937 0.0001912204 -0.00006658667
v -0.002741888 0.00125561 -0.0000501359
v -0.002767188 0.0002589797 -0.00002236135
v -0.002760167 0.001244969 -0.00002720293
v -0.002687681 0.00003720362 -0.000107914
v -0.002698425 0.001277861 -0.00007293951
v -0.002595666 -0.0001086017 -0.00002798993
v -0.002645598 -0.00002016231 -0.00005144102
v -0.002625238 0.001321327 -0.00006045888
v -0.002589889 0.0013407 -0.00002779194
v -0.002674317 0.00005518962 -0.0000288556
v -0.002642906 0.001315658 -0.000003631651
v -0.002568863 -0.0001809114 -0.00004979013
v -0.002570577 0.001350196 -0.0000273912
v -0.002538809 -0.0002342103 -0.00004574824
v -0.002554659 0.001355091 -0.00002818147
v -0.002574655 0.001348496 -0.00001145464
v -0.002509937 -0.0003098641 -0.00008034759
v -0.002486722 0.001373727 -0.00009145276
v -0.002432553 -0.0004030525 -0.00004131579
v -0.002477019 -0.0003357593 -0.00003067994
v -0.002380967 -0.0004845602 -0.00009728124
v -0.002378919 0.00139706 -0.00006149061
v -0.002304131 0.001407813 -0.00007850158
v -0.002337866 0.001402337 -0.00002309396
v -0.002328599 -0.0005348042 -0.00006733996
v -0.002259089 0.001407682 -0.00005094622
v -0.002222084 -0.0006100046 -0.00006255307
v -0.002286298 -0.0005715362 -0.00004772898
v -0.00227166 -0.0005749116 0.000009107644
v -0.002316737 -0.0005381018 -0.000006452221
v -0.002140846 -0.0006550038 -0.00005286936
v -0.002156714 0.001405833 -0.00005953304
v -0.002105171 0.001395118 -0.00001656356
v -0.002056185 -0.0006945111 -0.00003986563
v -0.002021056 0.001393785 -0.00007756223
v -0.002010453 -0.0007201433 -0.00001028281
v -0.00204714 -0.0007155307 0.00001219656
v -0.00195691 -0.0007216907 3.524086e-7
v -0.001945208 0.001378895 -0.00006913944
v -0.001929168 -0.0006935807 -0.00004913836
v -0.001885388 -0.0006818509 -0.00003452567
v -0.001853277 0.001364522 -0.00006552781
v -0.001850413 -0.0006381916 -0.00004918507
v -0.001802653 -0.0005488851 -0.00009081279
v -0.001761895 -0.000467925 -0.0001248308
v -0.001905995 -0.0007061018 -0.00000555515
v -0.001720304 -0.0004265237 -0.0001065011
v -0.001757399 0.0013537 -0.00006285719
v -0.001701682 -0.0004689793 -0.00003449923
v -0.001738153 -0.0005491288 6.614694e-7
v -0.001742475 -0.0004931454 -0.00007084978
v -0.001663919 -0.0004366714 -0.000008390131
v -0.001659558 0.001345626 -0.00005503634
v -0.00163797 -0.0003727031 -0.00003305116
v -0.001618955 -0.0003022529 -0.00007624905
v -0.001582064 -0.0002488862 -0.00007269427
v -0.001555331 -0.0002008113 -0.00007805272
v -0.001561739 0.001338151 -0.00004334623
v -0.001517511 -0.0001414906 -0.00006968545
v -0.001547149 -0.0002391673 -0.00001876329
v -0.001468515 -0.00008116456 -0.00002979661
v -0.001467059 0.001328401 -0.00004530831
v -0.00143403 -0.000004928515 -0.00004083016
v -0.001412555 0.00007565503 -0.0001001663
v -0.001369619 0.0001450337 -0.00007827597
v -0.001477284 -0.0001355299 0.0000174163
v -0.00134278 0.0001929773 -0.00006627584
v -0.001391399 0.001312857 -0.000045853
v -0.001313943 0.0002528593 -0.00004804672
v -0.001292745 0.0003516378 -0.00009335437
v -0.001271079 0.0004464517 -0.0001196203
v -0.001340844 0.0001694451 -0.00001500651
v -0.0012323 0.0005026437 -0.00007025364
v -0.001318999 0.001282819 -0.00008099797
v -0.00119697 0.0006128253 -0.00005833887
v -0.001164372 0.001116722 -0.00006678452
v -0.001205657 0.001179807 -0.00006226866
v -0.001254441 0.00123751 -0.00009007581
v -0.001280886 0.0002809101 0.00002646372
v -0.001267994 0.000340202 -0.000008863527
v -0.00124839 0.000424157 -0.00004121851
v -0.001265035 0.001243419 -0.000008479106
v -0.001163362 0.0007011861 -0.00003522249
v -0.001150724 0.001059757 -0.00008801818
v -0.001157463 0.0007486216 -0.00005887221
v -0.001145309 0.0008230868 -0.00004996244
v -0.001139532 0.0009254831 -0.00006120897
v -0.001138738 0.00101878 -0.00004248957
v -0.00114574 0.000764703 -0.000004368908
v -0.001135746 0.0008262 0.00001207159
v -0.001147241 0.001083535 -0.00003692078
v -0.001168546 0.00113411 -0.00001037027
v -0.002972413 0.0006075354 0.00006436099
v -0.002978134 0.0006617496 0.00004139205
v -0.003014642 0.0009671751 0.00008895043
v -0.003039512 0.0007966133 0.0001017253
v -0.002941499 0.0005572423 0.00004756596
v -0.002994813 0.0007338338 0.00004436692
v -0.002984205 0.0009324769 0.00002814666
v -0.002983271 0.001036176 0.00007701405
v -0.002929438 0.0005072665 0.00008766603
v -0.002963551 0.0007733598 -0.00002233935
v -0.002975347 0.0008643201 2.109783e-7
v -0.002931629 0.001057796 0.00001228288
v -0.002962501 0.0005602327 0.00008841417
v -0.002998464 0.0008091339 0.00003783994
v -0.003012161 0.000877896 0.00006273942
v -0.002961782 0.001090682 0.00009221573
v -0.002881009 0.0004512771 0.00004774024
v -0.002899021 0.001146138 0.00006364333
v -0.00282568 0.0003666731 0.00005662609
v -0.002816637 0.001200359 -0.00000117311
v -0.002781063 0.0002949668 0.00002648404
v -0.00276585 0.001254335 0.00004774529
v -0.002707121 0.0001583189 0.00002785952
v -0.002744495 0.0002365363 0.00004958704
v -0.002698838 0.001290978 0.0000322069
v -0.002775696 0.0002974066 0.00009411344
v -0.002681082 0.0000993869 0.00001778129
v -0.002659926 0.001313175 0.00006500997
v -0.002574615 -0.00008671282 0.00005697612
v -0.002604124 -0.00002100556 0.00006492552
v -0.002649125 0.00005147242 0.0000433854
v -0.002548687 -0.0001507893 0.00003818731
v -0.002576957 0.001345146 0.00002940279
v -0.002517296 -0.0002165718 0.00003321928
v -0.002553949 -0.00009782235 0.00008947121
v -0.002563881 -0.00005576517 0.0001149245
v -0.002499154 -0.0002755625 6.794465e-7
v -0.002467972 0.001376996 0.00003708999
v -0.002392235 -0.0003833176 0.00007457045
v -0.00245029 -0.0003076256 0.00005578313
v -0.002391609 0.001394019 0.0000163441
v -0.002486556 -0.0002394312 0.00006846618
v -0.002416785 0.001387943 0.000069248
v -0.002362984 -0.000474664 0.000003856612
v -0.002345084 0.001396847 0.00004288873
v -0.002260947 -0.0005689178 0.00007432697
v -0.002311161 -0.0005133661 0.00006485041
v -0.002348245 -0.0004413132 0.00009180711
v -0.002204502 -0.0006209443 0.00002743011
v -0.002257622 0.001398759 0.0000341201
v -0.002225325 -0.0005972309 0.0000900048
v -0.002105621 -0.0006797666 0.00003634146
v -0.002186784 0.001394335 0.00003882918
v -0.002051828 -0.0007147405 0.00004301323
v -0.002140017 0.001384269 0.00005837664
v -0.002196389 0.001382101 0.0000996842
v -0.002005039 -0.000727086 0.0000371727
v -0.002051293 0.001376389 0.0000282807
v -0.002041492 -0.0007030611 0.00008797378
v -0.00204979 -0.0006730782 0.00014598
v -0.001958648 -0.0007305338 0.0000430646
v -0.001944735 0.001359479 0.00003362479
v -0.001910626 -0.0007152616 0.00004803165
v -0.001842199 0.001349688 0.00003036796
v -0.001861184 -0.0006803243 0.00001102547
v -0.001796564 -0.0006225347 0.00001614644
v -0.00174967 -0.0006000286 0.0000491966
v -0.001744888 0.00134333 0.00002795508
v -0.001717514 -0.0005813296 0.00007845564
v -0.001761937 -0.0006290919 0.00009587281
v -0.001679466 -0.0005097933 0.00005068633
v -0.001647542 0.001334469 0.00003772067
v -0.001630705 -0.0004340501 0.00004961055
v -0.001586112 -0.0003340056 0.0000155839
v -0.001682823 -0.0005639935 0.0001195301
v -0.001540402 -0.0002924637 0.00005658544
v -0.001536298 0.001321489 0.0000524772
v -0.001504326 -0.0002183866 0.00005203004
v -0.001553543 -0.0003520494 0.0001010575
v -0.001572822 0.00130584 0.0001243479
v -0.001460279 -0.0001627965 0.00009970923
v -0.001436502 0.001316094 0.00001323477
v -0.001438341 -0.00007551109 0.00004897801
v -0.00140547 0.000001916578 0.00004147468
v -0.001381295 0.00008040699 -0.000005067522
v -0.00134072 0.0001287343 0.00007013429
v -0.00135699 0.00128838 0.00001840172
v -0.001303852 0.0002158021 0.00005480719
v -0.001302165 0.001248722 0.00006825967
v -0.001341359 0.001227687 0.000139054
v -0.001370638 0.001269136 0.00009273654
v -0.0012718 0.0002736088 0.00008074463
v -0.001252584 0.001226403 0.00005108455
v -0.001252361 0.000330618 0.00006977004
v -0.001228743 0.0004126555 0.00005000557
v -0.001208455 0.0005055306 0.000008441732
v -0.001171433 0.0005931452 0.00006153007
v -0.001153723 0.0006964551 0.00004094383
v -0.001138998 0.0008133761 0.00007671224
v -0.001251869 0.0003054766 0.0001249238
v -0.001133823 0.0008583185 0.00004122246
v -0.001211437 0.001188412 0.00003096323
v -0.001134692 0.0008854078 0.000004290539
v -0.001138912 0.0009728921 0.00001392694
v -0.00115197 0.001069566 0.00002178695
v -0.001176485 0.001135315 0.00004517513
v -0.001155621 0.0005940073 0.0001418938
v -0.00114464 0.0006637147 0.0001274388
v -0.001136735 0.0007486004 0.0001336156
v -0.001142941 0.0009163682 0.00007575144
v -0.001160153 0.001018022 0.000085469
v -0.001181413 0.001100914 0.00009027698
v -0.001203814 0.001157737 0.00008355291
v -0.003077754 0.0007975789 0.0001491688
v -0.003115052 0.0008075408 0.0002032147
v -0.003134608 0.0009350629 0.0002323602
v -0.003132374 0.00102268 0.0002503823
v -0.003068485 0.0007508357 0.0001488387
v -0.003077549 0.0008398278 0.0001478476
v -0.003019762 0.0006769664 0.0001071805
v -0.003051143 0.0008929449 0.0001191408
v -0.00305832 0.0009656965 0.0001459303
v -0.003029139 0.001059541 0.000159156
v -0.003062596 0.000598482 0.0002265996
v -0.003078161 0.0006840662 0.0001886786
v -0.003091171 0.0009064899 0.0001723207
v -0.003092982 0.0009935508 0.0001956165
v -0.003093336 0.001058489 0.0002244907
v -0.002991576 0.0005960359 0.0001105325
v -0.002959331 0.001138756 0.0001476304
v -0.002948125 0.0004964466 0.0001553494
v -0.002976141 0.0005465063 0.000134046
v -0.002999667 0.000532156 0.0002054562
v -0.003022744 0.0006028819 0.0001611253
v -0.002942591 0.001189064 0.0002064432
v -0.002892942 0.0004389298 0.0001379969
v -0.002907022 0.001183079 0.0001408477
v -0.002792427 0.0003254365 0.000173217
v -0.002843875 0.0003805696 0.0001690085
v -0.002847671 0.001211515 0.0001020198
v -0.002882552 0.001217269 0.0001785687
v -0.002739689 0.0002583922 0.0001655187
v -0.002811236 0.001255771 0.0001721887
v -0.002701077 0.0001885832 0.0001207137
v -0.002722093 0.001289303 0.0001138157
v -0.002758718 0.0002908884 0.0002217836
v -0.002669355 0.0001205772 0.00009111007
v -0.002654248 0.001320787 0.0001422373
v -0.002616344 0.00007106339 0.0001595805
v -0.002661146 0.0001471766 0.00016971
v -0.00257655 -0.000001306464 0.0001508839
v -0.002549453 0.001353005 0.0001630523
v -0.002523612 -0.0000994079 0.0001425493
v -0.002544609 -0.00003301123 0.0001757137
v -0.002462514 0.00137676 0.000114438
v -0.002503217 -0.0001780546 0.0001005947
v -0.002405427 0.001384537 0.0001186017
v -0.00239263 -0.0002909573 0.0001643652
v -0.002452291 -0.000215215 0.0001462592
v -0.002481321 -0.0001460898 0.0001669228
v -0.002463769 0.001370741 0.0001694214
v -0.002343881 -0.0003713713 0.000164152
v -0.002331652 0.001387587 0.000113147
v -0.002273191 -0.000520988 0.0001270783
v -0.002307377 -0.0004539728 0.0001430707
v -0.002349686 -0.0003076299 0.0002087646
v -0.002400536 0.001372766 0.000184383
v -0.002245353 -0.0005654327 0.0001183851
v -0.002255765 0.001386561 0.0001050043
v -0.002212137 -0.0005866398 0.0001274703
v -0.002237539 0.00137111 0.0001528666
v -0.002223711 -0.0005406294 0.0001636494
v -0.002254953 -0.0004726804 0.0001869195
v -0.002313584 0.001371079 0.0001777025
v -0.002174266 -0.0006258549 0.00009496367
v -0.002153339 0.001363277 0.0001337706
v -0.002105861 -0.0006540606 0.0001203234
v -0.002161819 -0.0005898706 0.0001617357
v -0.002181019 -0.0005428072 0.000194881
v -0.002196286 -0.0004970202 0.0002166444
v -0.002078506 -0.0006202325 0.0001889151
v -0.002042856 0.001346711 0.0001301278
v -0.001992578 -0.0006962105 0.0001421521
v -0.002015686 -0.0006601063 0.0001839784
v -0.001963816 -0.0007213157 0.00008739343
v -0.00192807 0.001328193 0.0001453219
v -0.00193424 -0.0007045346 0.0001411781
v -0.001941386 -0.0006683508 0.0001979268
v -0.001974889 0.001300338 0.0002321719
v -0.001902301 -0.0007094199 0.0001073801
v -0.001819323 0.001332779 0.0001018301
v -0.001837368 -0.0006774449 0.0000908473
v -0.001871523 -0.0006842932 0.0001628829
v -0.001777323 -0.0006480598 0.0001848583
v -0.001739096 0.001322414 0.0001138754
v -0.001716603 -0.0006088364 0.0001447675
v -0.001678118 -0.0005801519 0.0001720895
v -0.001642928 0.001308724 0.000128344
v -0.001642872 -0.0005153215 0.0001421888
v -0.001587076 -0.0004245224 0.0001300749
v -0.001602646 0.001288234 0.0001649649
v -0.001707754 -0.0006125654 0.0002036874
v -0.001649513 0.001237195 0.0002466043
v -0.001656943 0.001271563 0.0002026062
v -0.001547288 -0.0003852112 0.000165672
v -0.001555927 0.001287484 0.0001544915
v -0.001517574 -0.0003131805 0.0001427688
v -0.001477257 -0.0002396743 0.0001532941
v -0.001522447 0.001301362 0.0001151516
v -0.001564206 -0.000434356 0.0002107274
v -0.001576031 0.00124952 0.0002079746
v -0.001447889 -0.0001896477 0.0001777465
v -0.00144732 0.001295081 0.00008532944
v -0.00142252 -0.0001128252 0.000162544
v -0.001403749 -0.00003492676 0.0001102763
v -0.001371944 0.00004217743 0.0001067836
v -0.001402546 0.001217464 0.000184675
v -0.001421774 0.001256041 0.0001443342
v -0.001457746 -0.0002392253 0.0002236318
v -0.001476792 0.001227125 0.0002003775
v -0.001500211 0.001273383 0.0001528021
v -0.001339125 0.00009997727 0.0001498657
v -0.001357574 0.001191318 0.0001921191
v -0.001310091 0.0001673186 0.0001462794
v -0.001274276 0.0002462152 0.0001452668
v -0.001299134 0.00118 0.0001688758
v -0.001352831 0.00005030799 0.0001948011
v -0.001245947 0.0003047088 0.0001811466
v -0.001256449 0.001197396 0.000105932
v -0.001220332 0.0003860379 0.0001650682
v -0.001185471 0.0005065528 0.0001239306
v -0.001156236 0.0008934329 0.0001646096
v -0.001170862 0.0009752845 0.0001436618
v -0.001207625 0.00106098 0.0001593825
v -0.001224152 0.001139445 0.000132774
v -0.001257711 0.0002673088 0.0002214268
v -0.001267665 0.001127191 0.0001881446
v -0.001257671 0.001165512 0.0001520046
v -0.00115414 0.0005751997 0.0002084031
v -0.001138537 0.0008183793 0.0001584129
v -0.001138789 0.0006464464 0.0001999122
v -0.001132732 0.0007192281 0.000199154
v -0.001135491 0.0007901392 0.0002068428
v -0.00114673 0.0008480845 0.0002118128
v -0.003166613 0.0007646004 0.0002764286
v -0.003186827 0.0008811044 0.0002963341
v -0.003169556 0.000991694 0.0002915084
v -0.003127756 0.000717652 0.0002360277
v -0.003156068 0.001052653 0.0002926103
v -0.003099164 0.0005983226 0.0002778194
v -0.003112965 0.0006520134 0.0002489336
v -0.003125218 0.001087388 0.0002801389
v -0.003142162 0.0006395091 0.0003023707
v -0.003150014 0.0006925639 0.000275123
v -0.00322598 0.0008597124 0.0003385192
v -0.003155203 0.001082727 0.0003111129
v -0.003050747 0.0005392628 0.0002865324
v -0.003069843 0.001112859 0.0002455662
v -0.002989642 0.0004911631 0.0002657365
v -0.003008408 0.001146309 0.0002205851
v -0.003047061 0.001161601 0.0002827451
v -0.002943129 0.0004675208 0.0002154677
v -0.002990211 0.001196454 0.0002815561
v -0.002946452 0.0004452429 0.0002933489
v -0.002885111 0.000409399 0.0002389522
v -0.002901576 0.001236603 0.0002637978
v -0.00283003 0.0003610523 0.0002407184
v -0.002857158 0.000379315 0.0002826985
v -0.002783476 0.0003158751 0.0002660723
v -0.002817641 0.001276777 0.0002754822
v -0.002725798 0.0002581657 0.0002817263
v -0.002739547 0.001295294 0.0002106426
v -0.002758264 0.001301035 0.0002896562
v -0.002687705 0.0002018593 0.0002152879
v -0.002674679 0.001323343 0.0002591094
v -0.002585322 0.0000885731 0.0002580337
v -0.002633382 0.0001461782 0.0002557866
v -0.002671277 0.0002034077 0.0002932291
v -0.002551032 0.00002608187 0.0002313315
v -0.002594665 0.00134245 0.0002810921
v -0.002505144 -0.00004119473 0.0002305413
v -0.002480133 -0.00009832237 0.0002117232
v -0.002493799 0.001355336 0.0002546543
v -0.002397608 -0.0002015354 0.0002316455
v -0.002441594 -0.0001424034 0.0002252325
v -0.002445873 -0.00006856028 0.0002850035
v -0.002342634 -0.0002476825 0.0002583404
v -0.002386193 0.001352797 0.0002604344
v -0.002306968 -0.0003211446 0.0002420281
v -0.00236009 -0.0001862024 0.0002863342
v -0.002386818 -0.0001305801 0.0003000924
v -0.002398563 -0.0000687106 0.0003395859
v -0.002281823 -0.0003976636 0.0002129023
v -0.002260446 0.001341883 0.0002400761
v -0.002236421 -0.0003445962 0.0002845063
v -0.002281273 0.001310271 0.0003266925
v -0.002215593 -0.0004250494 0.0002485884
v -0.002134704 0.00132774 0.0002186601
v -0.002121279 -0.0005406623 0.0002314421
v -0.002151847 -0.0004620486 0.0002666392
v -0.002147919 -0.000383785 0.0003186351
v -0.002201736 0.001302781 0.0003008827
v -0.002065246 -0.000584168 0.0002322261
v -0.002036957 0.001314419 0.0002160872
v -0.002028089 0.001283861 0.000278187
v -0.002043783 -0.0005538118 0.0002665926
v -0.002060253 -0.0004696265 0.0003147706
v -0.002073887 -0.0003860868 0.0003621211
v -0.002105812 0.001289602 0.0002889933
v -0.00200498 -0.000613081 0.0002365193
v -0.001958155 0.001265903 0.0002936127
v -0.001922124 -0.0006226559 0.0002620678
v -0.001916968 0.001297913 0.0002242087
v -0.001954992 -0.0005544345 0.0003123691
v -0.001846134 -0.0006484056 0.0002424765
v -0.001834835 0.001304391 0.0001867055
v -0.001863215 -0.0006020234 0.0003101347
v -0.001875577 -0.0005601749 0.0003529136
v -0.001881479 0.001276216 0.0002582937
v -0.001779331 -0.000642079 0.0002529092
v -0.001736146 0.00128809 0.0001942328
v -0.001666347 0.001206032 0.0002858379
v -0.001720224 0.001238313 0.0002655542
v -0.001809923 0.001261557 0.0002605439
v -0.001726126 -0.000619972 0.0002638896
v -0.001613484 0.00120845 0.0002654003
v -0.001662857 -0.0005691155 0.0002379186
v -0.001605376 -0.0004939615 0.0002242655
v -0.001681906 -0.0005863715 0.0003091612
v -0.001570793 -0.0004606193 0.0002840949
v -0.00153702 0.001181209 0.0002654981
v -0.001529398 -0.0003849647 0.0002449399
v -0.001487282 -0.0003020433 0.0002344079
v -0.001558215 0.001129679 0.0003202483
v -0.001458938 -0.00026627 0.0003007122
v -0.001420231 0.001168738 0.0002366139
v -0.001430215 -0.0001831985 0.0002585823
v -0.001402084 -0.0001054938 0.0002534249
v -0.001382427 -0.00002841836 0.0002027094
v -0.001475948 0.001115866 0.0003032221
v -0.001351266 0.00002777138 0.0002813519
v -0.00133302 0.001146638 0.000218604
v -0.001321197 0.000116654 0.0002439357
v -0.001284137 0.0002057943 0.0002311757
v -0.00130526 0.001109124 0.0002319783
v -0.001358657 0.001087958 0.000277288
v -0.001258336 0.0002605145 0.0002992835
v -0.001269936 0.001065422 0.0002322653
v -0.001231981 0.0003331445 0.0002651124
v -0.001204016 0.0004173973 0.0002776828
v -0.001177953 0.000501363 0.0002495345
v -0.001210346 0.0009802522 0.0002256888
v -0.00128665 0.001012925 0.0002940745
v -0.00115127 0.0005813402 0.0002778672
v -0.001175906 0.0008978241 0.0002548743
v -0.001138451 0.0006356189 0.0002666838
v -0.001132093 0.0007015586 0.0002644352
v -0.001135504 0.0007692577 0.0002675672
v -0.001150786 0.000834611 0.0002701298
v -0.001143684 0.0006254351 0.0003186218
v -0.003173775 0.0006313663 0.0003669513
v -0.003184117 0.0007031974 0.0003252644
v -0.003217513 0.0007966111 0.000340351
v -0.003208747 0.0009835373 0.0003519844
v -0.003178252 0.001061438 0.0003423091
v -0.003236584 0.0007090688 0.0004066753
v -0.003264277 0.0008235985 0.0004042424
v -0.003270309 0.0009046782 0.0004162022
v -0.00311524 0.0005778017 0.0003335579
v -0.003241467 0.0008434526 0.0003586758
v -0.003235367 0.0009090992 0.0003622083
v -0.003145335 0.00111371 0.0003379392
v -0.003239965 0.0008703317 0.0003545995
v -0.003097319 0.001141723 0.0003117351
v -0.003140994 0.0005609608 0.0004034927
v -0.003251682 0.0008701249 0.0003753637
v -0.003120253 0.001158314 0.0003736019
v -0.003072765 0.0005138699 0.0003726143
v -0.003056567 0.001192425 0.0003546163
v -0.003062861 0.0004850047 0.0004144563
v -0.003008467 0.0004803968 0.0003312816
v -0.002975498 0.001234938 0.0003565332
v -0.002892239 0.0003933564 0.0003359428
v -0.002966279 0.0004338781 0.0003743159
v -0.003026972 0.0004673423 0.0003969082
v -0.002828932 0.0003505 0.0003154612
v -0.002887977 0.001272786 0.0003653624
v -0.002809152 0.001293701 0.0003406324
v -0.002776351 0.0003013535 0.0003627776
v -0.002753616 0.001313059 0.000354122
v -0.002681948 0.0002245456 0.000352852
v -0.002720994 0.0002578472 0.000372436
v -0.002634538 0.0001794528 0.0003566289
v -0.002675293 0.001331278 0.0003620214
v -0.002582773 0.0001212336 0.0003302858
v -0.002660588 0.000209467 0.0003935113
v -0.002689111 0.0002325966 0.0004158658
v -0.002545207 0.0000700392 0.0003065221
v -0.002581088 0.001341941 0.0003610531
v -0.00252558 0.00008875404 0.00037964
v -0.002484122 0.00001670273 0.0003274248
v -0.002477564 0.001339805 0.0003550819
v -0.002468848 0.00005954144 0.0004141982
v -0.002424361 -0.00002760038 0.0003505962
v -0.002366552 0.001324216 0.0003469361
v -0.002307984 -0.0001690546 0.0003500478
v -0.002351903 -0.00008744576 0.000373859
v -0.002385111 -0.00003931966 0.0003831415
v -0.002319552 0.001298395 0.0003785879
v -0.002374049 0.00130048 0.0004201459
v -0.002268027 -0.0002620876 0.0003160351
v -0.002255226 0.001281389 0.000372574
v -0.002221525 -0.0002108299 0.0003921158
v -0.002179958 -0.0002868375 0.0003650588
v -0.002168459 0.001262672 0.0003628118
v -0.002161794 -0.0002295196 0.0004234888
v -0.002099994 -0.0003264739 0.0003888717
v -0.002060631 0.001240917 0.0003597788
v -0.002011589 -0.0004086805 0.0003857743
v -0.002041743 -0.0003538642 0.0004055372
v -0.002089814 0.001200744 0.0004301833
v -0.001959981 -0.0004737634 0.0003721403
v -0.001959359 0.001209882 0.0003789236
v -0.001945482 -0.000418709 0.0004209984
v -0.00198106 -0.0003609216 0.0004410747
v -0.002029049 0.00118704 0.0004316687
v -0.001904274 -0.0005201378 0.0003718863
v -0.00187995 0.001234677 0.0003217109
v -0.001806159 -0.0005736988 0.0003676793
v -0.001851871 -0.0005314586 0.000390685
v -0.001781022 -0.000619559 0.0003069145
v -0.001794953 0.0012065 0.0003306201
v -0.00172134 -0.0006057897 0.0003259764
v -0.001708778 0.001176296 0.0003314628
v -0.001745073 -0.0005922826 0.0003591253
v -0.001747801 0.001081928 0.0004435326
v -0.001769701 0.001140005 0.0003956486
v -0.001691647 -0.000570441 0.0003684705
v -0.001623659 0.001159691 0.00031616
v -0.001629046 -0.0005273742 0.0003282215
v -0.001599083 0.001114751 0.0003485707
v -0.001660173 0.001092772 0.0003923175
v -0.001579277 -0.0004680972 0.0003548962
v -0.001541398 0.001074226 0.0003642768
v -0.001543241 -0.0004212758 0.0003281434
v -0.001501699 -0.0003473085 0.0003450655
v -0.001556853 -0.0004178358 0.00040111
v -0.001577175 0.001020093 0.0004231218
v -0.001464465 -0.0002888953 0.0003724228
v -0.001431544 0.00104892 0.0003469115
v -0.00143363 -0.0002123789 0.000372741
v -0.001405616 -0.0001354758 0.0003278031
v -0.001377772 -0.0000555632 0.0003226445
v -0.001484183 -0.0003180774 0.0004056637
v -0.001470666 0.0009941165 0.0004109229
v -0.001352233 0.00000802964 0.0003614422
v -0.001353417 0.001023499 0.0003348447
v -0.001327046 0.00008737561 0.0003718903
v -0.001288816 0.0001904991 0.0003469411
v -0.001309708 0.0009670247 0.0003625319
v -0.001366098 -0.00003267423 0.0004033623
v -0.001366303 0.0009259034 0.0004337567
v -0.00138568 0.0009932553 0.0003802346
v -0.001259728 0.0002621617 0.0003780977
v -0.001232338 0.0009405462 0.0003141878
v -0.001237974 0.0003194264 0.0003647711
v -0.001214154 0.0003959661 0.0003605508
v -0.001190501 0.0004828036 0.0003536574
v -0.001164701 0.0005758173 0.00034712
v -0.001249491 0.000303304 0.0004325778
v -0.001150702 0.0006461152 0.000364182
v -0.001186557 0.0008754878 0.0003297133
v -0.001139752 0.0006883945 0.0003318634
v -0.001138365 0.0007482669 0.0003194836
v -0.001155608 0.0008119916 0.0003387552
v -0.001157273 0.0006935722 0.000391966
v -0.001187502 0.0008532782 0.0003807392
v -0.003274039 0.0006923297 0.0004673259
v -0.003300659 0.0007667096 0.0004718039
v -0.003317556 0.0008777095 0.0004826289
v -0.003348639 0.000815147 0.0005223395
v -0.003356479 0.0008658598 0.0005283252
v -0.00324848 0.0006593444 0.0004538443
v -0.003291113 0.00095255 0.0004639177
v -0.003252506 0.0009904138 0.0004274073
v -0.003215045 0.001055569 0.0004090404
v -0.003174334 0.001126232 0.0004169164
v -0.003285792 0.001012152 0.0004895742
v -0.00320824 0.0006131382 0.0004411827
v -0.003113339 0.001197263 0.0004478214
v -0.003101075 0.0004998004 0.0004447745
v -0.003166217 0.0005435284 0.0004663765
v -0.003212156 0.000572371 0.0004923646
v -0.003180503 0.001169415 0.0004964374
v -0.003052205 0.0004646723 0.0004426844
v -0.003036942 0.001231952 0.0004243056
v -0.00300396 0.0004325797 0.0004446843
v -0.002973948 0.001264783 0.0004411593
v -0.002927754 0.000386575 0.0004422226
v -0.002846779 0.0003455799 0.0004034995
v -0.002907261 0.001292133 0.000457636
v -0.002832054 0.001301681 0.0004104762
v -0.002861561 0.001310415 0.0004814228
v -0.002801215 0.0003059387 0.000450804
v -0.00277785 0.00132309 0.0004551288
v -0.002741562 0.000267431 0.0004461061
v -0.002675172 0.001336577 0.0004573933
v -0.002643073 0.0001983589 0.0004463155
v -0.002696416 0.0002342844 0.000480459
v -0.002734093 0.0002549355 0.0005082408
v -0.002577512 0.0001456517 0.0004193448
v -0.002573937 0.001336023 0.000455407
v -0.002499563 0.0001101689 0.0004759448
v -0.002465233 0.001318055 0.0004546299
v -0.002428034 0.00006246602 0.0004730266
v -0.002400056 0.0012847 0.0004950744
v -0.00241101 0.00001120611 0.0004131333
v -0.002319416 0.001274516 0.0004356215
v -0.002290451 -0.00009278768 0.0004307281
v -0.002342684 -0.00003444666 0.0004353121
v -0.002349462 0.00002778098 0.0005058365
v -0.002234151 -0.0001442264 0.0004365937
v -0.002238599 0.001240989 0.0004414
v -0.002233701 -0.00009248905 0.000482757
v -0.002270927 -0.0000356505 0.0005041542
v -0.002274841 0.00001733321 0.0005593078
v -0.002256912 0.001212112 0.0005092117
v -0.002169081 -0.0001799888 0.0004596949
v -0.002147124 0.001221348 0.0004221702
v -0.002120382 -0.0002126479 0.0004685833
v -0.002133453 0.00118862 0.0004676245
v -0.002193649 0.001199517 0.0004836333
v -0.002111221 -0.0002630627 0.0004319421
v -0.002083519 0.001168003 0.0004797491
v -0.002060783 -0.0002326835 0.0004935468
v -0.002036181 -0.000299408 0.0004534064
v -0.002028229 0.001149516 0.000486731
v -0.001892406 -0.0003834568 0.0004806015
v -0.001952506 -0.0003111007 0.0005003131
v -0.001960299 0.001148879 0.0004643565
v -0.001996991 -0.0002595111 0.0005139135
v -0.002005968 0.001116066 0.0005261687
v -0.001878236 -0.000470452 0.0004230159
v -0.001869489 0.001168046 0.0004058759
v -0.001797922 -0.0005158922 0.0004249534
v -0.001769264 0.001033446 0.0004981477
v -0.001824461 0.00109583 0.0004699718
v -0.001794261 -0.000439538 0.0004864037
v -0.001894738 0.001117173 0.0004814533
v -0.001740337 -0.0005551637 0.000403937
v -0.00170248 0.001033008 0.0004627153
v -0.001722567 -0.0005003377 0.0004558751
v -0.001714676 -0.0004411865 0.0005062257
v -0.001718326 0.0009802104 0.000512566
v -0.001692828 -0.0005405506 0.0004187553
v -0.00164278 0.001021047 0.0004455307
v -0.001656298 -0.000533203 0.0003993076
v -0.001618083 -0.0004826421 0.000415871
v -0.00160034 0.0009775889 0.0004648451
v -0.001667573 -0.0005103386 0.0004388264
v -0.001662069 -0.0004638876 0.0004766962
v -0.001670897 0.0009292649 0.0005276586
v -0.001655939 0.0009763835 0.000486722
v -0.001600491 -0.0004142172 0.0004789332
v -0.001530819 0.0009572764 0.0004602358
v -0.001579372 0.0009102902 0.0005099513
v -0.001523134 -0.0003392268 0.0004645853
v -0.001455124 0.0009339668 0.0004585086
v -0.001466054 -0.00027592 0.0004356062
v -0.001439477 -0.0002029426 0.0004785678
v -0.001397467 -0.0001046828 0.0004353633
v -0.001416074 0.0008827648 0.0004883774
v -0.001479621 -0.0002636257 0.0005123204
v -0.001457583 -0.0002072908 0.0005478223
v -0.001471059 0.0008365688 0.0005332096
v -0.001491054 0.0009048869 0.0004911865
v -0.001367387 -0.00002281766 0.0004664024
v -0.001358668 0.0008719526 0.000480305
v -0.001347553 0.00002496143 0.000432188
v -0.001332366 0.00008959997 0.0004801705
v -0.001307386 0.0001673841 0.000462136
v -0.001275643 0.0002475758 0.0004501539
v -0.001301113 0.0008550644 0.0004661823
v -0.001353948 0.00003299972 0.0005093271
v -0.00134402 0.00008586612 0.0005468189
v -0.001259065 0.0003207992 0.0005100271
v -0.001248253 0.0008914154 0.0003984034
v -0.001230314 0.0003746238 0.0004556751
v -0.001210297 0.0004598081 0.000444594
v -0.001196618 0.0005541486 0.0004365609
v -0.00117713 0.000641278 0.000418628
v -0.001202618 0.0008444118 0.0004170351
v -0.001259612 0.0007692357 0.0004914558
v -0.001236234 0.0008361769 0.0004471908
v -0.00119159 0.000720961 0.0004428445
v -0.0011739 0.000817917 0.0003961188
v -0.00115845 0.0007577685 0.0003835993
v -0.00119741 0.0007961107 0.000435247
v -0.003381941 0.0007786973 0.0005759654
v -0.003379294 0.0008491178 0.000558624
v -0.003419015 0.000971519 0.0006356026
v -0.003337903 0.0007492352 0.0005269042
v -0.003369602 0.0009165842 0.0005572261
v -0.003305728 0.0007033944 0.0005060862
v -0.00332204 0.0009690269 0.000515292
v -0.003336874 0.0006829623 0.0005644907
v -0.003352339 0.001006757 0.0005746771
v -0.003369299 0.001059603 0.0006323467
v -0.003264344 0.0006301686 0.0005054138
v -0.003307044 0.001035119 0.0005339799
v -0.003227351 0.0005560154 0.0005351452
v -0.003250177 0.001100684 0.0005150486
v -0.00326086 0.0005028782 0.0006291479
v -0.003283625 0.0005743352 0.0005874739
v -0.003319662 0.001072059 0.0005802684
v -0.003187001 0.000528781 0.0005145739
v -0.00320404 0.001181903 0.0005501714
v -0.003141796 0.0004981787 0.0005025957
v -0.003152983 0.001220615 0.0005480147
v -0.003184136 0.0004833768 0.0005754575
v -0.003196379 0.001210511 0.0005824208
v -0.003070486 0.0004440245 0.0005103588
v -0.003058863 0.001255092 0.0005140196
v -0.003093126 0.0004008558 0.0006048654
v -0.003033794 0.001293164 0.0005946054
v -0.00298875 0.0004017036 0.0004981806
v -0.00297474 0.00128893 0.0005181913
v -0.002942887 0.0003663754 0.0005241266
v -0.002915709 0.001306301 0.0005189604
v -0.00300735 0.0003799583 0.0005665362
v -0.002958213 0.001308958 0.0005712953
v -0.002866311 0.0003303141 0.0005107665
v -0.002878882 0.001323004 0.0005583084
v -0.002783762 0.0002809268 0.0005277376
v -0.002775696 0.001336892 0.0005569597
v -0.002741773 0.000253995 0.0005515091
v -0.002740056 0.0002470492 0.00063693
v -0.002766776 0.0002615924 0.000599717
v -0.002710167 0.0002382159 0.0005320956
v -0.002674221 0.001339712 0.0005551063
v -0.002665498 0.0002140385 0.0005306368
v -0.002712027 0.0002359708 0.0005867159
v -0.002583787 0.000170785 0.0005243609
v -0.002576736 0.001328438 0.0005553561
v -0.002501135 0.0001409273 0.0005642037
v -0.002492333 0.001302952 0.0005666303
v -0.002422887 0.001266762 0.0005879063
v -0.002415027 0.00009685853 0.0005566935
v -0.002328346 0.001243082 0.0005195151
v -0.002292854 0.001201568 0.0005718625
v -0.002307876 0.0000694336 0.000601891
v -0.00222963 0.001184531 0.0005416591
v -0.002193428 -0.00006740002 0.0005393879
v -0.002212337 -0.00001169113 0.00057699
v -0.002235291 0.00003560431 0.0006106435
v -0.002176976 -0.0001241134 0.000502224
v -0.002157114 0.001160506 0.0005342462
v -0.002133043 -0.00009829606 0.000559138
v -0.002129624 -0.00003951773 0.0006097663
v -0.002168867 0.00002241122 0.0006398414
v -0.002092303 -0.0001610361 0.0005332334
v -0.002072128 0.001126252 0.0005415326
v -0.002035 0.001102518 0.0005575399
v -0.00206667 -0.00009395349 0.0006070493
v -0.002062593 0.001084289 0.0006009679
v -0.00199894 -0.0002038752 0.0005578504
v -0.002008853 0.001085853 0.0005699482
v -0.001871316 -0.0003144267 0.0005469327
v -0.001928875 -0.0002530183 0.0005605575
v -0.001944984 0.00108057 0.0005478617
v -0.002007263 0.001045629 0.0006259647
v -0.001817554 -0.0003680164 0.0005340061
v -0.001877717 0.001076091 0.0005220522
v -0.001772135 0.0009627393 0.0005570549
v -0.001835632 0.001028516 0.000544563
v -0.001788314 -0.0003165629 0.0005852614
v -0.001839483 -0.000251134 0.0006061371
v -0.001891 0.001040528 0.0005681064
v -0.001736672 -0.0003792284 0.0005545124
v -0.00171821 0.0009343318 0.0005457186
v -0.001691239 0.0009045084 0.0005531138
v -0.001711108 -0.0003186381 0.000611145
v -0.001746526 -0.0002579315 0.0006351451
v -0.001720564 0.0008867823 0.0005802908
v -0.001662003 -0.0004031518 0.0005327205
v -0.001641076 0.0008634517 0.0005606182
v -0.001655535 -0.0002745232 0.0006425663
v -0.001630313 0.0007179689 0.0006346559
v -0.001672685 0.0008055272 0.0006069395
v -0.001598752 -0.000347013 0.0005557871
v -0.001556138 0.0008327791 0.0005544189
v -0.001530755 -0.0002880403 0.000560549
v -0.001489497 -0.0002381443 0.0005727372
v -0.00150559 0.0007808348 0.0005725092
v -0.001587454 -0.0002856012 0.0006128809
v -0.001564131 0.0006533435 0.0006427765
v -0.001562052 0.0007086242 0.0006198747
v -0.001578414 0.0007716595 0.0005939367
v -0.001473834 -0.0001820162 0.0006037343
v -0.001448814 0.0007689373 0.0005681086
v -0.001430121 -0.0001269919 0.000558936
v -0.001386469 -0.00002269983 0.0005479431
v -0.001363471 0.00005251161 0.0005731224
v -0.001414618 0.0007910602 0.0005495304
v -0.001475931 0.0006928207 0.0006075883
v -0.001356016 0.0001107812 0.0006068407
v -0.001362205 0.0008136892 0.0005183803
v -0.001329299 0.0001469257 0.0005524445
v -0.001305852 0.0002492772 0.0005657173
v -0.001316546 0.0007438422 0.0005404353
v -0.001334043 0.0003270268 0.0006441646
v -0.001353614 0.0004066569 0.0006607088
v -0.001344293 0.000494064 0.0006407936
v -0.001381999 0.0006050082 0.0006173887
v -0.001387456 0.000678536 0.0005937502
v -0.001386037 0.00073898 0.0005672499
v -0.001273334 0.0003615511 0.0005921733
v -0.00127802 0.0007108065 0.0005320797
v -0.001241972 0.0003922442 0.0005460394
v -0.001226075 0.0004384143 0.0005152046
v -0.001231034 0.0005159283 0.0005282926
v -0.001237179 0.0006456629 0.0005060007
v -0.001288131 0.0005611559 0.0005875736
v -0.001320312 0.0006714641 0.0005684003
v -0.003481209 0.000934753 0.0006840935
v -0.003452434 0.0009142947 0.000649194
v -0.003470019 0.001009221 0.0007054029
v -0.003395933 0.0007138423 0.0006174257
v -0.003428069 0.0007731974 0.0006320543
v -0.003425096 0.000862914 0.0006171012
v -0.003418048 0.00104739 0.00067579
v -0.00344879 0.0006984519 0.000680876
v -0.003473655 0.0008072545 0.000672633
v -0.003474283 0.0008787162 0.0006664459
v -0.003370217 0.0006347984 0.0006353902
v -0.003386693 0.001099364 0.0006836567
v -0.003277645 0.0004728368 0.0006709034
v -0.00333379 0.0005401089 0.0006662102
v -0.003411504 0.0006025893 0.0006948564
v -0.003226179 0.0004535212 0.0006444976
v -0.00331558 0.001141351 0.0006472972
v -0.003235207 0.001186957 0.0006019134
v -0.003250886 0.001226401 0.0006859469
v -0.003231444 0.001267005 0.0007393038
v -0.003169715 0.0004087882 0.0006491881
v -0.003190099 0.001234598 0.0006215879
v -0.003110247 0.0003615061 0.0006693001
v -0.003120145 0.001266106 0.0006104773
v -0.003174304 0.0003195122 0.000752782
v -0.003170086 0.0003576059 0.0007068511
v -0.003180477 0.001269408 0.0006875368
v -0.003025726 0.0003383086 0.0006606847
v -0.003099508 0.001298869 0.0006834268
v -0.003102186 0.0003157424 0.0007319121
v -0.002933184 0.0003327685 0.0006005834
v -0.002987937 0.001321552 0.0006579077
v -0.002838884 0.0002906924 0.0006230065
v -0.002878713 0.001339607 0.0006590065
v -0.00272731 0.0002453142 0.0006850679
v -0.002775974 0.0002626576 0.0006699968
v -0.002702813 0.0002325255 0.0006415538
v -0.002775166 0.001345776 0.0006566281
v -0.002672348 0.0002288719 0.0006862442
v -0.002643939 0.0002091375 0.0006114995
v -0.002676376 0.001339609 0.0006546074
v -0.002600312 0.0002090013 0.000688161
v -0.00255188 0.0001775492 0.0006219244
v -0.002586067 0.0013204 0.0006560999
v -0.002517245 0.0001893036 0.000701054
v -0.002452512 0.000149186 0.0006438281
v -0.002508561 0.001289985 0.0006638974
v -0.002443243 0.001250363 0.000683851
v -0.002443796 0.0001768227 0.0007213212
v -0.002368072 0.0001150637 0.0006360399
v -0.002366203 0.001227132 0.0006120874
v -0.002325949 0.001193379 0.000640777
v -0.002380768 0.001212389 0.0006808127
v -0.002301764 0.0001108461 0.0006719998
v -0.002246464 0.001159859 0.0006208965
v -0.002213709 0.00008341463 0.0006779981
v -0.0021452 0.001110144 0.0006208782
v -0.002091162 0.00001561801 0.0006730821
v -0.002129873 0.00005982577 0.0006904131
v -0.002106007 0.001076632 0.0006430527
v -0.002143834 0.001068635 0.000696154
v -0.002035213 -0.00003224552 0.0006674717
v -0.002076097 0.001052587 0.0006617286
v -0.001999524 -0.00008344155 0.0006524565
v -0.0020453 0.001021344 0.0006898661
v -0.002024226 0.00002558806 0.0007050081
v -0.002055136 0.00007163972 0.0007202991
v -0.002098592 0.001029747 0.0007237647
v -0.002000452 -0.0001377865 0.0006100543
v -0.001998401 0.0009971294 0.000687676
v -0.001927081 0.0009981394 0.0006323604
v -0.001930048 -0.00009815034 0.0006692223
v -0.0019659 0.00007606897 0.0007399804
v -0.001903758 -0.0001756374 0.0006263016
v -0.001873065 0.001003085 0.0005946998
v -0.00178897 0.0008950127 0.0006170447
v -0.001836424 0.0009628113 0.0006021792
v -0.001827441 -0.00009344308 0.0006962718
v -0.001889794 0.0001547453 0.0007640272
v -0.001841354 0.0007820058 0.0007270929
v -0.00186765 0.0009002382 0.0006729908
v -0.001875917 0.0009689783 0.0006257519
v -0.001788597 -0.0001813604 0.0006620022
v -0.001738932 0.0008327193 0.0006239028
v -0.001669164 -0.0003197722 0.0006258417
v -0.001683953 0.0006817934 0.0006696218
v -0.001714315 0.0007582658 0.0006507421
v -0.001716961 -0.0001062238 0.000705875
v -0.001743041 -0.00001283298 0.0007346069
v -0.001776935 0.0002419437 0.0007616255
v -0.001737633 0.0003845463 0.0007501271
v -0.001740051 0.0005020025 0.0007401187
v -0.001759603 0.0005940176 0.0007334592
v -0.001763838 0.000695649 0.0007065734
v -0.001787057 0.0008122351 0.0006661859
v -0.001666941 -0.0003484764 0.0005935125
v -0.001654351 -0.000313781 0.0006320677
v -0.001690572 -0.0001929336 0.0006762178
v -0.001630931 0.000648045 0.000662237
v -0.001635937 -0.0003198048 0.0006151819
v -0.001620002 -0.0002012188 0.0006760068
v -0.001598857 0.0006004962 0.0006699292
v -0.001656654 -0.000328618 0.0006222814
v -0.001615673 -0.000123037 0.0007052744
v -0.001635695 -0.00002407154 0.0007309869
v -0.001660274 0.00008792022 0.0007462049
v -0.001659839 0.0002176768 0.0007471972
v -0.001658749 0.0004551004 0.0007209537
v -0.001676531 0.0005880471 0.0006979814
v -0.001587694 -0.0002344233 0.0006515484
v -0.001548134 0.0005901054 0.0006616712
v -0.001528955 -0.0002262367 0.000623281
v -0.001507009 0.0006182692 0.0006439402
v -0.001556648 -0.0001674963 0.0006781156
v -0.001553743 -0.000110364 0.0007063846
v -0.001545482 -0.0000457887 0.0007247681
v -0.001539326 0.00005994091 0.0007368397
v -0.001553015 0.0001792773 0.000734283
v -0.001569313 0.0002988643 0.0007279843
v -0.00157546 0.0004091598 0.0007126214
v -0.00157748 0.0005244768 0.0006875459
v -0.001501883 -0.000159842 0.0006534666
v -0.001455971 0.0006003284 0.0006399087
v -0.001462209 -0.000109891 0.0006443136
v -0.001424413 -0.0000361538 0.0006351696
v -0.001393305 0.0000593141 0.0006393079
v -0.001390524 0.0002535999 0.0006870959
v -0.001404508 0.0003453429 0.000685136
v -0.00141493 0.0004375768 0.0006757862
v -0.001428588 0.000528172 0.0006567892
v -0.001506974 -0.00009746881 0.0006943102
v -0.001432644 0.000138869 0.0007093063
v -0.00146968 0.0002661957 0.0007122023
v -0.001485293 0.0003726164 0.0007028127
v -0.001494378 0.0004718878 0.0006851288
v -0.001499718 0.0005556313 0.0006636832
v -0.001377477 0.0001384612 0.0006689267
v -0.001347284 0.000241843 0.0006497005
v -0.001348172 0.0001799823 0.0006362149
v -0.001290918 0.0004227296 0.0006314003
v -0.001282514 0.000487921 0.000619794
v -0.001262491 0.0004066355 0.0006148258
v -0.001255058 0.0004959031 0.0005922803
v -0.00124983 0.0004086393 0.0005954513
v -0.001240463 0.0004493308 0.0005785193
v -0.001255555 0.0004301516 0.0006138157
v -0.001259677 0.0004584419 0.0006141545
v -0.003624841 0.000623456 0.0008395417
v -0.003642827 0.0008168902 0.0008175022
v -0.003649153 0.0009108254 0.0008264201
v -0.003650893 0.0009752541 0.0008503163
v -0.003506079 0.0006700506 0.000742021
v -0.003523122 0.0007575693 0.0007287578
v -0.003524753 0.000863723 0.0007174151
v -0.003532394 0.0009560153 0.0007417467
v -0.003580759 0.0006005432 0.0008220791
v -0.003590183 0.0006931235 0.0007999568
v -0.00357755 0.0008061672 0.0007659313
v -0.003590111 0.0008906733 0.0007759141
v -0.003594256 0.0009749643 0.0008038732
v -0.0034625 0.0006256159 0.0007254003
v -0.003519258 0.001046696 0.0007788215
v -0.003443775 0.0005841033 0.0007314327
v -0.003440887 0.001082284 0.0007267331
v -0.003494265 0.0005750218 0.0007764365
v -0.003402757 0.000536931 0.0007272554
v -0.003387691 0.001149577 0.0007376098
v -0.003327813 0.0004675163 0.0007162259
v -0.003321409 0.00120523 0.0007374007
v -0.003277797 0.001247332 0.0007536183
v -0.003370122 0.0003800965 0.0008111272
v -0.003403632 0.0004617829 0.0007769502
v -0.003243437 0.0004120613 0.0006986632
v -0.003257954 0.00127195 0.0007880565
v -0.003218762 0.000308684 0.0007898965
v -0.003233002 0.0003498999 0.0007505394
v -0.00329403 0.0003306611 0.0008091894
v -0.003310375 0.0003966694 0.0007590921
v -0.003159549 0.0002877884 0.0007986584
v -0.003185126 0.001294893 0.000770643
v -0.003071265 0.0002728664 0.0008121888
v -0.003083233 0.001322774 0.0007663088
v -0.003020375 0.0002966544 0.0007405067
v -0.002926282 0.0002926796 0.0007196675
v -0.002979268 0.001341048 0.0007609326
v -0.002987099 0.0002751802 0.0007903622
v -0.002819269 0.0002736109 0.000733137
v -0.002875719 0.001350419 0.0007589066
v -0.002748528 0.0002580197 0.0007420498
v -0.002699316 0.0002445176 0.0007329778
v -0.002774738 0.001348857 0.000756647
v -0.002691539 0.0002539828 0.000794086
v -0.002633783 0.000235317 0.0007578499
v -0.00267868 0.001335064 0.0007545316
v -0.002629643 0.0002515631 0.0008247953
v -0.002560175 0.0002166392 0.0007512988
v -0.002591308 0.001309835 0.000752032
v -0.002479014 0.0002099301 0.0007822933
v -0.002520181 0.001278996 0.0007487946
v -0.002399379 0.0001886809 0.0007725364
v -0.002425221 0.001221118 0.0007482681
v -0.002477776 0.00125266 0.000757708
v -0.002479955 0.001240349 0.0008116998
v -0.00251905 0.001267308 0.0008027334
v -0.00236331 0.0001508824 0.0007098374
v -0.002338596 0.001173309 0.0007267789
v -0.002318215 0.0001829664 0.0007899218
v -0.00225756 0.0001403023 0.0007380224
v -0.002231857 0.001109936 0.0007227293
v -0.002190891 0.001071981 0.0007470028
v -0.002242359 0.0001788476 0.0007996233
v -0.002225738 0.001071912 0.000808645
v -0.002191302 0.0001240989 0.0007349323
v -0.002158314 0.001045731 0.0007633849
v -0.002118509 0.001014001 0.0007818644
v -0.002169445 0.001028854 0.0008260065
v -0.002120523 0.0001171038 0.0007396035
v -0.002053083 0.0009865718 0.0007552333
v -0.00196962 0.00001050291 0.0007156483
v -0.001955731 -0.00004262275 0.0006948177
v -0.00192225 0.00004662704 0.0007409255
v -0.001998632 0.0001517206 0.0007684201
v -0.001967057 0.0009326003 0.0007374777
v -0.001900232 0.00008919677 0.0007536414
v -0.001925185 0.0001901357 0.0007772551
v -0.001881365 0.000735438 0.0007882876
v -0.001917375 0.0008322009 0.0007741323
v -0.001907765 0.000005741299 0.0007300958
v -0.001943386 0.0002331472 0.0007964883
v -0.00193302 0.0003089657 0.0008205422
v -0.001978405 0.0008762903 0.0008123495
v -0.001882299 -0.00004226606 0.0007146307
v -0.001858551 0.0001148472 0.0007607888
v -0.001873538 0.0002297713 0.0007785301
v -0.001831239 0.0007046585 0.0007538249
v -0.001818953 -0.00002490032 0.0007313514
v -0.001825322 0.0001573314 0.0007634739
v -0.00183523 0.0002744824 0.00077758
v -0.001817509 0.0003363659 0.0007775461
v -0.001805822 0.00044156 0.0007751167
v -0.001805572 0.0005443867 0.0007687854
v -0.00181245 0.0006344912 0.0007584409
v -0.001845484 0.00001295209 0.000742303
v -0.001864746 0.00006305398 0.0007520477
v -0.001878712 0.0002931194 0.0007932183
v -0.001878964 0.0003846826 0.0008102247
v -0.00186171 0.0004953025 0.000808533
v -0.001857705 0.0005923705 0.0008017993
v -0.001858297 0.0006661871 0.000789504
v -0.001792189 0.00001909268 0.0007472915
v -0.001790765 0.0001625272 0.0007626471
v -0.001749263 0.00005887577 0.0007521269
v -0.00174978 0.0001358619 0.0007577778
v -0.001696467 0.0003285797 0.0007446913
v -0.001675619 0.0003833334 0.0007350293
v -0.001802635 0.00006680085 0.0007554356
v -0.001814767 0.0001160636 0.0007610035
v -0.00168387 0.0002814601 0.000747263
v -0.0016357 0.0003903575 0.000726796
v -0.001636366 0.0002940073 0.0007397027
v -0.001619961 0.0003457138 0.0007308977
v -0.001656982 0.0003217536 0.000739783
v -0.001655576 0.0003547494 0.0007352388
v -0.001492399 0.00001452708 0.000735563
v -0.001471269 0.00006528523 0.0007348302
v -0.001490989 -0.00003418637 0.0007206545
v -0.001446928 0.00006993597 0.0007259776
v -0.001460783 -0.0000413758 0.0006923434
v -0.00143692 0.00003323779 0.0007002001
v -0.001389271 0.0001695808 0.0007074199
v -0.001464852 0.000002110311 0.0007230066
v -0.001459378 0.00003780909 0.0007312035
v -0.001385672 0.0001612915 0.0007015625
v -0.001375679 0.000192358 0.0006888887
v -0.001369281 0.0001718424 0.0006860275
v -0.001376546 0.0001762888 0.0007027926
v -0.003636623 0.0006055422 0.0008511631
v -0.003692438 0.000802926 0.0008570795
v -0.003697506 0.0008582576 0.000861415
v -0.003697387 0.000930723 0.0008723998
v -0.003736694 0.0007864229 0.000905821
v -0.00374211 0.0008844257 0.000910501
v -0.003731469 0.0009445147 0.0009129054
v -0.003619094 0.0005855286 0.0008513047
v -0.003644581 0.0006174908 0.0008531268
v -0.003676109 0.0007409693 0.0008544917
v -0.003690628 0.0009910966 0.0008995471
v -0.003658288 0.0006443728 0.000861527
v -0.00363575 0.0004796551 0.0009249989
v -0.003644536 0.0006012912 0.0008612681
v -0.003712686 0.0006943589 0.0008958688
v -0.00356321 0.0005311097 0.0008444629
v -0.003606807 0.001052912 0.0008708985
v -0.003571974 0.0004146995 0.0009225996
v -0.003588286 0.0004833746 0.000888858
v -0.003539466 0.001144549 0.0009036367
v -0.003484052 0.0004825051 0.0008189129
v -0.003519673 0.00110872 0.0008342816
v -0.003409629 0.0003677256 0.0008452187
v -0.003440275 0.000412618 0.0008336211
v -0.003459281 0.001123328 0.0007854151
v -0.003462056 0.000359816 0.0008906809
v -0.003518206 0.0004442937 0.0008655958
v -0.003466131 0.001163325 0.0008443008
v -0.00345372 0.001206824 0.000912949
v -0.003372783 0.0003346999 0.0008521155
v -0.003417304 0.001171971 0.0007979682
v -0.003323544 0.000297417 0.000865291
v -0.003370478 0.00119919 0.0007846871
v -0.003323343 0.001242047 0.0008084899
v -0.003389789 0.000300047 0.0009040492
v -0.003400041 0.001208544 0.0008395274
v -0.003362318 0.001248426 0.0008894799
v -0.003245424 0.0002800157 0.000853267
v -0.003265407 0.001284406 0.0008589264
v -0.003161271 0.0002572763 0.0008716876
v -0.003166627 0.001316693 0.0008559725
v -0.0030917 0.0002473153 0.0008934811
v -0.003070753 0.001337753 0.0008565686
v -0.002995705 0.0002535959 0.0008821554
v -0.002971846 0.001350167 0.0008570506
v -0.002933305 0.0002695254 0.0008117254
v -0.002861856 0.0002705057 0.0008100586
v -0.002871952 0.001353137 0.0008574993
v -0.00290551 0.0002600315 0.00086994
v -0.002758026 0.0002650726 0.0008390281
v -0.002773009 0.001344944 0.0008569451
v -0.002833792 0.0002607841 0.0008988752
v -0.00265789 0.0002630106 0.0008701851
v -0.002676371 0.001324043 0.0008547896
v -0.00259462 0.0002586129 0.0008749174
v -0.00255244 0.0002401844 0.0008285644
v -0.002583709 0.001292456 0.0008415097
v -0.002494366 0.001234653 0.0008714756
v -0.002533622 0.00126321 0.0008593205
v -0.002543354 0.0002592864 0.0009000074
v -0.002539902 0.001253026 0.0009197298
v -0.002582903 0.001279592 0.0009118217
v -0.002476507 0.0002325408 0.0008422576
v -0.002425415 0.001196986 0.0008355391
v -0.002388601 0.0002284553 0.0008620962
v -0.002325028 0.001126463 0.0008450305
v -0.002270538 0.001079933 0.0008747839
v -0.002359159 0.0002592502 0.000941374
v -0.002260001 0.0002223305 0.000860165
v -0.00222415 0.001047437 0.0008799442
v -0.002204424 0.0001975476 0.0008260654
v -0.002172568 0.001012989 0.0008775131
v -0.002264815 0.001067256 0.0009046714
v -0.002176504 0.0001651941 0.0007851867
v -0.002114737 0.0009846098 0.0008417165
v -0.002143996 0.0002374229 0.0008594735
v -0.002120735 0.0003260048 0.0009360563
v -0.002151103 0.0009861237 0.0009026588
v -0.002083058 0.0001828669 0.0007990988
v -0.002037859 0.0009290352 0.000825234
v -0.002012715 0.0002105488 0.0008060813
v -0.001992156 0.0002660444 0.0008306449
v -0.002018724 0.0008555657 0.0008812472
v -0.00205354 0.0002364781 0.0008344019
v -0.002043938 0.000305245 0.000875155
v -0.002047939 0.0003940418 0.0009333749
v -0.001976761 0.0003228535 0.0008498888
v -0.001962394 0.0008245134 0.0008381503
v -0.001938667 0.0003684964 0.0008431367
v -0.001928481 0.0004555203 0.0008558087
v -0.001901713 0.0005511267 0.0008416067
v -0.001912994 0.0006546704 0.0008449915
v -0.001933656 0.0007610493 0.0008373202
v -0.001985568 0.0003814323 0.0008786243
v -0.001989787 0.0004598581 0.0009108202
v -0.001964991 0.0007200394 0.0008923384
v -0.00197686 0.0007886213 0.0008787461
v -0.003789656 0.0007398238 0.000972028
v -0.003800265 0.0008466588 0.0009828135
v -0.003766438 0.0009216721 0.0009508058
v -0.003841071 0.0008835528 0.001043801
v -0.003751323 0.0007078174 0.0009313495
v -0.00374313 0.0009782308 0.0009544189
v -0.003672928 0.0004803789 0.0009534943
v -0.003732987 0.0006550564 0.0009264289
v -0.003724661 0.0004974612 0.0009929676
v -0.003770622 0.0005952073 0.0009921971
v -0.003766188 0.0006587113 0.0009628556
v -0.003646004 0.0004373531 0.0009602691
v -0.003681769 0.0005185594 0.000940201
v -0.00369763 0.0006276077 0.0009028454
v -0.003695613 0.001046657 0.0009640762
v -0.003606842 0.0003886875 0.0009649363
v -0.003647755 0.0005603175 0.0008904687
v -0.003626138 0.0011147 0.0009621182
v -0.003663639 0.0003844158 0.001011538
v -0.00371985 0.0005864025 0.000943297
v -0.003684797 0.001092316 0.001005512
v -0.003549156 0.0003350647 0.0009727568
v -0.00357024 0.001162163 0.0009640047
v -0.003519574 0.001188578 0.0009557572
v -0.003614979 0.0003087226 0.001042073
v -0.003549409 0.00119159 0.000999884
v -0.003456763 0.0003030982 0.0009435384
v -0.00347261 0.001229512 0.001010714
v -0.00340935 0.0002678786 0.0009655543
v -0.003401048 0.001248422 0.0009561997
v -0.003327892 0.0002669797 0.0009211924
v -0.003317392 0.001280884 0.0009590968
v -0.003384768 0.00126499 0.001011341
v -0.003251319 0.0002466503 0.000938875
v -0.003229137 0.001307067 0.0009299125
v -0.00316554 0.0002357597 0.0009547469
v -0.003150284 0.001327446 0.0009402415
v -0.003080016 0.0002346486 0.0009648905
v -0.003058181 0.00134295 0.0009444079
v -0.003006007 0.0002372193 0.0009806666
v -0.002963978 0.001350023 0.0009503369
v -0.002914153 0.0002477724 0.0009614016
v -0.002866988 0.001347845 0.0009543436
v -0.002812814 0.0002544561 0.0009927726
v -0.002769497 0.001334036 0.0009575118
v -0.002760665 0.0002633503 0.000934367
v -0.002683494 0.0002676501 0.0009390188
v -0.00266523 0.00130393 0.0009648586
v -0.00254487 0.001243743 0.0009696369
v -0.00259156 0.00127097 0.0009732151
v -0.002578111 0.0002708043 0.0009530746
v -0.002487811 0.001213096 0.0009321536
v -0.002505361 0.0002683979 0.0009478448
v -0.002524675 0.00122006 0.0009993764
v -0.002575555 0.001249579 0.001020761
v -0.002479214 0.0002517818 0.0008976958
v -0.00241612 0.00116695 0.000914427
v -0.002417788 0.0002630455 0.0009493307
v -0.002465261 0.0002679812 0.0009567505
v -0.00235974 0.0002875483 0.001006994
v -0.002373241 0.001128081 0.000943803
v -0.002329436 0.0002696328 0.0009636303
v -0.002386767 0.0003012081 0.001057202
v -0.002308198 0.0002571593 0.0009272982
v -0.00230307 0.001085089 0.0009290265
v -0.002222436 0.0002950651 0.0009577515
v -0.002254036 0.0010528 0.00092746
v -0.002299322 0.0002848059 0.0009806427
v -0.00226831 0.001041997 0.0009824234
v -0.002163435 0.0003527995 0.0009936354
v -0.002203537 0.001015025 0.0009303917
v -0.002114148 0.0003981728 0.0009926604
v -0.002162389 0.0009788434 0.0009374141
v -0.002158525 0.0003869197 0.001023442
v -0.002193002 0.0009738673 0.0009902114
v -0.002066628 0.000448044 0.0009800413
v -0.002107337 0.0009330809 0.0009174063
v -0.002029429 0.0004661822 0.0009527098
v -0.001999096 0.0006889659 0.0009395927
v -0.00202026 0.0007737792 0.0009360239
v -0.002069005 0.0008530586 0.0009486348
v -0.002050254 0.0005239648 0.000989305
v -0.002059379 0.0006074377 0.001010663
v -0.002052598 0.0006981035 0.0009959518
v -0.002086065 0.000803702 0.001000696
v -0.00213 0.0008913267 0.0009963519
v -0.002004459 0.0005201883 0.0009424657
v -0.001965652 0.0006453149 0.0009072926
v -0.001956495 0.0005554761 0.0008953196
v -0.002009439 0.0006048809 0.0009562567
v -0.003880004 0.0008599479 0.001087977
v -0.003853116 0.0008350888 0.00104554
v -0.003861415 0.000926345 0.00110012
v -0.003786981 0.0004953736 0.001047337
v -0.003817551 0.0005715074 0.001048872
v -0.00381476 0.0006674575 0.001016728
v -0.003849429 0.0007644723 0.001041004
v -0.003798888 0.0009398229 0.001013694
v -0.003848024 0.0004919819 0.00110241
v -0.003887058 0.0005902971 0.001108477
v -0.003882497 0.0008115757 0.00107989
v -0.003755399 0.0004332098 0.001050615
v -0.003759074 0.00100912 0.001012243
v -0.003724224 0.0003774091 0.001056554
v -0.003744351 0.001073524 0.00107341
v -0.003786301 0.0003786809 0.001104729
v -0.003804692 0.000997918 0.001075421
v -0.003774934 0.001083798 0.001134772
v -0.003695883 0.0003348239 0.001069399
v -0.00366683 0.001128602 0.001038201
v -0.003661307 0.0002884397 0.001094293
v -0.003604777 0.00116385 0.001014524
v -0.003733868 0.0003070475 0.001123425
v -0.0036358 0.001171274 0.001074451
v -0.003585043 0.0002610176 0.001091297
v -0.003566652 0.00120744 0.001068717
v -0.003546244 0.0002821283 0.001027957
v -0.003484208 0.0002771408 0.0009954651
v -0.003493357 0.001245009 0.00109896
v -0.003448703 0.00024985 0.001026495
v -0.003508593 0.0002554746 0.001049394
v -0.003362871 0.0002403152 0.00101618
v -0.003388968 0.001272104 0.001096112
v -0.003326776 0.00128557 0.001036558
v -0.003260547 0.0002275835 0.001033894
v -0.003229475 0.001308244 0.001025361
v -0.003294496 0.001293874 0.00108782
v -0.003165497 0.0002243241 0.001045077
v -0.003126866 0.001330198 0.001012757
v -0.00307452 0.0002266086 0.001053732
v -0.003046743 0.001338988 0.00102978
v -0.00298252 0.0002326549 0.00105828
v -0.002954366 0.001342225 0.001038607
v -0.002884809 0.0002405808 0.00106922
v -0.002861641 0.001335957 0.001047153
v -0.002779029 0.0002500368 0.001096615
v -0.00277168 0.001320428 0.001053759
v -0.002722592 0.0002624045 0.001011542
v -0.002627372 0.0002716511 0.001033091
v -0.002707717 0.001300865 0.001068302
v -0.002688783 0.0002623142 0.001084581
v -0.002552659 0.0002790898 0.001030539
v -0.002638432 0.001277252 0.001048437
v -0.002549514 0.001216772 0.001058527
v -0.002599485 0.001250137 0.001069796
v -0.002595708 0.001229268 0.001112123
v -0.002634648 0.001259722 0.001103382
v -0.002461523 0.0002877737 0.001033929
v -0.002459111 0.001165249 0.001011473
v -0.002397862 0.0003082879 0.001082677
v -0.002376086 0.0003097904 0.00108017
v -0.002352682 0.001090054 0.001011487
v -0.002356107 0.000321077 0.001084151
v -0.002304537 0.001049437 0.001030475
v -0.002379548 0.0003163754 0.001097972
v -0.00233141 0.001042724 0.001077266
v -0.00228851 0.0003300297 0.001048431
v -0.002264189 0.001011566 0.001039611
v -0.002211248 0.0003814374 0.001053976
v -0.002227162 0.0009734593 0.001046344
v -0.002266983 0.0003789954 0.001100021
v -0.002264828 0.0009702003 0.001093542
v -0.002153266 0.0004344547 0.001049049
v -0.002193692 0.0009265477 0.001050219
v -0.002102636 0.0004768688 0.001024568
v -0.002098584 0.0005624532 0.001045656
v -0.002102128 0.0006551913 0.001055597
v -0.002117641 0.0007526687 0.001056918
v -0.002149868 0.0008460978 0.00105534
v -0.002146794 0.0005168794 0.001080761
v -0.002147169 0.0006097371 0.001101122
v -0.002157691 0.0007073757 0.001109901
v -0.002179939 0.0008032955 0.001109432
v -0.002213105 0.0008893625 0.001102614
v -0.004046177 0.0005691739 0.001252503
v -0.00405617 0.0006420254 0.001255241
v -0.003914525 0.0004919164 0.001154579
v -0.003948651 0.0005745437 0.001166029
v -0.003911503 0.0008236567 0.001119569
v -0.003917671 0.0008695631 0.001146268
v -0.003972454 0.0004873508 0.00120544
v -0.004013566 0.0005828421 0.001218818
v -0.003958906 0.000802969 0.001176235
v -0.003960873 0.0008687892 0.001206427
v -0.003879053 0.0004279712 0.001149949
v -0.003930918 0.0006458705 0.001139792
v -0.003907095 0.0007671158 0.001109165
v -0.003920195 0.0009274022 0.001190571
v -0.003844678 0.000372145 0.001149123
v -0.003880946 0.000674985 0.001087668
v -0.003804651 0.001077341 0.001174421
v -0.003898255 0.0003763735 0.001195595
v -0.003945194 0.0007186818 0.001151187
v -0.003811828 0.0003313114 0.001156369
v -0.003855822 0.0009961753 0.001156868
v -0.003788765 0.00106296 0.00112759
v -0.003764615 0.001119905 0.001175111
v -0.003768556 0.000287648 0.001173901
v -0.003802708 0.001035314 0.001114773
v -0.00369582 0.001148865 0.00112071
v -0.003837102 0.0003085974 0.001207722
v -0.003820481 0.001043755 0.001155001
v -0.003685163 0.0002621562 0.00115857
v -0.003635789 0.001202252 0.00114607
v -0.003601821 0.0002366522 0.001166356
v -0.003557425 0.001241361 0.001155988
v -0.003489199 0.0002330734 0.001115792
v -0.003466786 0.001270924 0.001174385
v -0.003419177 0.001291798 0.001234162
v -0.00336775 0.000221754 0.001126104
v -0.003367535 0.001287458 0.001192284
v -0.00335517 0.001297937 0.001246922
v -0.00326317 0.0002184349 0.001135596
v -0.003279067 0.00129461 0.00116348
v -0.003229096 0.001304847 0.001111939
v -0.003164151 0.0002196659 0.001142608
v -0.003130828 0.001319035 0.001106046
v -0.003192356 0.001305446 0.001164669
v -0.003066832 0.000223429 0.001147913
v -0.003026309 0.001330859 0.001100555
v -0.002969291 0.00022873 0.001154896
v -0.002945842 0.00132776 0.001122228
v -0.00287347 0.0002352652 0.001168788
v -0.002852926 0.001318594 0.001131959
v -0.002796103 0.0002424351 0.00119203
v -0.002769347 0.001302715 0.001133717
v -0.002702785 0.0002582313 0.001174441
v -0.00269227 0.001277946 0.001128823
v -0.002631442 0.0002702527 0.001116067
v -0.002605039 0.001215068 0.001152373
v -0.00264437 0.001243927 0.001150621
v -0.002640067 0.00120473 0.001211434
v -0.002693287 0.001253778 0.001187528
v -0.002552855 0.0002840385 0.001104634
v -0.002535547 0.00116851 0.001131558
v -0.002550964 0.001114671 0.001238957
v -0.002482871 0.0003064058 0.001142699
v -0.002420131 0.001101405 0.001090441
v -0.002381913 0.001048018 0.001130696
v -0.002456904 0.001019057 0.001247599
v -0.002453681 0.001077407 0.001170496
v -0.002404252 0.000334474 0.001145217
v -0.002330756 0.001007532 0.001127459
v -0.002323098 0.0003844225 0.001152335
v -0.002306357 0.0009653881 0.001145922
v -0.002372591 0.0003821914 0.001205087
v -0.002370868 0.0009224241 0.001243731
v -0.00237197 0.0009964698 0.001179395
v -0.002256069 0.0004344141 0.001140494
v -0.002264546 0.0009219172 0.001137753
v -0.002198966 0.0004725367 0.001110333
v -0.00219471 0.0005653407 0.001142766
v -0.002200529 0.000663152 0.001159349
v -0.002218718 0.0007631453 0.001163411
v -0.002242954 0.0008554156 0.001154087
v -0.002245871 0.0005241355 0.001184079
v -0.002244567 0.0006203442 0.001207745
v -0.002257851 0.0007195559 0.001217469
v -0.002291485 0.0008281562 0.001217159
v -0.002306281 0.0009171224 0.001181348
v -0.00406569 0.0005526282 0.001286247
v -0.004095668 0.0006502284 0.00130568
v -0.004123833 0.0006673545 0.001328801
v -0.004029953 0.0005062923 0.001249599
v -0.004074016 0.0007048035 0.001286162
v -0.004006278 0.0004671962 0.001239109
v -0.004048821 0.0006951047 0.00125163
v -0.00400495 0.0007887701 0.001224667
v -0.004003445 0.0008319746 0.001242476
v -0.004023846 0.000469677 0.001272393
v -0.004044026 0.0007690209 0.001269519
v -0.004037141 0.0008467761 0.001297138
v -0.003973722 0.0004221852 0.001235941
v -0.004016711 0.0006459911 0.001217514
v -0.003996564 0.0007444568 0.001206481
v -0.003989716 0.0009050086 0.001275527
v -0.003940801 0.0003751076 0.001236057
v -0.003980305 0.0006729967 0.001185129
v -0.003968832 0.0003906483 0.001278996
v -0.004022209 0.0007067017 0.001226856
v -0.003904659 0.000338673 0.001242651
v -0.003924588 0.0009918452 0.00126271
v -0.003854734 0.0002972487 0.001256328
v -0.003853971 0.001046364 0.001213648
v -0.003831225 0.001105983 0.001254815
v -0.003906128 0.0003288433 0.001295544
v -0.003890581 0.001061267 0.001288859
v -0.003874734 0.001096539 0.001306336
v -0.003774329 0.0002659363 0.001236919
v -0.003782281 0.001153079 0.001250183
v -0.003722625 0.001191197 0.001234905
v -0.003778768 0.001181454 0.001286471
v -0.003675684 0.000233933 0.001240738
v -0.003627287 0.001246451 0.001237995
v -0.003639922 0.001275526 0.001312077
v -0.003577145 0.0002194484 0.001234244
v -0.003541436 0.001270992 0.001225726
v -0.003482525 0.001285804 0.001235046
v -0.003471552 0.0002150556 0.001228105
v -0.003457119 0.001299839 0.001275956
v -0.003365697 0.0002140682 0.001233387
v -0.003376066 0.001309762 0.001299322
v -0.003324354 0.001304035 0.001273717
v -0.003263141 0.0002158943 0.001239125
v -0.003281821 0.001299363 0.001249114
v -0.003281191 0.001311363 0.001311487
v -0.003271003 0.001321162 0.001342092
v -0.003162512 0.0002189128 0.001243204
v -0.003177118 0.001300858 0.001236974
v -0.003128206 0.001308444 0.00118987
v -0.003062787 0.0002224199 0.001246918
v -0.003037918 0.001314386 0.001180566
v -0.003086607 0.001302981 0.001240513
v -0.002964396 0.0002268324 0.00125294
v -0.002927684 0.001307446 0.001203325
v -0.002999424 0.00129721 0.00126576
v -0.002870206 0.000233694 0.001262638
v -0.002832705 0.001295695 0.001204226
v -0.002885035 0.001279403 0.00128512
v -0.002776532 0.0002467681 0.001270225
v -0.002753954 0.00127797 0.001194472
v -0.002705406 0.001210521 0.001284701
v -0.002730953 0.001245759 0.00124299
v -0.002786425 0.001239816 0.001316309
v -0.00279912 0.00127027 0.001251798
v -0.002673191 0.0002716958 0.001285384
v -0.002644829 0.001161081 0.001296738
v -0.002605829 0.0002789828 0.001190051
v -0.002589858 0.001098567 0.001323419
v -0.002533789 0.0002994277 0.001190238
v -0.002527511 0.00105568 0.001294249
v -0.002488298 0.0009973368 0.001316244
v -0.002567796 0.0003049717 0.001275754
v -0.002481126 0.0003347212 0.001238709
v -0.002433314 0.0009529984 0.001291856
v -0.002417406 0.0003879922 0.001262841
v -0.002398308 0.0008855853 0.001308815
v -0.002465964 0.000370201 0.001299822
v -0.00236006 0.0004316488 0.001251651
v -0.002346295 0.0008436529 0.001274384
v -0.002306303 0.0004845913 0.001230737
v -0.002290578 0.0005821458 0.001256897
v -0.002294552 0.0006755661 0.001269742
v -0.002314185 0.0007674273 0.001273108
v -0.002353653 0.0004940176 0.001299679
v -0.004125833 0.0006687039 0.001338835
v -0.004119155 0.0006514647 0.00132987
v -0.004112977 0.0006895919 0.001345745
v -0.004054792 0.0005242678 0.001319742
v -0.004093404 0.000604801 0.001326671
v -0.004088321 0.0007584352 0.001347169
v -0.004068821 0.0008260395 0.001334031
v -0.004105934 0.0006568058 0.001356463
v -0.004088512 0.0008515653 0.001391375
v -0.004017512 0.0004532665 0.001310421
v -0.004052623 0.0008906354 0.001358014
v -0.003988792 0.0004174243 0.001329065
v -0.004016348 0.0004876856 0.001362961
v -0.00406489 0.0005922506 0.001371841
v -0.004081024 0.00065811 0.001389741
v -0.004083303 0.0007219127 0.001403053
v -0.003949488 0.0003707677 0.001327856
v -0.004004479 0.0009664585 0.001367913
v -0.003895712 0.0003361501 0.001371072
v -0.003949622 0.001034691 0.001351027
v -0.003911757 0.001088608 0.00135207
v -0.003960731 0.0004123707 0.001377215
v -0.003974369 0.0004779398 0.001422193
v -0.004011069 0.0005608587 0.001427548
v -0.00404508 0.000657752 0.001434139
v -0.003995946 0.001021834 0.001420217
v -0.003836861 0.0002823565 0.001311278
v -0.003869065 0.001127058 0.001335043
v -0.003818378 0.001160215 0.001308786
v -0.003859806 0.001169508 0.001376543
v -0.003752231 0.0002388044 0.001327115
v -0.003794366 0.00121374 0.001358516
v -0.0037012 0.00125088 0.001321036
v -0.00365888 0.0002134474 0.001332617
v -0.003671001 0.001290673 0.001379618
v -0.00361234 0.001296882 0.001345528
v -0.003563315 0.0002075811 0.001328313
v -0.003584606 0.001282674 0.001286878
v -0.003519436 0.001294044 0.001281156
v -0.003561022 0.001303826 0.001334677
v -0.003465019 0.0002084186 0.001332577
v -0.003483058 0.001316475 0.001348231
v -0.00336317 0.000211978 0.001337889
v -0.003376294 0.001334209 0.001391937
v -0.003309257 0.001322509 0.00134288
v -0.003261795 0.0002161502 0.001341572
v -0.003278738 0.00132544 0.00135262
v -0.003228819 0.001320466 0.001368154
v -0.00326263 0.00132497 0.001357901
v -0.003277722 0.001331271 0.001387559
v -0.003161538 0.0002199117 0.001343683
v -0.003177449 0.001304506 0.001327674
v -0.003147242 0.001313974 0.001407658
v -0.003062105 0.0002235853 0.001345838
v -0.003077408 0.001296199 0.001308615
v -0.002963939 0.0002289909 0.001349684
v -0.002969618 0.001281704 0.001349704
v -0.002867461 0.0002393305 0.001356122
v -0.002870067 0.001254932 0.001378044
v -0.002788207 0.001216338 0.001405533
v -0.002773962 0.0002575573 0.001365156
v -0.002717808 0.001189612 0.001352315
v -0.002698126 0.0002860572 0.001389482
v -0.002656537 0.001134835 0.001372698
v -0.002605164 0.001074585 0.001395399
v -0.002639927 0.0003272949 0.001423568
v -0.002617755 0.0003002656 0.001345575
v -0.002547215 0.001037539 0.001351664
v -0.002569067 0.0003180061 0.001335061
v -0.002524263 0.0003605336 0.001348044
v -0.002509031 0.0009755458 0.001374796
v -0.002582823 0.0003272784 0.001372402
v -0.002581653 0.0003588196 0.001413224
v -0.002456141 0.0004108182 0.001341895
v -0.002455224 0.000930099 0.001344052
v -0.002407435 0.0004700346 0.001340583
v -0.002426392 0.0008460403 0.00137272
v -0.002450207 0.0004536428 0.001378904
v -0.002374344 0.0005357785 0.001346864
v -0.002367174 0.0008073488 0.001321877
v -0.002335833 0.000555918 0.001307797
v -0.002333735 0.000639365 0.001320572
v -0.002343696 0.0007256368 0.001324189
v -0.002374618 0.0006053458 0.001366298
v -0.002381029 0.000692346 0.001374863
v -0.002388556 0.0007676724 0.001366473
v -0.004098385 0.0008744879 0.001416143
v -0.004097348 0.0008629026 0.001420977
v -0.004083631 0.000891315 0.001412864
v -0.004093271 0.0008770537 0.00143011
v -0.004080172 0.0008337632 0.00143789
v -0.004055888 0.0009293625 0.001417145
v -0.004059849 0.0007767663 0.00146063
v -0.004041461 0.0009815501 0.001487731
v -0.004072483 0.0009051554 0.001452258
v -0.004050974 0.0009906177 0.001539751
v -0.004048914 0.0007284494 0.001458509
v -0.004009676 0.001048172 0.001476827
v -0.003859257 0.000317317 0.00144264
v -0.003909308 0.0004131272 0.001466732
v -0.003955329 0.0005310894 0.0014911
v -0.003989944 0.0006281754 0.001498537
v -0.004015336 0.0007121244 0.00150256
v -0.003964518 0.00107267 0.001417939
v -0.003922848 0.001133163 0.001419643
v -0.004034042 0.0007667681 0.001497499
v -0.003990036 0.001102095 0.001491602
v -0.003964585 0.001156565 0.001504284
v -0.003818122 0.0002673812 0.001396314
v -0.003895326 0.001201853 0.001466781
v -0.00380813 0.0002571616 0.001484575
v -0.003846874 0.0003322753 0.001511265
v -0.003734903 0.0002029786 0.001459126
v -0.003829248 0.001259738 0.001470751
v -0.003750371 0.00127327 0.001413789
v -0.00375552 0.0001289689 0.00159228
v -0.003748594 0.0001549275 0.001551725
v -0.003787517 0.001294424 0.001490604
v -0.003639049 0.0002008012 0.001415256
v -0.003718273 0.001309601 0.001470138
v -0.003559715 0.0002003731 0.001428892
v -0.00360269 0.00132206 0.001426329
v -0.003459459 0.000204745 0.001434676
v -0.003487393 0.001345213 0.001454109
v -0.003357864 0.0002108689 0.0014386
v -0.003400183 0.001357391 0.001477852
v -0.003258395 0.0002170385 0.001440095
v -0.003307028 0.001351338 0.001465449
v -0.003160809 0.0002224172 0.001441349
v -0.003192038 0.001336007 0.001465951
v -0.003097487 0.001315924 0.001468441
v -0.003063307 0.0002282694 0.001442845
v -0.003045674 0.00129461 0.001414547
v -0.003028748 0.001304207 0.001503294
v -0.002966437 0.0002375177 0.001445945
v -0.002934743 0.001269191 0.001427457
v -0.002870035 0.0002549586 0.001456146
v -0.00285291 0.001240048 0.001469568
v -0.002780903 0.001202233 0.001473774
v -0.002837949 0.000283381 0.001515844
v -0.002779166 0.0002771421 0.001449087
v -0.002718849 0.001164486 0.001437615
v -0.002726245 0.0003178116 0.001483062
v -0.002785081 0.0002976883 0.001502963
v -0.002744513 0.001171625 0.001510942
v -0.002672776 0.0003554036 0.001492989
v -0.002656942 0.001108869 0.001438499
v -0.002622026 0.0003878316 0.00148123
v -0.002617104 0.00104433 0.001480647
v -0.00266636 0.000385829 0.001522156
v -0.002554424 0.0004184005 0.001443388
v -0.002560211 0.001010448 0.00141652
v -0.002491733 0.0004406405 0.001404242
v -0.002523857 0.0009539581 0.001425855
v -0.002524677 0.0005163062 0.001483277
v -0.002525835 0.0006243719 0.001530974
v -0.002547917 0.0008910824 0.001526795
v -0.002560199 0.000963208 0.001479988
v -0.002457371 0.0005031558 0.001414525
v -0.00248158 0.0009107663 0.0014016
v -0.002415412 0.0005586537 0.001396653
v -0.00242503 0.000651625 0.001423845
v -0.002437551 0.0007610822 0.001425377
v -0.002470059 0.0008478609 0.001432033
v -0.002470322 0.0005914677 0.001461035
v -0.002486696 0.000700561 0.001494865
v -0.002501602 0.0008140837 0.00149394
v -0.002512681 0.0008987934 0.001460379
v -0.00405325 0.000996146 0.001557835
v -0.004050311 0.0009745442 0.001563911
v -0.004051144 0.001007634 0.001546724
v -0.004051128 0.0009020188 0.001518605
v -0.00404508 0.00105675 0.001567015
v -0.004019729 0.001135097 0.00156655
v -0.004053504 0.001009881 0.001578132
v -0.004067583 0.00112166 0.00163237
v -0.004043665 0.001163008 0.001624471
v -0.004043006 0.0008227624 0.001507404
v -0.003982736 0.001197432 0.001579914
v -0.003900521 0.0005067217 0.001573347
v -0.00394073 0.000608665 0.001576517
v -0.003973762 0.0007010999 0.001573978
v -0.004006825 0.0007865109 0.001561933
v -0.004026182 0.0008599875 0.00156704
v -0.003859947 0.0004128001 0.001571206
v -0.003904726 0.001259614 0.001563706
v -0.003757131 0.0001147479 0.001619135
v -0.003765858 0.000175793 0.001566312
v -0.003803328 0.0002682569 0.00155293
v -0.003825383 0.0003358538 0.001571088
v -0.003839149 0.001290846 0.001536511
v -0.003869 0.000473238 0.001609754
v -0.00387029 0.00129902 0.001593934
v -0.003747546 0.0001011165 0.001635924
v -0.0037985 0.001317304 0.001566588
v -0.003741094 0.000128414 0.001610123
v -0.003728772 0.0001632708 0.001550566
v -0.003737067 0.0001594727 0.001614908
v -0.003768174 0.0002243962 0.001596841
v -0.003790196 0.0002936777 0.001608962
v -0.003667374 0.0001907727 0.001532603
v -0.003698388 0.001339052 0.001552453
v -0.003733313 0.0001015631 0.00166121
v -0.003552902 0.0001937263 0.001528448
v -0.003589616 0.001357716 0.001546547
v -0.003448074 0.000199566 0.001532863
v -0.00347665 0.001374842 0.001557235
v -0.00342178 0.001394895 0.001618343
v -0.003346672 0.0002093537 0.001532215
v -0.003360843 0.001374849 0.00154374
v -0.003325123 0.001392903 0.00161888
v -0.003252925 0.0002186542 0.001531572
v -0.003246672 0.001367622 0.001552882
v -0.003243305 0.001388106 0.001632471
v -0.003160366 0.000227487 0.001536731
v -0.003165511 0.001351617 0.00154677
v -0.003064663 0.0002380579 0.001536675
v -0.003082969 0.001330782 0.001554706
v -0.002991566 0.001303619 0.001562518
v -0.002973924 0.0002532119 0.001540703
v -0.002937168 0.001275087 0.00151494
v -0.002904232 0.0002683838 0.00153622
v -0.00294973 0.0002734024 0.001587739
v -0.002934889 0.001287459 0.001594504
v -0.002893593 0.0002970669 0.001591047
v -0.002862098 0.001245705 0.001534117
v -0.00280575 0.0003348586 0.001576759
v -0.002803436 0.001211639 0.001543445
v -0.00272015 0.0003868825 0.001566938
v -0.002739216 0.001153882 0.001587691
v -0.002777278 0.0003850637 0.001618432
v -0.002657046 0.0004339714 0.001555913
v -0.002686417 0.001115447 0.001513664
v -0.002596705 0.0004717416 0.001525839
v -0.002589313 0.0005815325 0.001586406
v -0.002576137 0.0008647931 0.001594499
v -0.002606169 0.0009672118 0.001572976
v -0.002649346 0.001053773 0.001556238
v -0.002640805 0.0005138464 0.001602765
v -0.002633313 0.0005671115 0.001632524
v -0.002658694 0.001034277 0.00162662
v -0.002686849 0.00109358 0.001590678
v -0.002561244 0.0006649956 0.001587223
v -0.00254097 0.0008274721 0.001553786
v -0.002531498 0.0006974213 0.001555903
v -0.002528717 0.0007628009 0.001551264
v -0.002562161 0.0007353753 0.001600824
v -0.002559417 0.0007985258 0.001592944
v -0.004099675 0.001127406 0.001693505
v -0.004076223 0.001155157 0.00167071
v -0.004117356 0.001129982 0.00173156
v -0.004085218 0.001083854 0.001667468
v -0.004042711 0.001193088 0.0016707
v -0.004057554 0.001011699 0.001651364
v -0.004034739 0.0009246554 0.001608068
v -0.003980394 0.001248255 0.001663314
v -0.00390028 0.0005944532 0.0016753
v -0.003938171 0.0006911621 0.001663548
v -0.003971845 0.0007782012 0.001652106
v -0.004004663 0.0008578176 0.001637795
v -0.00391956 0.001287139 0.001636679
v -0.003946813 0.001287816 0.001693755
v -0.003873895 0.0005139444 0.001646139
v -0.003879826 0.001314157 0.001667018
v -0.003750727 0.0001106576 0.001658267
v -0.003845316 0.000454682 0.001662016
v -0.003748616 0.00009041467 0.001662327
v -0.003739381 0.0001144998 0.001695915
v -0.003818959 0.0003713544 0.001628258
v -0.0037889 0.001342393 0.001659572
v -0.003733839 0.0002330974 0.00165604
v -0.003784815 0.0003257444 0.001665639
v -0.003730338 0.00008508936 0.001693327
v -0.003716057 0.000128537 0.001689264
v -0.003636067 0.0001862859 0.001617632
v -0.003689828 0.001365702 0.001654138
v -0.003718695 0.00009798598 0.001691804
v -0.003689999 0.0001750863 0.001680775
v -0.003536805 0.0001806241 0.001619407
v -0.003584129 0.001386348 0.001651465
v -0.003500567 0.001395546 0.001637297
v -0.00362884 0.000149694 0.001688839
v -0.00354374 0.001403509 0.00168968
v -0.003424801 0.0001932008 0.001631936
v -0.003481289 0.001408615 0.00168921
v -0.003523288 0.0001642046 0.001709437
v -0.003326793 0.0002101463 0.001603112
v -0.003396584 0.001410335 0.001690731
v -0.003252792 0.0002209097 0.00162189
v -0.003297494 0.001407526 0.001702523
v -0.003211705 0.001393183 0.001683223
v -0.003157578 0.0002377859 0.001636702
v -0.003152806 0.001366393 0.001625306
v -0.00311082 0.0002587684 0.001691772
v -0.003157474 0.00138361 0.001711301
v -0.003060175 0.0002530207 0.001614695
v -0.003071041 0.001343821 0.001632342
v -0.00300139 0.000267315 0.001614009
v -0.00304347 0.0002714336 0.001665667
v -0.002974931 0.0002961647 0.001663498
v -0.002990356 0.001315467 0.001643624
v -0.002910375 0.001283629 0.001643811
v -0.002892273 0.0003477171 0.001678946
v -0.002863989 0.001251114 0.001603906
v -0.002823452 0.0003971143 0.001678753
v -0.00286842 0.0003898708 0.001718563
v -0.002872031 0.001263974 0.001673116
v -0.002763052 0.0004348035 0.001661022
v -0.002795671 0.001203483 0.001620305
v -0.002702924 0.0004823637 0.00164378
v -0.002668508 0.0005618867 0.00167061
v -0.002674485 0.001007918 0.001708574
v -0.002712174 0.001094963 0.001671619
v -0.002763673 0.001165865 0.00166449
v -0.002751942 0.0004967842 0.001713519
v -0.002635583 0.0006181154 0.001665667
v -0.00263857 0.0009698948 0.0016589
v -0.002602726 0.000689753 0.001648868
v -0.002597312 0.0007981064 0.001652585
v -0.002615988 0.0008973671 0.001657919
v -0.002644146 0.0006808148 0.001710599
v -0.004124181 0.001119606 0.001743946
v -0.004113906 0.001107522 0.001721991
v -0.004113928 0.001131984 0.001759558
v -0.004091138 0.001160852 0.001726925
v -0.004116149 0.001108519 0.001751999
v -0.004093337 0.001074878 0.001729795
v -0.004043423 0.001214823 0.001752659
v -0.004057757 0.001028139 0.001781172
v -0.00398968 0.001264966 0.001740044
v -0.004095819 0.001107622 0.001790837
v -0.00402392 0.000936573 0.001704926
v -0.00394397 0.001297374 0.001756455
v -0.003887937 0.0006119038 0.00179408
v -0.003918407 0.0006887604 0.001766368
v -0.003950534 0.0007728919 0.001749162
v -0.003985627 0.0008562417 0.001731948
v -0.003863962 0.0005331671 0.001726399
v -0.003871702 0.001331415 0.001758249
v -0.003743919 0.00008610176 0.001744221
v -0.003832716 0.0004683922 0.001764868
v -0.003741093 0.00007800198 0.001718966
v -0.003736641 0.0001153967 0.001774805
v -0.00380826 0.0003938938 0.001707959
v -0.003785387 0.001361298 0.001759216
v -0.00373142 0.0001872051 0.001753339
v -0.003752584 0.0002640548 0.001764685
v -0.003774728 0.0003257683 0.001736973
v -0.003718 0.00007577978 0.001764959
v -0.003687717 0.00138889 0.001762267
v -0.003686739 0.0001031119 0.001730547
v -0.003601308 0.001402919 0.001731549
v -0.003606677 0.0001299815 0.00177266
v -0.003553088 0.001413598 0.001754684
v -0.003503814 0.0001603587 0.001809435
v -0.003477826 0.001419965 0.001767274
v -0.003435438 0.0001826734 0.001726544
v -0.003347173 0.0002046506 0.001684956
v -0.003387598 0.001421706 0.001773191
v -0.003375217 0.0001965994 0.001789131
v -0.003259724 0.0002246094 0.001724848
v -0.003312727 0.001419416 0.001784727
v -0.00318032 0.0002445483 0.001719951
v -0.003214219 0.0002421464 0.001775157
v -0.003148944 0.0002614973 0.001764405
v -0.003227354 0.001405011 0.001762624
v -0.003142799 0.001383497 0.001787689
v -0.003062504 0.0002889608 0.001743514
v -0.003074901 0.001353824 0.001711849
v -0.002977304 0.0003419844 0.00176974
v -0.002978799 0.001314912 0.001750695
v -0.002903364 0.0003922647 0.001766208
v -0.002967356 0.001303094 0.00182847
v -0.002854684 0.0004273877 0.001756483
v -0.002914009 0.001286897 0.001700905
v -0.002805038 0.0004739503 0.001753885
v -0.002870912 0.001261755 0.001713727
v -0.002845014 0.0004631507 0.001794127
v -0.002893033 0.001260828 0.001779492
v -0.002767216 0.0005325132 0.00176993
v -0.002825938 0.001219823 0.001700321
v -0.002721752 0.0005648365 0.001739816
v -0.002677588 0.0006335624 0.001733042
v -0.002685009 0.0009550014 0.001784405
v -0.002721044 0.001045972 0.001780055
v -0.002764845 0.00113907 0.001741968
v -0.002759806 0.0005837986 0.001812347
v -0.002771077 0.001102212 0.001830639
v -0.002821103 0.001182721 0.001803522
v -0.002672636 0.0007117561 0.00177047
v -0.002650502 0.0009296494 0.001722888
v -0.002635675 0.0007519653 0.001720279
v -0.002640421 0.0008435053 0.001734227
v -0.00266536 0.0008910315 0.001779638
v -0.004088263 0.001160712 0.00179511
v -0.004088364 0.001135665 0.001829741
v -0.004057756 0.001198374 0.001831795
v -0.004037136 0.001017223 0.001895304
v -0.004067812 0.001106338 0.001866431
v -0.0040072 0.001251301 0.00182488
v -0.004075183 0.001160329 0.001851883
v -0.004012299 0.0009369288 0.001812462
v -0.003942289 0.001302577 0.001843508
v -0.003888922 0.0006141696 0.001902602
v -0.003914841 0.0006886448 0.001874005
v -0.00394283 0.0007680333 0.001852244
v -0.00397467 0.0008512732 0.001833797
v -0.003859148 0.0005420714 0.001831541
v -0.003870461 0.001340852 0.00185459
v -0.00374152 0.0000731297 0.001816494
v -0.003831203 0.0004688089 0.001870751
v -0.003736941 0.00006596754 0.00179123
v -0.003735197 0.00009241362 0.001850034
v -0.003802031 0.0003985008 0.001801541
v -0.003789991 0.001373719 0.001861743
v -0.003736096 0.0001619775 0.001856804
v -0.003753074 0.0002451633 0.001844477
v -0.003775251 0.0003238812 0.001830694
v -0.003721006 0.00007089671 0.001833042
v -0.0037175 0.00139965 0.001870954
v -0.003677684 0.00009688701 0.001812879
v -0.003635343 0.00140987 0.001809675
v -0.003709093 0.0001080918 0.001882666
v -0.003665769 0.001413941 0.001887682
v -0.003616519 0.0001322242 0.001877884
v -0.003577765 0.001420672 0.001855307
v -0.003532689 0.0001559453 0.001900921
v -0.003473989 0.001426346 0.001858202
v -0.003437981 0.0001825901 0.001883609
v -0.00337755 0.001425908 0.001855504
v -0.003360925 0.000203182 0.001853689
v -0.00328002 0.0002283167 0.001836062
v -0.003352947 0.0002129272 0.001908504
v -0.003194892 0.0002553063 0.001826338
v -0.003287828 0.001418452 0.001845897
v -0.003226107 0.0002505289 0.001871572
v -0.003121283 0.0002842942 0.001825545
v -0.003208967 0.00140413 0.001844607
v -0.003151547 0.001384828 0.001864798
v -0.003175062 0.0002728773 0.001886079
v -0.003201928 0.001397787 0.001905687
v -0.003052405 0.0003172877 0.001823665
v -0.003063667 0.001347163 0.001843514
v -0.002995428 0.001302056 0.001904633
v -0.003090911 0.0003188503 0.001911218
v -0.003008892 0.0003599219 0.001871051
v -0.002930835 0.001268844 0.001867776
v -0.002944513 0.0004007452 0.001846423
v -0.002882378 0.0004504739 0.00183288
v -0.00297191 0.0004057759 0.001915254
v -0.002837319 0.0004992886 0.001833867
v -0.002876944 0.001215311 0.001873214
v -0.002797298 0.0005423859 0.001825536
v -0.002777417 0.001054383 0.001903598
v -0.00282341 0.001135282 0.001897131
v -0.002826133 0.0005496306 0.001884653
v -0.002875925 0.00117895 0.001939151
v -0.002788461 0.0006104707 0.001889314
v -0.002744436 0.001035727 0.001856307
v -0.002725353 0.0006662044 0.001826353
v -0.002696265 0.0008765807 0.001841323
v -0.002721952 0.0009652312 0.001859561
v -0.002750294 0.0009980423 0.00190241
v -0.002694598 0.0007509959 0.001826079
v -0.002668645 0.000842065 0.001798679
v -0.00266491 0.0007854507 0.001784632
v -0.002688584 0.000808013 0.001833384
v -0.004025996 0.001002084 0.00200237
v -0.00404538 0.001094884 0.001973001
v -0.004041078 0.001187284 0.001917025
v -0.003991839 0.00126109 0.001911114
v -0.004003305 0.0009276003 0.00191772
v -0.003940494 0.001302389 0.001937795
v -0.003896798 0.0006093 0.002003853
v -0.003919907 0.0006819234 0.001977269
v -0.003945398 0.0007602502 0.001956429
v -0.003972532 0.0008420681 0.001935438
v -0.003864063 0.0005402688 0.001939733
v -0.003870227 0.0013439 0.001951363
v -0.003740788 0.00006276138 0.001859554
v -0.003838003 0.0004551505 0.001988219
v -0.003738314 0.00005811535 0.001847132
v -0.003733915 0.00006994595 0.001874228
v -0.003803318 0.0003902363 0.001901971
v -0.003790041 0.001380689 0.001960791
v -0.003731183 0.00006531026 0.001869069
v -0.003732016 0.0001818387 0.001948155
v -0.003752386 0.0002284883 0.001919251
v -0.003777561 0.0003064864 0.001930642
v -0.003719885 0.001405863 0.001937061
v -0.003739335 0.00005649013 0.001870967
v -0.003740979 0.0002050676 0.002030388
v -0.003807326 0.0003736501 0.001986163
v -0.003743399 0.001397842 0.001994025
v -0.003685142 0.0001563442 0.001977849
v -0.003665619 0.001412899 0.001962396
v -0.003598874 0.00015513 0.001976464
v -0.003562965 0.001421886 0.001953028
v -0.003556392 0.0001735307 0.002020205
v -0.003509735 0.0001707925 0.001957415
v -0.00345924 0.00142482 0.001954578
v -0.003437378 0.0001981377 0.001972229
v -0.003501789 0.0001832354 0.002000499
v -0.003483816 0.001417408 0.00203746
v -0.003353355 0.0002259534 0.001974763
v -0.003351914 0.00142114 0.001928654
v -0.003322524 0.0002509961 0.002030178
v -0.003409912 0.001415151 0.00201488
v -0.003255924 0.0002526113 0.001942229
v -0.003265402 0.001411507 0.001912329
v -0.003239645 0.001396707 0.001962051
v -0.003254239 0.0002726954 0.002031777
v -0.003317141 0.001406442 0.001992002
v -0.003165001 0.0002878746 0.00194759
v -0.003160811 0.001371182 0.001948625
v -0.003122657 0.0003169613 0.0019933
v -0.003073291 0.00133095 0.001958722
v -0.003071981 0.000346839 0.001989261
v -0.003018849 0.0003831226 0.001963991
v -0.003017752 0.001294545 0.001976392
v -0.003091872 0.0003451795 0.002036197
v -0.003069348 0.001308489 0.002024312
v -0.002966899 0.0004321599 0.001970392
v -0.002945437 0.001240888 0.001957137
v -0.002923961 0.0004572361 0.001925504
v -0.002867701 0.0005113776 0.001907298
v -0.002902611 0.001157713 0.002010073
v -0.00294109 0.0004727961 0.00200096
v -0.002841152 0.0005796793 0.001956943
v -0.00285215 0.001128773 0.001963816
v -0.002779703 0.0009791732 0.001962346
v -0.00281946 0.001062875 0.001970287
v -0.002859229 0.001097154 0.002007908
v -0.002808708 0.000656233 0.00197957
v -0.002746478 0.0009476715 0.001922872
v -0.002765388 0.0006907281 0.001918597
v -0.002729685 0.0007810738 0.001894345
v -0.002734537 0.0008850709 0.001913621
v -0.002782012 0.0007387835 0.001983535
v -0.002768002 0.0008300781 0.001978881
v -0.002763046 0.0009068458 0.001964954
v -0.004017145 0.0009709827 0.00209219
v -0.004038354 0.001083961 0.002099984
v -0.004036969 0.001159982 0.002030886
v -0.004000813 0.001238067 0.00201203
v -0.004051153 0.001133568 0.002171826
v -0.004000159 0.0009113047 0.002013582
v -0.003937874 0.001296983 0.002029791
v -0.003905367 0.0006053905 0.002097669
v -0.003922777 0.0006663104 0.002059748
v -0.003950402 0.0007463425 0.002064377
v -0.003976008 0.0008305316 0.00203079
v -0.003980776 0.0008300166 0.00211514
v -0.003997959 0.0008914716 0.002085427
v -0.003986048 0.001247668 0.002095428
v -0.003876019 0.0005381843 0.002042708
v -0.0038666 0.001337097 0.002041613
v -0.003760295 0.0002255681 0.002105021
v -0.003827513 0.0003856333 0.002085074
v -0.003859739 0.0004754133 0.002084973
v -0.003795264 0.00136995 0.002048234
v -0.003932152 0.001281625 0.002111122
v -0.003719644 0.0001841183 0.002058343
v -0.003775771 0.0002551319 0.002076012
v -0.003794677 0.0003246155 0.002016999
v -0.003725929 0.001392056 0.002047591
v -0.003766911 0.0002556141 0.002001547
v -0.003795524 0.0003031668 0.002070409
v -0.003673731 0.0001679822 0.002055395
v -0.00364037 0.001403321 0.002050934
v -0.003618508 0.0001666059 0.002046088
v -0.003656596 0.0001769251 0.00209342
v -0.003652778 0.00137695 0.002124969
v -0.003603627 0.0001875844 0.002089481
v -0.003546691 0.001416014 0.002033256
v -0.003525778 0.001406632 0.002085192
v -0.003588225 0.00139344 0.002106217
v -0.003508615 0.0002046774 0.002062629
v -0.003463966 0.001402257 0.002089092
v -0.003408483 0.0002262709 0.002037556
v -0.003456179 0.0002345799 0.002102506
v -0.00338564 0.0002561397 0.002106643
v -0.003375992 0.001393459 0.002078113
v -0.003293968 0.0002853767 0.002112182
v -0.003263461 0.001375657 0.002049621
v -0.003224348 0.0002958723 0.002076652
v -0.003190176 0.0002920677 0.002017191
v -0.003152387 0.001334847 0.002054046
v -0.003142086 0.0003310983 0.002073607
v -0.003093662 0.001291045 0.002090254
v -0.003188681 0.0003099766 0.002078936
v -0.003090796 0.0003637678 0.002085734
v -0.003022379 0.001267586 0.002038176
v -0.003047457 0.000385403 0.002050447
v -0.002984636 0.000446442 0.002045412
v -0.003067442 0.0003949407 0.002116987
v -0.002939048 0.0005031262 0.002057531
v -0.002973274 0.001209849 0.002054042
v -0.002897455 0.0005278537 0.002001266
v -0.002893149 0.00108125 0.002070268
v -0.002945313 0.001149639 0.002085674
v -0.002913845 0.0005516289 0.002084079
v -0.002991169 0.001188346 0.002110134
v -0.002864166 0.0006198988 0.002063017
v -0.002847676 0.001048321 0.002030192
v -0.002820746 0.0006986844 0.002043601
v -0.002813253 0.0007795146 0.002062023
v -0.002802984 0.0008929914 0.002033915
v -0.002823641 0.0009879548 0.002029495
v -0.002845297 0.0008393124 0.002123122
v -0.002852839 0.0009359551 0.002101722
v -0.002861643 0.00101087 0.002075821
v -0.004058541 0.001137311 0.002215981
v -0.004039642 0.00109714 0.002192601
v -0.004055379 0.001161046 0.002193064
v -0.003975548 0.0008297972 0.002182888
v -0.003999467 0.0009140928 0.002157353
v -0.00401802 0.001020137 0.002168852
v -0.004032311 0.001181058 0.00212671
v -0.004042889 0.001182935 0.002193491
v -0.003960157 0.0007687439 0.002148111
v -0.003998676 0.001218854 0.002169141
v -0.003903402 0.0005942188 0.002185278
v -0.003930018 0.000683755 0.002147377
v -0.003989296 0.001082752 0.002229235
v -0.003885159 0.0005331385 0.002134751
v -0.003926262 0.001243528 0.00217676
v -0.003772739 0.000240069 0.002178344
v -0.003807132 0.000303831 0.002159741
v -0.003842593 0.0003904269 0.002191506
v -0.003863037 0.0004586912 0.002164715
v -0.003845691 0.001315593 0.002122046
v -0.003772738 0.001360716 0.002100453
v -0.003849243 0.0009364097 0.002245684
v -0.003889608 0.001021873 0.002240571
v -0.003888951 0.001111712 0.002233757
v -0.003925446 0.001175509 0.0022201
v -0.003729187 0.0001957351 0.002114314
v -0.003711842 0.001372222 0.002110211
v -0.003697402 0.0001850397 0.002117832
v -0.003689906 0.001341462 0.00216068
v -0.003732574 0.0002089942 0.002163572
v -0.003757157 0.0009178006 0.002241111
v -0.003783702 0.001004742 0.002240287
v -0.003803802 0.001092415 0.002237949
v -0.003814525 0.001177882 0.002225552
v -0.00383173 0.001253912 0.002189989
v -0.003761551 0.001323106 0.002154058
v -0.003680126 0.0002070045 0.002161023
v -0.003610592 0.001346552 0.002177437
v -0.003649506 0.0008927433 0.002235114
v -0.003682432 0.0009850573 0.002237438
v -0.003702784 0.001074793 0.002242717
v -0.003724782 0.001154883 0.002238019
v -0.003690698 0.001261111 0.002215992
v -0.00359566 0.0002247124 0.002163262
v -0.00352736 0.001380782 0.002143818
v -0.003515872 0.0002331834 0.002139715
v -0.003550846 0.0002502264 0.002200516
v -0.003569233 0.000831254 0.002239816
v -0.003558022 0.0009057304 0.00223218
v -0.003583296 0.000973181 0.002238393
v -0.003612894 0.001049448 0.00224676
v -0.003600765 0.001155879 0.002260483
v -0.003470815 0.0002620658 0.002185191
v -0.003443011 0.001373754 0.002154155
v -0.00347831 0.0008117154 0.002252754
v -0.003488152 0.0008859162 0.002241411
v -0.003506351 0.0009550513 0.002242777
v -0.003495951 0.001055906 0.002266967
v -0.003377981 0.0002885849 0.00219614
v -0.00334934 0.001361696 0.002148504
v -0.003414902 0.0008005847 0.002271384
v -0.003412622 0.0008646069 0.002262297
v -0.003416238 0.0009606573 0.002266292
v -0.003304742 0.0003155431 0.002207873
v -0.003251967 0.001334345 0.002145554
v -0.003212922 0.0003346268 0.002162068
v -0.003164953 0.001299287 0.002146102
v -0.003121834 0.0003805984 0.002161038
v -0.003111668 0.001273247 0.002142251
v -0.003172179 0.0003754774 0.002210154
v -0.003141378 0.00124911 0.002195761
v -0.003067018 0.0004230313 0.002168882
v -0.003051706 0.001234511 0.002124775
v -0.003025921 0.000438859 0.002123754
v -0.002967404 0.0005213358 0.002147939
v -0.00301962 0.00118105 0.00215169
v -0.003038395 0.0004782955 0.002211121
v -0.003060295 0.001113605 0.002239659
v -0.003077713 0.001183345 0.002203337
v -0.002911902 0.0005905451 0.00213836
v -0.002980465 0.001151721 0.002133752
v -0.002881527 0.0007868786 0.002196198
v -0.002897479 0.0008894487 0.00219377
v -0.002910117 0.001003511 0.002147664
v -0.002951491 0.001096253 0.002139091
v -0.00293931 0.0006104942 0.002217863
v -0.002951783 0.0009613073 0.002233874
v -0.002990642 0.001052224 0.002215085
v -0.003010377 0.001131983 0.002181567
v -0.002889413 0.0006567381 0.002163563
v -0.002848342 0.0007638712 0.002136754
v -0.002848211 0.0007046994 0.002110953
v -0.002873511 0.0007210668 0.002175772
v -0.004060311 0.001144133 0.002239847
v -0.004058372 0.001161996 0.002224398
v -0.004169651 0.001082787 0.002349513
v -0.004045355 0.001120425 0.002234875
v -0.004036679 0.00118061 0.002221164
v -0.00395864 0.0008266832 0.002223695
v -0.003978216 0.000888516 0.002213492
v -0.003990804 0.0009698902 0.002211383
v -0.004034558 0.001118794 0.002245779
v -0.004049491 0.001139269 0.002248283
v -0.004054588 0.001158143 0.002241875
v -0.003938039 0.0007544641 0.002211881
v -0.003957271 0.000987537 0.002236101
v -0.004027724 0.001130758 0.002246358
v -0.003992587 0.001190502 0.00221678
v -0.003889451 0.0005703164 0.002251116
v -0.003896676 0.0006472095 0.002242329
v -0.003889783 0.0008824855 0.002250487
v -0.003921137 0.000936503 0.002244745
v -0.003999668 0.001149398 0.002236509
v -0.003969404 0.0006822937 0.002349513
v -0.003925584 0.000798277 0.002243927
v -0.003938779 0.0008673197 0.002242211
v -0.003964192 0.0009289673 0.002234082
v -0.004033331 0.001159472 0.002241595
v -0.003882643 0.0005195067 0.002218109
v -0.003825079 0.0008601446 0.002251665
v -0.003816354 0.000290371 0.002273561
v -0.003835336 0.0003630626 0.002275486
v -0.003857754 0.0004446356 0.002256223
v -0.003839666 0.0002937192 0.002339741
v -0.00387221 0.0007294845 0.002264864
v -0.00388287 0.0008183536 0.002255893
v -0.003761755 0.0002463875 0.002241395
v -0.003735763 0.0008341033 0.002249305
v -0.003779616 0.0006923792 0.002298701
v -0.003805056 0.0007796222 0.002265925
v -0.003689745 0.0002547421 0.002259055
v -0.00365629 0.0008135431 0.002245603
v -0.003610682 0.0002572248 0.002242187
v -0.003617073 0.0007697898 0.002257902
v -0.003587119 0.001303565 0.002234304
v -0.003647395 0.0002841876 0.002308682
v -0.003688712 0.0006655448 0.002321352
v -0.003702426 0.0007503631 0.002273251
v -0.003559715 0.0002836725 0.002282429
v -0.003540282 0.0007571762 0.002267119
v -0.003565443 0.00125536 0.002268948
v -0.003508782 0.001334218 0.002222572
v -0.003526914 0.001210346 0.002292903
v -0.003593803 0.0006297861 0.002353806
v -0.003611081 0.0007084919 0.002293945
v -0.003542953 0.001299185 0.002258012
v -0.003460692 0.0002998784 0.002287677
v -0.003453043 0.00074909 0.002285211
v -0.003480151 0.001167473 0.002298992
v -0.003414215 0.001343623 0.00221023
v -0.003414331 0.001120219 0.002301125
v -0.003478293 0.0006179704 0.00237492
v -0.003512246 0.0006896926 0.002315531
v -0.003488295 0.001213643 0.002308932
v -0.003371751 0.0003242469 0.002293137
v -0.003384175 0.0007647178 0.002301557
v -0.003364858 0.001060713 0.002296449
v -0.003336751 0.001322305 0.002220394
v -0.003354285 0.0008285488 0.002294562
v -0.00333689 0.0009144488 0.002292152
v -0.003325587 0.0009936453 0.002297056
v -0.003391905 0.000689717 0.00234487
v -0.003349308 0.001127786 0.002313503
v -0.003286744 0.0003565986 0.002286526
v -0.003242488 0.001283679 0.002224726
v -0.003215058 0.0003881719 0.002272183
v -0.003199625 0.001234366 0.002253806
v -0.003261579 0.0003896239 0.002321674
v -0.003304733 0.0007032819 0.002372547
v -0.003311335 0.0007706759 0.00234188
v -0.00327552 0.0008697849 0.002332616
v -0.003250203 0.0009743545 0.002325678
v -0.003290535 0.001163379 0.002317207
v -0.003267305 0.001233473 0.002286713
v -0.0031518 0.0004108046 0.002248791
v -0.003148133 0.001202588 0.002245591
v -0.003096376 0.0004383169 0.002231076
v -0.003106043 0.001098895 0.002278528
v -0.003127019 0.001145049 0.002265507
v -0.003132348 0.0004568204 0.002293723
v -0.003180374 0.001070883 0.002317151
v -0.003201093 0.001179146 0.002286389
v -0.003082311 0.0004985036 0.002295994
v -0.003066243 0.001054023 0.002279283
v -0.002987676 0.0009333298 0.002296976
v -0.003009229 0.000996919 0.002274372
v -0.00306872 0.0009779076 0.002334165
v -0.003007818 0.0005656474 0.002287465
v -0.002941977 0.0008938128 0.002264566
v -0.002960566 0.0006353359 0.002293188
v -0.002921254 0.000704942 0.00225419
v -0.002931403 0.0008163211 0.002275571
v -0.002989156 0.000627196 0.002342704
v -0.00296654 0.0008725313 0.002309745
v -0.004169653 0.001082787 0.002349514
v -0.004269774 0.001082787 0.002449635
v -0.004169651 0.001082786 0.002349514
v -0.004169651 0.001082787 0.002349514
v -0.00416965 0.001082787 0.002349514
v -0.004169651 0.001082787 0.002349514
v -0.003969407 0.0006822937 0.002349514
v -0.003969404 0.0006822935 0.002349514
v -0.003969404 0.0006822938 0.002349514
v -0.003843047 0.0002870086 0.002347476
v -0.003867775 0.000575204 0.002294494
v -0.003969402 0.0006822937 0.002349514
v -0.003969404 0.0006822937 0.002349514
v -0.003819894 0.0002775631 0.00231715
v -0.003844115 0.0002985571 0.002359986
v -0.003864208 0.0005105742 0.002294244
v -0.003829626 0.0006194495 0.002313359
v -0.003825362 0.0003335805 0.002378177
v -0.003822905 0.0004251453 0.002368491
v -0.003826661 0.0002939985 0.002355305
v -0.003813629 0.000375795 0.0024552
v -0.003823755 0.0005240403 0.002349094
v -0.003776822 0.000278306 0.002323084
v -0.003746417 0.0006126694 0.002347765
v -0.003724266 0.00030827 0.002366935
v -0.003791889 0.00030976 0.002379004
v -0.00374259 0.0004575253 0.00242365
v -0.00377426 0.0005517629 0.002371473
v -0.003637217 0.0003275711 0.00238629
v -0.003675289 0.0006037189 0.002365957
v -0.003628669 0.0005688718 0.002398585
v -0.003671771 0.0003900639 0.002450602
v -0.003698901 0.0005412018 0.002403594
v -0.00353872 0.0003172595 0.00236736
v -0.003545565 0.0005603155 0.002414032
v -0.003498148 0.001287358 0.002279438
v -0.003460832 0.0003357432 0.002403968
v -0.003435145 0.0005424194 0.002431782
v -0.003496083 0.001245004 0.002303001
v -0.003419218 0.001303754 0.002269801
v -0.003385383 0.0006048188 0.002393978
v -0.003448371 0.001220038 0.002317529
v -0.003501491 0.0003369662 0.002474543
v -0.003441598 0.001262984 0.002308916
v -0.003363879 0.0003626907 0.002377393
v -0.003304054 0.0006383963 0.002396701
v -0.003388978 0.001179747 0.002319796
v -0.003332748 0.001278641 0.002279422
v -0.00330515 0.000397178 0.002370141
v -0.003296374 0.001102648 0.002317002
v -0.003352167 0.001206095 0.002326682
v -0.003337308 0.001234256 0.002315485
v -0.003315219 0.0005448619 0.002417907
v -0.003392871 0.001232068 0.002324414
v -0.003386066 0.001266597 0.002308682
v -0.003253083 0.0004246909 0.002352223
v -0.003257271 0.0006905146 0.002399292
v -0.003271865 0.001055444 0.002314996
v -0.003251784 0.001104673 0.00232241
v -0.003188734 0.000443133 0.002321006
v -0.003256961 0.0007393863 0.002382885
v -0.003215268 0.0008133753 0.002381847
v -0.003193257 0.0009190832 0.002369725
v -0.003180973 0.0009868667 0.00235498
v -0.003239365 0.001082715 0.00232172
v -0.003239662 0.0004857378 0.002384988
v -0.003262529 0.001088957 0.002321559
v -0.003152135 0.0005071107 0.002359466
v -0.003134622 0.0009910399 0.002363901
v -0.003104285 0.0009588595 0.002378545
v -0.003141672 0.0007902408 0.002418857
v -0.003137583 0.0008760537 0.002398665
v -0.003079566 0.0005605845 0.002371685
v -0.003076454 0.0009036681 0.002384037
v -0.003031563 0.0006107705 0.002382517
v -0.003065653 0.0005946166 0.002406358
v -0.003077965 0.0008179062 0.002413178
v -0.002999906 0.0006551759 0.002380882
v -0.003014407 0.0008942445 0.002346959
v -0.00296762 0.0006781056 0.002339176
v -0.002965016 0.0007498813 0.002339086
v -0.002982614 0.0008255118 0.002346765
v -0.003000067 0.0007049725 0.002389885
v -0.003018758 0.0007743293 0.002396532
v -0.003029928 0.0008446119 0.002383247
v -0.004269776 0.001082787 0.002449636
v -0.004269774 0.001082786 0.002449636
v -0.004269774 0.001082787 0.002449636
v -0.004269771 0.001082787 0.002449636
v -0.004269773 0.0009326004 0.00254976
v -0.004269775 0.0009326034 0.00254976
v -0.004269774 0.001082787 0.002449637
v -0.003814783 0.0003697589 0.002493099
v -0.003808322 0.0003590934 0.002472175
v -0.003795456 0.0003758349 0.002502991
v -0.003803634 0.0003678156 0.002507508
v -0.00376438 0.0003472417 0.002447449
v -0.003761724 0.0003927673 0.002470721
v -0.003722138 0.0003707165 0.002438765
v -0.003679562 0.0004807681 0.002447374
v -0.00368054 0.0004373169 0.002463512
v -0.003614966 0.0005080627 0.00244645
v -0.003649615 0.0004007916 0.002491918
v -0.003717166 0.0003764028 0.002484903
v -0.003643142 0.0004557797 0.002473949
v -0.003581917 0.0003504601 0.002465336
v -0.003514308 0.0004959629 0.00246649
v -0.003517747 0.0003387385 0.0024959
v -0.00358017 0.0004494768 0.00249047
v -0.003493536 0.0003351631 0.002495563
v -0.003432218 0.0004807061 0.002479562
v -0.00347939 0.0003467921 0.002484367
v -0.003500864 0.0003390571 0.002502899
v -0.003480153 0.0004337887 0.002505212
v -0.00342246 0.0003712137 0.002455388
v -0.003376362 0.000496691 0.002452774
v -0.003364197 0.0004040461 0.002438539
v -0.003324234 0.0004554208 0.00242721
v -0.003247291 0.000597434 0.002418111
v -0.003418271 0.0004096643 0.002488805
v -0.003212056 0.0005505449 0.002407881
v -0.003222062 0.00065458 0.00241974
v -0.003195664 0.0007275827 0.00241494
v -0.003152993 0.0009626321 0.002382387
v -0.003180265 0.0006098096 0.00242692
v -0.00313817 0.0005713816 0.002409208
v -0.003133247 0.0007358219 0.002436231
v -0.003147593 0.0009337144 0.002393336
v -0.003129093 0.0009653126 0.002388661
v -0.003092123 0.00059217 0.00241653
v -0.003099139 0.0007655134 0.002435306
v -0.003120884 0.0009362411 0.00239542
v -0.003116341 0.0006216749 0.002432882
v -0.003144947 0.0006757066 0.002436845
v -0.003137044 0.0009542661 0.002395527
v -0.003067766 0.0006232313 0.002423402
v -0.003062986 0.0007592731 0.002430293
v -0.003033708 0.0006618037 0.002414813
v -0.003044263 0.0007146943 0.002426465
v -0.003080797 0.0006685567 0.002437626
v -0.003091817 0.0007199593 0.002441701
v -0.004269772 0.0009326004 0.002549758
v -0.004269772 0.0009326034 0.00254976
v -0.004269774 0.0009325985 0.002549759
v -0.004269774 0.0009326053 0.002549759
v -0.004269776 0.0009326004 0.00254976
v -0.004269776 0.0009326034 0.002549758
v -0.004269775 0.0009326004 0.002549758
v -0.004269773 0.0009326034 0.002549758
v -0.004069528 0.0004820479 0.002649881
v -0.003919347 0.0003819248 0.002649883
v -0.003780444 0.0003706676 0.002520378
v -0.00391934 0.0003819252 0.002649883
v -0.003773469 0.0003630563 0.002504061
v -0.003747251 0.000377063 0.002518195
v -0.003742502 0.0003691966 0.002522991
v -0.003695739 0.0003663263 0.00250229
v -0.003680952 0.0003841076 0.002513434
v -0.003685466 0.0003708771 0.002524839
v -0.003621322 0.0003612199 0.002513505
v -0.003578042 0.00040192 0.002518758
v -0.003606531 0.0003737603 0.00252597
v -0.003537067 0.0003556226 0.002509661
v -0.003516093 0.0003981739 0.002522055
v -0.003480013 0.000382768 0.002506133
v -0.0034169 0.0004523981 0.002501769
v -0.003540268 0.0003802382 0.002524821
v -0.003413178 0.000435982 0.0025034
v -0.003383705 0.0004616514 0.00248071
v -0.003378615 0.0004356026 0.00248036
v -0.003393875 0.0004470545 0.002499763
v -0.00406953 0.0004820479 0.002649883
v -0.004069528 0.0004820477 0.002649883
v -0.004069528 0.000482048 0.002649883
v -0.00391935 0.000381925 0.002649882
v -0.004069526 0.0004820479 0.002649883
v -0.004069528 0.0004820479 0.002649884
v -0.003919347 0.0003819255 0.002649883
v -0.003919347 0.0003819245 0.002649882
v -0.003919347 0.0003819252 0.002649881
v -0.00391934 0.0003819255 0.002649882
v -0.00391934 0.0003819245 0.002649883
v -0.003919336 0.000381925 0.002649882
v -0.00391934 0.0003819248 0.002649881
f 1 45 46
f 45 1 47
f 2 48 55
f 2 3 49
f 48 2 49
f 46 50 1
f 49 3 56
f 47 1 50
f 4 57 71
f 4 5 58
f 57 4 58
f 55 58 5
f 55 5 2
f 2 5 6
f 3 2 7
f 7 2 6
f 59 56 3
f 59 3 8
f 8 3 7
f 8 9 60
f 59 8 60
f 60 9 72
f 4 71 73
f 5 4 73
f 74 5 73
f 74 87 10
f 74 10 5
f 5 10 6
f 7 6 11
f 11 6 10
f 88 75 8
f 88 8 11
f 11 8 7
f 9 8 75
f 76 9 75
f 72 9 76
f 12 89 107
f 12 13 90
f 89 12 90
f 90 13 108
f 14 91 109
f 87 91 14
f 87 14 10
f 10 14 15
f 11 10 16
f 16 10 15
f 110 88 11
f 16 110 11
f 12 107 111
f 13 12 111
f 112 13 111
f 113 132 17
f 108 13 112
f 17 18 114
f 113 17 114
f 18 19 115
f 114 18 115
f 109 116 14
f 115 19 133
f 15 14 116
f 117 15 116
f 16 15 117
f 118 16 117
f 110 16 118
f 20 17 132
f 155 20 132
f 18 17 21
f 21 17 20
f 19 18 22
f 22 18 21
f 134 133 19
f 134 19 23
f 23 19 22
f 23 24 135
f 134 23 135
f 24 25 136
f 135 24 136
f 25 26 137
f 136 25 137
f 26 27 138
f 137 26 138
f 27 28 139
f 138 27 139
f 28 29 140
f 139 28 140
f 29 30 141
f 140 29 141
f 141 30 156
f 20 155 157
f 21 20 157
f 158 21 157
f 22 21 158
f 159 22 158
f 23 22 159
f 160 23 159
f 160 167 31
f 160 31 23
f 23 31 24
f 25 24 32
f 32 24 31
f 26 25 33
f 33 25 32
f 27 26 34
f 34 26 33
f 28 27 35
f 35 27 34
f 29 28 36
f 36 28 35
f 30 29 37
f 37 29 36
f 161 156 30
f 161 30 38
f 38 30 37
f 161 38 168
f 39 31 167
f 180 39 167
f 181 169 32
f 181 32 39
f 39 32 31
f 33 32 169
f 170 33 169
f 34 33 170
f 171 34 170
f 171 182 40
f 171 40 34
f 34 40 35
f 36 35 41
f 41 35 40
f 37 36 42
f 42 36 41
f 38 37 43
f 43 37 42
f 183 168 38
f 43 183 38
f 39 180 184
f 181 39 184
f 44 40 182
f 197 44 182
f 198 185 41
f 198 41 44
f 44 41 40
f 42 41 185
f 186 42 185
f 43 42 186
f 187 43 186
f 183 43 187
f 44 197 199
f 198 44 199
f 45 51 46
f 47 51 45
f 52 235 240
f 52 53 236
f 235 52 236
f 53 54 237
f 236 53 237
f 237 54 241
f 61 242 256
f 61 62 243
f 242 61 243
f 62 63 244
f 243 62 244
f 63 64 245
f 244 63 245
f 64 55 48
f 64 48 245
f 245 48 246
f 49 247 48
f 48 247 246
f 51 50 46
f 248 49 65
f 248 247 49
f 49 56 65
f 47 50 51
f 240 248 52
f 52 248 65
f 52 65 66
f 53 52 67
f 67 52 66
f 54 53 68
f 68 53 67
f 249 241 54
f 249 54 69
f 69 54 68
f 69 70 250
f 249 69 250
f 250 70 257
f 77 258 264
f 77 78 259
f 258 77 259
f 78 79 260
f 259 78 260
f 256 260 79
f 256 79 61
f 61 79 80
f 62 61 81
f 81 61 80
f 57 81 71
f 57 63 81
f 63 62 81
f 58 63 57
f 64 63 58
f 55 64 58
f 56 59 65
f 60 65 59
f 66 65 60
f 72 66 60
f 72 82 66
f 82 67 66
f 68 67 83
f 83 67 82
f 69 68 84
f 84 68 83
f 70 69 85
f 85 69 84
f 261 257 70
f 261 70 86
f 86 70 85
f 261 86 265
f 92 266 267
f 264 266 92
f 264 92 77
f 77 92 93
f 78 77 94
f 94 77 93
f 79 78 95
f 95 78 94
f 80 79 96
f 96 79 95
f 81 80 97
f 97 80 96
f 71 98 73
f 71 81 98
f 81 97 98
f 73 99 74
f 98 99 73
f 74 99 87
f 75 88 100
f 75 101 76
f 100 101 75
f 76 82 72
f 76 101 82
f 101 102 82
f 83 82 103
f 103 82 102
f 84 83 104
f 104 83 103
f 85 84 105
f 105 84 104
f 86 85 106
f 106 85 105
f 268 265 86
f 106 268 86
f 119 92 267
f 270 119 267
f 93 92 120
f 120 92 119
f 89 120 107
f 89 94 120
f 94 93 120
f 90 94 89
f 95 94 90
f 108 95 90
f 108 121 95
f 121 96 95
f 97 96 122
f 122 96 121
f 98 97 123
f 123 97 122
f 91 123 109
f 91 99 123
f 99 98 123
f 87 99 91
f 100 110 124
f 88 110 100
f 101 100 125
f 125 100 124
f 102 101 126
f 126 101 125
f 103 102 127
f 127 102 126
f 104 103 128
f 128 103 127
f 105 104 129
f 129 104 128
f 106 105 130
f 130 105 129
f 269 268 106
f 269 106 131
f 131 106 130
f 269 131 271
f 119 270 272
f 120 119 272
f 273 120 272
f 142 273 274
f 111 273 142
f 111 120 273
f 111 107 120
f 111 143 112
f 142 143 111
f 112 121 108
f 112 143 121
f 113 121 132
f 132 121 143
f 114 121 113
f 122 121 114
f 115 122 114
f 123 122 115
f 133 123 115
f 133 144 123
f 109 123 116
f 116 123 144
f 116 145 117
f 144 145 116
f 117 146 118
f 145 146 117
f 118 124 110
f 118 146 124
f 146 147 124
f 125 124 148
f 148 124 147
f 126 125 149
f 149 125 148
f 127 126 150
f 150 126 149
f 128 127 151
f 151 127 150
f 129 128 152
f 152 128 151
f 130 129 153
f 153 129 152
f 131 130 154
f 154 130 153
f 275 271 131
f 154 275 131
f 162 142 274
f 280 162 274
f 143 142 163
f 163 142 162
f 132 163 155
f 143 163 132
f 133 134 144
f 135 144 134
f 145 144 135
f 136 145 135
f 146 145 136
f 137 146 136
f 147 146 137
f 138 147 137
f 148 147 138
f 139 148 138
f 149 148 139
f 140 149 139
f 150 149 140
f 141 150 140
f 151 150 141
f 156 151 141
f 156 164 151
f 164 152 151
f 153 152 165
f 165 152 164
f 154 153 166
f 166 153 165
f 281 275 154
f 166 281 154
f 172 282 289
f 172 173 283
f 282 172 283
f 283 173 290
f 162 280 284
f 284 291 174
f 284 174 162
f 162 174 163
f 155 175 157
f 155 163 175
f 163 174 175
f 157 176 158
f 175 176 157
f 158 177 159
f 176 177 158
f 159 178 160
f 177 178 159
f 160 178 167
f 156 161 164
f 168 164 161
f 168 179 164
f 179 165 164
f 292 285 166
f 292 166 179
f 179 166 165
f 281 166 285
f 172 289 293
f 173 172 293
f 294 173 293
f 295 304 188
f 290 173 294
f 188 189 296
f 295 188 296
f 291 296 189
f 291 189 174
f 174 189 190
f 175 174 191
f 191 174 190
f 305 297 176
f 305 176 191
f 191 176 175
f 177 176 297
f 298 177 297
f 178 177 298
f 299 178 298
f 299 167 178
f 299 306 167
f 306 180 167
f 169 181 192
f 169 193 170
f 192 193 169
f 170 194 171
f 193 194 170
f 171 194 182
f 179 183 195
f 168 183 179
f 300 292 179
f 300 179 196
f 196 179 195
f 300 196 307
f 188 304 308
f 189 188 308
f 309 189 308
f 309 319 200
f 309 200 189
f 189 200 190
f 191 190 201
f 201 190 200
f 310 305 191
f 310 191 202
f 202 191 201
f 202 203 311
f 310 202 311
f 203 204 312
f 311 203 312
f 184 204 205
f 184 306 204
f 184 180 306
f 312 204 306
f 184 192 181
f 184 205 192
f 205 206 192
f 193 192 207
f 207 192 206
f 194 193 208
f 208 193 207
f 182 208 197
f 194 208 182
f 185 198 209
f 185 210 186
f 209 210 185
f 186 211 187
f 210 211 186
f 187 195 183
f 187 211 195
f 211 212 195
f 196 195 213
f 213 195 212
f 320 307 196
f 213 320 196
f 200 319 321
f 201 200 321
f 322 201 321
f 322 331 214
f 322 214 201
f 201 214 202
f 203 202 215
f 215 202 214
f 204 203 216
f 216 203 215
f 205 204 217
f 217 204 216
f 206 205 218
f 218 205 217
f 332 323 207
f 332 207 218
f 218 207 206
f 323 333 219
f 323 219 207
f 207 219 208
f 197 220 199
f 197 208 220
f 208 219 220
f 199 209 198
f 199 220 209
f 220 221 209
f 334 324 210
f 334 210 221
f 221 210 209
f 324 335 222
f 324 222 210
f 210 222 211
f 336 325 212
f 336 212 222
f 222 212 211
f 213 212 325
f 326 213 325
f 320 213 326
f 214 331 337
f 215 214 337
f 338 215 337
f 216 215 338
f 339 216 338
f 217 216 339
f 340 217 339
f 340 350 223
f 340 223 217
f 217 223 218
f 341 332 218
f 341 218 224
f 224 218 223
f 333 341 224
f 333 224 219
f 219 224 225
f 351 342 220
f 351 220 225
f 225 220 219
f 221 220 342
f 343 221 342
f 344 352 226
f 334 221 343
f 335 344 226
f 335 226 222
f 222 226 227
f 353 336 222
f 227 353 222
f 228 354 368
f 350 354 228
f 350 228 223
f 223 228 229
f 224 223 230
f 230 223 229
f 369 355 225
f 369 225 230
f 230 225 224
f 356 370 231
f 351 225 355
f 231 232 357
f 356 231 357
f 352 358 226
f 357 232 371
f 227 226 358
f 359 227 358
f 353 227 359
f 233 372 382
f 372 233 383
f 228 368 373
f 229 228 373
f 374 229 373
f 230 229 374
f 375 230 374
f 369 230 375
f 234 231 370
f 384 234 370
f 385 376 232
f 385 232 234
f 234 232 231
f 371 232 376
f 233 382 386
f 383 233 386
f 234 384 387
f 385 234 387
f 238 399 401
f 238 239 400
f 399 238 400
f 400 239 402
f 251 403 412
f 251 252 404
f 403 251 404
f 252 253 405
f 404 252 405
f 253 254 406
f 405 253 406
f 254 255 407
f 406 254 407
f 401 407 255
f 238 401 255
f 238 255 240
f 238 240 235
f 236 238 235
f 239 238 236
f 239 408 402
f 239 236 408
f 236 237 408
f 408 237 241
f 413 408 241
f 262 414 423
f 262 263 415
f 414 262 415
f 263 256 242
f 263 242 415
f 415 242 416
f 243 417 242
f 242 417 416
f 412 244 251
f 412 417 244
f 417 243 244
f 245 251 244
f 252 251 245
f 246 252 245
f 253 252 246
f 247 253 246
f 254 253 247
f 248 254 247
f 255 254 248
f 240 255 248
f 241 418 413
f 249 418 241
f 250 419 249
f 249 419 418
f 419 250 257
f 424 419 257
f 258 425 431
f 264 258 431
f 423 259 262
f 423 425 259
f 425 258 259
f 260 262 259
f 263 262 260
f 256 263 260
f 257 426 424
f 261 426 257
f 426 261 265
f 432 426 265
f 266 433 434
f 267 266 434
f 431 266 264
f 433 266 431
f 265 268 432
f 432 268 435
f 267 434 270
f 434 439 270
f 268 436 435
f 269 436 268
f 436 269 271
f 440 436 271
f 276 441 445
f 276 277 442
f 441 276 442
f 272 277 278
f 272 439 277
f 272 270 439
f 442 277 439
f 272 279 273
f 278 279 272
f 273 279 274
f 271 275 440
f 440 275 446
f 276 445 447
f 277 276 447
f 448 277 447
f 448 451 286
f 448 286 277
f 277 286 278
f 279 278 287
f 287 278 286
f 274 287 280
f 279 287 274
f 288 452 449
f 288 449 446
f 288 446 281
f 281 446 275
f 282 453 458
f 289 282 458
f 451 283 286
f 451 453 283
f 453 282 283
f 290 286 283
f 290 301 286
f 301 287 286
f 280 302 284
f 280 287 302
f 287 301 302
f 284 302 291
f 454 292 303
f 454 452 292
f 285 292 288
f 288 292 452
f 285 288 281
f 303 459 454
f 313 460 462
f 293 313 314
f 293 458 313
f 293 289 458
f 460 313 458
f 293 315 294
f 314 315 293
f 294 301 290
f 294 315 301
f 295 301 304
f 304 301 315
f 296 301 295
f 302 301 296
f 291 302 296
f 297 305 316
f 297 317 298
f 316 317 297
f 298 318 299
f 317 318 298
f 299 318 306
f 292 300 303
f 303 300 307
f 303 307 459
f 459 307 463
f 313 462 464
f 464 466 327
f 464 327 313
f 313 327 314
f 315 314 328
f 328 314 327
f 304 329 308
f 304 315 329
f 315 328 329
f 308 330 309
f 329 330 308
f 309 330 319
f 305 310 316
f 311 316 310
f 317 316 311
f 312 317 311
f 318 317 312
f 306 318 312
f 307 320 463
f 463 320 467
f 327 466 468
f 328 327 468
f 469 328 468
f 329 328 469
f 470 329 469
f 330 329 470
f 471 330 470
f 345 471 474
f 321 471 345
f 321 330 471
f 321 319 330
f 321 346 322
f 345 346 321
f 322 346 331
f 323 332 347
f 323 347 333
f 324 334 348
f 324 348 335
f 325 336 349
f 475 325 349
f 475 472 325
f 472 326 325
f 467 320 326
f 472 467 326
f 360 345 474
f 480 360 474
f 346 345 361
f 361 345 360
f 331 362 337
f 331 346 362
f 346 361 362
f 337 363 338
f 362 363 337
f 338 364 339
f 363 364 338
f 339 365 340
f 364 365 339
f 340 365 350
f 332 341 347
f 333 347 341
f 342 351 366
f 342 367 343
f 366 367 342
f 343 348 334
f 343 367 348
f 344 348 352
f 352 348 367
f 335 348 344
f 349 481 476
f 349 336 481
f 336 353 481
f 475 349 476
f 377 360 480
f 486 377 480
f 361 360 378
f 378 360 377
f 487 482 362
f 487 362 378
f 378 362 361
f 363 362 482
f 483 363 482
f 483 488 379
f 483 379 363
f 363 379 364
f 354 379 368
f 354 365 379
f 365 364 379
f 350 365 354
f 355 369 380
f 355 366 351
f 355 380 366
f 356 366 370
f 370 366 380
f 357 366 356
f 367 366 357
f 371 367 357
f 371 381 367
f 352 367 358
f 358 367 381
f 489 358 381
f 489 484 358
f 484 359 358
f 481 353 359
f 484 481 359
f 377 486 490
f 378 377 490
f 491 378 490
f 487 378 491
f 372 388 382
f 389 379 488
f 389 488 498
f 388 372 383
f 368 390 373
f 368 379 390
f 379 389 390
f 373 391 374
f 390 391 373
f 374 392 375
f 391 392 374
f 375 380 369
f 375 392 380
f 392 393 380
f 370 393 384
f 380 393 370
f 376 385 394
f 376 381 371
f 376 394 381
f 394 395 381
f 499 489 381
f 395 499 381
f 382 388 386
f 389 498 500
f 383 386 388
f 390 389 500
f 501 390 500
f 391 390 501
f 502 391 501
f 502 509 396
f 502 396 391
f 391 396 392
f 393 392 397
f 397 392 396
f 384 393 397
f 384 397 503
f 384 503 387
f 503 397 510
f 394 385 387
f 394 387 504
f 504 387 503
f 504 511 398
f 504 398 394
f 394 398 395
f 512 499 395
f 398 512 395
f 396 509 513
f 397 396 513
f 514 397 513
f 510 397 514
f 398 511 515
f 512 398 515
f 399 409 401
f 399 400 410
f 409 399 410
f 402 410 400
f 411 525 526
f 525 411 527
f 420 528 542
f 420 412 403
f 420 403 528
f 528 403 529
f 404 530 403
f 403 530 529
f 405 531 404
f 404 531 530
f 406 532 405
f 405 532 531
f 407 533 406
f 406 533 532
f 409 407 401
f 409 534 407
f 534 533 407
f 410 534 409
f 535 534 410
f 526 408 411
f 526 535 408
f 402 408 410
f 410 408 535
f 413 421 536
f 408 413 536
f 408 536 527
f 408 527 411
f 421 422 537
f 536 421 537
f 537 422 543
f 414 427 423
f 414 415 428
f 427 414 428
f 550 428 415
f 550 415 544
f 544 415 416
f 542 417 420
f 542 544 417
f 544 416 417
f 412 420 417
f 413 418 421
f 419 551 418
f 419 429 551
f 418 551 421
f 545 422 551
f 421 551 422
f 419 424 429
f 545 543 422
f 430 546 552
f 546 430 553
f 425 554 559
f 431 425 559
f 427 425 423
f 427 555 425
f 555 554 425
f 428 555 427
f 556 555 428
f 550 556 428
f 429 557 551
f 552 426 430
f 552 557 426
f 424 426 429
f 429 426 557
f 430 426 432
f 430 432 553
f 553 432 560
f 433 437 434
f 433 563 437
f 433 431 563
f 431 559 563
f 561 435 438
f 561 560 435
f 560 432 435
f 561 438 564
f 443 565 570
f 443 444 566
f 565 443 566
f 437 567 566
f 437 566 439
f 437 439 434
f 439 566 444
f 563 567 437
f 435 436 438
f 438 436 440
f 438 440 564
f 564 440 571
f 441 443 570
f 441 570 445
f 445 570 574
f 442 443 441
f 444 443 442
f 439 444 442
f 450 575 572
f 450 572 571
f 450 571 446
f 446 571 440
f 455 447 445
f 455 445 577
f 577 445 574
f 447 456 448
f 455 456 447
f 448 456 451
f 576 452 457
f 576 575 452
f 449 452 450
f 450 452 575
f 449 450 446
f 457 578 576
f 461 455 577
f 579 461 577
f 453 461 458
f 453 456 461
f 456 455 461
f 451 456 453
f 452 454 457
f 457 454 459
f 457 459 578
f 578 459 580
f 460 465 462
f 461 579 581
f 581 458 461
f 581 583 458
f 460 458 465
f 465 458 583
f 459 463 580
f 580 463 584
f 462 465 464
f 465 466 464
f 465 583 466
f 583 589 466
f 473 590 585
f 473 585 584
f 473 584 467
f 467 584 463
f 466 589 591
f 468 466 591
f 477 591 592
f 477 469 591
f 469 468 591
f 469 478 470
f 477 478 469
f 470 479 471
f 478 479 470
f 471 479 474
f 472 590 473
f 472 475 590
f 475 593 590
f 467 472 473
f 477 592 594
f 478 477 594
f 595 478 594
f 479 478 595
f 596 479 595
f 596 474 479
f 596 597 474
f 597 480 474
f 476 481 485
f 476 485 598
f 476 598 475
f 475 598 593
f 492 599 603
f 599 492 604
f 600 493 597
f 597 493 486
f 597 486 480
f 600 605 493
f 482 487 494
f 482 495 483
f 494 495 482
f 483 495 488
f 484 489 496
f 484 485 481
f 484 496 485
f 496 497 485
f 606 598 485
f 497 606 485
f 492 603 607
f 486 493 490
f 492 607 604
f 493 491 490
f 493 610 491
f 493 605 610
f 610 505 491
f 491 494 487
f 491 505 494
f 505 506 494
f 611 608 495
f 611 495 506
f 506 495 494
f 608 488 495
f 608 612 488
f 612 498 488
f 496 499 507
f 489 499 496
f 497 496 508
f 508 496 507
f 613 606 497
f 508 613 497
f 505 610 614
f 614 621 516
f 614 516 505
f 505 516 506
f 615 611 506
f 615 506 517
f 517 506 516
f 616 500 498
f 616 498 612
f 615 517 622
f 501 500 617
f 500 616 617
f 518 617 623
f 518 502 617
f 502 501 617
f 502 518 509
f 503 510 519
f 503 520 504
f 519 520 503
f 504 520 511
f 507 512 521
f 499 512 507
f 624 618 508
f 624 508 521
f 521 508 507
f 613 508 618
f 516 621 625
f 517 516 625
f 626 517 625
f 622 517 626
f 518 623 627
f 509 518 627
f 509 627 513
f 513 627 628
f 514 513 629
f 513 628 629
f 510 514 629
f 510 629 522
f 510 522 519
f 635 522 629
f 520 519 523
f 523 519 522
f 511 524 515
f 511 520 524
f 520 523 524
f 515 524 636
f 512 515 636
f 512 636 630
f 512 630 521
f 624 521 630
f 522 635 637
f 523 522 637
f 638 523 637
f 524 523 638
f 639 524 638
f 636 524 639
f 538 645 651
f 538 539 646
f 645 538 646
f 539 540 647
f 646 539 647
f 540 541 648
f 647 540 648
f 541 526 525
f 541 525 648
f 648 525 649
f 649 525 527
f 652 649 527
f 528 547 542
f 528 529 548
f 547 528 548
f 657 548 529
f 657 529 653
f 653 529 530
f 531 654 530
f 530 654 653
f 651 532 538
f 651 654 532
f 654 531 532
f 533 538 532
f 539 538 533
f 534 539 533
f 540 539 534
f 535 540 534
f 541 540 535
f 526 541 535
f 527 655 652
f 536 655 527
f 549 658 655
f 549 655 537
f 537 655 536
f 537 543 549
f 544 659 667
f 550 544 667
f 547 544 542
f 547 660 544
f 660 659 544
f 548 660 547
f 661 660 548
f 657 661 548
f 662 551 558
f 662 658 551
f 545 551 549
f 549 551 658
f 543 545 549
f 546 662 552
f 546 663 662
f 662 558 552
f 663 546 553
f 668 663 553
f 554 669 674
f 559 554 674
f 555 670 554
f 554 670 669
f 556 671 555
f 555 671 670
f 667 556 550
f 671 556 667
f 551 557 558
f 552 558 557
f 672 562 675
f 562 672 668
f 562 668 560
f 560 668 553
f 568 676 683
f 568 569 677
f 676 568 677
f 569 674 677
f 569 563 674
f 563 559 674
f 562 678 675
f 560 678 562
f 560 561 678
f 561 679 678
f 679 561 564
f 684 679 564
f 565 685 690
f 570 565 690
f 683 566 568
f 683 685 566
f 685 565 566
f 567 568 566
f 569 568 567
f 563 569 567
f 573 691 686
f 573 686 684
f 573 684 571
f 571 684 564
f 570 690 574
f 690 693 574
f 572 691 573
f 572 575 691
f 575 694 691
f 571 572 573
f 574 693 577
f 693 698 577
f 575 695 694
f 576 695 575
f 695 576 578
f 699 695 578
f 582 700 702
f 582 698 700
f 582 579 698
f 579 577 698
f 578 580 699
f 699 580 703
f 586 582 702
f 706 586 702
f 579 587 581
f 579 582 587
f 582 586 587
f 581 587 583
f 588 707 704
f 588 704 703
f 588 703 584
f 584 703 580
f 586 706 708
f 587 586 708
f 709 587 708
f 709 583 587
f 709 711 583
f 711 589 583
f 585 707 588
f 585 590 707
f 590 712 707
f 584 585 588
f 589 711 713
f 591 589 713
f 713 592 591
f 716 592 713
f 590 593 712
f 712 593 717
f 592 716 718
f 594 592 718
f 601 718 719
f 601 595 718
f 595 594 718
f 595 602 596
f 601 602 595
f 596 602 597
f 593 598 717
f 717 598 720
f 601 719 721
f 599 724 603
f 599 601 724
f 599 602 601
f 601 721 724
f 604 602 599
f 604 609 602
f 597 602 600
f 600 602 609
f 600 609 605
f 598 606 720
f 720 606 725
f 603 724 726
f 607 603 726
f 609 604 607
f 609 607 727
f 727 607 726
f 609 610 605
f 609 728 610
f 609 727 728
f 619 610 728
f 728 729 619
f 608 611 620
f 608 620 612
f 606 613 725
f 725 613 730
f 610 619 614
f 621 731 631
f 614 731 621
f 614 729 731
f 614 619 729
f 611 615 620
f 631 731 734
f 622 620 615
f 622 632 620
f 612 620 616
f 616 620 632
f 616 633 617
f 632 633 616
f 617 633 623
f 618 624 634
f 618 634 735
f 618 735 613
f 613 735 730
f 621 631 625
f 631 734 736
f 631 736 625
f 625 736 626
f 632 622 626
f 632 626 737
f 737 626 736
f 633 632 737
f 738 633 737
f 640 738 740
f 627 738 640
f 627 633 738
f 627 623 633
f 627 641 628
f 640 641 627
f 628 642 629
f 641 642 628
f 629 642 635
f 630 636 643
f 630 643 741
f 624 630 741
f 624 741 739
f 624 739 634
f 735 634 739
f 640 740 742
f 641 640 742
f 743 641 742
f 642 641 743
f 744 642 743
f 635 642 744
f 635 744 637
f 637 744 745
f 644 745 749
f 644 638 745
f 638 637 745
f 750 638 644
f 750 746 638
f 746 639 638
f 643 636 639
f 643 639 747
f 747 639 746
f 741 643 747
f 644 749 751
f 750 644 751
f 650 755 756
f 755 650 757
f 645 758 767
f 651 645 767
f 646 759 645
f 645 759 758
f 756 647 650
f 756 759 647
f 759 646 647
f 650 760 757
f 650 647 760
f 647 648 760
f 649 761 648
f 648 761 760
f 652 656 762
f 652 762 649
f 649 762 761
f 762 656 768
f 664 769 775
f 664 657 653
f 664 653 769
f 769 653 770
f 654 771 653
f 653 771 770
f 767 654 651
f 771 654 767
f 652 655 656
f 658 665 772
f 655 658 772
f 655 772 768
f 655 768 656
f 665 666 773
f 772 665 773
f 773 666 776
f 659 777 782
f 667 659 782
f 660 778 659
f 659 778 777
f 775 661 664
f 775 778 661
f 778 660 661
f 657 664 661
f 658 662 665
f 663 783 662
f 663 673 783
f 662 783 665
f 779 666 783
f 665 783 666
f 666 779 776
f 663 668 673
f 669 680 674
f 790 680 669
f 790 669 784
f 784 669 670
f 671 785 670
f 670 785 784
f 782 671 667
f 785 671 782
f 786 675 681
f 786 783 675
f 672 675 673
f 673 675 783
f 681 682 787
f 681 787 786
f 673 668 672
f 787 682 791
f 676 687 683
f 676 677 688
f 687 676 688
f 677 795 688
f 674 795 677
f 674 792 795
f 674 680 792
f 790 792 680
f 675 678 681
f 679 796 678
f 679 689 796
f 678 796 681
f 793 682 796
f 681 796 682
f 682 793 791
f 679 684 689
f 685 692 690
f 685 799 692
f 683 799 685
f 683 797 799
f 683 687 797
f 688 797 687
f 798 797 688
f 795 798 688
f 686 796 689
f 686 691 796
f 691 800 796
f 684 686 689
f 692 696 693
f 690 692 693
f 803 692 799
f 696 692 803
f 801 694 697
f 801 800 694
f 800 691 694
f 801 697 804
f 701 805 809
f 696 806 805
f 696 805 698
f 696 698 693
f 698 805 701
f 803 806 696
f 694 695 697
f 697 695 699
f 697 699 804
f 804 699 810
f 700 701 809
f 700 809 702
f 702 809 812
f 698 701 700
f 705 813 811
f 705 811 810
f 705 810 703
f 703 810 699
f 710 814 816
f 710 812 814
f 710 706 812
f 706 702 812
f 704 813 705
f 704 707 813
f 707 817 813
f 703 704 705
f 710 816 818
f 714 818 819
f 708 818 714
f 708 710 818
f 708 706 710
f 708 715 709
f 714 715 708
f 709 715 711
f 707 712 817
f 817 712 820
f 714 819 821
f 715 714 821
f 822 715 821
f 711 715 822
f 711 822 713
f 713 822 823
f 823 716 713
f 825 716 823
f 712 717 820
f 820 717 826
f 722 827 830
f 718 722 723
f 718 825 722
f 718 716 825
f 827 722 825
f 718 723 719
f 717 720 826
f 826 720 831
f 722 830 832
f 723 722 832
f 833 723 832
f 719 723 833
f 719 833 721
f 721 833 834
f 834 724 721
f 835 724 834
f 720 725 831
f 831 725 836
f 724 835 837
f 726 724 837
f 732 837 839
f 732 727 837
f 727 726 837
f 727 733 728
f 732 733 727
f 728 733 729
f 725 730 836
f 836 730 840
f 732 839 841
f 733 732 841
f 842 733 841
f 729 733 842
f 729 842 731
f 731 842 843
f 843 734 731
f 845 734 843
f 730 735 840
f 840 735 846
f 734 845 847
f 736 734 847
f 737 736 848
f 736 847 848
f 738 737 849
f 737 848 849
f 849 740 738
f 851 740 849
f 739 741 748
f 739 748 852
f 739 852 735
f 735 852 846
f 740 851 853
f 742 740 853
f 752 853 861
f 752 743 853
f 743 742 853
f 743 753 744
f 752 753 743
f 744 754 745
f 753 754 744
f 745 754 749
f 746 862 854
f 750 862 746
f 747 746 855
f 746 854 855
f 748 741 747
f 748 747 856
f 856 747 855
f 852 748 856
f 752 861 863
f 753 752 863
f 864 753 863
f 754 753 864
f 865 754 864
f 749 754 865
f 749 865 751
f 751 865 866
f 862 750 751
f 866 862 751
f 763 871 875
f 763 764 872
f 871 763 872
f 765 756 755
f 876 872 764
f 755 757 765
f 766 873 877
f 873 766 878
f 774 879 887
f 875 879 774
f 763 875 774
f 763 774 767
f 763 767 758
f 759 763 758
f 764 763 759
f 764 880 876
f 764 759 880
f 765 880 756
f 756 880 759
f 757 880 765
f 757 760 880
f 760 881 880
f 877 761 766
f 877 881 761
f 881 760 761
f 766 882 878
f 766 761 882
f 761 762 882
f 882 762 768
f 888 882 768
f 769 780 775
f 891 780 769
f 891 769 889
f 889 769 770
f 887 771 774
f 887 889 771
f 889 770 771
f 767 774 771
f 768 890 888
f 772 890 768
f 781 892 890
f 781 890 773
f 773 890 772
f 773 776 781
f 777 788 782
f 897 788 777
f 897 777 893
f 893 777 778
f 780 778 775
f 780 894 778
f 894 893 778
f 891 894 780
f 895 783 789
f 895 892 783
f 779 783 781
f 781 783 892
f 779 781 776
f 789 898 895
f 784 899 902
f 790 784 902
f 785 900 784
f 784 900 899
f 788 785 782
f 788 901 785
f 901 900 785
f 897 901 788
f 783 786 789
f 789 786 787
f 789 787 903
f 789 903 898
f 903 787 794
f 787 791 794
f 792 904 907
f 795 792 907
f 902 792 790
f 904 792 902
f 793 903 794
f 793 796 903
f 796 908 903
f 791 793 794
f 797 909 914
f 799 797 914
f 798 910 797
f 797 910 909
f 907 798 795
f 910 798 907
f 911 800 802
f 911 908 800
f 908 796 800
f 911 802 915
f 807 916 919
f 807 808 917
f 916 807 917
f 808 914 917
f 808 803 914
f 803 799 914
f 800 801 802
f 802 801 804
f 802 804 915
f 915 804 920
f 805 807 919
f 805 919 809
f 809 919 922
f 806 807 805
f 808 807 806
f 803 808 806
f 804 810 920
f 920 810 923
f 815 924 927
f 815 922 924
f 815 812 922
f 812 809 922
f 811 928 925
f 813 928 811
f 923 810 811
f 925 923 811
f 814 815 927
f 814 927 816
f 816 927 931
f 812 815 814
f 813 817 928
f 928 817 932
f 824 818 816
f 824 816 933
f 933 816 931
f 818 824 819
f 817 820 932
f 932 820 934
f 824 933 935
f 819 824 935
f 819 935 821
f 821 935 936
f 828 936 937
f 828 822 936
f 822 821 936
f 822 829 823
f 828 829 822
f 823 829 825
f 820 826 934
f 934 826 938
f 828 937 939
f 827 941 830
f 827 828 941
f 827 829 828
f 828 939 941
f 825 829 827
f 826 831 938
f 938 831 942
f 830 941 943
f 832 830 943
f 833 832 944
f 832 943 944
f 838 944 946
f 838 834 944
f 834 833 944
f 834 838 835
f 831 836 942
f 942 836 947
f 838 946 948
f 844 948 951
f 837 948 844
f 837 838 948
f 837 835 838
f 837 844 839
f 836 840 947
f 947 840 952
f 844 951 953
f 839 844 953
f 839 953 841
f 841 953 954
f 842 841 955
f 841 954 955
f 850 955 956
f 850 843 955
f 843 842 955
f 843 850 845
f 840 846 952
f 952 846 957
f 850 956 958
f 857 958 962
f 847 958 857
f 847 850 958
f 847 845 850
f 847 858 848
f 857 858 847
f 848 859 849
f 858 859 848
f 849 859 851
f 860 963 959
f 860 959 957
f 860 957 852
f 852 957 846
f 857 962 964
f 858 857 964
f 965 858 964
f 859 858 965
f 966 859 965
f 851 859 966
f 851 966 853
f 853 966 967
f 861 968 867
f 861 853 968
f 853 967 968
f 867 969 868
f 968 969 867
f 969 971 868
f 854 862 869
f 854 870 855
f 869 870 854
f 860 972 963
f 860 855 972
f 860 856 855
f 870 972 855
f 852 856 860
f 861 867 863
f 864 863 867
f 868 864 867
f 868 971 973
f 868 973 864
f 864 973 865
f 866 865 974
f 865 973 974
f 869 862 866
f 869 866 975
f 975 866 974
f 870 869 975
f 976 870 975
f 972 870 976
f 874 984 988
f 984 874 989
f 871 883 875
f 999 883 871
f 999 871 990
f 990 871 872
f 876 884 874
f 876 874 990
f 876 990 872
f 990 874 988
f 991 989 874
f 991 874 885
f 885 874 884
f 885 877 873
f 885 873 991
f 991 873 992
f 878 886 993
f 878 993 873
f 873 993 992
f 993 886 1000
f 879 1001 1006
f 887 879 1006
f 883 879 875
f 883 1002 879
f 1002 1001 879
f 999 1002 883
f 876 880 884
f 881 884 880
f 885 884 881
f 877 885 881
f 878 882 886
f 886 882 888
f 886 888 1000
f 1000 888 1007
f 896 1008 1012
f 896 891 889
f 896 889 1008
f 1008 889 1009
f 1006 889 887
f 1009 889 1006
f 888 1010 1007
f 890 1010 888
f 1010 890 892
f 1013 1010 892
f 893 1014 1017
f 897 893 1017
f 1012 894 896
f 1012 1014 894
f 1014 893 894
f 891 896 894
f 892 1015 1013
f 895 1015 892
f 1015 895 898
f 1018 1015 898
f 899 905 902
f 899 900 906
f 905 899 906
f 1021 906 900
f 1021 900 1019
f 1019 900 901
f 1017 901 897
f 1019 901 1017
f 898 903 1018
f 1018 903 1022
f 904 912 907
f 904 1026 912
f 902 1026 904
f 902 1023 1026
f 902 905 1023
f 906 1023 905
f 1024 1023 906
f 1021 1024 906
f 1025 908 913
f 1025 1022 908
f 1022 903 908
f 1025 913 1027
f 909 918 914
f 1032 918 909
f 1032 909 1028
f 1028 909 910
f 912 910 907
f 912 1029 910
f 1029 1028 910
f 1026 1029 912
f 908 911 913
f 913 911 915
f 913 915 1027
f 1027 915 1033
f 916 921 919
f 1038 921 916
f 1038 916 1034
f 1034 916 917
f 918 917 914
f 918 1035 917
f 1035 1034 917
f 1032 1035 918
f 915 920 1033
f 1033 920 1039
f 921 1040 1045
f 921 1045 919
f 919 1045 922
f 1038 1040 921
f 926 1046 1041
f 926 1041 1039
f 926 1039 923
f 923 1039 920
f 924 929 927
f 1047 922 1045
f 1047 929 922
f 1047 930 929
f 929 924 922
f 1047 1051 930
f 925 1046 926
f 925 928 1046
f 928 1052 1046
f 923 925 926
f 929 1053 1055
f 929 1055 927
f 927 1055 931
f 930 1053 929
f 1054 1053 930
f 1051 1054 930
f 928 932 1052
f 1052 932 1056
f 931 1055 933
f 1055 1060 933
f 932 934 1056
f 1056 934 1061
f 933 1060 1062
f 935 933 1062
f 940 1062 1064
f 940 936 1062
f 936 935 1062
f 936 940 937
f 934 938 1061
f 1061 938 1065
f 940 1064 1066
f 945 1066 1067
f 939 1066 945
f 939 940 1066
f 939 937 940
f 939 945 941
f 938 942 1065
f 1065 942 1068
f 945 1067 1069
f 941 945 1069
f 941 1069 943
f 943 1069 1070
f 949 1070 1075
f 949 944 1070
f 944 943 1070
f 944 949 946
f 950 1076 1071
f 950 1071 1068
f 950 1068 947
f 947 1068 942
f 949 1075 1077
f 946 949 1077
f 946 1077 948
f 948 1077 1078
f 1078 951 948
f 1082 951 1078
f 950 1079 1076
f 1079 950 947
f 1079 947 1083
f 1083 947 952
f 951 1082 1084
f 953 951 1084
f 954 953 1085
f 953 1084 1085
f 955 954 1086
f 954 1085 1086
f 1086 956 955
f 1092 956 1086
f 960 1093 1087
f 960 1088 961
f 1087 1088 960
f 961 1088 1083
f 961 1083 957
f 957 1083 952
f 956 1092 1094
f 958 956 1094
f 962 1095 970
f 962 958 1095
f 958 1094 1095
f 1095 1098 970
f 960 1096 1093
f 959 963 1099
f 959 1099 960
f 959 960 961
f 960 1099 1096
f 957 959 961
f 962 970 964
f 970 1098 1100
f 970 1100 964
f 964 1100 965
f 966 965 1101
f 965 1100 1101
f 977 1101 1109
f 977 967 1101
f 967 966 1101
f 967 978 968
f 977 978 967
f 968 979 969
f 978 979 968
f 1110 969 979
f 1110 1102 969
f 971 969 980
f 980 969 1102
f 980 1103 981
f 1102 1103 980
f 981 1104 982
f 1103 1104 981
f 982 1105 983
f 1104 1105 982
f 983 1105 1099
f 983 1099 972
f 972 1099 963
f 977 1109 1111
f 978 977 1111
f 1112 978 1111
f 979 978 1112
f 1113 979 1112
f 971 980 973
f 979 1113 1110
f 974 973 980
f 981 974 980
f 975 974 981
f 982 975 981
f 976 975 982
f 983 976 982
f 972 976 983
f 985 1115 1118
f 985 986 1116
f 1115 985 1116
f 986 987 1117
f 1116 986 1117
f 1117 987 1119
f 994 1120 1127
f 994 995 1121
f 1120 994 1121
f 1118 1121 995
f 985 1118 995
f 985 995 988
f 985 988 984
f 989 985 984
f 989 996 985
f 996 986 985
f 987 986 997
f 997 986 996
f 1122 1119 987
f 1122 987 998
f 998 987 997
f 1122 998 1128
f 1003 1129 1132
f 1127 1129 1003
f 1127 1003 994
f 994 1003 1004
f 990 1004 999
f 990 995 1004
f 995 994 1004
f 988 995 990
f 989 991 996
f 992 996 991
f 997 996 992
f 993 997 992
f 998 997 993
f 1000 1005 1130
f 993 1000 1130
f 993 1130 1128
f 993 1128 998
f 1130 1005 1133
f 1001 1003 1132
f 1001 1132 1006
f 1006 1132 1135
f 1002 1003 1001
f 1004 1003 1002
f 999 1004 1002
f 1005 1007 1011
f 1000 1007 1005
f 1136 1133 1005
f 1011 1136 1005
f 1008 1016 1012
f 1139 1016 1008
f 1139 1008 1137
f 1137 1008 1009
f 1135 1009 1006
f 1137 1009 1135
f 1007 1010 1011
f 1011 1010 1013
f 1011 1013 1136
f 1136 1013 1140
f 1014 1020 1017
f 1014 1144 1020
f 1012 1144 1014
f 1012 1141 1144
f 1012 1016 1141
f 1139 1141 1016
f 1013 1142 1140
f 1015 1142 1013
f 1142 1015 1018
f 1145 1142 1018
f 1019 1146 1149
f 1021 1019 1149
f 1020 1019 1017
f 1020 1147 1019
f 1147 1146 1019
f 1144 1147 1020
f 1018 1022 1145
f 1145 1022 1150
f 1023 1030 1026
f 1152 1030 1023
f 1152 1023 1151
f 1151 1023 1024
f 1149 1024 1021
f 1151 1024 1149
f 1031 1022 1025
f 1031 1153 1022
f 1153 1150 1022
f 1025 1027 1031
f 1028 1036 1032
f 1157 1036 1028
f 1157 1028 1154
f 1154 1028 1029
f 1030 1029 1026
f 1030 1155 1029
f 1155 1154 1029
f 1152 1155 1030
f 1037 1153 1031
f 1158 1153 1037
f 1027 1033 1037
f 1031 1027 1037
f 1034 1042 1038
f 1034 1035 1043
f 1042 1034 1043
f 1035 1163 1043
f 1032 1163 1035
f 1032 1159 1163
f 1032 1036 1159
f 1157 1159 1036
f 1044 1158 1037
f 1164 1158 1044
f 1033 1039 1044
f 1037 1033 1044
f 1040 1048 1045
f 1040 1038 1042
f 1040 1042 1048
f 1048 1042 1049
f 1043 1050 1042
f 1050 1049 1042
f 1167 1043 1163
f 1050 1043 1167
f 1041 1164 1044
f 1041 1046 1164
f 1046 1168 1164
f 1039 1041 1044
f 1045 1048 1047
f 1169 1048 1049
f 1169 1051 1048
f 1169 1173 1051
f 1047 1048 1051
f 1050 1169 1049
f 1170 1169 1050
f 1167 1170 1050
f 1046 1052 1168
f 1168 1052 1174
f 1053 1057 1055
f 1053 1054 1058
f 1057 1053 1058
f 1054 1180 1058
f 1054 1051 1180
f 1051 1173 1180
f 1059 1181 1175
f 1059 1175 1174
f 1059 1174 1056
f 1056 1174 1052
f 1057 1063 1060
f 1055 1057 1060
f 1185 1058 1182
f 1185 1063 1058
f 1063 1057 1058
f 1180 1182 1058
f 1059 1183 1181
f 1183 1059 1056
f 1183 1056 1186
f 1186 1056 1061
f 1060 1063 1062
f 1063 1064 1062
f 1063 1185 1064
f 1185 1190 1064
f 1061 1065 1186
f 1186 1065 1191
f 1072 1066 1064
f 1072 1064 1195
f 1195 1064 1190
f 1066 1072 1067
f 1073 1196 1192
f 1073 1193 1074
f 1192 1193 1073
f 1074 1193 1191
f 1074 1191 1068
f 1068 1191 1065
f 1072 1195 1197
f 1067 1072 1197
f 1067 1197 1069
f 1069 1197 1198
f 1080 1198 1200
f 1080 1070 1198
f 1070 1069 1198
f 1070 1080 1075
f 1081 1196 1073
f 1201 1196 1081
f 1071 1076 1081
f 1071 1081 1074
f 1074 1081 1073
f 1068 1071 1074
f 1080 1200 1202
f 1075 1080 1202
f 1075 1202 1077
f 1077 1202 1203
f 1089 1203 1205
f 1089 1078 1203
f 1078 1077 1203
f 1078 1089 1082
f 1090 1201 1081
f 1206 1201 1090
f 1076 1079 1091
f 1076 1091 1081
f 1081 1091 1090
f 1079 1083 1091
f 1089 1205 1207
f 1082 1089 1207
f 1082 1207 1084
f 1084 1207 1208
f 1085 1084 1209
f 1084 1208 1209
f 1097 1209 1211
f 1097 1086 1209
f 1086 1085 1209
f 1086 1097 1092
f 1087 1206 1090
f 1087 1093 1206
f 1093 1212 1206
f 1088 1087 1090
f 1091 1088 1090
f 1083 1088 1091
f 1097 1211 1213
f 1092 1097 1213
f 1092 1213 1094
f 1094 1213 1214
f 1106 1214 1217
f 1106 1095 1214
f 1095 1094 1214
f 1095 1106 1098
f 1107 1218 1215
f 1096 1108 1107
f 1096 1107 1212
f 1096 1212 1093
f 1215 1212 1107
f 1096 1099 1108
f 1106 1217 1219
f 1098 1106 1219
f 1098 1219 1100
f 1100 1219 1220
f 1101 1100 1221
f 1100 1220 1221
f 1221 1109 1101
f 1224 1109 1221
f 1102 1110 1114
f 1225 1102 1114
f 1225 1222 1102
f 1222 1103 1102
f 1218 1107 1104
f 1218 1104 1222
f 1222 1104 1103
f 1105 1104 1107
f 1108 1105 1107
f 1099 1105 1108
f 1109 1224 1226
f 1111 1109 1226
f 1112 1111 1227
f 1111 1226 1227
f 1113 1112 1228
f 1112 1227 1228
f 1114 1110 1113
f 1114 1113 1229
f 1229 1113 1228
f 1225 1114 1229
f 1123 1231 1239
f 1123 1124 1232
f 1231 1123 1232
f 1124 1118 1115
f 1124 1115 1232
f 1232 1115 1233
f 1125 1240 1233
f 1125 1233 1116
f 1116 1233 1115
f 1241 1125 1116
f 1241 1116 1234
f 1234 1116 1117
f 1119 1126 1235
f 1119 1235 1117
f 1117 1235 1234
f 1235 1126 1242
f 1120 1123 1239
f 1120 1239 1127
f 1127 1239 1248
f 1121 1123 1120
f 1124 1123 1121
f 1118 1124 1121
f 1125 1243 1240
f 1241 1243 1125
f 1119 1122 1126
f 1128 1131 1244
f 1122 1128 1244
f 1122 1244 1242
f 1122 1242 1126
f 1244 1131 1249
f 1129 1134 1132
f 1129 1251 1134
f 1129 1127 1251
f 1127 1248 1251
f 1128 1130 1131
f 1131 1130 1133
f 1131 1133 1249
f 1249 1133 1252
f 1138 1253 1256
f 1134 1254 1253
f 1134 1253 1135
f 1134 1135 1132
f 1135 1253 1138
f 1251 1254 1134
f 1133 1136 1252
f 1252 1136 1257
f 1137 1138 1256
f 1137 1256 1139
f 1139 1256 1259
f 1135 1138 1137
f 1258 1140 1143
f 1258 1257 1140
f 1257 1136 1140
f 1258 1143 1260
f 1148 1261 1263
f 1148 1144 1141
f 1148 1141 1261
f 1261 1141 1262
f 1259 1141 1139
f 1262 1141 1259
f 1140 1142 1143
f 1143 1142 1145
f 1143 1145 1260
f 1260 1145 1264
f 1146 1265 1268
f 1149 1146 1268
f 1263 1147 1148
f 1263 1265 1147
f 1265 1146 1147
f 1144 1148 1147
f 1145 1150 1264
f 1264 1150 1269
f 1151 1156 1152
f 1151 1271 1156
f 1151 1149 1271
f 1149 1268 1271
f 1150 1153 1269
f 1269 1153 1272
f 1154 1160 1157
f 1154 1155 1161
f 1160 1154 1161
f 1155 1152 1156
f 1155 1156 1161
f 1161 1156 1162
f 1274 1156 1271
f 1162 1156 1274
f 1153 1158 1272
f 1272 1158 1275
f 1159 1165 1163
f 1159 1281 1165
f 1157 1281 1159
f 1157 1276 1281
f 1157 1160 1276
f 1161 1276 1160
f 1277 1276 1161
f 1162 1277 1161
f 1278 1277 1162
f 1274 1278 1162
f 1166 1282 1279
f 1166 1279 1275
f 1166 1275 1164
f 1164 1275 1158
f 1165 1171 1167
f 1163 1165 1167
f 1284 1165 1281
f 1171 1165 1284
f 1172 1282 1166
f 1285 1282 1172
f 1164 1168 1172
f 1166 1164 1172
f 1169 1176 1173
f 1169 1170 1177
f 1176 1169 1177
f 1170 1167 1171
f 1170 1171 1177
f 1177 1171 1178
f 1287 1171 1284
f 1178 1171 1287
f 1179 1285 1172
f 1288 1285 1179
f 1168 1174 1179
f 1172 1168 1179
f 1176 1184 1180
f 1173 1176 1180
f 1292 1177 1289
f 1292 1184 1177
f 1184 1176 1177
f 1178 1289 1177
f 1290 1289 1178
f 1287 1290 1178
f 1175 1288 1179
f 1175 1181 1288
f 1181 1293 1288
f 1174 1175 1179
f 1182 1187 1185
f 1182 1180 1184
f 1182 1184 1187
f 1187 1184 1188
f 1297 1184 1292
f 1188 1184 1297
f 1189 1181 1183
f 1189 1298 1181
f 1298 1293 1181
f 1183 1186 1189
f 1187 1299 1301
f 1187 1301 1185
f 1185 1301 1190
f 1188 1299 1187
f 1300 1299 1188
f 1297 1300 1188
f 1194 1298 1189
f 1302 1298 1194
f 1186 1191 1194
f 1189 1186 1194
f 1303 1199 1195
f 1303 1195 1301
f 1301 1195 1190
f 1303 1308 1199
f 1192 1309 1304
f 1196 1309 1192
f 1302 1194 1193
f 1302 1193 1304
f 1304 1193 1192
f 1191 1193 1194
f 1195 1199 1197
f 1199 1308 1310
f 1199 1310 1197
f 1197 1310 1198
f 1310 1200 1198
f 1313 1200 1310
f 1204 1314 1311
f 1204 1311 1309
f 1204 1309 1201
f 1201 1309 1196
f 1200 1313 1315
f 1202 1200 1315
f 1203 1202 1316
f 1202 1315 1316
f 1316 1205 1203
f 1319 1205 1316
f 1210 1314 1204
f 1320 1314 1210
f 1201 1206 1210
f 1204 1201 1210
f 1205 1319 1321
f 1207 1205 1321
f 1208 1207 1322
f 1207 1321 1322
f 1209 1208 1323
f 1208 1322 1323
f 1323 1211 1209
f 1326 1211 1323
f 1216 1320 1210
f 1327 1320 1216
f 1206 1212 1216
f 1210 1206 1216
f 1211 1326 1328
f 1213 1211 1328
f 1214 1213 1329
f 1213 1328 1329
f 1329 1217 1214
f 1334 1217 1329
f 1223 1335 1330
f 1327 1223 1330
f 1216 1223 1327
f 1216 1218 1223
f 1216 1215 1218
f 1212 1215 1216
f 1217 1334 1336
f 1219 1217 1336
f 1220 1219 1337
f 1219 1336 1337
f 1221 1220 1338
f 1220 1337 1338
f 1224 1339 1230
f 1224 1221 1339
f 1221 1338 1339
f 1339 1341 1230
f 1222 1335 1223
f 1222 1225 1335
f 1225 1342 1335
f 1218 1222 1223
f 1224 1230 1226
f 1230 1341 1343
f 1230 1343 1226
f 1226 1343 1227
f 1228 1227 1344
f 1227 1343 1344
f 1229 1228 1345
f 1228 1344 1345
f 1342 1225 1229
f 1345 1342 1229
f 1236 1348 1353
f 1236 1237 1349
f 1348 1236 1349
f 1237 1238 1350
f 1349 1237 1350
f 1350 1238 1354
f 1231 1245 1239
f 1236 1353 1359
f 1236 1359 1231
f 1236 1231 1232
f 1245 1231 1359
f 1233 1236 1232
f 1237 1236 1233
f 1240 1237 1233
f 1240 1246 1237
f 1246 1238 1237
f 1241 1234 1355
f 1241 1355 1238
f 1241 1238 1246
f 1354 1238 1355
f 1235 1356 1234
f 1234 1356 1355
f 1242 1247 1357
f 1242 1357 1235
f 1235 1357 1356
f 1357 1247 1360
f 1250 1361 1365
f 1245 1362 1361
f 1245 1361 1248
f 1245 1248 1239
f 1248 1361 1250
f 1359 1362 1245
f 1240 1243 1246
f 1241 1246 1243
f 1242 1244 1247
f 1247 1244 1249
f 1247 1249 1360
f 1360 1249 1366
f 1255 1250 1365
f 1367 1255 1365
f 1248 1255 1251
f 1250 1255 1248
f 1249 1252 1366
f 1366 1252 1368
f 1253 1369 1370
f 1256 1253 1370
f 1367 1254 1255
f 1367 1369 1254
f 1369 1253 1254
f 1251 1255 1254
f 1252 1257 1368
f 1368 1257 1371
f 1256 1370 1259
f 1370 1374 1259
f 1257 1372 1371
f 1258 1372 1257
f 1372 1258 1260
f 1375 1372 1260
f 1261 1266 1263
f 1261 1262 1267
f 1266 1261 1267
f 1262 1376 1267
f 1262 1259 1376
f 1259 1374 1376
f 1260 1264 1375
f 1375 1264 1377
f 1265 1270 1268
f 1265 1381 1270
f 1263 1381 1265
f 1263 1378 1381
f 1263 1266 1378
f 1267 1378 1266
f 1379 1378 1267
f 1376 1379 1267
f 1264 1269 1377
f 1377 1269 1382
f 1270 1273 1271
f 1268 1270 1271
f 1383 1270 1381
f 1273 1270 1383
f 1269 1272 1382
f 1382 1272 1384
f 1273 1385 1387
f 1273 1387 1271
f 1271 1387 1274
f 1383 1385 1273
f 1280 1388 1386
f 1280 1386 1384
f 1280 1384 1275
f 1275 1384 1272
f 1276 1283 1281
f 1392 1283 1276
f 1392 1276 1389
f 1389 1276 1277
f 1278 1390 1277
f 1277 1390 1389
f 1387 1278 1274
f 1390 1278 1387
f 1279 1388 1280
f 1279 1282 1388
f 1282 1393 1388
f 1275 1279 1280
f 1283 1286 1284
f 1281 1283 1284
f 1398 1283 1392
f 1286 1283 1398
f 1282 1285 1393
f 1393 1285 1399
f 1286 1400 1403
f 1286 1403 1284
f 1284 1403 1287
f 1398 1400 1286
f 1291 1404 1401
f 1291 1401 1399
f 1291 1399 1288
f 1288 1399 1285
f 1289 1294 1292
f 1289 1290 1295
f 1294 1289 1295
f 1290 1406 1295
f 1290 1287 1406
f 1287 1403 1406
f 1296 1404 1291
f 1407 1404 1296
f 1288 1293 1296
f 1291 1288 1296
f 1294 1408 1413
f 1294 1413 1292
f 1292 1413 1297
f 1295 1408 1294
f 1409 1408 1295
f 1406 1409 1295
f 1296 1410 1407
f 1410 1296 1293
f 1410 1293 1414
f 1414 1293 1298
f 1299 1305 1301
f 1420 1305 1299
f 1420 1299 1415
f 1415 1299 1300
f 1413 1300 1297
f 1415 1300 1413
f 1306 1421 1416
f 1306 1417 1307
f 1416 1417 1306
f 1307 1417 1414
f 1307 1414 1302
f 1302 1414 1298
f 1301 1305 1303
f 1305 1308 1303
f 1305 1420 1308
f 1420 1425 1308
f 1312 1421 1306
f 1426 1421 1312
f 1304 1309 1312
f 1304 1312 1307
f 1307 1312 1306
f 1302 1304 1307
f 1308 1425 1427
f 1310 1308 1427
f 1313 1428 1317
f 1313 1310 1428
f 1310 1427 1428
f 1428 1434 1317
f 1318 1435 1429
f 1426 1318 1429
f 1312 1318 1426
f 1312 1314 1318
f 1312 1311 1314
f 1309 1311 1312
f 1313 1317 1315
f 1317 1316 1315
f 1317 1437 1316
f 1317 1434 1437
f 1437 1324 1316
f 1316 1324 1319
f 1325 1435 1318
f 1438 1435 1325
f 1314 1320 1325
f 1318 1314 1325
f 1324 1437 1439
f 1319 1324 1439
f 1319 1439 1321
f 1321 1439 1440
f 1322 1321 1441
f 1321 1440 1441
f 1331 1441 1447
f 1331 1323 1441
f 1323 1322 1441
f 1323 1331 1326
f 1332 1448 1442
f 1438 1332 1442
f 1438 1325 1332
f 1325 1333 1332
f 1320 1327 1333
f 1325 1320 1333
f 1331 1447 1449
f 1326 1331 1449
f 1326 1449 1328
f 1328 1449 1450
f 1329 1328 1451
f 1328 1450 1451
f 1334 1452 1340
f 1334 1329 1452
f 1329 1451 1452
f 1452 1456 1340
f 1332 1453 1448
f 1330 1335 1457
f 1330 1457 1332
f 1330 1332 1333
f 1332 1457 1453
f 1327 1330 1333
f 1334 1340 1336
f 1340 1456 1458
f 1340 1458 1336
f 1336 1458 1337
f 1338 1337 1459
f 1337 1458 1459
f 1339 1338 1460
f 1338 1459 1460
f 1341 1461 1346
f 1341 1339 1461
f 1339 1460 1461
f 1461 1465 1346
f 1347 1466 1462
f 1347 1462 1457
f 1347 1457 1342
f 1342 1457 1335
f 1341 1346 1343
f 1346 1465 1467
f 1346 1467 1343
f 1343 1467 1344
f 1466 1347 1345
f 1466 1345 1467
f 1467 1345 1344
f 1342 1345 1347
f 1351 1469 1472
f 1351 1352 1470
f 1469 1351 1470
f 1470 1352 1473
f 1348 1474 1479
f 1353 1348 1479
f 1472 1349 1351
f 1472 1474 1349
f 1474 1348 1349
f 1350 1351 1349
f 1352 1351 1350
f 1354 1358 1475
f 1350 1354 1475
f 1350 1475 1473
f 1350 1473 1352
f 1475 1358 1480
f 1363 1481 1486
f 1363 1479 1481
f 1363 1359 1479
f 1359 1353 1479
f 1354 1355 1358
f 1358 1482 1480
f 1358 1355 1482
f 1355 1356 1482
f 1364 1487 1482
f 1364 1482 1357
f 1357 1482 1356
f 1357 1360 1364
f 1361 1488 1492
f 1365 1361 1492
f 1486 1362 1363
f 1486 1488 1362
f 1488 1361 1362
f 1359 1363 1362
f 1364 1489 1487
f 1489 1364 1360
f 1489 1360 1493
f 1493 1360 1366
f 1365 1492 1367
f 1492 1496 1367
f 1366 1368 1493
f 1493 1368 1497
f 1369 1498 1502
f 1370 1369 1502
f 1496 1369 1367
f 1498 1369 1496
f 1499 1371 1373
f 1499 1497 1371
f 1497 1368 1371
f 1499 1373 1503
f 1370 1502 1374
f 1502 1504 1374
f 1371 1372 1373
f 1373 1372 1375
f 1373 1375 1503
f 1503 1375 1505
f 1380 1506 1509
f 1380 1504 1506
f 1380 1376 1504
f 1376 1374 1504
f 1375 1377 1505
f 1505 1377 1510
f 1378 1511 1513
f 1381 1378 1513
f 1509 1379 1380
f 1509 1511 1379
f 1511 1378 1379
f 1376 1380 1379
f 1377 1382 1510
f 1510 1382 1514
f 1381 1513 1383
f 1513 1515 1383
f 1382 1384 1514
f 1514 1384 1516
f 1385 1391 1387
f 1385 1518 1391
f 1385 1383 1518
f 1383 1515 1518
f 1386 1519 1517
f 1388 1519 1386
f 1516 1384 1386
f 1517 1516 1386
f 1389 1394 1392
f 1389 1390 1395
f 1394 1389 1395
f 1390 1387 1391
f 1390 1391 1395
f 1395 1391 1396
f 1521 1391 1518
f 1396 1391 1521
f 1397 1522 1520
f 1397 1520 1519
f 1397 1519 1393
f 1393 1519 1388
f 1394 1523 1526
f 1394 1526 1392
f 1392 1526 1398
f 1395 1523 1394
f 1524 1523 1395
f 1396 1524 1395
f 1525 1524 1396
f 1521 1525 1396
f 1402 1522 1397
f 1527 1522 1402
f 1393 1399 1402
f 1397 1393 1402
f 1400 1405 1403
f 1400 1531 1405
f 1400 1398 1531
f 1398 1526 1531
f 1401 1527 1402
f 1401 1404 1527
f 1404 1532 1527
f 1399 1401 1402
f 1405 1411 1406
f 1403 1405 1406
f 1536 1405 1531
f 1411 1405 1536
f 1412 1537 1533
f 1412 1533 1532
f 1412 1532 1407
f 1407 1532 1404
f 1408 1418 1413
f 1542 1418 1408
f 1542 1408 1538
f 1538 1408 1409
f 1411 1409 1406
f 1411 1539 1409
f 1539 1538 1409
f 1536 1539 1411
f 1412 1540 1537
f 1419 1543 1540
f 1410 1419 1540
f 1410 1540 1412
f 1410 1412 1407
f 1410 1414 1419
f 1415 1422 1420
f 1415 1413 1418
f 1415 1418 1422
f 1422 1418 1423
f 1549 1418 1542
f 1423 1418 1549
f 1424 1550 1544
f 1424 1416 1421
f 1424 1544 1416
f 1544 1545 1416
f 1543 1419 1417
f 1543 1417 1545
f 1545 1417 1416
f 1414 1417 1419
f 1422 1430 1425
f 1420 1422 1425
f 1423 1431 1422
f 1431 1430 1422
f 1555 1423 1549
f 1431 1423 1555
f 1432 1556 1551
f 1550 1432 1551
f 1550 1424 1432
f 1424 1433 1432
f 1421 1426 1433
f 1424 1421 1433
f 1425 1430 1427
f 1428 1427 1430
f 1431 1428 1430
f 1431 1434 1428
f 1431 1555 1434
f 1555 1560 1434
f 1436 1556 1432
f 1561 1556 1436
f 1429 1435 1436
f 1429 1436 1433
f 1433 1436 1432
f 1426 1429 1433
f 1562 1443 1437
f 1562 1437 1560
f 1560 1437 1434
f 1443 1563 1444
f 1562 1563 1443
f 1563 1569 1444
f 1445 1570 1564
f 1561 1445 1564
f 1561 1436 1445
f 1436 1446 1445
f 1435 1438 1446
f 1436 1435 1446
f 1437 1443 1439
f 1440 1439 1443
f 1444 1440 1443
f 1444 1569 1571
f 1444 1571 1440
f 1440 1571 1441
f 1447 1572 1454
f 1447 1441 1572
f 1441 1571 1572
f 1454 1573 1455
f 1572 1573 1454
f 1573 1576 1455
f 1445 1574 1570
f 1442 1448 1577
f 1442 1577 1445
f 1442 1445 1446
f 1445 1577 1574
f 1438 1442 1446
f 1447 1454 1449
f 1450 1449 1454
f 1455 1450 1454
f 1455 1576 1578
f 1455 1578 1450
f 1450 1578 1451
f 1452 1451 1579
f 1451 1578 1579
f 1579 1456 1452
f 1587 1456 1579
f 1463 1588 1580
f 1453 1464 1463
f 1453 1463 1577
f 1453 1577 1448
f 1580 1577 1463
f 1453 1457 1464
f 1456 1587 1589
f 1458 1456 1589
f 1459 1458 1590
f 1458 1589 1590
f 1460 1459 1591
f 1459 1590 1591
f 1461 1460 1592
f 1460 1591 1592
f 1465 1463 1468
f 1465 1592 1463
f 1465 1461 1592
f 1592 1588 1463
f 1462 1466 1468
f 1462 1468 1464
f 1464 1468 1463
f 1457 1462 1464
f 1465 1468 1467
f 1466 1467 1468
f 1471 1595 1596
f 1595 1471 1597
f 1476 1598 1605
f 1476 1472 1469
f 1476 1469 1598
f 1598 1469 1599
f 1470 1600 1469
f 1469 1600 1599
f 1473 1477 1471
f 1473 1471 1600
f 1473 1600 1470
f 1600 1471 1596
f 1601 1597 1471
f 1601 1471 1478
f 1478 1471 1477
f 1601 1478 1606
f 1483 1607 1610
f 1483 1484 1608
f 1607 1483 1608
f 1605 1608 1484
f 1476 1605 1484
f 1476 1484 1479
f 1476 1479 1474
f 1472 1476 1474
f 1473 1475 1477
f 1480 1477 1475
f 1480 1485 1477
f 1485 1478 1477
f 1611 1606 1478
f 1485 1611 1478
f 1490 1483 1610
f 1615 1490 1610
f 1481 1490 1486
f 1481 1484 1490
f 1484 1483 1490
f 1479 1484 1481
f 1480 1482 1485
f 1487 1491 1612
f 1482 1487 1612
f 1482 1612 1611
f 1482 1611 1485
f 1612 1491 1616
f 1494 1617 1622
f 1615 1617 1494
f 1490 1615 1494
f 1490 1494 1492
f 1490 1492 1488
f 1486 1490 1488
f 1487 1489 1491
f 1493 1495 1618
f 1489 1493 1618
f 1489 1618 1616
f 1489 1616 1491
f 1618 1495 1623
f 1500 1494 1622
f 1625 1500 1622
f 1492 1500 1496
f 1494 1500 1492
f 1495 1497 1501
f 1493 1497 1495
f 1626 1623 1495
f 1501 1626 1495
f 1498 1500 1625
f 1498 1625 1502
f 1502 1625 1627
f 1496 1500 1498
f 1497 1499 1501
f 1501 1499 1503
f 1501 1503 1626
f 1626 1503 1628
f 1507 1629 1631
f 1507 1508 1630
f 1629 1507 1630
f 1508 1627 1630
f 1508 1504 1627
f 1504 1502 1627
f 1503 1505 1628
f 1628 1505 1632
f 1512 1507 1631
f 1634 1512 1631
f 1506 1512 1509
f 1506 1508 1512
f 1508 1507 1512
f 1504 1508 1506
f 1505 1510 1632
f 1632 1510 1635
f 1511 1512 1634
f 1511 1634 1513
f 1513 1634 1637
f 1509 1512 1511
f 1510 1514 1635
f 1635 1514 1638
f 1513 1637 1515
f 1637 1640 1515
f 1514 1516 1638
f 1638 1516 1641
f 1515 1640 1518
f 1640 1644 1518
f 1517 1645 1642
f 1519 1645 1517
f 1641 1516 1517
f 1642 1641 1517
f 1518 1644 1521
f 1644 1648 1521
f 1520 1649 1646
f 1522 1649 1520
f 1645 1519 1520
f 1646 1645 1520
f 1523 1528 1526
f 1523 1524 1529
f 1528 1523 1529
f 1524 1525 1530
f 1529 1524 1530
f 1525 1650 1530
f 1525 1521 1650
f 1521 1648 1650
f 1522 1527 1649
f 1649 1527 1651
f 1528 1534 1531
f 1526 1528 1531
f 1656 1529 1652
f 1656 1534 1529
f 1534 1528 1529
f 1530 1652 1529
f 1653 1652 1530
f 1650 1653 1530
f 1535 1657 1654
f 1535 1654 1651
f 1535 1651 1532
f 1532 1651 1527
f 1534 1658 1663
f 1534 1663 1531
f 1531 1663 1536
f 1656 1658 1534
f 1541 1664 1659
f 1657 1541 1659
f 1535 1541 1657
f 1535 1537 1541
f 1535 1533 1537
f 1532 1533 1535
f 1538 1546 1542
f 1538 1539 1547
f 1546 1538 1547
f 1539 1668 1547
f 1539 1536 1668
f 1536 1663 1668
f 1541 1665 1664
f 1548 1669 1665
f 1540 1548 1665
f 1540 1665 1541
f 1540 1541 1537
f 1540 1543 1548
f 1546 1552 1549
f 1542 1546 1549
f 1547 1553 1546
f 1553 1552 1546
f 1677 1547 1668
f 1553 1547 1677
f 1554 1678 1670
f 1554 1544 1550
f 1554 1670 1544
f 1670 1671 1544
f 1669 1548 1545
f 1669 1545 1671
f 1671 1545 1544
f 1543 1545 1548
f 1552 1679 1690
f 1552 1690 1549
f 1549 1690 1555
f 1679 1557 1691
f 1679 1552 1557
f 1552 1553 1557
f 1692 1553 1677
f 1557 1553 1692
f 1558 1693 1680
f 1558 1681 1559
f 1680 1681 1558
f 1678 1559 1681
f 1554 1559 1678
f 1554 1556 1559
f 1554 1551 1556
f 1550 1551 1554
f 1694 1565 1560
f 1694 1560 1690
f 1690 1560 1555
f 1704 1557 1695
f 1704 1565 1557
f 1691 1557 1694
f 1694 1557 1565
f 1692 1695 1557
f 1566 1705 1696
f 1693 1566 1696
f 1693 1558 1566
f 1558 1567 1566
f 1559 1568 1558
f 1568 1567 1558
f 1556 1561 1568
f 1559 1556 1568
f 1560 1565 1562
f 1565 1704 1706
f 1565 1706 1562
f 1562 1706 1563
f 1706 1569 1563
f 1716 1569 1706
f 1566 1707 1705
f 1707 1575 1717
f 1707 1566 1575
f 1566 1567 1575
f 1564 1570 1575
f 1564 1575 1568
f 1568 1575 1567
f 1561 1564 1568
f 1569 1716 1718
f 1571 1569 1718
f 1572 1571 1719
f 1571 1718 1719
f 1573 1572 1720
f 1572 1719 1720
f 1720 1576 1573
f 1731 1576 1720
f 1581 1732 1721
f 1581 1722 1582
f 1721 1722 1581
f 1582 1723 1583
f 1722 1723 1582
f 1583 1724 1584
f 1723 1724 1583
f 1717 1584 1724
f 1717 1575 1584
f 1575 1585 1584
f 1570 1574 1586
f 1570 1586 1575
f 1575 1586 1585
f 1574 1577 1586
f 1576 1731 1733
f 1578 1576 1733
f 1732 1581 1579
f 1732 1579 1733
f 1733 1579 1578
f 1734 1581 1582
f 1734 1587 1581
f 1734 1736 1587
f 1579 1581 1587
f 1583 1734 1582
f 1735 1734 1583
f 1735 1593 1737
f 1735 1583 1593
f 1583 1584 1593
f 1585 1594 1584
f 1594 1593 1584
f 1580 1588 1594
f 1580 1594 1586
f 1586 1594 1585
f 1577 1580 1586
f 1587 1736 1738
f 1589 1587 1738
f 1590 1589 1739
f 1589 1738 1739
f 1737 1593 1591
f 1737 1591 1739
f 1739 1591 1590
f 1592 1591 1593
f 1594 1592 1593
f 1588 1592 1594
f 1602 1746 1755
f 1602 1603 1747
f 1746 1602 1747
f 1603 1604 1748
f 1747 1603 1748
f 1604 1596 1595
f 1604 1595 1748
f 1748 1595 1749
f 1749 1595 1597
f 1756 1749 1597
f 1609 1757 1760
f 1755 1757 1609
f 1602 1755 1609
f 1602 1609 1605
f 1602 1605 1598
f 1599 1602 1598
f 1603 1602 1599
f 1600 1603 1599
f 1604 1603 1600
f 1596 1604 1600
f 1597 1758 1756
f 1601 1758 1597
f 1758 1601 1606
f 1761 1758 1606
f 1607 1762 1767
f 1610 1607 1767
f 1760 1608 1609
f 1760 1762 1608
f 1762 1607 1608
f 1605 1609 1608
f 1763 1611 1613
f 1763 1761 1611
f 1761 1606 1611
f 1613 1614 1764
f 1763 1613 1764
f 1764 1614 1768
f 1619 1769 1773
f 1619 1620 1770
f 1769 1619 1770
f 1620 1767 1770
f 1620 1615 1767
f 1615 1610 1767
f 1611 1612 1613
f 1616 1613 1612
f 1616 1621 1613
f 1621 1614 1613
f 1774 1768 1614
f 1621 1774 1614
f 1624 1619 1773
f 1775 1624 1773
f 1617 1624 1622
f 1617 1620 1624
f 1620 1619 1624
f 1615 1620 1617
f 1616 1618 1621
f 1621 1618 1623
f 1621 1623 1774
f 1774 1623 1776
f 1624 1775 1777
f 1777 1622 1624
f 1777 1778 1622
f 1778 1625 1622
f 1623 1626 1776
f 1776 1626 1779
f 1625 1778 1627
f 1778 1781 1627
f 1626 1628 1779
f 1779 1628 1782
f 1629 1633 1631
f 1784 1633 1629
f 1784 1629 1783
f 1783 1629 1630
f 1781 1630 1627
f 1783 1630 1781
f 1628 1632 1782
f 1782 1632 1785
f 1633 1636 1634
f 1631 1633 1634
f 1787 1633 1784
f 1636 1633 1787
f 1632 1635 1785
f 1785 1635 1788
f 1636 1639 1637
f 1634 1636 1637
f 1790 1636 1787
f 1639 1636 1790
f 1635 1638 1788
f 1788 1638 1791
f 1639 1643 1640
f 1637 1639 1640
f 1792 1639 1790
f 1643 1639 1792
f 1638 1641 1791
f 1791 1641 1793
f 1643 1794 1799
f 1643 1799 1640
f 1640 1799 1644
f 1792 1794 1643
f 1647 1800 1795
f 1647 1642 1645
f 1647 1795 1642
f 1795 1796 1642
f 1793 1641 1642
f 1796 1793 1642
f 1644 1799 1648
f 1799 1802 1648
f 1646 1800 1647
f 1646 1649 1800
f 1649 1803 1800
f 1645 1646 1647
f 1648 1802 1650
f 1802 1807 1650
f 1655 1808 1804
f 1655 1804 1803
f 1655 1803 1651
f 1651 1803 1649
f 1652 1660 1656
f 1652 1653 1661
f 1660 1652 1661
f 1653 1811 1661
f 1653 1650 1811
f 1650 1807 1811
f 1662 1812 1809
f 1808 1662 1809
f 1655 1662 1808
f 1655 1657 1662
f 1655 1654 1657
f 1651 1654 1655
f 1658 1666 1663
f 1658 1814 1666
f 1656 1814 1658
f 1656 1813 1814
f 1656 1660 1813
f 1813 1667 1815
f 1813 1660 1667
f 1660 1661 1667
f 1816 1661 1811
f 1667 1661 1816
f 1659 1812 1662
f 1659 1664 1812
f 1664 1817 1812
f 1657 1659 1662
f 1666 1672 1668
f 1663 1666 1668
f 1826 1666 1814
f 1672 1666 1826
f 1667 1818 1815
f 1818 1673 1827
f 1818 1667 1673
f 1819 1673 1816
f 1816 1673 1667
f 1819 1828 1673
f 1674 1829 1820
f 1674 1821 1675
f 1820 1821 1674
f 1665 1676 1675
f 1665 1675 1817
f 1665 1817 1664
f 1821 1817 1675
f 1665 1669 1676
f 1672 1682 1677
f 1668 1672 1677
f 1830 1672 1826
f 1830 1683 1672
f 1683 1682 1672
f 1830 1844 1683
f 1673 1831 1827
f 1831 1684 1845
f 1831 1673 1684
f 1832 1684 1828
f 1828 1684 1673
f 1684 1833 1685
f 1832 1833 1684
f 1685 1834 1686
f 1833 1834 1685
f 1686 1835 1687
f 1834 1835 1686
f 1687 1836 1688
f 1835 1836 1687
f 1829 1688 1836
f 1829 1674 1688
f 1674 1689 1688
f 1670 1678 1689
f 1670 1689 1675
f 1675 1689 1674
f 1671 1670 1675
f 1676 1671 1675
f 1669 1671 1676
f 1679 1697 1690
f 1679 1691 1697
f 1682 1698 1692
f 1677 1682 1692
f 1683 1699 1682
f 1699 1698 1682
f 1846 1683 1844
f 1846 1700 1683
f 1700 1699 1683
f 1700 1847 1701
f 1846 1847 1700
f 1852 1684 1848
f 1852 1701 1684
f 1845 1684 1847
f 1847 1684 1701
f 1685 1848 1684
f 1849 1848 1685
f 1849 1702 1853
f 1849 1685 1702
f 1685 1686 1702
f 1687 1703 1686
f 1703 1702 1686
f 1680 1693 1703
f 1680 1703 1688
f 1688 1703 1687
f 1681 1680 1688
f 1689 1681 1688
f 1678 1681 1689
f 1690 1697 1694
f 1691 1694 1697
f 1695 1708 1704
f 1695 1692 1698
f 1695 1698 1708
f 1708 1698 1709
f 1699 1710 1698
f 1710 1709 1698
f 1700 1711 1699
f 1711 1710 1699
f 1701 1712 1700
f 1712 1711 1700
f 1854 1701 1852
f 1854 1713 1701
f 1713 1712 1701
f 1713 1855 1714
f 1854 1855 1713
f 1853 1714 1855
f 1853 1702 1714
f 1702 1715 1714
f 1696 1705 1715
f 1696 1715 1703
f 1703 1715 1702
f 1693 1696 1703
f 1704 1708 1706
f 1716 1706 1708
f 1716 1708 1725
f 1725 1708 1709
f 1860 1710 1858
f 1860 1725 1710
f 1725 1709 1710
f 1711 1858 1710
f 1859 1858 1711
f 1859 1726 1861
f 1859 1711 1726
f 1711 1712 1726
f 1713 1727 1712
f 1727 1726 1712
f 1714 1728 1713
f 1728 1727 1713
f 1715 1729 1714
f 1729 1728 1714
f 1705 1707 1730
f 1705 1730 1715
f 1715 1730 1729
f 1707 1717 1730
f 1716 1725 1718
f 1725 1860 1862
f 1725 1862 1718
f 1718 1862 1719
f 1720 1719 1863
f 1719 1862 1863
f 1863 1726 1720
f 1863 1861 1726
f 1720 1726 1731
f 1864 1867 1726
f 1731 1726 1867
f 1721 1732 1868
f 1721 1868 1726
f 1721 1726 1727
f 1726 1868 1864
f 1722 1721 1727
f 1728 1722 1727
f 1723 1722 1728
f 1729 1723 1728
f 1724 1723 1729
f 1730 1724 1729
f 1717 1724 1730
f 1731 1867 1869
f 1733 1731 1869
f 1868 1732 1733
f 1869 1868 1733
f 1734 1740 1736
f 1734 1735 1741
f 1740 1734 1741
f 1735 1737 1741
f 1736 1740 1738
f 1739 1738 1740
f 1741 1739 1740
f 1737 1739 1741
f 1742 1871 1878
f 1871 1742 1879
f 1743 1872 1880
f 1743 1744 1873
f 1872 1743 1873
f 1744 1745 1874
f 1873 1744 1874
f 1874 1745 1881
f 1750 1742 1878
f 1886 1750 1878
f 1882 1879 1742
f 1882 1742 1751
f 1751 1742 1750
f 1880 1882 1751
f 1880 1751 1743
f 1743 1751 1752
f 1744 1743 1753
f 1753 1743 1752
f 1745 1744 1754
f 1754 1744 1753
f 1887 1881 1745
f 1754 1887 1745
f 1759 1750 1886
f 1891 1759 1886
f 1746 1759 1755
f 1746 1751 1759
f 1751 1750 1759
f 1747 1751 1746
f 1752 1751 1747
f 1748 1752 1747
f 1753 1752 1748
f 1749 1753 1748
f 1754 1753 1749
f 1754 1749 1756
f 1754 1756 1887
f 1887 1756 1892
f 1765 1893 1900
f 1765 1766 1894
f 1893 1765 1894
f 1891 1894 1766
f 1759 1891 1766
f 1759 1766 1760
f 1759 1760 1757
f 1755 1759 1757
f 1756 1895 1892
f 1758 1895 1756
f 1895 1758 1761
f 1901 1895 1761
f 1771 1902 1908
f 1900 1902 1771
f 1900 1771 1765
f 1765 1771 1772
f 1762 1772 1767
f 1762 1766 1772
f 1766 1765 1772
f 1760 1766 1762
f 1761 1903 1901
f 1763 1903 1761
f 1764 1904 1763
f 1763 1904 1903
f 1904 1764 1768
f 1909 1904 1768
f 1769 1771 1908
f 1769 1908 1773
f 1773 1908 1910
f 1770 1771 1769
f 1772 1771 1770
f 1767 1772 1770
f 1768 1774 1909
f 1909 1774 1911
f 1773 1910 1775
f 1910 1912 1775
f 1774 1776 1911
f 1911 1776 1913
f 1780 1777 1775
f 1780 1775 1914
f 1914 1775 1912
f 1777 1780 1778
f 1776 1779 1913
f 1913 1779 1915
f 1780 1914 1916
f 1916 1778 1780
f 1916 1917 1778
f 1917 1781 1778
f 1779 1782 1915
f 1915 1782 1918
f 1783 1786 1784
f 1783 1920 1786
f 1783 1781 1920
f 1781 1917 1920
f 1782 1785 1918
f 1918 1785 1921
f 1786 1789 1787
f 1784 1786 1787
f 1923 1786 1920
f 1789 1786 1923
f 1785 1788 1921
f 1921 1788 1924
f 1789 1925 1926
f 1789 1926 1787
f 1787 1926 1790
f 1923 1925 1789
f 1788 1791 1924
f 1924 1791 1927
f 1790 1926 1792
f 1926 1933 1792
f 1797 1934 1928
f 1797 1929 1798
f 1928 1929 1797
f 1798 1929 1927
f 1798 1927 1793
f 1793 1927 1791
f 1794 1801 1799
f 1794 1935 1801
f 1794 1792 1935
f 1792 1933 1935
f 1795 1934 1797
f 1795 1800 1934
f 1800 1936 1934
f 1796 1795 1797
f 1798 1796 1797
f 1793 1796 1798
f 1801 1805 1802
f 1799 1801 1802
f 1939 1801 1935
f 1805 1801 1939
f 1806 1940 1937
f 1806 1937 1936
f 1806 1936 1803
f 1803 1936 1800
f 1805 1941 1944
f 1805 1944 1802
f 1802 1944 1807
f 1939 1941 1805
f 1810 1945 1942
f 1940 1810 1942
f 1806 1810 1940
f 1806 1808 1810
f 1806 1804 1808
f 1803 1804 1806
f 1807 1944 1811
f 1944 1949 1811
f 1809 1945 1810
f 1809 1812 1945
f 1812 1950 1945
f 1808 1809 1810
f 1813 1822 1814
f 1813 1815 1822
f 1951 1823 1816
f 1951 1816 1949
f 1949 1816 1811
f 1823 1952 1824
f 1951 1952 1823
f 1952 1957 1824
f 1825 1958 1953
f 1825 1953 1950
f 1825 1950 1817
f 1817 1950 1812
f 1822 1837 1826
f 1814 1822 1826
f 1815 1818 1838
f 1815 1838 1822
f 1822 1838 1837
f 1819 1816 1823
f 1827 1838 1818
f 1828 1819 1823
f 1828 1823 1839
f 1839 1823 1824
f 1959 1824 1957
f 1959 1840 1824
f 1840 1839 1824
f 1840 1960 1841
f 1959 1960 1840
f 1841 1961 1842
f 1960 1961 1841
f 1842 1962 1843
f 1961 1962 1842
f 1843 1820 1829
f 1843 1962 1820
f 1962 1963 1820
f 1958 1825 1821
f 1958 1821 1963
f 1963 1821 1820
f 1817 1821 1825
f 1826 1837 1830
f 1844 1830 1837
f 1844 1837 1850
f 1850 1837 1838
f 1827 1831 1851
f 1827 1851 1838
f 1838 1851 1850
f 1832 1828 1839
f 1845 1851 1831
f 1833 1832 1839
f 1840 1833 1839
f 1834 1833 1840
f 1841 1834 1840
f 1835 1834 1841
f 1842 1835 1841
f 1836 1835 1842
f 1843 1836 1842
f 1829 1836 1843
f 1844 1850 1846
f 1847 1846 1850
f 1851 1847 1850
f 1845 1847 1851
f 1848 1856 1852
f 1848 1849 1857
f 1856 1848 1857
f 1849 1853 1857
f 1852 1856 1854
f 1855 1854 1856
f 1857 1855 1856
f 1853 1855 1857
f 1858 1865 1860
f 1858 1859 1866
f 1865 1858 1866
f 1859 1861 1866
f 1860 1865 1862
f 1863 1862 1865
f 1866 1863 1865
f 1861 1863 1866
f 1864 1870 1867
f 1864 1868 1870
f 1867 1870 1869
f 1868 1869 1870
f 1875 1968 1972
f 1875 1876 1969
f 1968 1875 1969
f 1876 1877 1970
f 1969 1876 1970
f 1970 1877 1973
f 1883 1974 1979
f 1884 1878 1871
f 1980 1974 1883
f 1879 1884 1871
f 1885 1975 1981
f 1972 1975 1885
f 1875 1972 1885
f 1875 1885 1880
f 1875 1880 1872
f 1873 1875 1872
f 1876 1875 1873
f 1874 1876 1873
f 1877 1876 1874
f 1877 1874 1881
f 1877 1881 1973
f 1973 1881 1982
f 1888 1983 1989
f 1979 1983 1888
f 1979 1888 1883
f 1883 1888 1889
f 1878 1984 1886
f 1878 1884 1984
f 1886 1984 1889
f 1980 1883 1984
f 1889 1984 1883
f 1981 1882 1885
f 1981 1984 1882
f 1879 1882 1884
f 1884 1882 1984
f 1880 1885 1882
f 1985 1887 1890
f 1985 1982 1887
f 1982 1881 1887
f 1985 1890 1990
f 1896 1888 1989
f 1994 1896 1989
f 1889 1888 1897
f 1897 1888 1896
f 1886 1897 1891
f 1889 1897 1886
f 1890 1892 1898
f 1887 1892 1890
f 1991 1990 1890
f 1991 1890 1899
f 1899 1890 1898
f 1991 1899 1995
f 1905 1996 1998
f 1994 1996 1905
f 1896 1994 1905
f 1896 1905 1900
f 1896 1900 1893
f 1894 1896 1893
f 1897 1896 1894
f 1891 1897 1894
f 1892 1895 1898
f 1901 1898 1895
f 1901 1906 1898
f 1906 1899 1898
f 1997 1995 1899
f 1997 1899 1907
f 1907 1899 1906
f 1997 1907 1999
f 1902 1905 1998
f 1902 1998 1908
f 1908 1998 2001
f 1900 1905 1902
f 1901 1903 1906
f 1904 1906 1903
f 1907 1906 1904
f 1907 1904 1909
f 1907 1909 1999
f 1999 1909 2002
f 1908 2001 1910
f 2001 2003 1910
f 1909 1911 2002
f 2002 1911 2004
f 1910 2003 1912
f 2003 2005 1912
f 1911 1913 2004
f 2004 1913 2006
f 1912 2005 1914
f 2005 2007 1914
f 1913 1915 2006
f 2006 1915 2008
f 1919 1916 1914
f 1919 1914 2009
f 2009 1914 2007
f 1916 1919 1917
f 1915 1918 2008
f 2008 1918 2010
f 1922 1919 2009
f 2011 1922 2009
f 1917 1922 1920
f 1919 1922 1917
f 1918 1921 2010
f 2010 1921 2012
f 1922 2011 2013
f 2013 1920 1922
f 2013 2014 1920
f 2014 1923 1920
f 1921 1924 2012
f 2012 1924 2015
f 1925 1930 1926
f 1925 2018 1930
f 1925 1923 2018
f 1923 2014 2018
f 1931 2019 2016
f 1931 2017 1932
f 2016 2017 1931
f 1932 2017 2015
f 1932 2015 1927
f 1927 2015 1924
f 1930 2020 2023
f 1930 2023 1926
f 1926 2023 1933
f 2018 2020 1930
f 1928 2019 1931
f 1928 1934 2019
f 1934 2024 2019
f 1929 1928 1931
f 1932 1929 1931
f 1927 1929 1932
f 2025 1938 1935
f 2025 1935 2023
f 2023 1935 1933
f 2025 2027 1938
f 1934 1936 2024
f 2024 1936 2028
f 1938 2029 2031
f 1938 2031 1935
f 1935 2031 1939
f 2027 2029 1938
f 1937 1940 1943
f 1937 1943 2032
f 1937 2032 1936
f 1936 2032 2028
f 1941 1946 1944
f 2033 1939 2031
f 2033 1946 1939
f 2033 1947 1946
f 1946 1941 1939
f 2033 2037 1947
f 1942 1945 1948
f 1942 1948 2038
f 1940 1942 2038
f 1940 2038 2034
f 1940 2034 1943
f 2032 1943 2034
f 1946 1954 1949
f 1944 1946 1949
f 1947 1955 1946
f 1955 1954 1946
f 2039 1947 2037
f 2039 1956 1947
f 1956 1955 1947
f 2039 2043 1956
f 1948 2044 2040
f 1948 1945 2044
f 1945 1950 2044
f 2038 1948 2040
f 1949 1954 1951
f 1952 1951 1954
f 1955 1952 1954
f 1957 1952 1955
f 1957 1955 1964
f 1964 1955 1956
f 2045 1956 2043
f 2045 1965 1956
f 1965 1964 1956
f 2045 2054 1965
f 1966 2055 2046
f 1966 2047 1967
f 2046 2047 1966
f 1967 1953 1958
f 1967 2047 1953
f 2047 2048 1953
f 2044 1950 1953
f 2048 2044 1953
f 1957 1964 1959
f 1960 1959 1964
f 1965 1960 1964
f 1965 2054 2056
f 1965 2056 1960
f 1960 2056 1961
f 2055 1966 1962
f 2055 1962 2056
f 2056 1962 1961
f 1963 1962 1966
f 1967 1963 1966
f 1958 1963 1967
f 1971 2058 2059
f 2058 1971 2060
f 1976 2061 2069
f 1976 1977 2062
f 2061 1976 2062
f 1977 1978 2063
f 2062 1977 2063
f 1978 1972 1968
f 1978 1968 2063
f 2063 1968 2064
f 2059 1969 1971
f 2059 2064 1969
f 2064 1968 1969
f 1971 2065 2060
f 1971 1969 2065
f 1969 1970 2065
f 2065 1970 1973
f 2070 2065 1973
f 1986 2071 2076
f 2069 2071 1986
f 1976 2069 1986
f 1976 1986 1979
f 1976 1979 1974
f 1980 1976 1974
f 1980 1987 1976
f 1987 1977 1976
f 1975 1987 1981
f 1975 1978 1987
f 1978 1977 1987
f 1972 1978 1975
f 2072 1982 1988
f 2072 2070 1982
f 2070 1973 1982
f 2072 1988 2077
f 1992 2078 2082
f 2076 2078 1992
f 1986 2076 1992
f 1986 1992 1989
f 1986 1989 1983
f 1979 1986 1983
f 1980 1984 1987
f 1981 1987 1984
f 1982 1985 1988
f 1990 1993 2079
f 1985 1990 2079
f 1985 2079 2077
f 1985 2077 1988
f 2079 1993 2083
f 1992 2082 2084
f 2084 1989 1992
f 2084 2085 1989
f 2085 1994 1989
f 1990 1991 1993
f 1993 1991 1995
f 1993 1995 2083
f 2083 1995 2086
f 1996 2087 2089
f 1998 1996 2089
f 2085 1996 1994
f 2087 1996 2085
f 2000 1995 1997
f 2000 2090 1995
f 2090 2086 1995
f 1997 1999 2000
f 1998 2089 2001
f 2089 2092 2001
f 2000 2091 2090
f 2091 2000 1999
f 2091 1999 2093
f 2093 1999 2002
f 2001 2092 2003
f 2092 2095 2003
f 2002 2004 2093
f 2093 2004 2096
f 2003 2095 2005
f 2095 2097 2005
f 2004 2006 2096
f 2096 2006 2098
f 2005 2097 2007
f 2097 2099 2007
f 2006 2008 2098
f 2098 2008 2100
f 2007 2099 2009
f 2099 2101 2009
f 2008 2010 2100
f 2100 2010 2102
f 2009 2101 2011
f 2101 2103 2011
f 2010 2012 2102
f 2102 2012 2104
f 2011 2103 2105
f 2013 2011 2105
f 2105 2014 2013
f 2106 2014 2105
f 2012 2015 2104
f 2104 2015 2107
f 2014 2106 2018
f 2106 2109 2018
f 2016 2019 2021
f 2016 2022 2017
f 2021 2022 2016
f 2017 2022 2110
f 2017 2110 2015
f 2015 2110 2107
f 2020 2026 2023
f 2020 2115 2026
f 2020 2018 2115
f 2018 2109 2115
f 2021 2116 2111
f 2021 2019 2116
f 2019 2024 2116
f 2022 2021 2111
f 2112 2022 2111
f 2110 2022 2112
f 2026 2025 2023
f 2117 2118 2030
f 2030 2115 2117
f 2030 2027 2115
f 2026 2115 2025
f 2025 2115 2027
f 2024 2028 2116
f 2116 2028 2119
f 2029 2035 2031
f 2030 2118 2120
f 2120 2027 2030
f 2120 2124 2027
f 2029 2027 2035
f 2035 2027 2124
f 2036 2125 2121
f 2036 2121 2119
f 2036 2119 2032
f 2032 2119 2028
f 2031 2035 2033
f 2037 2126 2041
f 2033 2126 2037
f 2033 2124 2126
f 2033 2035 2124
f 2126 2130 2041
f 2042 2131 2127
f 2125 2042 2127
f 2036 2042 2125
f 2036 2038 2042
f 2036 2034 2038
f 2032 2034 2036
f 2037 2041 2039
f 2043 2132 2049
f 2039 2132 2043
f 2039 2130 2132
f 2039 2041 2130
f 2049 2133 2050
f 2132 2133 2049
f 2050 2134 2051
f 2133 2134 2050
f 2051 2135 2052
f 2134 2135 2051
f 2052 2136 2053
f 2135 2136 2052
f 2131 2053 2136
f 2042 2053 2131
f 2042 2044 2053
f 2042 2040 2044
f 2038 2040 2042
f 2043 2049 2045
f 2054 2045 2049
f 2054 2049 2057
f 2057 2049 2050
f 2046 2055 2057
f 2046 2057 2051
f 2051 2057 2050
f 2047 2046 2051
f 2052 2047 2051
f 2048 2047 2052
f 2053 2048 2052
f 2044 2048 2053
f 2054 2057 2056
f 2055 2056 2057
f 2066 2144 2152
f 2066 2067 2145
f 2144 2066 2145
f 2145 2067 2153
f 2068 2146 2154
f 2068 2059 2058
f 2068 2058 2146
f 2146 2058 2147
f 2147 2058 2060
f 2155 2147 2060
f 2073 2156 2161
f 2152 2156 2073
f 2066 2152 2073
f 2066 2073 2069
f 2066 2069 2061
f 2062 2066 2061
f 2067 2066 2062
f 2067 2157 2153
f 2067 2062 2157
f 2062 2063 2157
f 2154 2064 2068
f 2154 2157 2064
f 2157 2063 2064
f 2059 2068 2064
f 2074 2060 2065
f 2074 2162 2060
f 2162 2155 2060
f 2070 2074 2065
f 2075 2158 2163
f 2158 2075 2164
f 2080 2165 2170
f 2161 2165 2080
f 2073 2161 2080
f 2073 2080 2076
f 2073 2076 2071
f 2069 2073 2071
f 2074 2166 2162
f 2163 2072 2075
f 2163 2166 2072
f 2070 2072 2074
f 2074 2072 2166
f 2077 2081 2167
f 2072 2077 2167
f 2072 2167 2164
f 2072 2164 2075
f 2167 2081 2171
f 2078 2080 2170
f 2078 2170 2082
f 2082 2170 2172
f 2076 2080 2078
f 2077 2079 2081
f 2081 2079 2083
f 2081 2083 2171
f 2171 2083 2173
f 2088 2084 2082
f 2088 2082 2174
f 2174 2082 2172
f 2084 2088 2085
f 2083 2086 2173
f 2173 2086 2175
f 2087 2088 2174
f 2087 2174 2089
f 2089 2174 2177
f 2085 2088 2087
f 2086 2090 2175
f 2175 2090 2178
f 2089 2177 2092
f 2177 2180 2092
f 2094 2090 2091
f 2094 2181 2090
f 2181 2178 2090
f 2091 2093 2094
f 2092 2180 2095
f 2180 2183 2095
f 2094 2182 2181
f 2182 2094 2093
f 2182 2093 2184
f 2184 2093 2096
f 2095 2183 2097
f 2183 2186 2097
f 2096 2098 2184
f 2184 2098 2187
f 2097 2186 2099
f 2186 2188 2099
f 2098 2100 2187
f 2187 2100 2189
f 2099 2188 2101
f 2188 2190 2101
f 2100 2102 2189
f 2189 2102 2191
f 2101 2190 2103
f 2190 2192 2103
f 2102 2104 2191
f 2191 2104 2193
f 2108 2105 2103
f 2108 2103 2194
f 2194 2103 2192
f 2105 2108 2106
f 2104 2107 2193
f 2193 2107 2195
f 2108 2194 2196
f 2196 2106 2108
f 2196 2201 2106
f 2201 2109 2106
f 2113 2202 2197
f 2113 2198 2114
f 2197 2198 2113
f 2114 2198 2195
f 2114 2195 2110
f 2110 2195 2107
f 2109 2201 2115
f 2201 2204 2115
f 2111 2202 2113
f 2111 2116 2202
f 2116 2205 2202
f 2112 2111 2113
f 2114 2112 2113
f 2110 2112 2114
f 2117 2122 2118
f 2117 2209 2122
f 2117 2115 2209
f 2115 2204 2209
f 2123 2210 2206
f 2123 2206 2205
f 2123 2205 2119
f 2119 2205 2116
f 2118 2122 2120
f 2124 2211 2128
f 2120 2211 2124
f 2120 2209 2211
f 2120 2122 2209
f 2211 2216 2128
f 2129 2217 2212
f 2210 2129 2212
f 2123 2129 2210
f 2123 2125 2129
f 2123 2121 2125
f 2119 2121 2123
f 2124 2128 2126
f 2130 2218 2137
f 2126 2218 2130
f 2126 2216 2218
f 2126 2128 2216
f 2137 2219 2138
f 2218 2219 2137
f 2138 2220 2139
f 2219 2220 2138
f 2139 2221 2140
f 2220 2221 2139
f 2140 2222 2141
f 2221 2222 2140
f 2217 2141 2222
f 2129 2141 2217
f 2129 2131 2141
f 2129 2127 2131
f 2125 2127 2129
f 2130 2137 2132
f 2133 2132 2137
f 2138 2133 2137
f 2134 2133 2138
f 2139 2134 2138
f 2135 2134 2139
f 2140 2135 2139
f 2136 2135 2140
f 2141 2136 2140
f 2131 2136 2141
f 2142 2228 2231
f 2142 2143 2229
f 2228 2142 2229
f 2229 2143 2232
f 2148 2233 2240
f 2231 2233 2148
f 2231 2148 2142
f 2142 2148 2149
f 2241 2234 2143
f 2241 2143 2149
f 2149 2143 2142
f 2235 2242 2150
f 2232 2143 2234
f 2150 2151 2236
f 2235 2150 2236
f 2236 2151 2243
f 2159 2244 2248
f 2240 2244 2159
f 2148 2240 2159
f 2148 2159 2152
f 2148 2152 2144
f 2145 2148 2144
f 2149 2148 2145
f 2153 2160 2245
f 2145 2153 2245
f 2145 2245 2241
f 2145 2241 2149
f 2242 2245 2160
f 2150 2242 2160
f 2150 2160 2154
f 2150 2154 2146
f 2147 2150 2146
f 2151 2150 2147
f 2151 2147 2155
f 2151 2155 2243
f 2243 2155 2249
f 2168 2250 2256
f 2248 2250 2168
f 2159 2248 2168
f 2159 2168 2161
f 2159 2161 2156
f 2152 2159 2156
f 2153 2157 2160
f 2154 2160 2157
f 2251 2162 2169
f 2251 2249 2162
f 2249 2155 2162
f 2169 2163 2158
f 2169 2158 2251
f 2251 2158 2252
f 2252 2158 2164
f 2257 2252 2164
f 2165 2168 2256
f 2165 2256 2170
f 2170 2256 2260
f 2161 2168 2165
f 2162 2166 2169
f 2163 2169 2166
f 2164 2258 2257
f 2167 2258 2164
f 2258 2167 2171
f 2261 2258 2171
f 2170 2260 2172
f 2260 2263 2172
f 2171 2173 2261
f 2261 2173 2264
f 2172 2263 2174
f 2263 2266 2174
f 2265 2175 2176
f 2265 2264 2175
f 2264 2173 2175
f 2265 2176 2267
f 2174 2266 2177
f 2266 2268 2177
f 2176 2178 2179
f 2175 2178 2176
f 2269 2267 2176
f 2179 2269 2176
f 2177 2268 2180
f 2268 2271 2180
f 2179 2272 2270
f 2179 2178 2272
f 2178 2181 2272
f 2269 2179 2270
f 2180 2271 2183
f 2271 2275 2183
f 2185 2181 2182
f 2185 2276 2181
f 2276 2272 2181
f 2182 2184 2185
f 2183 2275 2186
f 2275 2278 2186
f 2185 2277 2276
f 2277 2185 2184
f 2277 2184 2279
f 2279 2184 2187
f 2186 2278 2188
f 2278 2281 2188
f 2187 2189 2279
f 2279 2189 2282
f 2188 2281 2190
f 2281 2284 2190
f 2189 2191 2282
f 2282 2191 2285
f 2190 2284 2192
f 2284 2287 2192
f 2191 2193 2285
f 2285 2193 2288
f 2192 2287 2194
f 2287 2293 2194
f 2199 2294 2289
f 2199 2290 2200
f 2289 2290 2199
f 2200 2290 2288
f 2200 2288 2195
f 2195 2288 2193
f 2194 2293 2295
f 2196 2194 2295
f 2295 2201 2196
f 2297 2201 2295
f 2203 2298 2296
f 2294 2203 2296
f 2199 2203 2294
f 2199 2202 2203
f 2199 2197 2202
f 2198 2197 2199
f 2200 2198 2199
f 2195 2198 2200
f 2201 2297 2204
f 2297 2301 2204
f 2207 2302 2299
f 2298 2207 2299
f 2298 2203 2207
f 2203 2208 2207
f 2202 2205 2208
f 2203 2202 2208
f 2303 2213 2209
f 2303 2209 2301
f 2301 2209 2204
f 2303 2306 2213
f 2214 2307 2304
f 2302 2214 2304
f 2302 2207 2214
f 2207 2215 2214
f 2206 2210 2215
f 2206 2215 2208
f 2208 2215 2207
f 2205 2206 2208
f 2209 2213 2211
f 2216 2308 2223
f 2211 2308 2216
f 2211 2306 2308
f 2211 2213 2306
f 2223 2309 2224
f 2308 2309 2223
f 2224 2310 2225
f 2309 2310 2224
f 2225 2311 2226
f 2310 2311 2225
f 2307 2226 2311
f 2307 2214 2226
f 2214 2227 2226
f 2212 2217 2227
f 2212 2227 2215
f 2215 2227 2214
f 2210 2212 2215
f 2216 2223 2218
f 2219 2218 2223
f 2224 2219 2223
f 2220 2219 2224
f 2225 2220 2224
f 2221 2220 2225
f 2226 2221 2225
f 2222 2221 2226
f 2227 2222 2226
f 2217 2222 2227
f 2230 2313 2314
f 2313 2230 2315
f 2237 2316 2322
f 2237 2231 2228
f 2237 2228 2316
f 2316 2228 2317
f 2314 2229 2230
f 2314 2317 2229
f 2317 2228 2229
f 2232 2238 2318
f 2229 2232 2318
f 2229 2318 2315
f 2229 2315 2230
f 2238 2239 2319
f 2318 2238 2319
f 2319 2239 2323
f 2246 2324 2329
f 2322 2324 2246
f 2237 2322 2246
f 2237 2246 2240
f 2237 2240 2233
f 2231 2237 2233
f 2234 2241 2247
f 2234 2238 2232
f 2234 2247 2238
f 2235 2238 2242
f 2242 2238 2247
f 2236 2238 2235
f 2239 2238 2236
f 2239 2236 2243
f 2239 2243 2323
f 2323 2243 2330
f 2253 2331 2339
f 2329 2331 2253
f 2246 2329 2253
f 2246 2253 2248
f 2246 2248 2244
f 2240 2246 2244
f 2241 2245 2247
f 2242 2247 2245
f 2332 2249 2254
f 2332 2330 2249
f 2330 2243 2249
f 2254 2255 2333
f 2332 2254 2333
f 2333 2255 2340
f 2250 2253 2339
f 2250 2339 2256
f 2256 2339 2343
f 2248 2253 2250
f 2249 2251 2254
f 2252 2254 2251
f 2255 2254 2252
f 2257 2259 2341
f 2252 2257 2341
f 2252 2341 2340
f 2252 2340 2255
f 2341 2259 2344
f 2256 2343 2260
f 2343 2346 2260
f 2257 2258 2259
f 2261 2262 2345
f 2258 2261 2345
f 2258 2345 2344
f 2258 2344 2259
f 2345 2262 2347
f 2260 2346 2263
f 2346 2349 2263
f 2262 2350 2348
f 2262 2261 2350
f 2261 2264 2350
f 2347 2262 2348
f 2263 2349 2266
f 2349 2353 2266
f 2264 2351 2350
f 2265 2351 2264
f 2351 2265 2267
f 2354 2351 2267
f 2266 2353 2268
f 2353 2355 2268
f 2267 2269 2354
f 2354 2269 2356
f 2268 2355 2271
f 2355 2358 2271
f 2270 2272 2273
f 2357 2356 2269
f 2357 2269 2273
f 2357 2273 2274
f 2273 2269 2270
f 2357 2274 2359
f 2271 2358 2275
f 2358 2363 2275
f 2273 2364 2360
f 2273 2272 2364
f 2272 2276 2364
f 2274 2273 2360
f 2361 2274 2360
f 2359 2274 2361
f 2275 2363 2278
f 2363 2366 2278
f 2280 2276 2277
f 2280 2367 2276
f 2367 2364 2276
f 2277 2279 2280
f 2278 2366 2281
f 2366 2368 2281
f 2283 2367 2280
f 2369 2367 2283
f 2279 2282 2283
f 2280 2279 2283
f 2281 2368 2284
f 2368 2370 2284
f 2286 2369 2283
f 2371 2369 2286
f 2282 2285 2286
f 2283 2282 2286
f 2284 2370 2287
f 2370 2373 2287
f 2291 2374 2372
f 2371 2291 2372
f 2371 2286 2291
f 2286 2292 2291
f 2285 2288 2292
f 2286 2285 2292
f 2287 2373 2293
f 2373 2375 2293
f 2289 2374 2291
f 2289 2294 2374
f 2294 2376 2374
f 2290 2289 2291
f 2292 2290 2291
f 2288 2290 2292
f 2300 2295 2293
f 2300 2293 2379
f 2379 2293 2375
f 2295 2300 2297
f 2296 2380 2377
f 2298 2380 2296
f 2376 2294 2296
f 2377 2376 2296
f 2300 2379 2381
f 2300 2301 2297
f 2300 2382 2301
f 2300 2381 2382
f 2305 2301 2382
f 2382 2386 2305
f 2299 2387 2383
f 2302 2387 2299
f 2380 2298 2299
f 2383 2380 2299
f 2301 2305 2303
f 2306 2388 2312
f 2303 2388 2306
f 2303 2386 2388
f 2303 2305 2386
f 2388 2391 2312
f 2304 2392 2389
f 2307 2392 2304
f 2387 2302 2304
f 2389 2387 2304
f 2306 2312 2308
f 2312 2391 2393
f 2312 2393 2308
f 2308 2393 2309
f 2310 2309 2394
f 2309 2393 2394
f 2311 2310 2395
f 2310 2394 2395
f 2392 2307 2311
f 2395 2392 2311
f 2313 2320 2314
f 2313 2315 2320
f 2321 2399 2400
f 2399 2321 2401
f 2316 2325 2322
f 2316 2317 2326
f 2325 2316 2326
f 2317 2314 2320
f 2317 2320 2326
f 2326 2320 2327
f 2315 2318 2328
f 2315 2328 2320
f 2320 2328 2327
f 2321 2400 2403
f 2321 2403 2318
f 2321 2318 2319
f 2328 2318 2403
f 2321 2319 2323
f 2321 2323 2401
f 2401 2323 2404
f 2324 2334 2329
f 2324 2322 2325
f 2324 2325 2334
f 2334 2325 2335
f 2326 2336 2325
f 2336 2335 2325
f 2327 2337 2326
f 2337 2336 2326
f 2409 2328 2405
f 2409 2337 2328
f 2337 2327 2328
f 2403 2405 2328
f 2406 2330 2338
f 2406 2404 2330
f 2404 2323 2330
f 2406 2338 2410
f 2331 2411 2421
f 2339 2331 2421
f 2334 2331 2329
f 2334 2412 2331
f 2412 2411 2331
f 2335 2412 2334
f 2413 2412 2335
f 2336 2413 2335
f 2414 2413 2336
f 2337 2414 2336
f 2415 2414 2337
f 2409 2415 2337
f 2330 2332 2338
f 2338 2416 2410
f 2338 2332 2416
f 2332 2333 2416
f 2340 2342 2417
f 2340 2417 2333
f 2333 2417 2416
f 2417 2342 2422
f 2339 2421 2343
f 2421 2425 2343
f 2340 2341 2342
f 2342 2341 2344
f 2342 2344 2422
f 2422 2344 2426
f 2343 2425 2346
f 2425 2431 2346
f 2344 2427 2426
f 2345 2427 2344
f 2427 2345 2347
f 2432 2427 2347
f 2346 2431 2349
f 2431 2433 2349
f 2348 2350 2352
f 2348 2352 2434
f 2348 2434 2347
f 2347 2434 2432
f 2349 2433 2353
f 2433 2435 2353
f 2350 2351 2352
f 2352 2351 2354
f 2352 2354 2434
f 2434 2354 2436
f 2353 2435 2355
f 2435 2437 2355
f 2354 2356 2436
f 2436 2356 2438
f 2355 2437 2358
f 2437 2439 2358
f 2362 2356 2357
f 2362 2440 2356
f 2440 2438 2356
f 2357 2359 2362
f 2358 2439 2363
f 2439 2441 2363
f 2360 2364 2365
f 2362 2442 2440
f 2362 2360 2442
f 2362 2361 2360
f 2365 2442 2360
f 2359 2361 2362
f 2363 2441 2366
f 2441 2444 2366
f 2365 2445 2443
f 2365 2364 2445
f 2364 2367 2445
f 2442 2365 2443
f 2366 2444 2368
f 2444 2447 2368
f 2367 2369 2445
f 2445 2369 2448
f 2368 2447 2370
f 2447 2449 2370
f 2369 2371 2448
f 2448 2371 2450
f 2370 2449 2373
f 2449 2453 2373
f 2372 2454 2451
f 2374 2454 2372
f 2450 2371 2372
f 2451 2450 2372
f 2455 2378 2375
f 2455 2375 2453
f 2453 2375 2373
f 2455 2458 2378
f 2374 2376 2454
f 2454 2376 2459
f 2378 2384 2379
f 2375 2378 2379
f 2460 2378 2458
f 2460 2385 2378
f 2385 2384 2378
f 2460 2463 2385
f 2377 2464 2461
f 2380 2464 2377
f 2459 2376 2377
f 2461 2459 2377
f 2379 2384 2381
f 2382 2381 2384
f 2385 2382 2384
f 2386 2465 2390
f 2382 2465 2386
f 2382 2463 2465
f 2382 2385 2463
f 2465 2471 2390
f 2383 2472 2466
f 2387 2472 2383
f 2464 2380 2383
f 2466 2464 2383
f 2386 2390 2388
f 2391 2473 2396
f 2388 2473 2391
f 2388 2471 2473
f 2388 2390 2471
f 2396 2474 2397
f 2473 2474 2396
f 2397 2475 2398
f 2474 2475 2397
f 2398 2389 2392
f 2398 2475 2389
f 2475 2476 2389
f 2472 2387 2389
f 2476 2472 2389
f 2391 2396 2393
f 2394 2393 2396
f 2397 2394 2396
f 2395 2394 2397
f 2398 2395 2397
f 2392 2395 2398
f 2399 2402 2400
f 2399 2401 2402
f 2402 2407 2403
f 2400 2402 2403
f 2407 2402 2401
f 2407 2401 2404
f 2408 2481 2482
f 2481 2408 2483
f 2405 2418 2409
f 2405 2490 2418
f 2403 2490 2405
f 2403 2484 2490
f 2403 2407 2484
f 2482 2406 2408
f 2482 2484 2406
f 2404 2406 2407
f 2407 2406 2484
f 2410 2419 2485
f 2406 2410 2485
f 2406 2485 2483
f 2406 2483 2408
f 2419 2420 2486
f 2485 2419 2486
f 2486 2420 2491
f 2411 2423 2421
f 2411 2412 2424
f 2423 2411 2424
f 2497 2424 2412
f 2497 2412 2492
f 2492 2412 2413
f 2414 2493 2413
f 2413 2493 2492
f 2415 2494 2414
f 2414 2494 2493
f 2418 2415 2409
f 2418 2495 2415
f 2495 2494 2415
f 2490 2495 2418
f 2410 2416 2419
f 2417 2419 2416
f 2420 2419 2417
f 2420 2417 2422
f 2420 2422 2491
f 2491 2422 2498
f 2428 2499 2506
f 2428 2429 2500
f 2499 2428 2500
f 2423 2501 2500
f 2423 2500 2425
f 2423 2425 2421
f 2425 2500 2429
f 2424 2501 2423
f 2502 2501 2424
f 2497 2502 2424
f 2503 2426 2430
f 2503 2498 2426
f 2498 2422 2426
f 2503 2430 2507
f 2428 2506 2508
f 2429 2428 2508
f 2509 2429 2508
f 2509 2425 2429
f 2509 2513 2425
f 2513 2431 2425
f 2426 2427 2430
f 2430 2427 2432
f 2430 2432 2507
f 2507 2432 2514
f 2431 2513 2433
f 2513 2516 2433
f 2432 2434 2514
f 2514 2434 2517
f 2433 2516 2435
f 2516 2518 2435
f 2434 2436 2517
f 2517 2436 2519
f 2435 2518 2437
f 2518 2521 2437
f 2436 2438 2519
f 2519 2438 2522
f 2437 2521 2439
f 2521 2524 2439
f 2438 2440 2522
f 2522 2440 2525
f 2439 2524 2441
f 2524 2527 2441
f 2440 2442 2525
f 2525 2442 2528
f 2441 2527 2444
f 2527 2529 2444
f 2443 2445 2446
f 2443 2446 2530
f 2443 2530 2442
f 2442 2530 2528
f 2444 2529 2447
f 2529 2532 2447
f 2446 2533 2531
f 2446 2445 2533
f 2445 2448 2533
f 2530 2446 2531
f 2534 2452 2449
f 2534 2449 2532
f 2532 2449 2447
f 2534 2537 2452
f 2448 2450 2533
f 2533 2450 2538
f 2452 2456 2453
f 2449 2452 2453
f 2539 2452 2537
f 2456 2452 2539
f 2451 2454 2457
f 2451 2457 2540
f 2451 2540 2450
f 2450 2540 2538
f 2453 2456 2455
f 2458 2541 2462
f 2455 2541 2458
f 2455 2539 2541
f 2455 2456 2539
f 2541 2544 2462
f 2457 2545 2542
f 2457 2454 2545
f 2454 2459 2545
f 2540 2457 2542
f 2458 2462 2460
f 2463 2546 2467
f 2460 2546 2463
f 2460 2544 2546
f 2460 2462 2544
f 2467 2547 2468
f 2546 2547 2467
f 2547 2555 2468
f 2469 2556 2548
f 2469 2549 2470
f 2548 2549 2469
f 2470 2461 2464
f 2470 2549 2461
f 2549 2550 2461
f 2545 2459 2461
f 2550 2545 2461
f 2463 2467 2465
f 2471 2465 2467
f 2471 2467 2477
f 2477 2467 2468
f 2557 2468 2555
f 2557 2478 2468
f 2478 2477 2468
f 2478 2558 2479
f 2557 2558 2478
f 2556 2479 2558
f 2556 2469 2479
f 2469 2480 2479
f 2466 2472 2480
f 2466 2480 2470
f 2470 2480 2469
f 2464 2466 2470
f 2471 2477 2473
f 2474 2473 2477
f 2478 2474 2477
f 2475 2474 2478
f 2479 2475 2478
f 2476 2475 2479
f 2480 2476 2479
f 2472 2476 2480
f 2481 2487 2482
f 2483 2487 2481
f 2488 2561 2564
f 2488 2489 2562
f 2561 2488 2562
f 2562 2489 2565
f 2484 2496 2490
f 2484 2567 2496
f 2482 2567 2484
f 2482 2566 2567
f 2482 2487 2566
f 2564 2485 2488
f 2564 2566 2485
f 2483 2485 2487
f 2487 2485 2566
f 2486 2488 2485
f 2489 2488 2486
f 2489 2486 2491
f 2489 2491 2565
f 2565 2491 2568
f 2492 2504 2497
f 2575 2504 2492
f 2575 2492 2569
f 2569 2492 2493
f 2494 2570 2493
f 2493 2570 2569
f 2495 2571 2494
f 2494 2571 2570
f 2496 2495 2490
f 2496 2572 2495
f 2572 2571 2495
f 2567 2572 2496
f 2573 2498 2505
f 2573 2568 2498
f 2568 2491 2498
f 2573 2505 2576
f 2499 2577 2579
f 2506 2499 2579
f 2510 2580 2577
f 2510 2577 2500
f 2500 2577 2499
f 2500 2501 2511
f 2510 2500 2511
f 2501 2502 2512
f 2511 2501 2512
f 2502 2581 2512
f 2497 2581 2502
f 2497 2578 2581
f 2497 2504 2578
f 2575 2578 2504
f 2498 2503 2505
f 2505 2503 2507
f 2505 2507 2576
f 2576 2507 2582
f 2515 2508 2506
f 2515 2506 2585
f 2585 2506 2579
f 2510 2586 2580
f 2510 2508 2586
f 2510 2509 2508
f 2515 2586 2508
f 2583 2510 2511
f 2583 2513 2510
f 2583 2587 2513
f 2509 2510 2513
f 2512 2583 2511
f 2584 2583 2512
f 2581 2584 2512
f 2507 2514 2582
f 2582 2514 2588
f 2515 2585 2589
f 2586 2515 2589
f 2513 2587 2516
f 2587 2591 2516
f 2514 2517 2588
f 2588 2517 2592
f 2516 2591 2518
f 2591 2596 2518
f 2593 2519 2520
f 2593 2592 2519
f 2592 2517 2519
f 2593 2520 2597
f 2518 2596 2521
f 2596 2599 2521
f 2520 2522 2523
f 2519 2522 2520
f 2600 2597 2520
f 2523 2600 2520
f 2521 2599 2524
f 2599 2601 2524
f 2523 2525 2526
f 2522 2525 2523
f 2602 2600 2523
f 2526 2602 2523
f 2524 2601 2527
f 2601 2604 2527
f 2526 2605 2603
f 2526 2525 2605
f 2525 2528 2605
f 2602 2526 2603
f 2527 2604 2529
f 2604 2608 2529
f 2528 2530 2605
f 2605 2530 2609
f 2610 2535 2532
f 2610 2532 2608
f 2608 2532 2529
f 2610 2612 2535
f 2531 2533 2536
f 2531 2536 2613
f 2531 2613 2530
f 2530 2613 2609
f 2532 2535 2534
f 2535 2537 2534
f 2535 2612 2537
f 2612 2615 2537
f 2536 2616 2614
f 2536 2533 2616
f 2533 2538 2616
f 2613 2536 2614
f 2617 2543 2539
f 2617 2539 2615
f 2615 2539 2537
f 2617 2620 2543
f 2538 2540 2616
f 2616 2540 2621
f 2539 2543 2541
f 2544 2622 2551
f 2541 2622 2544
f 2541 2620 2622
f 2541 2543 2620
f 2551 2623 2552
f 2622 2623 2551
f 2623 2628 2552
f 2553 2629 2624
f 2553 2625 2554
f 2624 2625 2553
f 2554 2542 2545
f 2554 2625 2542
f 2625 2626 2542
f 2621 2540 2542
f 2626 2621 2542
f 2544 2551 2546
f 2547 2546 2551
f 2552 2547 2551
f 2555 2630 2559
f 2547 2630 2555
f 2547 2628 2630
f 2547 2552 2628
f 2559 2631 2560
f 2630 2631 2559
f 2560 2548 2556
f 2560 2631 2548
f 2631 2632 2548
f 2629 2553 2549
f 2629 2549 2632
f 2632 2549 2548
f 2550 2549 2553
f 2554 2550 2553
f 2545 2550 2554
f 2555 2559 2557
f 2558 2557 2559
f 2560 2558 2559
f 2556 2558 2560
f 2563 2634 2635
f 2634 2563 2636
f 2561 2563 2635
f 2561 2635 2564
f 2564 2635 2639
f 2563 2637 2636
f 2563 2561 2637
f 2561 2562 2637
f 2637 2562 2565
f 2640 2637 2565
f 2566 2641 2644
f 2567 2566 2644
f 2639 2566 2564
f 2641 2566 2639
f 2642 2568 2574
f 2642 2640 2568
f 2640 2565 2568
f 2642 2574 2645
f 2569 2646 2650
f 2575 2569 2650
f 2570 2647 2569
f 2569 2647 2646
f 2571 2648 2570
f 2570 2648 2647
f 2572 2649 2571
f 2571 2649 2648
f 2644 2572 2567
f 2649 2572 2644
f 2568 2573 2574
f 2574 2573 2576
f 2574 2576 2645
f 2645 2576 2651
f 2577 2652 2654
f 2579 2577 2654
f 2652 2577 2580
f 2655 2652 2580
f 2578 2653 2656
f 2581 2578 2656
f 2650 2578 2575
f 2653 2578 2650
f 2576 2582 2651
f 2651 2582 2657
f 2579 2654 2585
f 2654 2661 2585
f 2658 2586 2590
f 2658 2655 2586
f 2655 2580 2586
f 2590 2587 2583
f 2590 2583 2658
f 2658 2583 2659
f 2584 2660 2583
f 2583 2660 2659
f 2656 2584 2581
f 2660 2584 2656
f 2582 2588 2657
f 2657 2588 2662
f 2585 2661 2663
f 2589 2585 2663
f 2586 2589 2663
f 2586 2663 2594
f 2586 2594 2590
f 2665 2594 2663
f 2587 2594 2591
f 2590 2594 2587
f 2664 2592 2595
f 2664 2662 2592
f 2662 2588 2592
f 2664 2595 2666
f 2598 2594 2665
f 2667 2598 2665
f 2591 2598 2596
f 2594 2598 2591
f 2592 2593 2595
f 2595 2593 2597
f 2595 2597 2666
f 2666 2597 2668
f 2598 2667 2669
f 2669 2596 2598
f 2669 2670 2596
f 2670 2599 2596
f 2597 2600 2668
f 2668 2600 2671
f 2599 2670 2601
f 2670 2673 2601
f 2600 2602 2671
f 2671 2602 2674
f 2675 2606 2604
f 2675 2604 2673
f 2673 2604 2601
f 2675 2677 2606
f 2603 2605 2607
f 2603 2607 2678
f 2603 2678 2602
f 2602 2678 2674
f 2606 2611 2608
f 2604 2606 2608
f 2680 2606 2677
f 2611 2606 2680
f 2607 2681 2679
f 2607 2605 2681
f 2605 2609 2681
f 2678 2607 2679
f 2608 2611 2610
f 2611 2612 2610
f 2611 2680 2612
f 2680 2682 2612
f 2609 2613 2681
f 2681 2613 2683
f 2684 2618 2615
f 2684 2615 2682
f 2682 2615 2612
f 2684 2686 2618
f 2614 2616 2619
f 2614 2619 2687
f 2614 2687 2613
f 2613 2687 2683
f 2615 2618 2617
f 2620 2688 2627
f 2617 2688 2620
f 2617 2686 2688
f 2617 2618 2686
f 2688 2692 2627
f 2619 2693 2689
f 2619 2616 2693
f 2616 2621 2693
f 2687 2619 2689
f 2620 2627 2622
f 2627 2692 2694
f 2627 2694 2622
f 2622 2694 2623
f 2628 2695 2633
f 2628 2623 2695
f 2623 2694 2695
f 2695 2702 2633
f 2624 2703 2696
f 2629 2703 2624
f 2625 2624 2697
f 2624 2696 2697
f 2626 2625 2698
f 2625 2697 2698
f 2693 2621 2626
f 2698 2693 2626
f 2628 2633 2630
f 2633 2702 2704
f 2633 2704 2630
f 2630 2704 2631
f 2632 2631 2705
f 2631 2704 2705
f 2703 2629 2632
f 2705 2703 2632
f 2634 2638 2635
f 2634 2636 2638
f 2638 2643 2639
f 2635 2638 2639
f 2636 2643 2638
f 2636 2707 2643
f 2636 2637 2707
f 2707 2708 2643
f 2707 2637 2640
f 2709 2707 2640
f 2641 2710 2714
f 2644 2641 2714
f 2643 2641 2639
f 2643 2711 2641
f 2711 2710 2641
f 2708 2711 2643
f 2640 2712 2709
f 2642 2712 2640
f 2712 2642 2645
f 2715 2712 2645
f 2646 2716 2720
f 2650 2646 2720
f 2647 2717 2646
f 2646 2717 2716
f 2648 2718 2647
f 2647 2718 2717
f 2649 2719 2648
f 2648 2719 2718
f 2714 2649 2644
f 2719 2649 2714
f 2645 2651 2715
f 2715 2651 2721
f 2652 2722 2724
f 2654 2652 2724
f 2722 2652 2655
f 2725 2722 2655
f 2653 2723 2726
f 2656 2653 2726
f 2720 2653 2650
f 2723 2653 2720
f 2651 2657 2721
f 2721 2657 2727
f 2654 2724 2661
f 2724 2731 2661
f 2655 2728 2725
f 2658 2728 2655
f 2659 2729 2658
f 2658 2729 2728
f 2660 2730 2659
f 2659 2730 2729
f 2726 2660 2656
f 2730 2660 2726
f 2657 2662 2727
f 2727 2662 2732
f 2661 2731 2733
f 2663 2661 2733
f 2733 2665 2663
f 2737 2665 2733
f 2662 2734 2732
f 2664 2734 2662
f 2734 2664 2666
f 2738 2734 2666
f 2665 2737 2667
f 2737 2739 2667
f 2666 2668 2738
f 2738 2668 2740
f 2672 2669 2667
f 2672 2667 2741
f 2741 2667 2739
f 2669 2672 2670
f 2668 2671 2740
f 2740 2671 2742
f 2672 2741 2743
f 2672 2673 2670
f 2672 2744 2673
f 2672 2743 2744
f 2676 2673 2744
f 2744 2746 2676
f 2671 2674 2742
f 2742 2674 2747
f 2673 2676 2675
f 2676 2677 2675
f 2676 2746 2677
f 2746 2749 2677
f 2674 2678 2747
f 2747 2678 2750
f 2677 2749 2680
f 2749 2754 2680
f 2679 2755 2751
f 2681 2755 2679
f 2750 2678 2679
f 2751 2750 2679
f 2680 2754 2682
f 2754 2758 2682
f 2685 2759 2756
f 2685 2756 2755
f 2685 2755 2683
f 2683 2755 2681
f 2682 2758 2760
f 2684 2682 2760
f 2686 2761 2690
f 2686 2684 2761
f 2684 2760 2761
f 2761 2763 2690
f 2691 2759 2685
f 2764 2759 2691
f 2683 2687 2691
f 2685 2683 2691
f 2686 2690 2688
f 2692 2765 2699
f 2688 2765 2692
f 2688 2763 2765
f 2688 2690 2763
f 2765 2770 2699
f 2700 2771 2766
f 2700 2767 2701
f 2766 2767 2700
f 2764 2701 2767
f 2691 2701 2764
f 2691 2693 2701
f 2691 2689 2693
f 2687 2689 2691
f 2692 2699 2694
f 2699 2770 2772
f 2699 2772 2694
f 2694 2772 2695
f 2772 2702 2695
f 2776 2702 2772
f 2706 2777 2773
f 2706 2696 2703
f 2706 2773 2696
f 2773 2774 2696
f 2771 2700 2697
f 2771 2697 2774
f 2774 2697 2696
f 2698 2697 2700
f 2701 2698 2700
f 2693 2698 2701
f 2702 2776 2778
f 2704 2702 2778
f 2777 2706 2705
f 2777 2705 2778
f 2778 2705 2704
f 2703 2705 2706
f 2707 2713 2708
f 2707 2709 2713
f 2710 2780 2784
f 2714 2710 2784
f 2711 2781 2710
f 2710 2781 2780
f 2713 2711 2708
f 2713 2782 2711
f 2782 2781 2711
f 2709 2782 2713
f 2709 2712 2782
f 2712 2783 2782
f 2783 2712 2715
f 2785 2783 2715
f 2716 2786 2790
f 2720 2716 2790
f 2717 2787 2716
f 2716 2787 2786
f 2718 2788 2717
f 2717 2788 2787
f 2719 2789 2718
f 2718 2789 2788
f 2784 2719 2714
f 2789 2719 2784
f 2715 2721 2785
f 2785 2721 2791
f 2722 2792 2794
f 2724 2722 2794
f 2792 2722 2725
f 2795 2792 2725
f 2723 2793 2796
f 2726 2723 2796
f 2790 2723 2720
f 2793 2723 2790
f 2721 2727 2791
f 2791 2727 2797
f 2798 2735 2731
f 2798 2731 2794
f 2794 2731 2724
f 2799 2735 2728
f 2799 2807 2735
f 2728 2735 2725
f 2798 2795 2735
f 2725 2735 2795
f 2729 2800 2728
f 2728 2800 2799
f 2730 2801 2729
f 2729 2801 2800
f 2796 2730 2726
f 2801 2730 2796
f 2802 2732 2736
f 2802 2797 2732
f 2797 2727 2732
f 2802 2736 2808
f 2731 2735 2733
f 2735 2737 2733
f 2735 2807 2737
f 2807 2809 2737
f 2732 2734 2736
f 2736 2734 2738
f 2736 2738 2808
f 2808 2738 2810
f 2737 2809 2739
f 2809 2812 2739
f 2738 2740 2810
f 2810 2740 2813
f 2814 2745 2741
f 2814 2741 2812
f 2812 2741 2739
f 2814 2817 2745
f 2740 2742 2813
f 2813 2742 2818
f 2741 2745 2743
f 2745 2744 2743
f 2745 2821 2744
f 2745 2817 2821
f 2821 2748 2744
f 2744 2748 2746
f 2742 2747 2818
f 2818 2747 2822
f 2752 2748 2821
f 2826 2752 2821
f 2746 2752 2749
f 2748 2752 2746
f 2753 2827 2823
f 2753 2823 2822
f 2753 2822 2750
f 2750 2822 2747
f 2757 2752 2826
f 2828 2757 2826
f 2749 2757 2754
f 2752 2757 2749
f 2751 2827 2753
f 2751 2755 2827
f 2755 2829 2827
f 2750 2751 2753
f 2757 2828 2830
f 2757 2758 2754
f 2757 2831 2758
f 2757 2830 2831
f 2762 2758 2831
f 2831 2835 2762
f 2756 2836 2832
f 2759 2836 2756
f 2829 2755 2756
f 2832 2829 2756
f 2758 2762 2760
f 2762 2835 2837
f 2762 2837 2760
f 2760 2837 2761
f 2763 2838 2768
f 2763 2761 2838
f 2761 2837 2838
f 2838 2841 2768
f 2769 2842 2839
f 2769 2839 2836
f 2769 2836 2764
f 2764 2836 2759
f 2763 2768 2765
f 2768 2770 2765
f 2768 2841 2770
f 2841 2846 2770
f 2775 2847 2843
f 2775 2766 2771
f 2775 2843 2766
f 2843 2844 2766
f 2842 2769 2767
f 2842 2767 2844
f 2844 2767 2766
f 2764 2767 2769
f 2770 2846 2848
f 2772 2770 2848
f 2776 2849 2779
f 2776 2772 2849
f 2772 2848 2849
f 2779 2773 2777
f 2779 2849 2773
f 2849 2850 2773
f 2847 2775 2774
f 2847 2774 2850
f 2850 2774 2773
f 2771 2774 2775
f 2776 2779 2778
f 2777 2778 2779
f 2780 2854 2859
f 2784 2780 2859
f 2781 2855 2780
f 2780 2855 2854
f 2782 2856 2781
f 2781 2856 2855
f 2783 2857 2782
f 2782 2857 2856
f 2857 2783 2785
f 2860 2857 2785
f 2786 2861 2868
f 2790 2786 2868
f 2787 2862 2786
f 2786 2862 2861
f 2788 2863 2787
f 2787 2863 2862
f 2789 2864 2788
f 2788 2864 2863
f 2859 2789 2784
f 2864 2789 2859
f 2785 2791 2860
f 2860 2791 2869
f 2792 2803 2794
f 2795 2803 2792
f 2804 2870 2875
f 2870 2804 2876
f 2805 2871 2877
f 2805 2796 2793
f 2805 2793 2871
f 2871 2793 2872
f 2868 2793 2790
f 2872 2793 2868
f 2873 2797 2806
f 2873 2869 2797
f 2869 2791 2797
f 2873 2806 2878
f 2794 2803 2798
f 2798 2803 2795
f 2799 2804 2807
f 2807 2804 2875
f 2807 2875 2881
f 2804 2879 2876
f 2804 2799 2879
f 2799 2800 2879
f 2877 2801 2805
f 2877 2879 2801
f 2879 2800 2801
f 2796 2805 2801
f 2797 2802 2806
f 2806 2802 2808
f 2806 2808 2878
f 2878 2808 2882
f 2883 2811 2809
f 2883 2809 2881
f 2881 2809 2807
f 2883 2886 2811
f 2808 2810 2882
f 2882 2810 2887
f 2811 2815 2812
f 2809 2811 2812
f 2890 2811 2886
f 2815 2811 2890
f 2816 2891 2888
f 2816 2888 2887
f 2816 2887 2813
f 2813 2887 2810
f 2812 2815 2814
f 2817 2892 2819
f 2814 2892 2817
f 2814 2890 2892
f 2814 2815 2890
f 2892 2894 2819
f 2820 2891 2816
f 2895 2891 2820
f 2813 2818 2820
f 2816 2813 2820
f 2819 2824 2821
f 2817 2819 2821
f 2896 2819 2894
f 2824 2819 2896
f 2825 2895 2820
f 2897 2895 2825
f 2818 2822 2825
f 2820 2818 2825
f 2824 2898 2899
f 2824 2899 2821
f 2821 2899 2826
f 2896 2898 2824
f 2823 2897 2825
f 2823 2827 2897
f 2827 2900 2897
f 2822 2823 2825
f 2901 2833 2828
f 2901 2828 2899
f 2899 2828 2826
f 2901 2904 2833
f 2834 2905 2902
f 2834 2902 2900
f 2834 2900 2829
f 2829 2900 2827
f 2828 2833 2830
f 2833 2904 2906
f 2833 2906 2830
f 2830 2906 2831
f 2835 2907 2840
f 2835 2831 2907
f 2831 2906 2907
f 2907 2909 2840
f 2832 2905 2834
f 2832 2836 2905
f 2836 2910 2905
f 2829 2832 2834
f 2835 2840 2837
f 2840 2909 2911
f 2840 2911 2837
f 2837 2911 2838
f 2911 2841 2838
f 2916 2841 2911
f 2845 2917 2912
f 2845 2839 2842
f 2845 2912 2839
f 2912 2913 2839
f 2910 2836 2839
f 2913 2910 2839
f 2918 2851 2846
f 2918 2846 2916
f 2916 2846 2841
f 2851 2919 2852
f 2918 2919 2851
f 2852 2920 2853
f 2919 2920 2852
f 2853 2843 2847
f 2853 2920 2843
f 2920 2921 2843
f 2917 2845 2844
f 2917 2844 2921
f 2921 2844 2843
f 2842 2844 2845
f 2846 2851 2848
f 2849 2848 2851
f 2852 2849 2851
f 2850 2849 2852
f 2853 2850 2852
f 2847 2850 2853
f 2858 2925 2926
f 2925 2858 2927
f 2865 2928 2933
f 2865 2866 2929
f 2928 2865 2929
f 2866 2859 2854
f 2866 2854 2929
f 2929 2854 2930
f 2926 2855 2858
f 2926 2930 2855
f 2930 2854 2855
f 2858 2931 2927
f 2858 2855 2931
f 2855 2856 2931
f 2867 2934 2931
f 2867 2931 2857
f 2857 2931 2856
f 2857 2860 2867
f 2861 2935 2938
f 2868 2861 2938
f 2862 2936 2861
f 2861 2936 2935
f 2933 2863 2865
f 2933 2936 2863
f 2936 2862 2863
f 2864 2865 2863
f 2866 2865 2864
f 2859 2866 2864
f 2874 2934 2867
f 2939 2934 2874
f 2860 2869 2874
f 2867 2860 2874
f 2870 2940 2950
f 2875 2870 2950
f 2876 2880 2941
f 2876 2941 2870
f 2870 2941 2940
f 2880 2877 2871
f 2880 2871 2941
f 2941 2871 2942
f 2872 2943 2871
f 2871 2943 2942
f 2938 2872 2868
f 2943 2872 2938
f 2874 2944 2939
f 2869 2944 2874
f 2869 2873 2944
f 2873 2945 2944
f 2945 2873 2878
f 2951 2945 2878
f 2952 2884 2881
f 2952 2881 2950
f 2950 2881 2875
f 2876 2879 2880
f 2884 2952 2961
f 2877 2880 2879
f 2885 2962 2953
f 2885 2953 2951
f 2885 2951 2882
f 2882 2951 2878
f 2881 2884 2883
f 2884 2886 2883
f 2884 2961 2886
f 2961 2968 2886
f 2889 2962 2885
f 2969 2962 2889
f 2882 2887 2889
f 2885 2882 2889
f 2970 2893 2890
f 2970 2890 2968
f 2968 2890 2886
f 2970 2977 2893
f 2888 2969 2889
f 2888 2891 2969
f 2891 2978 2969
f 2887 2888 2889
f 2890 2893 2892
f 2893 2894 2892
f 2893 2977 2894
f 2977 2983 2894
f 2891 2895 2978
f 2978 2895 2984
f 2894 2983 2896
f 2983 2988 2896
f 2895 2897 2984
f 2984 2897 2989
f 2898 2903 2899
f 2898 2990 2903
f 2898 2896 2990
f 2896 2988 2990
f 2897 2900 2989
f 2989 2900 2991
f 2899 2903 2901
f 2904 2992 2908
f 2901 2992 2904
f 2901 2990 2992
f 2901 2903 2990
f 2992 2996 2908
f 2902 2997 2993
f 2905 2997 2902
f 2991 2900 2902
f 2993 2991 2902
f 2904 2908 2906
f 2908 2996 2998
f 2908 2998 2906
f 2906 2998 2907
f 2909 2999 2914
f 2909 2907 2999
f 2907 2998 2999
f 2999 3004 2914
f 2915 3005 3000
f 2915 3000 2997
f 2915 2997 2910
f 2910 2997 2905
f 2909 2914 2911
f 2914 2916 2911
f 2914 3004 2916
f 3004 3014 2916
f 2922 3015 3006
f 2922 3007 2923
f 3006 3007 2922
f 2923 3008 2924
f 3007 3008 2923
f 2924 2912 2917
f 2924 3008 2912
f 3008 3009 2912
f 3005 2915 2913
f 3005 2913 3009
f 3009 2913 2912
f 2910 2913 2915
f 2916 3014 3016
f 2918 2916 3016
f 3015 2922 2919
f 3015 2919 3016
f 3016 2919 2918
f 2920 2919 2922
f 2923 2920 2922
f 2921 2920 2923
f 2924 2921 2923
f 2917 2921 2924
f 2925 3018 3021
f 2926 2925 3021
f 2927 2932 3019
f 2927 3019 2925
f 2925 3019 3018
f 3019 2932 3022
f 2928 3023 3029
f 2933 2928 3029
f 2929 3024 2928
f 2928 3024 3023
f 2930 3025 2929
f 2929 3025 3024
f 3021 2937 2926
f 3021 3026 2937
f 2926 2937 2930
f 3030 3025 2937
f 2930 2937 3025
f 2927 2931 2932
f 2937 3026 3031
f 2932 2931 2934
f 2932 2934 3022
f 3022 2934 3032
f 2935 3033 3043
f 2938 2935 3043
f 2936 3034 2935
f 2935 3034 3033
f 3029 2936 2933
f 3034 2936 3029
f 2946 3044 3035
f 2946 3036 2947
f 3035 3036 2946
f 3030 2947 3036
f 3030 2937 2947
f 2937 2948 2947
f 3037 2937 3031
f 3037 2949 2937
f 2949 2948 2937
f 2949 3037 3032
f 2949 3032 2939
f 2939 3032 2934
f 2940 2954 2950
f 3051 2954 2940
f 3051 2940 3045
f 3045 2940 2941
f 2942 3046 2941
f 2941 3046 3045
f 2943 3047 2942
f 2942 3047 3046
f 3043 2943 2938
f 3047 2943 3043
f 2955 3044 2946
f 3052 3044 2955
f 2947 2956 2946
f 2956 2955 2946
f 2948 2957 2947
f 2957 2956 2947
f 2949 2958 2948
f 2958 2957 2948
f 2939 2944 2959
f 2939 2959 2949
f 2949 2959 2958
f 2944 2945 2960
f 2959 2944 2960
f 2945 2951 2960
f 2950 2954 2952
f 2954 2961 2952
f 2954 3051 2961
f 3051 3055 2961
f 2963 3052 2955
f 3056 3052 2963
f 2956 2964 2955
f 2964 2963 2955
f 2957 2965 2956
f 2965 2964 2956
f 2958 2966 2957
f 2966 2965 2957
f 2959 2967 2958
f 2967 2966 2958
f 2953 2962 2967
f 2953 2967 2960
f 2960 2967 2959
f 2951 2953 2960
f 3057 2971 2968
f 3057 2968 3055
f 3055 2968 2961
f 3057 3063 2971
f 2972 3064 3058
f 3056 2972 3058
f 3056 2963 2972
f 2963 2973 2972
f 2964 2974 2963
f 2974 2973 2963
f 2965 2975 2964
f 2975 2974 2964
f 2966 2976 2965
f 2976 2975 2965
f 3065 2967 3059
f 3065 2976 2967
f 2976 2966 2967
f 3059 2967 2962
f 3059 2962 3066
f 3066 2962 2969
f 2968 2971 2970
f 2971 2977 2970
f 2971 3063 2977
f 3063 3071 2977
f 2979 3064 2972
f 3072 3064 2979
f 2973 2980 2972
f 2980 2979 2972
f 2974 2981 2973
f 2981 2980 2973
f 2975 2982 2974
f 2982 2981 2974
f 3073 2976 3067
f 3073 2982 2976
f 2982 2975 2976
f 3065 3067 2976
f 2969 2978 3066
f 3066 2978 3074
f 2977 3071 2983
f 3071 3079 2983
f 2985 3072 2979
f 3080 3072 2985
f 2980 2986 2979
f 2986 2985 2979
f 2981 2987 2980
f 2987 2986 2980
f 3081 2982 3075
f 3081 2987 2982
f 2987 2981 2982
f 3073 3075 2982
f 2978 2984 3074
f 3074 2984 3082
f 2983 3079 2988
f 3079 3088 2988
f 2985 3083 3080
f 2986 3083 2985
f 3084 3083 2986
f 2987 3084 2986
f 3085 3084 2987
f 3081 3085 2987
f 2984 2989 3082
f 3082 2989 3089
f 3090 2994 2990
f 3090 2990 3088
f 3088 2990 2988
f 3090 3099 2994
f 2995 3100 3091
f 2995 3091 3089
f 2995 3089 2991
f 2991 3089 2989
f 2990 2994 2992
f 2996 3101 3001
f 2992 3101 2996
f 2992 3099 3101
f 2992 2994 3099
f 3101 3107 3001
f 3002 3108 3102
f 3002 3103 3003
f 3102 3103 3002
f 3100 3003 3103
f 2995 3003 3100
f 2995 2997 3003
f 2995 2993 2997
f 2991 2993 2995
f 2996 3001 2998
f 3001 2999 2998
f 3001 3112 2999
f 3001 3107 3112
f 3112 3010 2999
f 2999 3010 3004
f 3011 3113 3109
f 3011 3110 3012
f 3109 3110 3011
f 3108 3012 3110
f 3108 3002 3012
f 3002 3013 3012
f 3000 3005 3013
f 3000 3013 3003
f 3003 3013 3002
f 2997 3000 3003
f 3010 3112 3114
f 3010 3014 3004
f 3010 3115 3014
f 3010 3114 3115
f 3017 3014 3115
f 3017 3006 3015
f 3017 3115 3006
f 3115 3116 3006
f 3113 3011 3007
f 3113 3007 3116
f 3116 3007 3006
f 3008 3007 3011
f 3012 3008 3011
f 3009 3008 3012
f 3013 3009 3012
f 3005 3009 3013
f 3014 3017 3016
f 3015 3016 3017
f 3020 3119 3121
f 3119 3020 3122
f 3018 3027 3021
f 3020 3121 3123
f 3018 3019 3028
f 3018 3028 3027
f 3123 3122 3020
f 3019 3022 3028
f 3038 3125 3126
f 3039 3029 3023
f 3127 3125 3038
f 3023 3024 3040
f 3039 3023 3040
f 3024 3025 3041
f 3040 3024 3041
f 3026 3021 3027
f 3030 3041 3025
f 3031 3026 3027
f 3031 3027 3042
f 3042 3027 3028
f 3022 3032 3042
f 3028 3022 3042
f 3048 3128 3132
f 3128 3048 3133
f 3033 3129 3134
f 3043 3033 3134
f 3038 3126 3130
f 3049 3135 3034
f 3034 3135 3129
f 3034 3129 3033
f 3127 3038 3130
f 3039 3049 3029
f 3039 3050 3049
f 3049 3034 3029
f 3035 3044 3050
f 3035 3050 3040
f 3040 3050 3039
f 3036 3035 3040
f 3041 3036 3040
f 3030 3036 3041
f 3031 3042 3037
f 3032 3037 3042
f 3045 3048 3132
f 3045 3132 3051
f 3051 3132 3141
f 3048 3136 3133
f 3048 3045 3136
f 3045 3046 3136
f 3047 3137 3046
f 3046 3137 3136
f 3134 3047 3043
f 3137 3047 3134
f 3053 3135 3049
f 3142 3135 3053
f 3050 3054 3049
f 3054 3053 3049
f 3044 3052 3054
f 3050 3044 3054
f 3143 3060 3055
f 3143 3055 3141
f 3141 3055 3051
f 3143 3147 3060
f 3061 3142 3053
f 3148 3142 3061
f 3054 3062 3053
f 3062 3061 3053
f 3052 3056 3062
f 3054 3052 3062
f 3055 3060 3057
f 3060 3063 3057
f 3060 3147 3063
f 3147 3152 3063
f 3068 3153 3149
f 3148 3068 3149
f 3148 3061 3068
f 3061 3069 3068
f 3058 3064 3069
f 3058 3069 3062
f 3062 3069 3061
f 3056 3058 3062
f 3059 3070 3065
f 3059 3066 3070
f 3063 3152 3071
f 3152 3155 3071
f 3076 3153 3068
f 3156 3153 3076
f 3069 3077 3068
f 3077 3076 3068
f 3064 3072 3077
f 3069 3064 3077
f 3067 3078 3073
f 3067 3157 3078
f 3065 3157 3067
f 3065 3154 3157
f 3065 3070 3154
f 3154 3070 3066
f 3154 3066 3158
f 3158 3066 3074
f 3071 3155 3079
f 3155 3163 3079
f 3076 3159 3156
f 3159 3086 3164
f 3159 3076 3086
f 3076 3077 3086
f 3072 3080 3086
f 3077 3072 3086
f 3075 3087 3081
f 3075 3165 3087
f 3073 3165 3075
f 3073 3160 3165
f 3073 3078 3160
f 3157 3160 3078
f 3074 3082 3158
f 3158 3082 3166
f 3167 3092 3088
f 3167 3088 3163
f 3163 3088 3079
f 3167 3174 3092
f 3093 3164 3086
f 3175 3164 3093
f 3080 3083 3094
f 3080 3094 3086
f 3086 3094 3093
f 3083 3084 3095
f 3094 3083 3095
f 3084 3085 3096
f 3095 3084 3096
f 3085 3176 3096
f 3081 3176 3085
f 3081 3168 3176
f 3081 3087 3168
f 3168 3097 3177
f 3168 3087 3097
f 3169 3097 3165
f 3165 3097 3087
f 3097 3170 3098
f 3169 3170 3097
f 3098 3170 3166
f 3098 3166 3089
f 3089 3166 3082
f 3088 3092 3090
f 3099 3178 3104
f 3090 3178 3099
f 3090 3174 3178
f 3090 3092 3174
f 3178 3186 3104
f 3093 3179 3175
f 3094 3179 3093
f 3180 3179 3094
f 3095 3180 3094
f 3181 3180 3095
f 3096 3181 3095
f 3182 3181 3096
f 3182 3105 3187
f 3182 3096 3105
f 3183 3105 3176
f 3176 3105 3096
f 3177 3105 3183
f 3177 3097 3105
f 3097 3106 3105
f 3091 3100 3106
f 3091 3106 3098
f 3098 3106 3097
f 3089 3091 3098
f 3099 3104 3101
f 3104 3107 3101
f 3104 3186 3107
f 3186 3191 3107
f 3111 3192 3188
f 3187 3111 3188
f 3105 3111 3187
f 3105 3108 3111
f 3105 3102 3108
f 3103 3102 3105
f 3106 3103 3105
f 3100 3103 3106
f 3193 3117 3112
f 3193 3112 3191
f 3191 3112 3107
f 3193 3196 3117
f 3109 3113 3118
f 3111 3197 3192
f 3111 3109 3197
f 3111 3110 3109
f 3118 3197 3109
f 3108 3110 3111
f 3112 3117 3114
f 3117 3196 3198
f 3117 3198 3114
f 3114 3198 3115
f 3116 3115 3199
f 3115 3198 3199
f 3118 3113 3116
f 3118 3116 3200
f 3200 3116 3199
f 3197 3118 3200
f 3120 3204 3205
f 3204 3120 3206
f 3119 3124 3121
f 3120 3205 3207
f 3120 3207 3206
f 3119 3122 3124
f 3121 3124 3123
f 3122 3123 3124
f 3125 3131 3126
f 3125 3127 3131
f 3128 3138 3132
f 3133 3138 3128
f 3139 3211 3212
f 3211 3139 3213
f 3129 3140 3134
f 3130 3126 3131
f 3135 3140 3129
f 3127 3130 3131
f 3138 3144 3141
f 3132 3138 3141
f 3138 3136 3144
f 3138 3133 3136
f 3144 3136 3215
f 3139 3212 3136
f 3215 3136 3212
f 3139 3136 3137
f 3139 3137 3216
f 3139 3216 3213
f 3216 3137 3145
f 3137 3134 3140
f 3137 3140 3145
f 3145 3140 3146
f 3135 3142 3146
f 3140 3135 3146
f 3141 3144 3143
f 3147 3217 3150
f 3143 3217 3147
f 3143 3215 3217
f 3143 3144 3215
f 3219 3145 3218
f 3219 3150 3145
f 3216 3145 3217
f 3217 3145 3150
f 3218 3151 3220
f 3218 3145 3151
f 3145 3146 3151
f 3142 3148 3151
f 3146 3142 3151
f 3150 3221 3224
f 3150 3224 3147
f 3147 3224 3152
f 3219 3221 3150
f 3149 3220 3151
f 3149 3153 3220
f 3153 3225 3220
f 3148 3149 3151
f 3161 3226 3228
f 3161 3224 3226
f 3161 3155 3224
f 3155 3152 3224
f 3153 3156 3225
f 3225 3156 3229
f 3154 3162 3157
f 3154 3158 3162
f 3161 3228 3230
f 3230 3155 3161
f 3230 3233 3155
f 3233 3163 3155
f 3171 3156 3159
f 3171 3234 3156
f 3234 3229 3156
f 3159 3164 3171
f 3160 3172 3165
f 3160 3157 3162
f 3160 3162 3172
f 3172 3162 3173
f 3158 3166 3173
f 3162 3158 3173
f 3163 3233 3235
f 3167 3163 3235
f 3174 3236 3184
f 3174 3167 3236
f 3167 3235 3236
f 3239 3171 3237
f 3239 3184 3171
f 3234 3171 3236
f 3236 3171 3184
f 3237 3171 3164
f 3237 3164 3240
f 3240 3164 3175
f 3168 3185 3176
f 3169 3165 3172
f 3177 3185 3168
f 3170 3169 3172
f 3173 3170 3172
f 3166 3170 3173
f 3174 3184 3178
f 3184 3186 3178
f 3184 3239 3186
f 3239 3244 3186
f 3175 3241 3240
f 3179 3241 3175
f 3189 3245 3241
f 3189 3241 3180
f 3180 3241 3179
f 3180 3181 3190
f 3189 3180 3190
f 3246 3190 3181
f 3246 3181 3242
f 3242 3181 3182
f 3187 3247 3242
f 3187 3242 3182
f 3176 3185 3183
f 3177 3183 3185
f 3248 3194 3191
f 3248 3191 3244
f 3244 3191 3186
f 3248 3254 3194
f 3189 3249 3245
f 3249 3195 3255
f 3249 3189 3195
f 3189 3190 3195
f 3192 3250 3188
f 3192 3190 3250
f 3192 3195 3190
f 3246 3250 3190
f 3247 3187 3188
f 3250 3247 3188
f 3191 3194 3193
f 3196 3256 3201
f 3193 3256 3196
f 3193 3254 3256
f 3193 3194 3254
f 3201 3257 3202
f 3256 3257 3201
f 3255 3202 3257
f 3255 3195 3202
f 3195 3203 3202
f 3192 3197 3203
f 3195 3192 3203
f 3196 3201 3198
f 3199 3198 3201
f 3202 3199 3201
f 3200 3199 3202
f 3203 3200 3202
f 3197 3200 3203
f 3208 3260 3262
f 3208 3209 3261
f 3260 3208 3261
f 3210 3205 3204
f 3263 3261 3209
f 3204 3206 3210
f 3208 3262 3264
f 3209 3208 3264
f 3265 3209 3264
f 3205 3210 3207
f 3209 3265 3263
f 3206 3207 3210
f 3211 3214 3212
f 3211 3213 3214
f 3214 3270 3272
f 3214 3272 3212
f 3212 3272 3215
f 3270 3214 3213
f 3270 3213 3273
f 3273 3213 3216
f 3222 3217 3215
f 3222 3215 3275
f 3275 3215 3272
f 3218 3223 3219
f 3217 3222 3216
f 3216 3222 3276
f 3216 3276 3273
f 3218 3220 3223
f 3221 3222 3275
f 3221 3275 3224
f 3224 3275 3278
f 3276 3221 3279
f 3276 3222 3221
f 3279 3221 3227
f 3219 3223 3221
f 3227 3221 3223
f 3220 3225 3227
f 3223 3220 3227
f 3226 3231 3228
f 3226 3281 3231
f 3226 3224 3281
f 3224 3278 3281
f 3232 3279 3227
f 3282 3279 3232
f 3225 3229 3232
f 3227 3225 3232
f 3228 3231 3230
f 3233 3283 3238
f 3230 3283 3233
f 3230 3281 3283
f 3230 3231 3281
f 3286 3232 3284
f 3286 3238 3232
f 3282 3232 3283
f 3283 3232 3238
f 3284 3232 3229
f 3284 3229 3287
f 3287 3229 3234
f 3233 3238 3235
f 3238 3286 3288
f 3238 3288 3235
f 3235 3288 3236
f 3236 3288 3287
f 3236 3287 3234
f 3237 3243 3239
f 3237 3240 3243
f 3243 3251 3244
f 3239 3243 3244
f 3240 3241 3252
f 3240 3252 3243
f 3243 3252 3251
f 3241 3245 3252
f 3242 3253 3246
f 3242 3247 3253
f 3244 3251 3248
f 3254 3248 3251
f 3254 3251 3258
f 3258 3251 3252
f 3245 3249 3259
f 3245 3259 3252
f 3252 3259 3258
f 3249 3255 3259
f 3246 3253 3250
f 3247 3250 3253
f 3254 3258 3256
f 3257 3256 3258
f 3259 3257 3258
f 3255 3257 3259
f 3260 3266 3262
f 3260 3261 3267
f 3266 3260 3267
f 3261 3263 3267
f 3262 3266 3264
f 3265 3264 3266
f 3267 3265 3266
f 3263 3265 3267
f 3268 3290 3291
f 3290 3268 3292
f 3269 3293 3296
f 3291 3294 3268
f 3293 3269 3297
f 3292 3268 3294
f 3271 3269 3296
f 3299 3271 3296
f 3300 3297 3269
f 3271 3300 3269
f 3270 3274 3272
f 3271 3299 3301
f 3271 3301 3300
f 3270 3273 3274
f 3274 3277 3275
f 3272 3274 3275
f 3273 3276 3277
f 3274 3273 3277
f 3277 3280 3278
f 3275 3277 3278
f 3276 3279 3280
f 3277 3276 3280
f 3280 3285 3281
f 3278 3280 3281
f 3279 3282 3285
f 3280 3279 3285
f 3281 3285 3283
f 3282 3283 3285
f 3284 3289 3286
f 3284 3287 3289
f 3286 3289 3288
f 3287 3288 3289
f 3290 3295 3291
f 3290 3292 3295
f 3293 3298 3296
f 3294 3291 3295
f 3297 3298 3293
f 3292 3294 3295
f 3298 3302 3299
f 3296 3298 3299
f 3297 3300 3302
f 3298 3297 3302
f 3299 3302 3301
f 3300 3301 3302
