v 0.0008836216 -0.002687728 -0.00005331062
v 0.0008772867 -0.002599883 -0.00005532939
v 0.000976691 -0.002705384 -0.00007801803
v 0.000958811 -0.00260725 -0.00007901074
v 0.0009474662 -0.002515569 -0.00007220122
v 0.001048064 -0.00276751 -0.00008009862
v 0.001067741 -0.002679357 -0.00009784123
v 0.001050381 -0.002606877 -0.00009889866
v 0.001041957 -0.002515047 -0.00009380236
v 0.001038454 -0.002420037 -0.00008180972
v 0.001145841 -0.002780443 -0.00008172091
v 0.001140878 -0.002695914 -0.00009942608
v 0.001140922 -0.002606904 -0.000108987
v 0.001137659 -0.002514588 -0.0001087569
v 0.00113704 -0.002417891 -0.0001001116
v 0.001139475 -0.002320203 -0.00008493019
v 0.001228682 -0.002785511 -0.00007589645
v 0.001227114 -0.002708369 -0.0000930501
v 0.001231146 -0.002615608 -0.0001064193
v 0.001233311 -0.002517343 -0.0001131538
v 0.001235388 -0.002417652 -0.0001108795
v 0.001238116 -0.002318674 -0.0001003038
v 0.001242494 -0.002222009 -0.00008421818
v 0.001297741 -0.002726996 -0.00007804462
v 0.001324247 -0.002630015 -0.00009035046
v 0.001327143 -0.002525181 -0.0001045036
v 0.001333147 -0.002421027 -0.0001098927
v 0.001335724 -0.002319305 -0.0001067864
v 0.001338109 -0.002221548 -0.00009539609
v 0.001335673 -0.002138495 -0.00008096081
v 0.00140556 -0.002537684 -0.00008461201
v 0.00143167 -0.002429582 -0.00009315891
v 0.001430336 -0.002324069 -0.000100698
v 0.001432492 -0.002224336 -0.00009621091
v 0.001436622 -0.002119539 -0.00008262715
v 0.001518114 -0.002328695 -0.00008100502
v 0.001516819 -0.002237209 -0.00008487711
v 0.001524134 -0.002142026 -0.00007711523
v 0.001537039 -0.002046906 -0.00006310909
v 0.001581669 -0.002254379 -0.00006239875
v 0.001595446 -0.002170603 -0.00005743074
v 0.001610182 -0.002074379 -0.00004664492
v 0.0008194864 -0.002759483 -0.0000193264
v 0.0007999928 -0.002663481 -0.00002205971
v 0.0007547679 -0.002584737 -0.000002200046
v 0.0007554505 -0.002478914 0.00000601485
v 0.0007603118 -0.002377337 0.00001649262
v 0.0007693346 -0.002278605 0.00002605476
v 0.0007792909 -0.002189178 0.00003421874
v 0.0008961103 -0.002775171 -0.00004624587
v 0.0008245683 -0.002577579 -0.00003501648
v 0.0008744199 -0.002535201 -0.00005248238
v 0.0008463566 -0.002965053 0.00003487937
v 0.0008406775 -0.002893994 0.000008444845
v 0.000845285 -0.002828243 -0.0000155364
v 0.000836445 -0.002494707 -0.00003096621
v 0.0008394929 -0.002393428 -0.00001598588
v 0.0008455814 -0.00229471 -0.000002295424
v 0.0008514458 -0.002199234 0.0000101869
v 0.0008512824 -0.002106499 0.00002421952
v 0.0009620527 -0.002793106 -0.00006148018
v 0.0009054589 -0.002479144 -0.00005610847
v 0.0009946183 -0.002841925 -0.0000539424
v 0.0009603554 -0.002441018 -0.00006670712
v 0.0009270344 -0.002995504 0.00002268834
v 0.0009017847 -0.002929762 0.000001016373
v 0.0009153451 -0.00285809 -0.00002994745
v 0.0009253146 -0.002400918 -0.00004706826
v 0.0009313769 -0.002301686 -0.00002882453
v 0.0009370639 -0.002203984 -0.00001255613
v 0.0009401742 -0.002108225 0.000002964255
v 0.0009406513 -0.002014898 0.00001962478
v 0.001073334 -0.00285204 -0.00005804713
v 0.0009992226 -0.002382481 -0.00006597555
v 0.001059125 -0.002342023 -0.00007252133
v 0.001038226 -0.003015736 0.00001054009
v 0.0009914213 -0.002920544 -0.0000222286
v 0.001023607 -0.0023029 -0.00005428315
v 0.001030489 -0.002203711 -0.00003439146
v 0.001034922 -0.002105569 -0.00001582743
v 0.001035341 -0.002010979 0.000002870305
v 0.001028568 -0.001933356 0.00002178207
v 0.001169246 -0.002852535 -0.00005867086
v 0.001102156 -0.002281579 -0.00006913245
v 0.001164129 -0.00224061 -0.00007359766
v 0.001125595 -0.003070112 0.000024306
v 0.00114481 -0.002989804 -0.000005465492
v 0.001105361 -0.002927176 -0.00002995332
v 0.001128429 -0.002201259 -0.00005623408
v 0.001135092 -0.002100916 -0.00003479049
v 0.001137451 -0.002001537 -0.00001292332
v 0.00113384 -0.001903781 0.00001240053
v 0.00124667 -0.002836806 -0.00005624046
v 0.001208809 -0.002180305 -0.00006907163
v 0.001288451 -0.002789189 -0.00006428461
v 0.001269774 -0.002143207 -0.00007250219
v 0.001233442 -0.003009255 0.000008036636
v 0.001221573 -0.002912441 -0.00002901932
v 0.001237608 -0.002098834 -0.00005495504
v 0.001243372 -0.001995731 -0.00003040847
v 0.00124225 -0.001898018 -0.000004060584
v 0.001235306 -0.001820555 0.00002286198
v 0.001341451 -0.002754299 -0.00005699286
v 0.001320342 -0.002083819 -0.00006696073
v 0.001373342 -0.002681445 -0.00006392298
v 0.00140297 -0.002607138 -0.00007123638
v 0.001333373 -0.002997299 0.00002006859
v 0.001324322 -0.002922574 -0.000004461545
v 0.001324208 -0.002829506 -0.00003603875
v 0.001354013 -0.001994671 -0.00004837417
v 0.001350368 -0.001890796 -0.00001923593
v 0.001347565 -0.001793483 0.00001497718
v 0.001454459 -0.002557334 -0.00005778209
v 0.001399301 -0.002053498 -0.00006945436
v 0.001481222 -0.002480307 -0.00006373833
v 0.001509686 -0.002403034 -0.00007194342
v 0.001476106 -0.002030194 -0.00006781394
v 0.001401143 -0.002935222 0.00002078718
v 0.001419827 -0.002842526 0.000006445549
v 0.001416107 -0.00273584 -0.00002464932
v 0.001447358 -0.002628873 -0.00003949678
v 0.001464037 -0.00196966 -0.00005279158
v 0.001454797 -0.001887732 -0.00002998323
v 0.00145189 -0.001796862 -0.000002778553
v 0.001463756 -0.001712865 0.00003249505
v 0.001554419 -0.00236216 -0.00005839843
v 0.001534075 -0.001976596 -0.00005169938
v 0.001578167 -0.002312831 -0.00005648075
v 0.001489596 -0.002755274 0.00002904847
v 0.001499937 -0.002656723 0.00001201447
v 0.001522634 -0.002537228 -0.00001033823
v 0.001546309 -0.002427807 -0.00003844161
v 0.00155562 -0.001894377 -0.00002932212
v 0.001541893 -0.001804428 -0.000008068188
v 0.001539115 -0.001726454 0.00001468994
v 0.001548656 -0.001670782 0.0000361538
v 0.001616196 -0.002282082 -0.00003475892
v 0.001627143 -0.001959068 -0.00002484475
v 0.00164338 -0.00221664 -0.00002529424
v 0.00167723 -0.002120747 -0.00001422115
v 0.001683533 -0.002028459 -0.00001199027
v 0.001589202 -0.002445104 0.00001777249
v 0.001601469 -0.002354162 -0.000018817
v 0.001628455 -0.001876425 -0.00001214685
v 0.00162307 -0.001816357 0.000001722787
v 0.001610871 -0.001739627 0.00002111996
v 0.001597714 -0.001680854 0.00003580925
v 0.00173731 -0.002121685 0.00002552721
v 0.001739133 -0.002053327 0.0000182652
v 0.0004893338 -0.002603711 0.0001434502
v 0.000569651 -0.002795363 0.0001189604
v 0.0005408931 -0.00268928 0.0001178563
v 0.0005565462 -0.002597202 0.0001030584
v 0.0005370679 -0.00251483 0.0001171161
v 0.0006859617 -0.002636204 0.00003166169
v 0.0006807934 -0.002556185 0.00003565604
v 0.0006803084 -0.002454918 0.00004373894
v 0.0006886641 -0.002349297 0.00005208611
v 0.0007062083 -0.00224581 0.00005776104
v 0.000640169 -0.002877827 0.0001029487
v 0.0006318011 -0.002788643 0.00008238349
v 0.0006025673 -0.00272808 0.00008701292
v 0.0006176053 -0.002638689 0.00007005042
v 0.0006100177 -0.002532484 0.00007464171
v 0.0006027937 -0.002422837 0.00008856613
v 0.0006268707 -0.002301501 0.00009210697
v 0.0006553314 -0.002175117 0.00009773706
v 0.0006608507 -0.002059821 0.0001172116
v 0.0007264881 -0.002672266 0.00001267209
v 0.0007307924 -0.00216516 0.00005831784
v 0.0007891802 -0.002991801 0.00006937087
v 0.0007785094 -0.002925654 0.00004819875
v 0.0007736431 -0.002838803 0.00002104454
v 0.0007429975 -0.002746715 0.00001466452
v 0.0007812136 -0.002123708 0.00004353083
v 0.0007147169 -0.002962307 0.00009319501
v 0.0007178213 -0.002885879 0.00006404582
v 0.0006928064 -0.002812003 0.00005522843
v 0.0006680437 -0.002719587 0.00004951037
v 0.0007427818 -0.002079532 0.0000718195
v 0.0007381972 -0.001970236 0.0001041738
v 0.0007596978 -0.0018733 0.0001328601
v 0.0007633022 -0.001817762 0.0001673559
v 0.0008506191 -0.003037497 0.00006353763
v 0.0008131561 -0.00206676 0.00004351151
v 0.0008672934 -0.002030362 0.00003383599
v 0.0008827006 -0.003304508 0.0001289672
v 0.000857127 -0.003231307 0.0001191073
v 0.0008329244 -0.001986313 0.00006003394
v 0.0008399979 -0.001888087 0.00009553775
v 0.0008461273 -0.001804309 0.0001410608
v 0.0009417235 -0.003088431 0.00005561742
v 0.0009063114 -0.001973362 0.00003767985
v 0.0009632425 -0.00193969 0.00003270496
v 0.0009483622 -0.003360975 0.0001307976
v 0.0009569017 -0.00329157 0.0001100923
v 0.0009320974 -0.00323696 0.0001010069
v 0.0009006682 -0.003171129 0.00009186821
v 0.0009322578 -0.001897836 0.00005919603
v 0.0009364921 -0.001814127 0.0001015614
v 0.0009381795 -0.001754844 0.000144359
v 0.001036872 -0.003099289 0.00004113201
v 0.001010431 -0.001885434 0.00004139799
v 0.001081333 -0.00313923 0.00005021397
v 0.001035491 -0.003379381 0.0001285153
v 0.001027328 -0.003302947 0.0001060975
v 0.001002335 -0.003244595 0.00009139191
v 0.0009990281 -0.003171812 0.00007129558
v 0.001038517 -0.001815012 0.00007225048
v 0.001023404 -0.001754293 0.0001228853
v 0.001144255 -0.003132519 0.00004569473
v 0.001088256 -0.001854586 0.00003759663
v 0.001199354 -0.003087194 0.00003169021
v 0.001165898 -0.001824389 0.00003377772
v 0.001128932 -0.003316736 0.0001100826
v 0.001101912 -0.003211106 0.00007532818
v 0.001147371 -0.001786083 0.00006140245
v 0.001125414 -0.001744766 0.0001070292
v 0.001277539 -0.003069334 0.00003466015
v 0.00121828 -0.001777539 0.00004791387
v 0.001246423 -0.003300379 0.000114598
v 0.001224145 -0.003220221 0.0000846236
v 0.001212358 -0.00314283 0.00005446553
v 0.00123857 -0.001730646 0.00008818316
v 0.001354113 -0.003044735 0.00004111764
v 0.001295397 -0.001752194 0.00004748019
v 0.001395535 -0.00299455 0.00003516245
v 0.001380452 -0.001720801 0.00004924626
v 0.001341421 -0.003287472 0.0001240619
v 0.001331712 -0.003213834 0.00009763098
v 0.001323439 -0.003123257 0.00006463149
v 0.001339639 -0.00170602 0.00007971842
v 0.001444939 -0.002959078 0.00004470821
v 0.001442986 -0.001674482 0.00008881896
v 0.001469471 -0.002892652 0.00004079728
v 0.001492593 -0.002825348 0.00004242848
v 0.001514344 -0.00166158 0.00005498563
v 0.001425323 -0.003214956 0.0001169503
v 0.001424367 -0.00312815 0.00009123643
v 0.001428211 -0.003033466 0.00006294426
v 0.001542098 -0.002784171 0.0000816185
v 0.001562812 -0.001647281 0.00005795449
v 0.001548509 -0.002692579 0.00007524373
v 0.001559966 -0.002597155 0.00005992544
v 0.001582274 -0.002517679 0.00005264882
v 0.001501372 -0.003138435 0.0001166345
v 0.001520329 -0.003042727 0.0001042982
v 0.001511357 -0.002940191 0.00007968443
v 0.001523384 -0.002857084 0.00007115204
v 0.001534474 -0.001649022 0.00008240542
v 0.001623636 -0.00246644 0.00008539864
v 0.001590531 -0.001652223 0.00005022707
v 0.001644974 -0.002380031 0.00005364037
v 0.001658408 -0.002289099 0.00001500674
v 0.001711847 -0.00220235 0.00003320317
v 0.001697243 -0.001854064 0.00002010788
v 0.001686212 -0.001762688 0.00004263336
v 0.001655361 -0.001691512 0.00006562065
v 0.00161663 -0.001659611 0.00005574106
v 0.001582223 -0.002953371 0.0001300299
v 0.001581134 -0.002849731 0.0001285601
v 0.001604548 -0.00165251 0.00009026396
v 0.001764617 -0.002153399 0.0000583063
v 0.0017505 -0.001952134 0.00003121097
v 0.001781296 -0.002090614 0.0000539666
v 0.001789417 -0.002023757 0.00005171048
v 0.001768758 -0.002215364 0.00009519727
v 0.001778722 -0.001856789 0.00005817208
v 0.001763774 -0.001789728 0.0000705507
v 0.001742968 -0.001725109 0.00009928305
v 0.001809863 -0.002209338 0.0001334478
v 0.001812622 -0.0021445 0.0001024154
v 0.001830484 -0.002058416 0.00009124432
v 0.001830879 -0.001818106 0.00009937339
v 0.0018205 -0.001757499 0.0001230301
v 0.0004148211 -0.002641329 0.0001914135
v 0.0003797227 -0.002807891 0.0002281518
v 0.0004720153 -0.002688585 0.0001573956
v 0.0004383021 -0.002560261 0.0001777865
v 0.0005230613 -0.002836264 0.0001534918
v 0.0004973154 -0.002764181 0.0001527608
v 0.0004794334 -0.002526979 0.0001519077
v 0.0004344863 -0.002913084 0.000219515
v 0.0004631928 -0.002829739 0.0001852325
v 0.0004297059 -0.002740439 0.0001885875
v 0.0004411787 -0.002476179 0.0001857073
v 0.0004363914 -0.002373429 0.0002079183
v 0.0004404725 -0.002281701 0.0002225725
v 0.000459283 -0.002129295 0.00023327
v 0.0005690994 -0.002872005 0.0001383254
v 0.0004966873 -0.002473712 0.0001458861
v 0.0005950275 -0.002928198 0.0001417317
v 0.0005357029 -0.002436586 0.0001258172
v 0.0005526788 -0.002356354 0.0001282965
v 0.00056404 -0.002245772 0.0001408236
v 0.0005662732 -0.002114337 0.0001629545
v 0.0005878797 -0.003366777 0.0002519714
v 0.0005041341 -0.003009374 0.0002095713
v 0.0005259633 -0.002914552 0.0001732226
v 0.0004932065 -0.002406592 0.0001593905
v 0.0004964746 -0.002312992 0.0001748128
v 0.0004889869 -0.002203166 0.000200152
v 0.0005019539 -0.002126741 0.0002033174
v 0.0006450373 -0.002961225 0.0001272719
v 0.0006114051 -0.002027462 0.0001504133
v 0.0006787325 -0.003021084 0.0001304841
v 0.000660228 -0.001988092 0.0001330312
v 0.0006822589 -0.001922745 0.000144564
v 0.0006982127 -0.001857303 0.0001705961
v 0.0006687493 -0.003407233 0.0002276306
v 0.0006360947 -0.003301129 0.0002170364
v 0.0006163878 -0.003192008 0.0002025613
v 0.000573058 -0.003096009 0.0001997485
v 0.0005995142 -0.003006998 0.0001635973
v 0.0006172031 -0.001962932 0.0001647085
v 0.0006322348 -0.001897391 0.0001845599
v 0.0006519523 -0.001847063 0.0002090819
v 0.0007601513 -0.003057065 0.0001059127
v 0.0007135622 -0.00180925 0.0002101466
v 0.0008218204 -0.003348283 0.0001561493
v 0.0008020888 -0.003279728 0.0001476361
v 0.0007407814 -0.003489743 0.0002239301
v 0.0007407303 -0.003419674 0.00020194
v 0.0007423978 -0.003346255 0.0001841116
v 0.0007194529 -0.003228743 0.0001675437
v 0.0006744021 -0.003108945 0.0001577051
v 0.0008727419 -0.003374688 0.0001483093
v 0.0007962903 -0.003214267 0.0001353122
v 0.0008428865 -0.003114968 0.00009343457
v 0.0008078049 -0.001769729 0.0002043318
v 0.0009035434 -0.003421491 0.0001557061
v 0.0008334838 -0.003177227 0.0001137687
v 0.0008833427 -0.001750061 0.0001734118
v 0.0008391263 -0.003536795 0.00021002
v 0.0008195589 -0.00343033 0.0001801707
v 0.0007711819 -0.003151167 0.0001293059
v 0.0009760309 -0.003437923 0.0001512962
v 0.0009361934 -0.00172603 0.0001814941
v 0.0009376547 -0.003599659 0.0002152299
v 0.0009141812 -0.003492777 0.0001792567
v 0.001047012 -0.003441332 0.0001482875
v 0.001002121 -0.001720491 0.0001720264
v 0.001098654 -0.003399421 0.0001347889
v 0.0009970851 -0.00366715 0.0002367244
v 0.001046438 -0.003606095 0.0002113489
v 0.001022493 -0.003514694 0.0001774024
v 0.001178266 -0.003384931 0.0001363469
v 0.001093499 -0.001714541 0.0001632915
v 0.001134785 -0.00354231 0.0001912872
v 0.001113876 -0.003458959 0.0001576618
v 0.001277742 -0.003365818 0.0001421591
v 0.001200905 -0.001704672 0.0001535975
v 0.001248404 -0.00352054 0.0001964838
v 0.001213072 -0.003451517 0.0001652451
v 0.00135965 -0.003338045 0.0001457989
v 0.001327876 -0.001686789 0.0001407004
v 0.001406619 -0.003284196 0.0001354523
v 0.001344871 -0.003507517 0.0002075233
v 0.001332131 -0.003421264 0.0001727963
v 0.001462468 -0.003251622 0.000138199
v 0.001429933 -0.001666916 0.0001584134
v 0.001497081 -0.003199041 0.0001310426
v 0.00144171 -0.00343072 0.0001993902
v 0.001440063 -0.00332721 0.0001609653
v 0.001548132 -0.003159045 0.0001398847
v 0.001527348 -0.001655486 0.0001414864
v 0.001572257 -0.003090421 0.0001362799
v 0.001592521 -0.003020914 0.0001390238
v 0.001597848 -0.002734446 0.0001613243
v 0.001587945 -0.002637424 0.0001218849
v 0.001608083 -0.002551364 0.0001204463
v 0.001539685 -0.003420531 0.0002217809
v 0.001535543 -0.003332332 0.0001911136
v 0.001534237 -0.003234824 0.0001588183
v 0.001635869 -0.002975027 0.0001789304
v 0.001610376 -0.002801297 0.0001669186
v 0.001641835 -0.002491464 0.0001448356
v 0.001615974 -0.001658916 0.000159043
v 0.001623844 -0.002901105 0.0001735027
v 0.001628341 -0.00284042 0.0001900289
v 0.001670016 -0.002421977 0.0001317583
v 0.001716162 -0.002313879 0.0001060642
v 0.001623982 -0.003345409 0.0002270353
v 0.001619602 -0.003245273 0.0001991512
v 0.001616749 -0.00313903 0.0001759318
v 0.001626606 -0.003050935 0.0001675475
v 0.001623557 -0.002788676 0.0001978608
v 0.001638386 -0.002539522 0.0001852869
v 0.001786362 -0.002271347 0.0001548866
v 0.001696622 -0.001679352 0.0001434091
v 0.001832563 -0.001893707 0.00008637
v 0.001690291 -0.003265922 0.000238931
v 0.001695376 -0.003167673 0.0002315596
v 0.00169035 -0.003038603 0.0002312731
v 0.00175756 -0.002333421 0.0001785818
v 0.001829703 -0.002230834 0.0001723671
v 0.001832759 -0.001976771 0.00008353337
v 0.001880964 -0.001851072 0.0001283354
v 0.00180527 -0.001713186 0.0001699727
v 0.001843202 -0.002181298 0.0001545364
v 0.001875121 -0.002106149 0.0001527922
v 0.001876451 -0.002017089 0.0001247745
v 0.001881017 -0.001791785 0.0001478537
v 0.001866693 -0.001745936 0.0001682791
v 0.001898688 -0.001931083 0.0001379088
v 0.00193653 -0.002109337 0.0002184644
v 0.001929574 -0.002019917 0.0001768065
v 0.001971572 -0.001935412 0.0002052928
v 0.001937609 -0.001843529 0.0001865147
v 0.001915512 -0.001769294 0.000199691
v 0.001996429 -0.002024112 0.000246213
v 0.0002992225 -0.002827404 0.0002802376
v 0.0002623883 -0.003011368 0.0003292171
v 0.0002411134 -0.002934183 0.0003302925
v 0.000250533 -0.002875752 0.0003178573
v 0.0002607162 -0.002390926 0.0003515686
v 0.0003598341 -0.002887496 0.0002527347
v 0.0003206829 -0.002751318 0.0002567778
v 0.0003830908 -0.002953099 0.0002535884
v 0.0003647426 -0.002709169 0.0002251606
v 0.0003501558 -0.002634855 0.0002342374
v 0.0003727674 -0.002547921 0.0002272047
v 0.0003732712 -0.002434462 0.0002453068
v 0.0003694478 -0.002318251 0.0002712794
v 0.0004009598 -0.0021373 0.000275388
v 0.000364675 -0.003195861 0.0003171088
v 0.0003220167 -0.003090573 0.0003131762
v 0.000317918 -0.003018747 0.0002995213
v 0.0003103704 -0.002941657 0.0002899757
v 0.0003063512 -0.002679188 0.0002643026
v 0.0003010747 -0.002594181 0.0002753103
v 0.00029724 -0.002486543 0.000297853
v 0.000321062 -0.002394703 0.0002958274
v 0.0003027256 -0.002334389 0.0003249864
v 0.000386919 -0.001922771 0.0003567389
v 0.0004321243 -0.00299204 0.0002388908
v 0.0004055728 -0.00224807 0.0002554428
v 0.0004404419 -0.002179811 0.0002395282
v 0.0004300257 -0.002069315 0.0002658168
v 0.000545776 -0.003401625 0.0002810197
v 0.0004565841 -0.003050629 0.0002417244
v 0.000438551 -0.0022241 0.0002343526
v 0.0004437348 -0.003287969 0.0003019868
v 0.00042869 -0.00319194 0.0002862985
v 0.0003903817 -0.003128164 0.0002891493
v 0.000383018 -0.003036774 0.0002723158
v 0.0004105498 -0.002200576 0.0002591508
v 0.0004384681 -0.001979427 0.0002871632
v 0.0004651621 -0.001892646 0.000324058
v 0.000597485 -0.003429899 0.0002645481
v 0.0005223329 -0.003340575 0.00027628
v 0.0005055679 -0.00308949 0.0002289208
v 0.0004942904 -0.002057871 0.0002224684
v 0.0005636419 -0.003309427 0.0002498801
v 0.0005593115 -0.003245985 0.0002389064
v 0.000534035 -0.003162412 0.0002326545
v 0.0005601994 -0.002012324 0.0001871994
v 0.0005691521 -0.001937868 0.0002068791
v 0.0005898269 -0.001874739 0.0002332607
v 0.0005154742 -0.00328233 0.0002663131
v 0.0004897225 -0.003217566 0.0002643958
v 0.0004558433 -0.00312576 0.0002593339
v 0.0005134376 -0.001978589 0.0002301382
v 0.0005172793 -0.001916146 0.0002595194
v 0.000546588 -0.00185548 0.0002944058
v 0.000647315 -0.003488038 0.0002608187
v 0.0006393837 -0.001818436 0.0002662797
v 0.0007034288 -0.003553921 0.0002599856
v 0.0006372923 -0.003629301 0.0003193044
v 0.0006363286 -0.003563764 0.0002935143
v 0.0007788399 -0.003584212 0.0002445125
v 0.0007340963 -0.001776422 0.0002673406
v 0.0007478348 -0.003797109 0.000359305
v 0.0007175009 -0.003641536 0.0002913835
v 0.000853762 -0.003611717 0.0002336749
v 0.0008324646 -0.001743317 0.0002811977
v 0.0008935141 -0.00366184 0.0002472706
v 0.0008904443 -0.001729855 0.0002175164
v 0.0008227199 -0.003799153 0.0003456301
v 0.0007814724 -0.003731908 0.0003134873
v 0.0008230355 -0.003663826 0.0002667003
v 0.0009416365 -0.003678667 0.0002463738
v 0.0009657353 -0.001711794 0.0002200624
v 0.0009670767 -0.003705079 0.0002568593
v 0.0009110491 -0.003738174 0.0002895024
v 0.0009187891 -0.001720011 0.0002653942
v 0.001015065 -0.003716968 0.0002653473
v 0.001050195 -0.001704452 0.0002215862
v 0.001072842 -0.003668746 0.000238805
v 0.001116928 -0.00361932 0.0002187631
v 0.001019008 -0.003774668 0.0003123064
v 0.0009933588 -0.001712261 0.0002800747
v 0.001188806 -0.003600895 0.00021962
v 0.001149247 -0.0016987 0.0002203899
v 0.001123773 -0.003776445 0.0003228738
v 0.001116027 -0.003716225 0.0002723293
v 0.001141923 -0.003657378 0.0002387237
v 0.001089419 -0.001708021 0.0002874942
v 0.001278434 -0.00358541 0.0002275338
v 0.00125801 -0.001690619 0.0002170791
v 0.001209014 -0.003777837 0.000338261
v 0.001216883 -0.003721836 0.0002924024
v 0.001211224 -0.00365846 0.0002509232
v 0.001192372 -0.001704772 0.0002899081
v 0.001355265 -0.003565949 0.000233233
v 0.001366677 -0.001680137 0.0002171765
v 0.001409806 -0.003514465 0.0002231078
v 0.0013096 -0.003725525 0.0003215438
v 0.001317235 -0.00364273 0.0002647839
v 0.001297724 -0.001700465 0.0002901189
v 0.001480912 -0.003494749 0.0002333086
v 0.00146926 -0.001671165 0.0002169228
v 0.001408117 -0.003708028 0.0003413533
v 0.001414896 -0.003645727 0.000292973
v 0.001419135 -0.00357113 0.0002514887
v 0.001402006 -0.001695434 0.0002897699
v 0.001539184 -0.003479003 0.0002436759
v 0.001567415 -0.001668634 0.0002169622
v 0.001602249 -0.003449599 0.0002565422
v 0.001630302 -0.002759936 0.00024876
v 0.001623502 -0.002692377 0.0002472824
v 0.00162074 -0.002620038 0.0001993545
v 0.001471827 -0.00369931 0.000357625
v 0.001491702 -0.003651835 0.0003237542
v 0.001522603 -0.003554008 0.0002771037
v 0.001504071 -0.0016918 0.0002893408
v 0.001666931 -0.003387729 0.0002600426
v 0.001642106 -0.00281726 0.0002321146
v 0.001655999 -0.002556195 0.0002583175
v 0.001661492 -0.001675541 0.0002183906
v 0.001691467 -0.003332033 0.0002540927
v 0.00167139 -0.002896523 0.0002578739
v 0.001671066 -0.002482495 0.0002031971
v 0.001721251 -0.002401147 0.0002029768
v 0.001675489 -0.003446134 0.0002913399
v 0.001649454 -0.002810376 0.0002754243
v 0.001604217 -0.001691971 0.0002896824
v 0.001734052 -0.003297798 0.000275845
v 0.001717096 -0.002971414 0.0002805448
v 0.001770082 -0.00235883 0.0002274223
v 0.00175508 -0.001691552 0.0002234661
v 0.00175405 -0.003221592 0.0002797559
v 0.001774282 -0.003108908 0.0002979789
v 0.001748511 -0.003015738 0.0002987301
v 0.001791736 -0.002315131 0.000206212
v 0.001721686 -0.003444403 0.0003251324
v 0.001724298 -0.00337429 0.0002957566
v 0.00176067 -0.002405833 0.0002811037
v 0.001702806 -0.00169759 0.00029157
v 0.001822343 -0.002273389 0.0002042976
v 0.001833678 -0.001710256 0.000236646
v 0.001878996 -0.002210483 0.0002250568
v 0.001830939 -0.003134127 0.0003456466
v 0.001795313 -0.002396629 0.000334873
v 0.001819464 -0.002327722 0.000270583
v 0.001798657 -0.001709974 0.0002949299
v 0.001937355 -0.002163691 0.0002520584
v 0.001880214 -0.001731065 0.0002148467
v 0.001983125 -0.002122323 0.0002813601
v 0.002008336 -0.001868082 0.0002520292
v 0.001966259 -0.001790085 0.0002607818
v 0.001922047 -0.001750501 0.0002388288
v 0.001940412 -0.002201184 0.0002978172
v 0.001898785 -0.001737082 0.0002923283
v 0.00203163 -0.002059226 0.0003032517
v 0.002027038 -0.001939144 0.0002596183
v 0.002062611 -0.001981227 0.000312532
v 0.002025243 -0.002109276 0.0003345328
v 0.002064914 -0.001896057 0.0003078788
v 0.002041562 -0.001827598 0.0003199971
v 0.002097979 -0.001857692 0.0003678921
v 0.0001993756 -0.003048362 0.0003805128
v 0.0002051731 -0.002966571 0.00036096
v 0.0001905329 -0.002881988 0.0003680132
v 0.0002105751 -0.002390942 0.0004039666
v 0.0001545342 -0.002773051 0.0004112012
v 0.0001526842 -0.002660142 0.0004196057
v 0.0001545889 -0.002573079 0.0004257741
v 0.0001625837 -0.002497535 0.0004306472
v 0.0002580374 -0.003087756 0.0003470105
v 0.000224376 -0.002799462 0.0003350846
v 0.0002167391 -0.002471111 0.0003761227
v 0.0002258433 -0.002345107 0.0003991367
v 0.0003186512 -0.003234035 0.0003506004
v 0.0002888411 -0.003160204 0.0003472405
v 0.0002648434 -0.002735255 0.000297679
v 0.0002496557 -0.002649512 0.0003124185
v 0.0002400113 -0.002561868 0.0003326441
v 0.0002538894 -0.002301924 0.0003799684
v 0.0003300954 -0.001945876 0.0003781951
v 0.0002553491 -0.003315495 0.0004150312
v 0.0002526214 -0.003221348 0.0003884663
v 0.0002312675 -0.003131167 0.0003757476
v 0.0002039934 -0.002706114 0.0003542279
v 0.0001958411 -0.002617026 0.0003683419
v 0.0001912803 -0.002545448 0.0003837926
v 0.0002192696 -0.002308469 0.0004172315
v 0.0002613181 -0.002007391 0.000423142
v 0.0002871712 -0.001952928 0.000418486
v 0.0003688142 -0.003274295 0.0003351045
v 0.0003067236 -0.002257925 0.0003365279
v 0.0003615316 -0.001974338 0.000340184
v 0.0003333699 -0.001909731 0.0004170907
v 0.0003954282 -0.003332932 0.0003381524
v 0.0003622932 -0.00220849 0.0002957046
v 0.000342218 -0.002125957 0.0003234106
v 0.0003649562 -0.002048458 0.0003185399
v 0.0003085449 -0.003388743 0.000404106
v 0.0003281458 -0.003314132 0.0003692622
v 0.0002993011 -0.002166761 0.0003568649
v 0.0002919461 -0.002073242 0.0003765048
v 0.0003108381 -0.001996103 0.000373587
v 0.0004319564 -0.003358242 0.000326642
v 0.0004222866 -0.001864951 0.0004133957
v 0.0004821367 -0.003383282 0.0003083355
v 0.0005024908 -0.001845665 0.0003537305
v 0.0004447452 -0.003688652 0.0004438064
v 0.0004319547 -0.003619218 0.0004181928
v 0.000409231 -0.003421697 0.0003589997
v 0.0005439261 -0.003479403 0.0003081081
v 0.000584483 -0.001813841 0.0003508446
v 0.0005989671 -0.003663406 0.0003533776
v 0.0005681211 -0.003590357 0.0003372169
v 0.0005055623 -0.00373198 0.0004352495
v 0.0005186897 -0.003657056 0.0003912951
v 0.0004678773 -0.003549645 0.0003726824
v 0.0005106664 -0.001827366 0.0004041363
v 0.0006601065 -0.003689703 0.0003362425
v 0.0006730997 -0.001787176 0.0003237282
v 0.0007128891 -0.003829097 0.0003926777
v 0.0007002004 -0.003893582 0.0004223767
v 0.0006031483 -0.003751477 0.0003979543
v 0.0007481372 -0.003857133 0.0004025993
v 0.0006898251 -0.00379068 0.00037784
v 0.0007143681 -0.003712418 0.0003234788
v 0.0007483871 -0.0017637 0.0003373653
v 0.000724435 -0.003755941 0.0003418084
v 0.0007175593 -0.003896989 0.000420072
v 0.0006801297 -0.00374069 0.0003520435
v 0.0008493076 -0.003838293 0.0003858763
v 0.0008207294 -0.001749283 0.0003537568
v 0.0008906554 -0.003805611 0.0003405374
v 0.0009438487 -0.003798492 0.0003303342
v 0.0009110846 -0.001734219 0.000339292
v 0.0009708371 -0.003817708 0.0003580533
v 0.0009177549 -0.003826369 0.0003659154
v 0.001038358 -0.003815708 0.0003670958
v 0.00101952 -0.001728934 0.0003556523
v 0.001128592 -0.00381274 0.0003725349
v 0.001122788 -0.001727607 0.0003630045
v 0.001198454 -0.003808632 0.0003808768
v 0.001226102 -0.001726691 0.0003655604
v 0.001259227 -0.003781302 0.0003606928
v 0.001244103 -0.003798645 0.0003968119
v 0.001319029 -0.003762655 0.0003864874
v 0.001329271 -0.001724805 0.0003657855
v 0.001416208 -0.00373303 0.0003935595
v 0.001431888 -0.001722137 0.0003653009
v 0.001492697 -0.003707052 0.0003953181
v 0.001534075 -0.001719796 0.000365098
v 0.00152526 -0.003671704 0.0003601299
v 0.001579447 -0.003608816 0.0003414374
v 0.001624729 -0.003521292 0.0003041359
v 0.001635495 -0.002716877 0.000324991
v 0.001639872 -0.002637512 0.0003027382
v 0.001690209 -0.003502132 0.0003342397
v 0.001642195 -0.002771447 0.000307615
v 0.001672721 -0.002573851 0.000361447
v 0.001635956 -0.001719225 0.0003657406
v 0.001698092 -0.002871628 0.0003584583
v 0.001660985 -0.002815236 0.0003359643
v 0.001706341 -0.00248466 0.0002954108
v 0.001639865 -0.0036106 0.0003987276
v 0.001652863 -0.003561024 0.0003501327
v 0.001643715 -0.002761975 0.0003527011
v 0.001734829 -0.003482488 0.0003670555
v 0.001742823 -0.002942953 0.0003505223
v 0.001756151 -0.002451584 0.0003564745
v 0.001736753 -0.00172219 0.0003673711
v 0.001763656 -0.003414619 0.000360536
v 0.001790694 -0.003303707 0.0003398821
v 0.001812998 -0.003195445 0.0003309521
v 0.001795922 -0.003027012 0.0003568641
v 0.001705019 -0.003549034 0.0003938164
v 0.001725332 -0.002895335 0.0003881935
v 0.001851761 -0.003172198 0.0003731932
v 0.001826052 -0.003085196 0.0003554016
v 0.001799584 -0.002423038 0.0004007239
v 0.001834013 -0.001731392 0.0003700742
v 0.001862335 -0.003114139 0.0004008869
v 0.001842732 -0.002358732 0.0003679903
v 0.001890402 -0.002278795 0.0003257798
v 0.001841997 -0.003305788 0.0004137387
v 0.00184685 -0.003236539 0.000386254
v 0.001839731 -0.003049453 0.0004028349
v 0.001948603 -0.002239926 0.0003747431
v 0.001913737 -0.001746549 0.0003818512
v 0.001990557 -0.002170488 0.0003470803
v 0.002034168 -0.002129072 0.0003964373
v 0.001990599 -0.001774319 0.0003612296
v 0.002067063 -0.002050513 0.0003659214
v 0.00210052 -0.001981158 0.0003750925
v 0.002105858 -0.001921258 0.000365003
v 0.002131173 -0.001881178 0.0004201818
v 0.002072721 -0.001810068 0.0003948672
v 0.002117094 -0.001837445 0.0004229552
v 0.00009284306 -0.002801836 0.000503536
v 0.0001099698 -0.002691 0.000489781
v 0.0001186085 -0.002595452 0.0004860215
v 0.0001274965 -0.002516415 0.0004822656
v 0.00006280845 -0.002979186 0.0005348975
v 0.0001323747 -0.002867248 0.0004318022
v 0.0001370556 -0.002458084 0.0004792985
v 0.0002121829 -0.003331984 0.0004553375
v 0.0001925117 -0.003250247 0.000446628
v 0.0001737484 -0.003137449 0.0004275016
v 0.0001411336 -0.003044539 0.0004321763
v 0.0001486611 -0.002960541 0.0004134641
v 0.0001675965 -0.002414287 0.0004510228
v 0.0001896622 -0.002326564 0.0004530157
v 0.0002218733 -0.002021729 0.0004852125
v 0.0002493001 -0.001967698 0.0004621973
v 0.0001584399 -0.003400363 0.0005482192
v 0.0001553723 -0.003301373 0.0005110547
v 0.0001268685 -0.003184558 0.0004989896
v 0.0001004983 -0.003074785 0.0004931433
v 0.0001049841 -0.00299646 0.0004667029
v 0.00009477079 -0.002914945 0.0004823591
v 0.0001321859 -0.002408507 0.0005082597
v 0.0002526476 -0.003376315 0.0004365261
v 0.0002127572 -0.002256565 0.000443305
v 0.0002432101 -0.002060105 0.0004329595
v 0.0002776272 -0.001924671 0.0004724863
v 0.0002779514 -0.003428103 0.0004376083
v 0.0002535747 -0.002212156 0.0003992605
v 0.0002491395 -0.002125914 0.0004163446
v 0.0002649752 -0.003664419 0.0005462434
v 0.00021151 -0.003502374 0.0005254977
v 0.0002189876 -0.00340691 0.0004796584
v 0.0002104884 -0.00216503 0.0004688297
v 0.0002177839 -0.002089567 0.0004683298
v 0.0003356378 -0.003465278 0.0004143425
v 0.0003320336 -0.001883264 0.0004830034
v 0.0003885874 -0.003708444 0.000487236
v 0.0003768217 -0.003651349 0.0004634637
v 0.0003270068 -0.003684208 0.0005132238
v 0.0002923842 -0.003596205 0.0004944394
v 0.0002797686 -0.003492201 0.000462076
v 0.0004394527 -0.003752521 0.0004857407
v 0.0003712854 -0.003596137 0.0004419063
v 0.0003931989 -0.00350957 0.0003969135
v 0.0003910787 -0.001853615 0.0005022967
v 0.0004034311 -0.003564236 0.0004109598
v 0.0004876228 -0.003895929 0.0005421154
v 0.0003464972 -0.003539373 0.0004347768
v 0.0005160739 -0.003801297 0.0004730026
v 0.0004897785 -0.001828477 0.0004943749
v 0.0006932385 -0.003906606 0.0004257034
v 0.0005674387 -0.001808548 0.0004253852
v 0.0005175005 -0.003889824 0.0005312053
v 0.0004938732 -0.0038605 0.0005244708
v 0.000701118 -0.003907495 0.0004246997
v 0.00068588 -0.003895815 0.0004289335
v 0.0005851107 -0.003819175 0.0004483738
v 0.000667495 -0.001787806 0.00041069
v 0.0006628467 -0.003856233 0.0004415471
v 0.0006929723 -0.003899445 0.0004320877
v 0.0005570908 -0.003854859 0.0004917578
v 0.0005918695 -0.001805822 0.000480792
v 0.0007103667 -0.003902828 0.000429765
v 0.000767217 -0.00176607 0.0003991365
v 0.0007340279 -0.003888348 0.0004283892
v 0.0007131809 -0.003885701 0.0004503348
v 0.0007841808 -0.003866667 0.000447114
v 0.0008445766 -0.00175991 0.0004171208
v 0.0009243618 -0.003841734 0.0004286248
v 0.0009444077 -0.001755786 0.0004279294
v 0.0009790532 -0.003834815 0.0004979839
v 0.001049566 -0.003831686 0.0004255913
v 0.001048469 -0.001755222 0.0004375046
v 0.001077371 -0.003825039 0.0004837532
v 0.001136659 -0.00382462 0.0004206356
v 0.001151379 -0.001755785 0.0004421144
v 0.001196119 -0.003814772 0.0004196352
v 0.001155765 -0.003816706 0.0004618429
v 0.001233198 -0.003793579 0.0004569916
v 0.001253437 -0.001755664 0.0004433641
v 0.001339081 -0.003758898 0.0004648195
v 0.001355162 -0.001754182 0.0004431808
v 0.00139045 -0.003739473 0.0005124461
v 0.001440669 -0.003731729 0.0004453447
v 0.001457116 -0.001751544 0.000442887
v 0.001473656 -0.003717355 0.000495396
v 0.001507523 -0.003707963 0.0004384443
v 0.001559772 -0.001748494 0.0004431271
v 0.001563794 -0.003668557 0.0004082277
v 0.001647799 -0.002669532 0.0004222915
v 0.001542108 -0.003691449 0.0004722636
v 0.001621408 -0.003649473 0.0004849279
v 0.001641656 -0.002732918 0.0003900369
v 0.001685332 -0.002579347 0.0004852119
v 0.001663037 -0.001746265 0.0004440299
v 0.001683702 -0.003601933 0.0004396958
v 0.001677446 -0.002825278 0.0004007533
v 0.001654213 -0.002778952 0.0004016568
v 0.001719657 -0.002512555 0.0004030188
v 0.001675049 -0.002802501 0.0004828873
v 0.001648233 -0.002741011 0.0004442043
v 0.001726376 -0.003568735 0.0004524302
v 0.001709805 -0.002863414 0.0004257108
v 0.001763021 -0.002470769 0.0004250536
v 0.001765458 -0.001746751 0.0004455213
v 0.001771674 -0.003492009 0.0004430434
v 0.001814736 -0.003383277 0.0004205641
v 0.001748048 -0.002909701 0.0004245949
v 0.001697872 -0.003607903 0.0004882106
v 0.001740744 -0.002883597 0.0005039845
v 0.001747319 -0.002503815 0.0004961707
v 0.00186075 -0.003340316 0.0004845182
v 0.001816804 -0.002971806 0.0004622951
v 0.001797743 -0.002448439 0.0004721979
v 0.001862917 -0.001752076 0.0004479199
v 0.001876408 -0.003256622 0.0004610183
v 0.001879031 -0.00318205 0.0004311812
v 0.001897077 -0.003123755 0.0004726651
v 0.001871898 -0.003057613 0.0004596475
v 0.001844452 -0.002391326 0.0004520937
v 0.001904276 -0.002312338 0.0004302428
v 0.001841944 -0.002963253 0.0005009148
v 0.001834348 -0.002419899 0.0005141633
v 0.001959536 -0.002253263 0.0004437478
v 0.001953372 -0.001764868 0.000446822
v 0.001994686 -0.002198643 0.0004185966
v 0.001918922 -0.003124431 0.0005273534
v 0.001906343 -0.003078579 0.0005159103
v 0.001989264 -0.002221171 0.0004800381
v 0.002030319 -0.002154115 0.0004834102
v 0.002035922 -0.001786085 0.000450282
v 0.002074376 -0.002072274 0.0004476017
v 0.002103014 -0.002009927 0.0004205203
v 0.002128031 -0.001944474 0.0004319224
v 0.002145072 -0.001897492 0.0004688261
v 0.002099075 -0.001813251 0.0004634688
v 0.002134907 -0.001852785 0.0004801126
v 0.002139646 -0.001933462 0.0004940873
v 0.00003198679 -0.002993207 0.0006061813
v 0.00005557608 -0.003047584 0.0005597928
v 0.0000334722 -0.002935737 0.0005975314
v 0.0001188871 -0.003400253 0.0006183514
v 0.000110379 -0.003310262 0.0005961047
v 0.00009362917 -0.003213002 0.0005760755
v 0.00007247699 -0.003120292 0.0005621381
v 0.00005327899 -0.002874345 0.0005691405
v 0.00005837262 -0.002780565 0.0005909218
v 0.00007562307 -0.002702096 0.0005728558
v 0.00008981678 -0.002608086 0.0005610802
v 0.0001018179 -0.002519694 0.0005502981
v 0.0001148644 -0.002450771 0.0005325631
v 0.00002675411 -0.002885527 0.0006358934
v 0.0001540247 -0.003469384 0.0005804051
v 0.0001166741 -0.002377664 0.0005648587
v 0.0002353812 -0.003691183 0.0006004236
v 0.0001703775 -0.003550671 0.0005927611
v 0.0001451007 -0.002341973 0.0005183602
v 0.0001625442 -0.002225932 0.0005473252
v 0.0001893694 -0.002091224 0.0005404631
v 0.0002033843 -0.00200936 0.0005541244
v 0.0002334284 -0.001960604 0.000521168
v 0.000138008 -0.002199989 0.0006421736
v 0.0002892104 -0.003711517 0.000561504
v 0.0002185323 -0.003650448 0.0005819084
v 0.0002204526 -0.003581186 0.0005442627
v 0.0002712357 -0.001912108 0.0005482283
v 0.0002374776 -0.003625317 0.0005459442
v 0.0002002503 -0.003612733 0.0005801843
v 0.0003531716 -0.003749747 0.0005460815
v 0.000329999 -0.00187227 0.0005628532
v 0.0004855857 -0.003907727 0.0005438196
v 0.0004949155 -0.003905789 0.0005402417
v 0.0004793461 -0.003901775 0.0005509929
v 0.0004270207 -0.003816495 0.0005477401
v 0.0004008682 -0.001846748 0.0005732906
v 0.0004638422 -0.003876438 0.0005757125
v 0.0004873823 -0.003903678 0.0005511738
v 0.0003969909 -0.003842465 0.0006160699
v 0.0005044098 -0.003903063 0.0005443166
v 0.0004702984 -0.001834112 0.0005958286
v 0.0005232163 -0.003895797 0.0005447161
v 0.0005063259 -0.003892819 0.000564786
v 0.000569415 -0.003877289 0.0005462188
v 0.0005791921 -0.001819396 0.0005815651
v 0.0006572789 -0.001799271 0.0005018789
v 0.0006983592 -0.003865295 0.0005320043
v 0.0007541853 -0.001785438 0.0004812171
v 0.000759559 -0.003845269 0.0005979132
v 0.0006906813 -0.001805983 0.0005605591
v 0.0008183166 -0.003853698 0.0005143721
v 0.0008649589 -0.001782426 0.0005024595
v 0.0008959547 -0.003842956 0.0005166041
v 0.0008402562 -0.003840144 0.00057223
v 0.0007802416 -0.00180463 0.0005792106
v 0.0009098387 -0.003828199 0.0005779043
v 0.0009700829 -0.001782607 0.0005140289
v 0.0008872197 -0.001805182 0.0005929475
v 0.001006974 -0.003815243 0.0005679075
v 0.00107346 -0.001783809 0.0005201017
v 0.0009921219 -0.001806739 0.0006001639
v 0.001125607 -0.003798908 0.0005442306
v 0.001175217 -0.001784451 0.0005222996
v 0.001094468 -0.001807891 0.0006031302
v 0.001237225 -0.003769882 0.0005497504
v 0.001276195 -0.001783707 0.0005225347
v 0.001317958 -0.003753723 0.000536113
v 0.001278391 -0.00375121 0.0005853465
v 0.001195485 -0.001807757 0.0006038186
v 0.001337987 -0.00373771 0.0005813328
v 0.001377309 -0.001781527 0.000522259
v 0.001296383 -0.001806262 0.0006035166
v 0.001418449 -0.003719089 0.0005718976
v 0.00147934 -0.001778331 0.0005222699
v 0.001397888 -0.001803997 0.000602936
v 0.001519685 -0.003690767 0.0005556206
v 0.001582866 -0.001774817 0.0005228164
v 0.001656311 -0.002776005 0.0005938116
v 0.001645622 -0.00272364 0.000521066
v 0.001647491 -0.002652564 0.000545836
v 0.001500686 -0.00180168 0.0006026606
v 0.001598571 -0.003661207 0.0005811602
v 0.001695989 -0.002833276 0.0005713074
v 0.001666498 -0.002597653 0.000594367
v 0.001687782 -0.001772128 0.0005237123
v 0.001740053 -0.002879216 0.0006060526
v 0.00163847 -0.002642558 0.0006192842
v 0.001605598 -0.001799919 0.0006028517
v 0.00168315 -0.003623636 0.0005660499
v 0.001803838 -0.002934517 0.0005590079
v 0.001717177 -0.002538068 0.0005780527
v 0.001792491 -0.001771973 0.0005244056
v 0.001746771 -0.003568585 0.000516237
v 0.001809549 -0.003510063 0.0005569184
v 0.001835861 -0.00342832 0.0005076534
v 0.001836134 -0.002957896 0.0005171492
v 0.001757992 -0.002498826 0.00056583
v 0.001797145 -0.002461538 0.0005514865
v 0.001712721 -0.001799632 0.0006029705
v 0.001876459 -0.003371097 0.0005712524
v 0.001849213 -0.00296336 0.0005184444
v 0.001842807 -0.002417336 0.0005672273
v 0.001893904 -0.001776495 0.0005236167
v 0.001894615 -0.003278417 0.000553715
v 0.001907026 -0.003185901 0.0005202162
v 0.001851298 -0.00297416 0.0005094086
v 0.001882862 -0.002362348 0.0005336108
v 0.001950442 -0.00227332 0.0005233523
v 0.00181663 -0.003528121 0.0006324747
v 0.001852768 -0.002972794 0.0005485529
v 0.001822646 -0.002438489 0.0006105751
v 0.001820349 -0.001801942 0.0006014144
v 0.001926131 -0.003135334 0.0005792586
v 0.001875811 -0.003015901 0.0005211014
v 0.00199828 -0.002207127 0.0005367558
v 0.001987378 -0.001787524 0.0005215301
v 0.001924578 -0.003096849 0.0005576349
v 0.001910979 -0.003056806 0.0005674209
v 0.001884363 -0.003013864 0.0005920078
v 0.001978223 -0.002221202 0.0006198063
v 0.001923856 -0.001808232 0.0005963979
v 0.00202699 -0.002148955 0.0005764351
v 0.002064337 -0.001804885 0.0005196877
v 0.002068938 -0.00208001 0.0005346691
v 0.002111112 -0.001999122 0.0004958769
v 0.002052402 -0.002085763 0.0006080434
v 0.002015823 -0.001820024 0.0005871351
v 0.00212617 -0.001944795 0.0005512246
v 0.002111796 -0.001826365 0.0005176538
v 0.002142336 -0.001893518 0.0005218659
v 0.002126257 -0.001857223 0.0005475535
v 0.00208561 -0.001834915 0.0005712082
v 0.00001797298 -0.002990239 0.0006829235
v 0.00001802475 -0.002932827 0.0006599406
v 0.00003721155 -0.00305808 0.000623819
v 0.00001745737 -0.002865884 0.0007032023
v 0.00009844286 -0.003413198 0.0006922196
v 0.00008811869 -0.003318623 0.0006795469
v 0.00007240076 -0.003220941 0.0006653789
v 0.00005286914 -0.003131877 0.0006448355
v 0.00003609529 -0.002807111 0.0006631095
v 0.00005545409 -0.002709894 0.0006577467
v 0.00007250084 -0.002615951 0.0006451734
v 0.00008634253 -0.002522629 0.0006299356
v 0.0001006867 -0.002425512 0.0006151943
v 0.0001221319 -0.002244302 0.0006789466
v 0.0001265036 -0.00348208 0.0006360385
v 0.0001093405 -0.002343247 0.0006257847
v 0.0001278821 -0.002249743 0.0006221952
v 0.000139276 -0.002179469 0.0007080623
v 0.0002148142 -0.003711505 0.0006598115
v 0.0001684752 -0.003634722 0.0006528127
v 0.000133716 -0.003549643 0.0006541712
v 0.0001248911 -0.002302826 0.0005883549
v 0.0001618664 -0.002119158 0.0006453997
v 0.000186399 -0.002035989 0.000612086
v 0.000219203 -0.001964957 0.0006123058
v 0.0001243938 -0.003615015 0.0007256852
v 0.0001147974 -0.002291108 0.0006464195
v 0.0002751348 -0.003743192 0.0006170371
v 0.0002735009 -0.001905783 0.00064783
v 0.0002236463 -0.001951948 0.0006979422
v 0.0003346277 -0.003800156 0.0006302884
v 0.0003407348 -0.001867819 0.0006354533
v 0.0003582725 -0.003835216 0.0006702327
v 0.0003103129 -0.003812679 0.0007081224
v 0.000413599 -0.00385651 0.0006634533
v 0.0004017215 -0.001852448 0.0006619764
v 0.0004980926 -0.00387021 0.0006366041
v 0.0004873387 -0.001839102 0.0006758922
v 0.0005972985 -0.003859637 0.000638842
v 0.0005691632 -0.001832196 0.0006908956
v 0.0006796835 -0.003850289 0.0006281901
v 0.0006361205 -0.003842865 0.0006879537
v 0.0007036979 -0.003832061 0.0006845733
v 0.0006766087 -0.00182198 0.0006605209
v 0.0008106615 -0.003821079 0.0006594787
v 0.0007985091 -0.00182062 0.0006756751
v 0.0009177458 -0.003802817 0.0006607859
v 0.0009072432 -0.001821692 0.0006828698
v 0.001024645 -0.003785972 0.0006526675
v 0.001010917 -0.001823425 0.0006861069
v 0.001135688 -0.003763452 0.0006516514
v 0.001112463 -0.001824539 0.0006872954
v 0.001223919 -0.0037524 0.0006243576
v 0.001273004 -0.003735761 0.0006428841
v 0.001214108 -0.001824447 0.0006873318
v 0.001343882 -0.003717351 0.0006503448
v 0.001316501 -0.001823665 0.0006858515
v 0.001431931 -0.003696529 0.000650348
v 0.001419158 -0.001823629 0.0006834504
v 0.001525492 -0.003673095 0.000653702
v 0.001523028 -0.001825258 0.0006817891
v 0.001637162 -0.002768585 0.0006809443
v 0.001628101 -0.002701329 0.0006377717
v 0.001620803 -0.003645372 0.0006595742
v 0.001682906 -0.002827516 0.0006699894
v 0.001625572 -0.002647916 0.0006715498
v 0.001629709 -0.001828565 0.0006806242
v 0.001737727 -0.002880563 0.0006792485
v 0.001646023 -0.002612489 0.0006553107
v 0.001672677 -0.003620158 0.0007096176
v 0.001646843 -0.002797494 0.0007143102
v 0.001632719 -0.002616069 0.0007094231
v 0.001699434 -0.003617633 0.0006432548
v 0.001786341 -0.002921063 0.0006521306
v 0.001682645 -0.002556551 0.0006919389
v 0.00173942 -0.001834568 0.0006791433
v 0.001760277 -0.00357579 0.0006116675
v 0.001857337 -0.003446948 0.0005890254
v 0.001769498 -0.002481606 0.0006434447
v 0.001734395 -0.003593962 0.0006845343
v 0.001767025 -0.002908864 0.0007189592
v 0.001794038 -0.003545098 0.0007048559
v 0.001844852 -0.00349058 0.0006201639
v 0.001882595 -0.003399263 0.0006408769
v 0.001842052 -0.002969776 0.0006245969
v 0.001824987 -0.002428911 0.0006642634
v 0.001849813 -0.001841786 0.0006723203
v 0.001848038 -0.003487272 0.0006834941
v 0.00190191 -0.003308537 0.0006647683
v 0.001916087 -0.003192422 0.0006330073
v 0.001882958 -0.003026686 0.0006711214
v 0.001865485 -0.002386135 0.0006312978
v 0.00192187 -0.002308896 0.0006216003
v 0.001868501 -0.003449695 0.0006518006
v 0.001847969 -0.002392108 0.0007050477
v 0.001924219 -0.003119458 0.0006388635
v 0.001910274 -0.003051867 0.0006176246
v 0.001941602 -0.002259518 0.0006990423
v 0.001952572 -0.001851209 0.0006581977
v 0.001925588 -0.003089408 0.0006023346
v 0.001971492 -0.002198434 0.0007016612
v 0.002008448 -0.002131436 0.0006669335
v 0.001915908 -0.003077321 0.0006520003
v 0.002044682 -0.002051961 0.0006557613
v 0.002042429 -0.001868182 0.0006377749
v 0.002086763 -0.002011599 0.0005916434
v 0.002054613 -0.001978379 0.0006648283
v 0.002035464 -0.001922274 0.0006783375
v 0.002102853 -0.001946095 0.0006088113
v 0.002101067 -0.001868777 0.0005985189
v 0.002122944 -0.001899308 0.0005807082
v 0.002084297 -0.001909892 0.0006334705
v 0.00001603558 -0.002981161 0.0007638969
v 0.00001299827 -0.002912784 0.000748201
v 0.00002698252 -0.003053009 0.0007066391
v 0.00001527053 -0.002847716 0.0007668624
v 0.0001187369 -0.003623335 0.0007882773
v 0.00009256012 -0.003441056 0.0007751486
v 0.00008336386 -0.003335361 0.0007633624
v 0.00007084682 -0.003230263 0.0007606956
v 0.00004744184 -0.003118742 0.0007523215
v 0.00002599332 -0.002800004 0.0007509551
v 0.00004675457 -0.00272333 0.0007438558
v 0.00006812957 -0.002626742 0.0007348345
v 0.000084395 -0.002527561 0.0007157082
v 0.00009486494 -0.002444413 0.000690948
v 0.00011253 -0.002330618 0.0007083571
v 0.0001274102 -0.002237596 0.0007336852
v 0.00002617635 -0.003032531 0.0007805218
v 0.00002444783 -0.002806278 0.0008062089
v 0.0001395604 -0.003654695 0.0007312983
v 0.0001067793 -0.003575562 0.0007571546
v 0.0001068327 -0.003498157 0.0006993673
v 0.0001489488 -0.002191436 0.0007814954
v 0.0001746055 -0.003698983 0.0007199862
v 0.0001180838 -0.003569007 0.0007045415
v 0.0001651408 -0.002110545 0.0007526196
v 0.0001896597 -0.002022107 0.0007037257
v 0.0001425671 -0.003679077 0.0007729201
v 0.00009997033 -0.003524924 0.0007500398
v 0.0001343767 -0.002328844 0.0008086231
v 0.000134717 -0.002262614 0.0007795775
v 0.0002430388 -0.003761611 0.0007171598
v 0.0002168749 -0.001971486 0.0007758714
v 0.0002843281 -0.003800798 0.0007868141
v 0.0002519211 -0.001925626 0.0007424651
v 0.0001673976 -0.002243364 0.000854054
v 0.0003527285 -0.003834949 0.0007356813
v 0.0003192614 -0.001887715 0.0007360548
v 0.0004276746 -0.003848209 0.000747911
v 0.0004093295 -0.001861725 0.0007585728
v 0.0004738432 -0.00383783 0.00080278
v 0.000518771 -0.003851866 0.0007213515
v 0.0005020907 -0.001846699 0.0007675043
v 0.0005816595 -0.003844209 0.0007189934
v 0.0005408523 -0.003836371 0.0007749174
v 0.0006161612 -0.003825004 0.0007657804
v 0.0006015892 -0.001836497 0.0007675195
v 0.000715383 -0.003806091 0.0007659635
v 0.0007109619 -0.001830057 0.000765532
v 0.0008207511 -0.003788806 0.0007595939
v 0.0008209427 -0.001828406 0.0007683876
v 0.0009279118 -0.003772101 0.0007519289
v 0.0009254669 -0.001829982 0.0007703123
v 0.001029901 -0.003755337 0.000745177
v 0.001026685 -0.001833293 0.0007719077
v 0.00111162 -0.003736438 0.0007539932
v 0.001128665 -0.00183648 0.000772897
v 0.001195462 -0.003736828 0.0006962383
v 0.001258558 -0.003714641 0.0007229407
v 0.001234037 -0.001838622 0.0007725653
v 0.001339394 -0.003692943 0.000736932
v 0.001339683 -0.001840606 0.0007658703
v 0.001433993 -0.003672268 0.0007404627
v 0.001442185 -0.001846481 0.0007597136
v 0.001530211 -0.003651401 0.0007449659
v 0.001547333 -0.001855707 0.0007565981
v 0.001607035 -0.003636978 0.00073467
v 0.001609901 -0.002732541 0.0007324051
v 0.001602751 -0.002667209 0.0007452356
v 0.001566218 -0.003632538 0.0007858705
v 0.001578263 -0.002646133 0.0008206824
v 0.001628269 -0.003614554 0.0007829624
v 0.001626999 -0.002776565 0.0007395066
v 0.00162001 -0.002595255 0.0007924025
v 0.001655663 -0.001866425 0.0007520121
v 0.001656941 -0.002817411 0.0007666575
v 0.001718603 -0.0035812 0.0007693417
v 0.001717946 -0.002869452 0.0007458975
v 0.001675271 -0.002522467 0.0008129189
v 0.001768544 -0.00188602 0.0007523725
v 0.001768676 -0.002917621 0.0007903308
v 0.001737927 -0.002479902 0.0007612015
v 0.001800878 -0.002429554 0.0007328398
v 0.001716595 -0.00246906 0.0008421277
v 0.001775021 -0.00198594 0.0008389197
v 0.001747406 -0.001935561 0.0008125429
v 0.001793986 -0.003528621 0.0008035847
v 0.001822363 -0.002961183 0.0007207001
v 0.001835278 -0.002369324 0.0007763408
v 0.001883793 -0.001892603 0.0007271029
v 0.001845917 -0.003478175 0.0007705269
v 0.001885214 -0.003396359 0.0007350322
v 0.001908597 -0.003292768 0.0007720961
v 0.001912722 -0.003209162 0.0007500959
v 0.001904259 -0.003102118 0.00072434
v 0.001865476 -0.003020442 0.0007564102
v 0.001889233 -0.002329381 0.0007170476
v 0.001864249 -0.002014242 0.0008145879
v 0.001827135 -0.001941554 0.0007887781
v 0.001912498 -0.00226302 0.0007686643
v 0.001974725 -0.001905215 0.0007030033
v 0.001946036 -0.002217816 0.0007487221
v 0.001958201 -0.002150469 0.0007556172
v 0.001993136 -0.002053445 0.0007250212
v 0.001990675 -0.00196823 0.0007229518
v 0.001919572 -0.002084698 0.0008006938
v 0.001940733 -0.002013013 0.0007704363
v 0.001916601 -0.001952857 0.0007600261
v 0.00002464596 -0.002914576 0.000838127
v 0.00002123499 -0.00285067 0.000821108
v 0.00002412873 -0.002981637 0.0008242545
v 0.00004011142 -0.002787401 0.0008625432
v 0.0001397589 -0.003673882 0.0008339697
v 0.0001221603 -0.003607266 0.0008739945
v 0.0001030115 -0.003532781 0.0008220909
v 0.0001009869 -0.003425361 0.0008782835
v 0.00008906021 -0.003355092 0.0008333732
v 0.00008636936 -0.003257127 0.0008522917
v 0.00007361231 -0.00313503 0.0008614591
v 0.00004618438 -0.003029367 0.0008527616
v 0.00004361604 -0.002746301 0.000818484
v 0.00007540562 -0.00264957 0.0008328325
v 0.00009646848 -0.002538511 0.00080686
v 0.0001105265 -0.002426302 0.0007789665
v 0.00003766666 -0.002954236 0.0008754748
v 0.0001744068 -0.003720041 0.0007890775
v 0.0001343322 -0.002384298 0.0008369962
v 0.0001631987 -0.002344991 0.0008806273
v 0.0001830702 -0.002139732 0.000845701
v 0.0001979133 -0.002039266 0.0008157587
v 0.000170005 -0.003715668 0.0008569346
v 0.0001544707 -0.003670142 0.0009136336
v 0.0001178615 -0.003432848 0.0009462471
v 0.0001071321 -0.00325025 0.0009233694
v 0.0001027826 -0.003183419 0.0009250251
v 0.0001022324 -0.002642227 0.0009127688
v 0.000119945 -0.002563276 0.0008940678
v 0.0001381801 -0.002448232 0.0008707455
v 0.0002170404 -0.003757273 0.0008271426
v 0.000195364 -0.0022884 0.0009139187
v 0.0001913282 -0.002188212 0.0008856349
v 0.0002193344 -0.00198349 0.0008328328
v 0.0002685736 -0.003779567 0.000890801
v 0.0002086968 -0.00222614 0.0009188444
v 0.0002586085 -0.001939145 0.0008439014
v 0.0002007854 -0.003729842 0.0009090069
v 0.0001995625 -0.002337669 0.000933468
v 0.0002304351 -0.002003357 0.0008793471
v 0.0002829421 -0.00191758 0.0008983635
v 0.0003455972 -0.003822058 0.0008315028
v 0.0003356071 -0.001894062 0.0008517014
v 0.0004101886 -0.003833959 0.000832254
v 0.0004396642 -0.003823941 0.0008686008
v 0.00043098 -0.001867966 0.0008488425
v 0.0005184092 -0.003815837 0.0008550742
v 0.0005254163 -0.001851357 0.0008541576
v 0.0006180839 -0.003794635 0.0008620396
v 0.0006290822 -0.001838314 0.0008571687
v 0.0007211103 -0.00377539 0.0008597813
v 0.000737547 -0.001830273 0.000854547
v 0.0008284507 -0.003755308 0.0008599366
v 0.0008413266 -0.001829291 0.0008531028
v 0.0008689503 -0.003726705 0.0009244357
v 0.0009428333 -0.003742318 0.000835804
v 0.000939923 -0.001833896 0.0008538344
v 0.0009643982 -0.003714397 0.0009081399
v 0.001035061 -0.003728316 0.0008260914
v 0.001037884 -0.001843542 0.0008581161
v 0.001057695 -0.003702327 0.0008897673
v 0.001102341 -0.003716518 0.0008217856
v 0.001144843 -0.00185168 0.0008583934
v 0.001171777 -0.003715239 0.0007804935
v 0.001135327 -0.003698278 0.0008544635
v 0.001228653 -0.003686684 0.0008281283
v 0.001262017 -0.001858879 0.0008619068
v 0.001270762 -0.00187225 0.0009130145
v 0.00133666 -0.003664084 0.0008278369
v 0.001368755 -0.001861018 0.0008263994
v 0.001432833 -0.003644125 0.0008302422
v 0.001461613 -0.001883728 0.0008366894
v 0.001509514 -0.003634172 0.0008170109
v 0.001547143 -0.002671515 0.0008728595
v 0.001467404 -0.003622383 0.0008703011
v 0.001480304 -0.002090877 0.0009961481
v 0.001433281 -0.001918027 0.0008986264
v 0.001544354 -0.003609844 0.0008565212
v 0.001571244 -0.002684967 0.0008173503
v 0.001563858 -0.002613469 0.0008811825
v 0.001579101 -0.0018973 0.0008185236
v 0.001585939 -0.002715402 0.000791328
v 0.001560587 -0.002727332 0.0008618882
v 0.001551418 -0.002083966 0.0009661861
v 0.001524751 -0.001939805 0.0008838504
v 0.001640155 -0.003582736 0.0008558957
v 0.001605911 -0.002767467 0.0008039128
v 0.001611878 -0.002543244 0.000893023
v 0.001675557 -0.001912828 0.0008107039
v 0.001637394 -0.002817238 0.0008455815
v 0.00166915 -0.002483797 0.0008976305
v 0.001720512 -0.002019624 0.000876467
v 0.001691123 -0.001966402 0.0008538122
v 0.001589797 -0.002789732 0.000890473
v 0.001629176 -0.0025028 0.0009295267
v 0.001650953 -0.002119471 0.0009424338
v 0.001613711 -0.00201644 0.0009080617
v 0.001616103 -0.001943643 0.0008575158
v 0.001731529 -0.003547173 0.0008669891
v 0.001701163 -0.002869835 0.000843271
v 0.001714816 -0.002442412 0.0008895568
v 0.001794883 -0.002051943 0.0008630785
v 0.001770776 -0.002931666 0.0008809023
v 0.001763304 -0.002407609 0.0008442904
v 0.001769654 -0.003509445 0.000928234
v 0.001723365 -0.002415648 0.0009051655
v 0.001742739 -0.002181757 0.0009202547
v 0.00172456 -0.002086079 0.000901352
v 0.001797317 -0.003512817 0.0008715109
v 0.001824213 -0.002975771 0.0008184289
v 0.001813249 -0.002335431 0.0008432632
v 0.001857942 -0.002081592 0.0008445098
v 0.001838508 -0.003474611 0.0008582774
v 0.001876482 -0.00340527 0.0008509237
v 0.001902006 -0.003316648 0.0008510614
v 0.00190938 -0.003224224 0.0008525604
v 0.001898683 -0.003132251 0.0008420768
v 0.001869465 -0.003046079 0.0008337342
v 0.001863478 -0.002302855 0.0008038252
v 0.001879134 -0.002128304 0.0008423391
v 0.001818781 -0.003478755 0.0009182759
v 0.00181427 -0.002256128 0.0008745118
v 0.001814177 -0.002190762 0.0008847333
v 0.001815018 -0.00213039 0.000876788
v 0.001881091 -0.002245765 0.00082323
v 0.001913728 -0.002152739 0.0008144326
v 0.001918816 -0.002205259 0.0007980608
v 0.001867391 -0.002188741 0.0008496444
v 0.00004164941 -0.002836877 0.0008892957
v 0.00005903777 -0.0028891 0.0009248977
v 0.00006332848 -0.002775347 0.0009184469
v 0.0001218023 -0.00352009 0.0009339819
v 0.0001024348 -0.003320724 0.0009044394
v 0.00008865871 -0.003029259 0.0009410999
v 0.0000623825 -0.002963444 0.0009199386
v 0.00007378781 -0.002714413 0.0008988697
v 0.00007160979 -0.002811405 0.0009440838
v 0.0001370651 -0.003604545 0.0009437524
v 0.0001400269 -0.003457918 0.0009944821
v 0.0001131415 -0.003375114 0.0009361559
v 0.0001167391 -0.003275685 0.0009458262
v 0.0001007622 -0.003108431 0.0009418468
v 0.0001061987 -0.002675115 0.0009440553
v 0.000169534 -0.003637695 0.0009880502
v 0.0001364782 -0.003384484 0.0009868696
v 0.0001404278 -0.003222529 0.0009903396
v 0.0001245336 -0.003138467 0.0009777277
v 0.0001497235 -0.002615141 0.0009729248
v 0.000171723 -0.002494568 0.0009480253
v 0.0001849657 -0.002399839 0.0009320545
v 0.0002209121 -0.002076204 0.0008960933
v 0.0002803784 -0.001924452 0.0009277517
v 0.0001269206 -0.00331482 0.0009659723
v 0.0001052768 -0.002829891 0.0009884668
v 0.0001106637 -0.002733543 0.0009722217
v 0.0001933842 -0.003691319 0.0009699642
v 0.000214061 -0.002362711 0.000958544
v 0.0002168927 -0.0021535 0.0009142455
v 0.0002575541 -0.002031442 0.0009356397
v 0.0002680168 -0.001936073 0.0009145216
v 0.0003114435 -0.001914565 0.0009244047
v 0.0003044791 -0.003771723 0.0009684279
v 0.0002432312 -0.003732241 0.0009744792
v 0.0002452565 -0.002297212 0.0009732344
v 0.0002477955 -0.002194544 0.0009590086
v 0.0002659293 -0.001973966 0.0009242871
v 0.0001874514 -0.003237925 0.001054671
v 0.0002077161 -0.002607518 0.001033682
v 0.0002168769 -0.002528483 0.001012199
v 0.0002297794 -0.002417186 0.0009880376
v 0.0002677746 -0.002107195 0.000963051
v 0.0002922697 -0.001945052 0.0009471977
v 0.000326192 -0.003802496 0.0009116773
v 0.0003797496 -0.001895857 0.0009221371
v 0.0003807033 -0.003817173 0.0008935519
v 0.0003572175 -0.003795225 0.0009509862
v 0.0003143304 -0.002287505 0.001027462
v 0.0003113308 -0.002189972 0.001012672
v 0.0003154926 -0.002101816 0.001005821
v 0.0003301623 -0.00200901 0.0009912224
v 0.0003429937 -0.00193223 0.0009622634
v 0.0004301086 -0.003798274 0.0009396487
v 0.000458863 -0.001873757 0.000918127
v 0.0003663244 -0.002100138 0.001039803
v 0.0004345452 -0.001912379 0.0009951913
v 0.0005228568 -0.003782218 0.0009493392
v 0.0005459146 -0.001856211 0.0009465509
v 0.0006063511 -0.001842124 0.001005684
v 0.0006203376 -0.003759971 0.0009630134
v 0.0006614975 -0.001833782 0.0009363129
v 0.0006621227 -0.003731714 0.001021492
v 0.0006967931 -0.001830511 0.0009966869
v 0.0007256258 -0.003747452 0.0009422787
v 0.0007633648 -0.001826942 0.0009303321
v 0.0007909757 -0.003734077 0.0009456686
v 0.0007353685 -0.003726534 0.0009980031
v 0.0007868493 -0.001828356 0.0009901824
v 0.0007977607 -0.003713074 0.001002849
v 0.0008579154 -0.001829313 0.0009276982
v 0.0008819051 -0.001982041 0.001080852
v 0.0008664333 -0.001834501 0.0009875246
v 0.0008879706 -0.003699013 0.0009949974
v 0.0009454221 -0.001841223 0.0009318372
v 0.0009540481 -0.001964673 0.00105938
v 0.0009261182 -0.001853335 0.0009962395
v 0.0009910618 -0.003684974 0.0009775343
v 0.001038325 -0.001871355 0.0009524135
v 0.00105208 -0.001974944 0.001042852
v 0.001020805 -0.001921177 0.001016123
v 0.001115652 -0.003669043 0.0009473411
v 0.001168554 -0.001874236 0.0009250292
v 0.001232474 -0.001870712 0.0009203175
v 0.001167286 -0.003631719 0.001015621
v 0.001141313 -0.001985478 0.001032022
v 0.001119008 -0.001920347 0.0009901209
v 0.001243127 -0.003650332 0.0009203971
v 0.001247722 -0.001877068 0.0009340105
v 0.001273917 -0.001891188 0.0009365372
v 0.001269625 -0.00361672 0.0009919289
v 0.001228422 -0.002002054 0.001023261
v 0.001199273 -0.001946041 0.0009954877
v 0.00121838 -0.001898286 0.0009551397
v 0.001340686 -0.003634378 0.0009064942
v 0.001342927 -0.001891344 0.0008992477
v 0.001407278 -0.003621644 0.0009031013
v 0.001447071 -0.002127463 0.001025688
v 0.001385152 -0.001937281 0.0009347167
v 0.00135527 -0.003609357 0.000961235
v 0.001397412 -0.002682114 0.001040361
v 0.001321732 -0.002037759 0.001018671
v 0.001295431 -0.001945395 0.0009684278
v 0.001440414 -0.003596726 0.0009458995
v 0.001518118 -0.002141316 0.001005726
v 0.001414159 -0.002066518 0.001006112
v 0.001455851 -0.001958255 0.0009284409
v 0.001518506 -0.002706274 0.0009209587
v 0.001509031 -0.002653721 0.0009401866
v 0.001462107 -0.002720122 0.0009937654
v 0.001453126 -0.002639925 0.001005046
v 0.001483534 -0.002177578 0.00103545
v 0.00140227 -0.001994436 0.0009696113
v 0.001546857 -0.00357087 0.000948136
v 0.001531248 -0.002760413 0.000940439
v 0.001524912 -0.002571753 0.0009708444
v 0.001598204 -0.002163548 0.0009822726
v 0.001474192 -0.002040616 0.000973011
v 0.001518579 -0.00198401 0.0009246465
v 0.001575948 -0.002824624 0.0009703627
v 0.001588818 -0.002509992 0.0009630005
v 0.001526101 -0.00202236 0.0009455288
v 0.001589947 -0.003537444 0.001006656
v 0.001551633 -0.002866511 0.001048534
v 0.001500539 -0.002797442 0.001009098
v 0.001549658 -0.002206902 0.0010196
v 0.001474833 -0.00199718 0.0009494033
v 0.001651127 -0.003552404 0.0009297692
v 0.001643907 -0.002847355 0.000918834
v 0.001632186 -0.002471543 0.0009577908
v 0.001669233 -0.002185961 0.0009601421
v 0.001712821 -0.003531226 0.0009377811
v 0.001674186 -0.002426856 0.0009476666
v 0.001699643 -0.002218474 0.0009543257
v 0.001664992 -0.003527027 0.0009857019
v 0.001627852 -0.002441893 0.0009842929
v 0.001645693 -0.002242737 0.000984785
v 0.001722428 -0.003500514 0.0009988018
v 0.001713381 -0.002900621 0.0009404075
v 0.001717812 -0.002378014 0.0009275285
v 0.001730261 -0.00225856 0.0009367347
v 0.001774748 -0.002951436 0.0009627618
v 0.001760941 -0.002327338 0.0009015325
v 0.001695275 -0.002315008 0.0009605379
v 0.001796678 -0.003458569 0.000998189
v 0.001825183 -0.002993586 0.0009077529
v 0.001853926 -0.003414614 0.0009488753
v 0.00188798 -0.003329086 0.0009434717
v 0.001899959 -0.003242173 0.0009408207
v 0.001891253 -0.003154519 0.0009384197
v 0.001864844 -0.003068456 0.000928693
v 0.0001484835 -0.003515202 0.001006925
v 0.0001306473 -0.002991618 0.001009824
v 0.0001045435 -0.002924433 0.0009858125
v 0.0001520758 -0.003572289 0.0009972246
v 0.0001701929 -0.003478648 0.001042941
v 0.000128582 -0.003066535 0.000995489
v 0.0001470755 -0.002855444 0.001034187
v 0.0001874974 -0.003602543 0.001038445
v 0.0001734345 -0.00341041 0.001043753
v 0.000168997 -0.003315262 0.001032505
v 0.0001607259 -0.00312071 0.001028934
v 0.0001616419 -0.002774346 0.001036907
v 0.0001801285 -0.002682045 0.001031785
v 0.0001855449 -0.003538315 0.001056756
v 0.0001804709 -0.003022019 0.00105879
v 0.0001651539 -0.002924761 0.001050018
v 0.0002334732 -0.003663129 0.001044454
v 0.0002146242 -0.003278532 0.001087015
v 0.000186095 -0.003176286 0.00105438
v 0.0002354974 -0.002643235 0.001067005
v 0.0002966345 -0.003726651 0.001035768
v 0.0002343168 -0.00319631 0.001105777
v 0.0002654028 -0.002567037 0.001063962
v 0.0002855736 -0.002467143 0.001046824
v 0.0002970308 -0.002367585 0.00102961
v 0.0002264473 -0.003585352 0.001087957
v 0.0002234636 -0.003534048 0.001100615
v 0.0002257273 -0.003463147 0.001103969
v 0.0002195309 -0.003356366 0.001095093
v 0.0002139888 -0.003105564 0.001087186
v 0.0002478749 -0.003019745 0.001118794
v 0.0002294892 -0.002932417 0.001102413
v 0.0002143156 -0.002829894 0.001084612
v 0.0002294932 -0.002719703 0.001079293
v 0.0003683325 -0.00376281 0.001015227
v 0.0003535354 -0.002324178 0.001056626
v 0.0003701872 -0.002247712 0.001055274
v 0.0003798218 -0.002173156 0.00105448
v 0.0004132855 -0.001974622 0.00103729
v 0.0003504227 -0.00372218 0.001077455
v 0.0002725938 -0.003538548 0.001140978
v 0.0002908985 -0.002945548 0.001147405
v 0.0002893063 -0.002854677 0.001136517
v 0.0002940837 -0.00275073 0.001123721
v 0.0003040896 -0.002637033 0.001105776
v 0.000351932 -0.00251294 0.001098249
v 0.0003596485 -0.002401306 0.00107413
v 0.0004486141 -0.003766827 0.001010962
v 0.0004219544 -0.002125213 0.00106992
v 0.0003969551 -0.002028948 0.001046857
v 0.0004621159 -0.001937192 0.001051933
v 0.0004286868 -0.002067672 0.001068077
v 0.0004938705 -0.001898064 0.001048276
v 0.0005291407 -0.001867649 0.001024068
v 0.0004451742 -0.002420133 0.001114439
v 0.0004316613 -0.002304109 0.001087655
v 0.0004381262 -0.002192578 0.001079262
v 0.0004647027 -0.001997932 0.00107118
v 0.0005167575 -0.003746382 0.001041342
v 0.0005786189 -0.001854708 0.001048493
v 0.000588114 -0.003735653 0.001046135
v 0.0005457309 -0.003721016 0.001093325
v 0.0005386016 -0.002409136 0.001137975
v 0.0005360995 -0.002321363 0.001118837
v 0.0005268595 -0.002208941 0.001102513
v 0.0005064607 -0.002086696 0.001089504
v 0.0005422891 -0.001984659 0.001089804
v 0.0005253544 -0.001922963 0.001075414
v 0.000539873 -0.001877277 0.001060674
v 0.0006090066 -0.003711477 0.001093111
v 0.0006429636 -0.001845954 0.001045541
v 0.0006484441 -0.002353317 0.001143207
v 0.0006321405 -0.002231637 0.001121045
v 0.0006231249 -0.002116059 0.001106803
v 0.0006193561 -0.002008137 0.001097817
v 0.0006062918 -0.001927129 0.001088328
v 0.0005912 -0.001876554 0.001071922
v 0.0007051554 -0.003703476 0.001073034
v 0.0007267344 -0.001841512 0.001039191
v 0.0008377371 -0.002023817 0.001095669
v 0.0007131508 -0.002476589 0.00118033
v 0.0007332065 -0.002400773 0.001163076
v 0.0007481408 -0.002249965 0.001133557
v 0.000714472 -0.002146493 0.001116249
v 0.0007442786 -0.00202606 0.001099941
v 0.0006999141 -0.001932104 0.001087834
v 0.0006698201 -0.001875053 0.001072305
v 0.0008010067 -0.003684715 0.00107821
v 0.0009057749 -0.002036568 0.001091296
v 0.0008301572 -0.001972549 0.001085647
v 0.0008076816 -0.001840967 0.001031179
v 0.0007986502 -0.002321047 0.001152155
v 0.0008270643 -0.002119948 0.001114671
v 0.0008036347 -0.001921201 0.001076278
v 0.0007576556 -0.001872096 0.001064783
v 0.0009038608 -0.003666226 0.001077937
v 0.0009961067 -0.002037625 0.001081435
v 0.0008812048 -0.00193246 0.001066163
v 0.0008667447 -0.001845191 0.001024355
v 0.0009412476 -0.001894531 0.001027943
v 0.0008898597 -0.001863493 0.001034446
v 0.000954106 -0.003638407 0.001127415
v 0.0008682469 -0.002322739 0.001160081
v 0.0009404836 -0.002109652 0.001110651
v 0.0008716031 -0.001889436 0.001054438
v 0.0008345134 -0.001865284 0.001051752
v 0.001013804 -0.003655793 0.001045665
v 0.001086612 -0.002040589 0.001070774
v 0.001085148 -0.003641114 0.001042264
v 0.00103031 -0.003632482 0.001099572
v 0.001042988 -0.002115505 0.001107453
v 0.00109643 -0.003616525 0.001101234
v 0.001170228 -0.002048975 0.001061656
v 0.001129198 -0.002169454 0.001120542
v 0.001124379 -0.002096151 0.001091594
v 0.001192984 -0.003598692 0.001087203
v 0.00125012 -0.002068346 0.001054964
v 0.001355155 -0.002695042 0.001069807
v 0.001301757 -0.002693134 0.001112905
v 0.001276841 -0.002598468 0.001134435
v 0.001264606 -0.0025383 0.001151747
v 0.001233966 -0.002192494 0.001113636
v 0.00119797 -0.002116011 0.00108871
v 0.001320013 -0.003579489 0.001057427
v 0.001379666 -0.002739175 0.001064583
v 0.001359109 -0.002661147 0.001070597
v 0.001304233 -0.002087178 0.001051295
v 0.0013994 -0.002632424 0.00104834
v 0.001425503 -0.002175107 0.001055141
v 0.001364115 -0.002118821 0.001048498
v 0.001371804 -0.003543974 0.001117578
v 0.001332208 -0.002793056 0.001128851
v 0.001360412 -0.002598652 0.00108871
v 0.001329321 -0.002527947 0.001127532
v 0.001355168 -0.002216781 0.00109404
v 0.001283957 -0.002131601 0.00107735
v 0.001440543 -0.003561896 0.001029558
v 0.00143755 -0.002779576 0.001041476
v 0.001441649 -0.002577887 0.001039309
v 0.00147714 -0.002239262 0.001060838
v 0.001511338 -0.003545707 0.001030064
v 0.00149888 -0.002888015 0.00110515
v 0.001464178 -0.002833984 0.001068358
v 0.001453183 -0.003536502 0.00108738
v 0.001414498 -0.002866591 0.001136259
v 0.001401641 -0.002803487 0.001084542
v 0.001427748 -0.00249809 0.001084706
v 0.001431273 -0.002311661 0.001101107
v 0.001522865 -0.003519801 0.001090898
v 0.001575875 -0.002928818 0.001111449
v 0.001490056 -0.002526726 0.001031454
v 0.001570197 -0.002276588 0.001031461
v 0.001607455 -0.002905469 0.001065517
v 0.001540408 -0.002509197 0.001006148
v 0.001576822 -0.002459846 0.001008301
v 0.001510107 -0.002478428 0.001043627
v 0.001502911 -0.002400613 0.001068954
v 0.001515922 -0.00231425 0.001063648
v 0.001630006 -0.003498296 0.001074472
v 0.00164982 -0.002893384 0.001013112
v 0.001608522 -0.002406968 0.001008588
v 0.001634114 -0.002309728 0.00100303
v 0.001657131 -0.002364721 0.0009842261
v 0.001652452 -0.002940504 0.001084947
v 0.001585024 -0.002345643 0.001031517
v 0.001728478 -0.003455366 0.001088577
v 0.001728393 -0.002929307 0.00100315
v 0.001768662 -0.002968272 0.001021999
v 0.001768576 -0.003408053 0.001134011
v 0.001710762 -0.00299427 0.001111068
v 0.00171865 -0.002953574 0.001055041
v 0.001796228 -0.003425156 0.001073885
v 0.001816375 -0.003011377 0.0009918704
v 0.001835252 -0.003396405 0.001044723
v 0.001865018 -0.003333992 0.001031091
v 0.001879032 -0.003252249 0.001024112
v 0.001880547 -0.003180123 0.00100922
v 0.001848192 -0.003094847 0.001024345
v 0.001812793 -0.003387186 0.001106643
v 0.001780825 -0.003019543 0.001068751
v 0.0002849282 -0.00361647 0.001123066
v 0.0002769524 -0.003379677 0.001153064
v 0.0002704475 -0.003281573 0.001142928
v 0.0002938374 -0.003189209 0.001160085
v 0.0002822006 -0.003098933 0.001147108
v 0.0002988801 -0.003013296 0.00115783
v 0.0003125357 -0.003679744 0.001100192
v 0.0003265415 -0.003576737 0.001172117
v 0.0003102607 -0.003451038 0.001180192
v 0.0003363519 -0.002965236 0.001178611
v 0.0003747288 -0.003691705 0.001122267
v 0.0003345709 -0.003521765 0.001192284
v 0.0003526866 -0.002885784 0.001177142
v 0.0003647376 -0.002782773 0.001166033
v 0.0003734553 -0.00267848 0.001149515
v 0.0003907375 -0.0025819 0.001135402
v 0.000423223 -0.002507602 0.001130117
v 0.0003636295 -0.003633714 0.001162795
v 0.0003203087 -0.003386093 0.001191193
v 0.0003266258 -0.00332466 0.001193557
v 0.0003372396 -0.00323217 0.001197126
v 0.0003516054 -0.003127956 0.001201465
v 0.000344246 -0.003033198 0.001189053
v 0.0004236299 -0.003729025 0.001082457
v 0.0004845886 -0.002478484 0.001143032
v 0.0004906249 -0.003714299 0.001110727
v 0.0004449798 -0.003674734 0.001156826
v 0.0004350626 -0.003615015 0.001207332
v 0.0003933049 -0.003556417 0.001217101
v 0.0004031992 -0.003042005 0.001227313
v 0.0004026671 -0.002944454 0.001212675
v 0.000441289 -0.002819266 0.001208174
v 0.0004467064 -0.002706144 0.001185243
v 0.0004496953 -0.002610343 0.001164521
v 0.0004515964 -0.002541938 0.001149494
v 0.0005409267 -0.003686367 0.001151418
v 0.000540355 -0.002461728 0.001152799
v 0.0005843026 -0.002422778 0.00115096
v 0.0004775075 -0.003563555 0.00125257
v 0.0005319936 -0.002723748 0.001219682
v 0.0005265108 -0.002622811 0.001190136
v 0.0005174949 -0.002531615 0.001164952
v 0.0006289349 -0.003680066 0.00115097
v 0.0006160848 -0.002424484 0.001156391
v 0.0006722904 -0.002532947 0.001192167
v 0.0006513851 -0.002455925 0.001168506
v 0.0007195052 -0.002301506 0.001138472
v 0.0006031352 -0.002710495 0.001238069
v 0.0006235942 -0.002628869 0.001214339
v 0.0005951509 -0.002539648 0.001182803
v 0.0005832097 -0.002471439 0.001163109
v 0.0007144409 -0.003667879 0.001152102
v 0.0007240582 -0.002517543 0.001193125
v 0.0007306256 -0.00232725 0.00114503
v 0.0007376702 -0.002284951 0.001136646
v 0.0007827912 -0.002478927 0.001187489
v 0.000804667 -0.002398456 0.001169405
v 0.0007498285 -0.002295088 0.00114022
v 0.0008327327 -0.002206243 0.001133002
v 0.0007342117 -0.002300446 0.001138824
v 0.0008026899 -0.003651632 0.001161374
v 0.0008571984 -0.002369015 0.001167895
v 0.0008234593 -0.002256459 0.001142436
v 0.0008961475 -0.002181149 0.001131046
v 0.0008777885 -0.003642452 0.001155957
v 0.0008341016 -0.003629545 0.001204499
v 0.0008700063 -0.002656905 0.001243732
v 0.000843584 -0.002559674 0.001213265
v 0.0008652792 -0.002471749 0.001191139
v 0.0008459742 -0.002424625 0.001178854
v 0.0008698698 -0.002232915 0.001141902
v 0.0008995488 -0.00361913 0.001201713
v 0.0009041375 -0.002344517 0.001167412
v 0.0008669838 -0.002279681 0.001151343
v 0.0009790604 -0.002180274 0.00113204
v 0.0009082043 -0.002303277 0.001159773
v 0.0009697847 -0.002679528 0.001241092
v 0.0009490963 -0.002581897 0.001216357
v 0.0009358364 -0.002489294 0.001196705
v 0.0009131978 -0.002404958 0.001179211
v 0.0009294379 -0.002248775 0.00114888
v 0.001001413 -0.003608624 0.001178737
v 0.001051066 -0.002188097 0.001133708
v 0.001089068 -0.002234475 0.001145796
v 0.001040166 -0.00274771 0.001250598
v 0.001062587 -0.002673504 0.001216727
v 0.001046351 -0.002598654 0.001206733
v 0.001032376 -0.002504842 0.001194949
v 0.001008102 -0.002410721 0.001181731
v 0.0009667414 -0.00232493 0.00116626
v 0.001016313 -0.002248048 0.001150843
v 0.001102531 -0.003586403 0.001180069
v 0.001166774 -0.002254355 0.001144329
v 0.001216535 -0.002723642 0.001164448
v 0.001208808 -0.002655734 0.001159627
v 0.001206573 -0.00257553 0.001164588
v 0.001113331 -0.002779471 0.001241066
v 0.001135517 -0.002713816 0.001201903
v 0.001131439 -0.002624343 0.001188124
v 0.001140048 -0.0025247 0.001182771
v 0.001114468 -0.002422597 0.001178549
v 0.001080385 -0.002318825 0.001164374
v 0.0012053 -0.00356447 0.001173546
v 0.001259014 -0.002763313 0.00115541
v 0.001225014 -0.002510688 0.001167074
v 0.001268484 -0.002275976 0.001137314
v 0.001289337 -0.003550469 0.001153514
v 0.001267835 -0.002814302 0.00118205
v 0.001243361 -0.003541094 0.001213622
v 0.001193723 -0.002785908 0.001206771
v 0.001226089 -0.002436705 0.001168809
v 0.001194523 -0.002343179 0.00116196
v 0.001312384 -0.003527598 0.001204492
v 0.001326166 -0.002863553 0.001192006
v 0.001286839 -0.002481261 0.001154827
v 0.00134922 -0.002300075 0.001129477
v 0.001399005 -0.002936409 0.001226197
v 0.001377702 -0.002345986 0.001134902
v 0.001310588 -0.002424019 0.001155869
v 0.001301703 -0.002358415 0.001152718
v 0.00141979 -0.003512042 0.001177026
v 0.001499172 -0.002944959 0.001170555
v 0.001358899 -0.00245687 0.00113485
v 0.001423014 -0.002373744 0.001118514
v 0.001418938 -0.002423427 0.001115298
v 0.001477685 -0.002994259 0.001238683
v 0.001368114 -0.002395215 0.001141505
v 0.001527002 -0.003482848 0.001181995
v 0.001581992 -0.002981503 0.001166122
v 0.001556493 -0.003022773 0.001220205
v 0.001631796 -0.003446102 0.0011856
v 0.001643261 -0.002983066 0.001138681
v 0.001712498 -0.003423584 0.001165424
v 0.001694248 -0.003032086 0.001157404
v 0.001674651 -0.003405606 0.001219697
v 0.001621909 -0.00308157 0.001235246
v 0.00163618 -0.003033023 0.00118764
v 0.001730925 -0.003383203 0.001198611
v 0.001754267 -0.003056714 0.001134852
v 0.001711566 -0.003105049 0.001194433
v 0.001787164 -0.003350318 0.001168394
v 0.001809586 -0.003088308 0.001098794
v 0.001834116 -0.003338069 0.001106538
v 0.0018448 -0.003262299 0.001102829
v 0.001842331 -0.003168324 0.001088211
v 0.00180579 -0.003283656 0.001168007
v 0.001789679 -0.003195251 0.001169389
v 0.001787966 -0.00312027 0.001143569
v 0.0003738342 -0.003377308 0.001228817
v 0.0003896758 -0.003274638 0.001237072
v 0.0003999616 -0.003180356 0.001238615
v 0.0004118539 -0.003106481 0.001240604
v 0.0003831749 -0.003470233 0.001230353
v 0.0004523139 -0.003054444 0.001257273
v 0.0005138373 -0.003629767 0.001217993
v 0.0004672495 -0.002977015 0.001252047
v 0.0004846372 -0.002883412 0.001242608
v 0.0005146242 -0.002807729 0.001238056
v 0.000446865 -0.003405501 0.001274093
v 0.000451535 -0.003308458 0.001276913
v 0.0004580091 -0.003208954 0.001275407
v 0.0004615148 -0.003118322 0.001269333
v 0.0005789896 -0.003654803 0.001200119
v 0.0005602652 -0.003571076 0.001274908
v 0.0004533187 -0.003490708 0.001267082
v 0.0005739332 -0.002774176 0.001249893
v 0.0005300777 -0.00349844 0.001298734
v 0.0005866083 -0.003620473 0.001242173
v 0.0005053484 -0.003431119 0.001303353
v 0.0005264151 -0.003338009 0.001318291
v 0.0005245258 -0.003231631 0.001312885
v 0.0005305078 -0.003128457 0.001304819
v 0.0005269086 -0.003022086 0.001286727
v 0.0005435288 -0.002911858 0.001272442
v 0.0005464695 -0.002839611 0.001258228
v 0.0006439112 -0.003643275 0.001211866
v 0.0006311492 -0.002744396 0.001255876
v 0.0006575759 -0.002684921 0.001241375
v 0.0006786615 -0.00263832 0.001228089
v 0.0006569586 -0.003587592 0.001278928
v 0.000590433 -0.003247214 0.001347165
v 0.0005996592 -0.003150339 0.001340506
v 0.0006207941 -0.003035391 0.001329938
v 0.0006224455 -0.002927621 0.001304144
v 0.0006208573 -0.002823289 0.001275639
v 0.000719774 -0.003632507 0.001219925
v 0.0007261087 -0.002583298 0.001213994
v 0.0007805057 -0.003625621 0.001226672
v 0.0008016704 -0.002736618 0.001274914
v 0.0007750004 -0.002654354 0.001242288
v 0.0007401942 -0.003603285 0.001266748
v 0.0006966905 -0.002941579 0.001336208
v 0.0007310288 -0.00283898 0.001307499
v 0.0007030594 -0.002733461 0.0012641
v 0.000707864 -0.002658332 0.001238982
v 0.0008208935 -0.00359824 0.001265161
v 0.0008860032 -0.002729767 0.001271638
v 0.000919861 -0.003586036 0.001266556
v 0.0009449261 -0.002766982 0.00128255
v 0.001000421 -0.00281174 0.001299002
v 0.001015618 -0.003573034 0.001264099
v 0.00106777 -0.002808282 0.001278013
v 0.001111844 -0.00355392 0.001266942
v 0.001139092 -0.002840297 0.001277202
v 0.001187408 -0.003543326 0.001249237
v 0.001156723 -0.003533499 0.001300136
v 0.001120802 -0.002889432 0.001332982
v 0.001231 -0.003520969 0.001281812
v 0.001241527 -0.002861695 0.001245865
v 0.001189036 -0.002898764 0.00131771
v 0.001326942 -0.003497686 0.001279098
v 0.00131461 -0.002908772 0.001253121
v 0.001426782 -0.00302009 0.001303259
v 0.001342292 -0.002963861 0.001303495
v 0.001266584 -0.002925514 0.001308534
v 0.001426181 -0.003471777 0.00127859
v 0.001511626 -0.003052765 0.001277255
v 0.001482157 -0.00308468 0.001327291
v 0.001522609 -0.003436245 0.001286798
v 0.001569901 -0.003077266 0.001263177
v 0.001601751 -0.003396964 0.001281816
v 0.001600901 -0.0031076 0.001269217
v 0.001542264 -0.003404211 0.001325354
v 0.001558711 -0.003125651 0.001306088
v 0.001672854 -0.003359612 0.00126039
v 0.00165019 -0.003148337 0.001261903
v 0.001666411 -0.00328849 0.001288
v 0.001617893 -0.003208838 0.001308645
v 0.001732676 -0.003330006 0.001233064
v 0.001726516 -0.003184431 0.001227359
v 0.001770509 -0.003300456 0.001212224
v 0.001759843 -0.003246364 0.001220347
v 0.00173107 -0.003280503 0.001248471
v 0.001696462 -0.003227136 0.00126415
v 0.0006215049 -0.003506226 0.001326888
v 0.000583681 -0.003408453 0.001339768
v 0.0005976313 -0.003318401 0.001353769
v 0.0006761138 -0.003540055 0.001327389
v 0.0006434095 -0.003260726 0.001372174
v 0.0006609253 -0.003178856 0.001370921
v 0.0006773646 -0.00308132 0.001362815
v 0.0006973233 -0.003004606 0.001355425
v 0.0007033724 -0.003494132 0.00136135
v 0.000671656 -0.003418637 0.001374142
v 0.0006561822 -0.003329142 0.00137777
v 0.0007430721 -0.003556224 0.001322644
v 0.0007441079 -0.002958613 0.001358712
v 0.0007662245 -0.002899169 0.001343639
v 0.0007920228 -0.002853807 0.001329423
v 0.0007852133 -0.00349555 0.001383086
v 0.0007543392 -0.003422835 0.001405381
v 0.0007367398 -0.003331461 0.001409725
v 0.0007215672 -0.003226136 0.001398844
v 0.0007398778 -0.003110057 0.001389486
v 0.0007482399 -0.003019133 0.001374651
v 0.0008539619 -0.003545917 0.001342792
v 0.0008497357 -0.002812332 0.001311871
v 0.0008581435 -0.003491451 0.001405113
v 0.000832693 -0.003433436 0.001430711
v 0.0008268604 -0.003339591 0.001446074
v 0.0008110674 -0.003238975 0.00143471
v 0.0008150942 -0.003132873 0.001417636
v 0.0008185252 -0.003033238 0.001395697
v 0.0008114 -0.00294496 0.001368023
v 0.0008225234 -0.002876187 0.001343781
v 0.0009469763 -0.003553757 0.001327636
v 0.0009315267 -0.002826244 0.001317881
v 0.0009721776 -0.002863535 0.001336871
v 0.0008867128 -0.003246529 0.00146601
v 0.0008922754 -0.003154204 0.001448725
v 0.0009101991 -0.003044745 0.001419637
v 0.0008842253 -0.002966355 0.001386445
v 0.0008937512 -0.002886805 0.001351987
v 0.001028484 -0.003535336 0.001346558
v 0.001051665 -0.002865391 0.00132563
v 0.001105996 -0.003530362 0.001335298
v 0.001076365 -0.002919494 0.001367728
v 0.0009837952 -0.00293995 0.001381712
v 0.001161898 -0.003510225 0.001350864
v 0.001142538 -0.0029366 0.001372436
v 0.001243721 -0.00348546 0.001356517
v 0.001217293 -0.002954901 0.001368525
v 0.001335828 -0.00345932 0.001361075
v 0.001288664 -0.002982359 0.001364201
v 0.001419661 -0.003098004 0.001378952
v 0.001354142 -0.003027434 0.001366589
v 0.001423849 -0.003428735 0.001371041
v 0.001492093 -0.003137356 0.00135956
v 0.00149277 -0.003400713 0.001364927
v 0.001542968 -0.00336921 0.001352813
v 0.001538664 -0.003195684 0.001357912
v 0.001602728 -0.003334034 0.001322861
v 0.001581454 -0.003265212 0.001346556
v 0.001531686 -0.003309503 0.001380845
v 0.001515808 -0.00324829 0.00138973
v 0.0009096428 -0.003446626 0.001444742
v 0.0008957713 -0.003375012 0.00146747
v 0.0008994295 -0.003307879 0.001476707
v 0.0009389183 -0.003508494 0.001395874
v 0.0009444366 -0.003254036 0.001486628
v 0.0009596826 -0.003179642 0.001476306
v 0.0009739994 -0.003091022 0.001454503
v 0.0009982975 -0.003017734 0.001428326
v 0.0009927311 -0.003453003 0.001450672
v 0.0009738284 -0.003385784 0.001480196
v 0.000961072 -0.003311485 0.001491
v 0.001020789 -0.003496731 0.001412047
v 0.001075069 -0.002983476 0.001414838
v 0.001089284 -0.003504121 0.001389728
v 0.001079849 -0.003457157 0.001444143
v 0.001064514 -0.003391223 0.001483075
v 0.001046418 -0.003311056 0.001500656
v 0.001026164 -0.003219787 0.001495502
v 0.001037725 -0.003118956 0.001475877
v 0.00104001 -0.003049093 0.001450923
v 0.001164087 -0.003469705 0.001412765
v 0.001163386 -0.002997242 0.001418944
v 0.001173308 -0.003399535 0.001470377
v 0.001142791 -0.003316686 0.001502022
v 0.00112481 -0.003228637 0.00150417
v 0.001114718 -0.00313727 0.001486857
v 0.001104921 -0.003054658 0.00145667
v 0.001255633 -0.003438452 0.001423513
v 0.001238936 -0.003014932 0.001416303
v 0.001283151 -0.003379657 0.001469092
v 0.00123907 -0.00331961 0.001496319
v 0.00121705 -0.003239913 0.001502061
v 0.001201949 -0.003151598 0.001487487
v 0.001183909 -0.003068443 0.001459186
v 0.001343326 -0.003416131 0.001426751
v 0.001299218 -0.00303462 0.001408987
v 0.001379233 -0.003155643 0.001435959
v 0.001337707 -0.003090703 0.001424743
v 0.00136312 -0.003370468 0.00146
v 0.001327092 -0.003316458 0.001482346
v 0.001292352 -0.003257113 0.001492813
v 0.001297238 -0.003171298 0.00147332
v 0.001262665 -0.00308372 0.001451405
v 0.001398908 -0.00339949 0.001429909
v 0.001456239 -0.003191992 0.001407444
v 0.001442397 -0.003393752 0.001410872
v 0.001472223 -0.003351875 0.001411687
v 0.001461167 -0.003278213 0.001425296
v 0.001417523 -0.003370783 0.001441951
v 0.00140427 -0.003323135 0.001455924
v 0.001375623 -0.003241129 0.001461788
f 1 43 50
f 1 2 44
f 43 1 44
f 44 2 51
f 3 1 50
f 61 3 50
f 2 1 4
f 4 1 3
f 52 51 2
f 52 2 5
f 5 2 4
f 52 5 62
f 6 63 73
f 61 63 6
f 61 6 3
f 3 6 7
f 4 3 8
f 8 3 7
f 5 4 9
f 9 4 8
f 64 62 5
f 64 5 10
f 10 5 9
f 64 10 74
f 11 6 73
f 83 11 73
f 7 6 12
f 12 6 11
f 8 7 13
f 13 7 12
f 9 8 14
f 14 8 13
f 10 9 15
f 15 9 14
f 75 74 10
f 75 10 16
f 16 10 15
f 75 16 84
f 17 11 83
f 93 17 83
f 12 11 18
f 18 11 17
f 13 12 19
f 19 12 18
f 14 13 20
f 20 13 19
f 15 14 21
f 21 14 20
f 16 15 22
f 22 15 21
f 85 84 16
f 85 16 23
f 23 16 22
f 85 23 94
f 17 93 95
f 95 103 24
f 95 24 17
f 17 24 18
f 19 18 25
f 25 18 24
f 20 19 26
f 26 19 25
f 21 20 27
f 27 20 26
f 22 21 28
f 28 21 27
f 23 22 29
f 29 22 28
f 96 94 23
f 96 23 30
f 30 23 29
f 96 30 104
f 24 103 105
f 25 24 105
f 106 25 105
f 106 113 31
f 106 31 25
f 25 31 26
f 27 26 32
f 32 26 31
f 28 27 33
f 33 27 32
f 29 28 34
f 34 28 33
f 30 29 35
f 35 29 34
f 114 104 30
f 35 114 30
f 31 113 115
f 32 31 115
f 116 32 115
f 116 126 36
f 116 36 32
f 32 36 33
f 34 33 37
f 37 33 36
f 35 34 38
f 38 34 37
f 117 114 35
f 117 35 39
f 39 35 38
f 117 39 127
f 36 126 128
f 128 137 40
f 128 40 36
f 36 40 37
f 38 37 41
f 41 37 40
f 39 38 42
f 42 38 41
f 138 127 39
f 42 138 39
f 40 137 139
f 41 40 139
f 140 41 139
f 42 41 140
f 141 42 140
f 138 42 141
f 45 155 169
f 45 46 156
f 155 45 156
f 46 47 157
f 156 46 157
f 47 48 158
f 157 47 158
f 48 49 159
f 158 48 159
f 159 49 170
f 53 171 184
f 53 54 172
f 171 53 172
f 54 55 173
f 172 54 173
f 55 50 43
f 55 43 173
f 173 43 174
f 169 44 45
f 169 174 44
f 174 43 44
f 51 45 44
f 51 56 45
f 56 46 45
f 47 46 57
f 57 46 56
f 48 47 58
f 58 47 57
f 49 48 59
f 59 48 58
f 175 170 49
f 175 49 60
f 60 49 59
f 175 60 185
f 65 53 184
f 192 65 184
f 54 53 66
f 66 53 65
f 55 54 67
f 67 54 66
f 50 67 61
f 55 67 50
f 51 52 56
f 62 56 52
f 62 68 56
f 68 57 56
f 58 57 69
f 69 57 68
f 59 58 70
f 70 58 69
f 60 59 71
f 71 59 70
f 186 185 60
f 186 60 72
f 72 60 71
f 186 72 193
f 76 65 192
f 202 76 192
f 66 65 77
f 77 65 76
f 63 77 73
f 63 67 77
f 67 66 77
f 61 67 63
f 62 64 68
f 74 68 64
f 74 78 68
f 78 69 68
f 70 69 79
f 79 69 78
f 71 70 80
f 80 70 79
f 72 71 81
f 81 71 80
f 194 193 72
f 194 72 82
f 82 72 81
f 194 82 203
f 86 204 211
f 202 204 86
f 202 86 76
f 76 86 87
f 77 76 88
f 88 76 87
f 73 88 83
f 77 88 73
f 74 75 78
f 84 78 75
f 84 89 78
f 89 79 78
f 80 79 90
f 90 79 89
f 81 80 91
f 91 80 90
f 82 81 92
f 92 81 91
f 212 203 82
f 92 212 82
f 86 211 213
f 213 219 97
f 213 97 86
f 86 97 87
f 88 87 98
f 98 87 97
f 83 98 93
f 88 98 83
f 84 85 89
f 94 89 85
f 94 99 89
f 99 90 89
f 91 90 100
f 100 90 99
f 92 91 101
f 101 91 100
f 214 212 92
f 214 92 102
f 102 92 101
f 214 102 220
f 107 97 219
f 225 107 219
f 98 97 108
f 108 97 107
f 93 109 95
f 93 98 109
f 98 108 109
f 95 109 103
f 94 96 99
f 104 99 96
f 104 110 99
f 110 100 99
f 101 100 111
f 111 100 110
f 102 101 112
f 112 101 111
f 226 220 102
f 112 226 102
f 107 225 227
f 227 233 118
f 227 118 107
f 107 118 108
f 109 108 119
f 119 108 118
f 103 120 105
f 103 109 120
f 109 119 120
f 105 121 106
f 120 121 105
f 106 121 113
f 110 114 122
f 104 114 110
f 111 110 123
f 123 110 122
f 112 111 124
f 124 111 123
f 228 226 112
f 228 112 125
f 125 112 124
f 228 125 234
f 118 233 235
f 119 118 235
f 236 119 235
f 236 241 129
f 236 129 119
f 119 129 120
f 121 120 130
f 130 120 129
f 113 131 115
f 113 121 131
f 121 130 131
f 115 132 116
f 131 132 115
f 116 132 126
f 114 117 122
f 127 122 117
f 127 133 122
f 133 123 122
f 124 123 134
f 134 123 133
f 125 124 135
f 135 124 134
f 237 234 125
f 237 125 136
f 136 125 135
f 237 136 242
f 129 241 243
f 130 129 243
f 244 130 243
f 131 130 244
f 245 131 244
f 245 251 142
f 245 142 131
f 131 142 132
f 126 143 128
f 126 132 143
f 132 142 143
f 128 143 137
f 133 138 144
f 127 138 133
f 134 133 145
f 145 133 144
f 135 134 146
f 146 134 145
f 136 135 147
f 147 135 146
f 252 242 136
f 147 252 136
f 142 251 253
f 143 142 253
f 254 143 253
f 137 143 254
f 137 254 139
f 139 254 255
f 148 255 263
f 148 140 255
f 140 139 255
f 140 149 141
f 148 149 140
f 141 149 264
f 138 141 264
f 138 264 256
f 138 256 144
f 145 144 256
f 257 145 256
f 146 145 257
f 258 146 257
f 147 146 258
f 259 147 258
f 252 147 259
f 148 263 265
f 149 148 265
f 266 149 265
f 264 149 266
f 150 276 278
f 276 150 279
f 151 280 290
f 151 152 281
f 280 151 281
f 278 281 152
f 278 152 150
f 150 152 153
f 282 279 150
f 282 150 154
f 154 150 153
f 282 154 291
f 160 292 304
f 290 292 160
f 290 160 151
f 151 160 161
f 152 151 162
f 162 151 161
f 153 152 163
f 163 152 162
f 154 153 164
f 164 153 163
f 293 291 154
f 293 154 165
f 165 154 164
f 165 166 294
f 293 165 294
f 166 167 295
f 294 166 295
f 167 168 296
f 295 167 296
f 296 168 305
f 176 306 318
f 304 306 176
f 304 176 160
f 160 176 177
f 161 160 178
f 178 160 177
f 162 161 179
f 179 161 178
f 155 179 169
f 155 163 179
f 163 162 179
f 156 163 155
f 164 163 156
f 157 164 156
f 165 164 157
f 158 165 157
f 166 165 158
f 159 166 158
f 167 166 159
f 170 167 159
f 170 180 167
f 180 168 167
f 307 305 168
f 307 168 181
f 181 168 180
f 181 182 308
f 307 181 308
f 182 183 309
f 308 182 309
f 309 183 319
f 187 320 327
f 187 188 321
f 320 187 321
f 321 188 328
f 171 176 318
f 171 318 184
f 184 318 329
f 172 176 171
f 177 176 172
f 173 177 172
f 178 177 173
f 174 178 173
f 179 178 174
f 169 179 174
f 170 175 180
f 185 180 175
f 185 189 180
f 189 181 180
f 182 181 190
f 190 181 189
f 183 182 191
f 191 182 190
f 330 319 183
f 191 330 183
f 195 331 337
f 327 331 195
f 327 195 187
f 187 195 196
f 188 187 197
f 197 187 196
f 332 328 188
f 332 188 198
f 198 188 197
f 198 329 332
f 198 192 329
f 192 184 329
f 185 186 189
f 193 189 186
f 193 199 189
f 199 190 189
f 191 190 200
f 200 190 199
f 333 330 191
f 333 191 201
f 201 191 200
f 333 201 338
f 205 195 337
f 341 205 337
f 196 195 206
f 206 195 205
f 197 196 207
f 207 196 206
f 198 197 208
f 208 197 207
f 192 208 202
f 198 208 192
f 193 194 199
f 203 199 194
f 203 209 199
f 209 200 199
f 201 200 210
f 210 200 209
f 342 338 201
f 210 342 201
f 205 341 343
f 343 347 215
f 343 215 205
f 205 215 206
f 207 206 216
f 216 206 215
f 204 216 211
f 204 208 216
f 208 207 216
f 202 208 204
f 209 212 217
f 203 212 209
f 210 209 218
f 218 209 217
f 348 342 210
f 218 348 210
f 221 215 347
f 351 221 347
f 216 215 222
f 222 215 221
f 211 223 213
f 211 216 223
f 216 222 223
f 213 223 219
f 212 214 217
f 220 217 214
f 220 224 217
f 224 218 217
f 352 348 218
f 224 352 218
f 229 221 351
f 355 229 351
f 222 221 230
f 230 221 229
f 223 222 231
f 231 222 230
f 219 231 225
f 223 231 219
f 224 226 232
f 220 226 224
f 356 352 224
f 232 356 224
f 229 355 357
f 357 360 238
f 357 238 229
f 229 238 230
f 231 230 239
f 239 230 238
f 225 240 227
f 225 231 240
f 231 239 240
f 227 240 233
f 226 228 232
f 232 228 234
f 232 234 356
f 356 234 361
f 238 360 362
f 362 365 246
f 362 246 238
f 238 246 239
f 240 239 247
f 247 239 246
f 233 248 235
f 233 240 248
f 240 247 248
f 235 249 236
f 248 249 235
f 236 249 241
f 250 234 237
f 250 366 234
f 366 361 234
f 237 242 250
f 246 365 367
f 247 246 367
f 368 247 367
f 368 375 260
f 368 260 247
f 247 260 248
f 249 248 261
f 261 248 260
f 241 249 261
f 241 261 369
f 241 369 243
f 369 261 376
f 244 243 370
f 243 369 370
f 245 244 371
f 244 370 371
f 371 251 245
f 377 251 371
f 262 366 250
f 378 366 262
f 242 252 262
f 250 242 262
f 260 375 379
f 261 260 379
f 380 261 379
f 376 261 380
f 251 377 381
f 253 251 381
f 254 253 382
f 253 381 382
f 267 382 389
f 267 255 382
f 255 254 382
f 255 267 263
f 256 264 268
f 256 269 257
f 268 269 256
f 257 270 258
f 269 270 257
f 262 390 378
f 262 258 390
f 262 259 258
f 270 390 258
f 252 259 262
f 271 267 389
f 396 271 389
f 263 272 265
f 263 267 272
f 267 271 272
f 265 273 266
f 272 273 265
f 266 273 397
f 264 266 397
f 264 397 391
f 264 391 268
f 391 398 274
f 391 274 268
f 268 274 269
f 270 269 275
f 275 269 274
f 399 390 270
f 275 399 270
f 271 396 400
f 272 271 400
f 401 272 400
f 273 272 401
f 402 273 401
f 397 273 402
f 274 398 403
f 275 274 403
f 404 275 403
f 399 275 404
f 277 412 417
f 412 277 418
f 283 419 436
f 417 419 283
f 417 283 277
f 277 283 284
f 420 418 277
f 420 277 285
f 285 277 284
f 285 278 276
f 285 276 420
f 420 276 421
f 279 286 422
f 279 422 276
f 276 422 421
f 286 287 423
f 422 286 423
f 287 288 424
f 423 287 424
f 424 288 437
f 289 425 438
f 425 289 439
f 297 440 450
f 440 297 451
f 298 441 452
f 436 441 298
f 436 298 283
f 283 298 299
f 280 299 290
f 280 284 299
f 284 283 299
f 281 284 280
f 285 284 281
f 278 285 281
f 279 282 286
f 291 286 282
f 291 300 286
f 300 287 286
f 288 287 301
f 301 287 300
f 442 437 288
f 442 288 302
f 302 288 301
f 438 442 302
f 438 302 289
f 289 302 303
f 453 439 289
f 303 453 289
f 310 297 450
f 466 310 450
f 454 451 297
f 454 297 311
f 311 297 310
f 311 312 455
f 454 311 455
f 312 313 456
f 455 312 456
f 452 456 313
f 452 313 298
f 298 313 314
f 292 314 304
f 292 299 314
f 299 298 314
f 290 299 292
f 291 293 300
f 294 300 293
f 301 300 294
f 295 301 294
f 302 301 295
f 296 302 295
f 303 302 296
f 305 315 457
f 296 305 457
f 296 457 453
f 296 453 303
f 315 316 458
f 457 315 458
f 316 317 459
f 458 316 459
f 459 317 467
f 322 468 471
f 466 468 322
f 466 322 310
f 310 322 323
f 311 310 324
f 324 310 323
f 312 311 325
f 325 311 324
f 313 312 326
f 326 312 325
f 306 326 318
f 306 314 326
f 314 313 326
f 304 314 306
f 305 307 315
f 308 315 307
f 316 315 308
f 309 316 308
f 317 316 309
f 317 309 319
f 317 319 467
f 467 319 472
f 334 322 471
f 475 334 471
f 323 322 335
f 335 322 334
f 320 335 327
f 320 324 335
f 324 323 335
f 321 324 320
f 325 324 321
f 328 325 321
f 328 336 325
f 336 326 325
f 318 336 329
f 326 336 318
f 319 330 472
f 472 330 476
f 339 477 482
f 475 477 339
f 475 339 334
f 334 339 340
f 331 340 337
f 331 335 340
f 335 334 340
f 327 335 331
f 328 332 336
f 329 336 332
f 330 478 476
f 333 478 330
f 478 333 338
f 483 478 338
f 344 484 487
f 482 484 344
f 482 344 339
f 339 344 345
f 340 339 346
f 346 339 345
f 337 346 341
f 340 346 337
f 338 342 483
f 483 342 488
f 344 487 489
f 345 344 489
f 490 345 489
f 490 493 349
f 490 349 345
f 345 349 346
f 341 350 343
f 341 346 350
f 346 349 350
f 343 350 347
f 342 348 488
f 488 348 494
f 353 349 493
f 499 353 493
f 350 349 354
f 354 349 353
f 347 354 351
f 350 354 347
f 348 352 494
f 494 352 500
f 358 353 499
f 505 358 499
f 354 353 359
f 359 353 358
f 351 359 355
f 354 359 351
f 352 356 500
f 500 356 506
f 358 505 507
f 507 511 363
f 507 363 358
f 358 363 359
f 355 364 357
f 355 359 364
f 359 363 364
f 357 364 360
f 356 361 506
f 506 361 512
f 372 363 511
f 517 372 511
f 364 363 373
f 373 363 372
f 360 374 362
f 360 364 374
f 364 373 374
f 362 374 365
f 361 366 512
f 512 366 518
f 372 517 519
f 519 527 383
f 519 383 372
f 372 383 373
f 374 373 384
f 384 373 383
f 365 385 367
f 365 374 385
f 374 384 385
f 367 386 368
f 385 386 367
f 368 386 375
f 387 528 520
f 387 369 376
f 387 520 369
f 520 521 369
f 370 369 522
f 369 521 522
f 388 522 529
f 388 371 522
f 371 370 522
f 371 388 377
f 366 378 518
f 518 378 530
f 383 527 531
f 531 538 392
f 531 392 383
f 383 392 384
f 385 384 393
f 393 384 392
f 386 385 394
f 394 385 393
f 375 386 394
f 375 394 532
f 375 532 379
f 532 394 539
f 528 387 380
f 528 380 532
f 532 380 379
f 376 380 387
f 388 529 533
f 377 388 533
f 377 533 381
f 381 533 534
f 395 534 540
f 395 382 534
f 382 381 534
f 382 395 389
f 378 390 530
f 530 390 541
f 392 538 542
f 393 392 542
f 543 393 542
f 394 393 543
f 544 394 543
f 539 394 544
f 395 540 545
f 545 389 395
f 545 550 389
f 550 396 389
f 391 397 405
f 391 405 398
f 390 399 541
f 541 399 551
f 396 550 552
f 400 396 552
f 406 552 557
f 406 401 552
f 401 400 552
f 401 407 402
f 406 407 401
f 402 405 397
f 402 407 405
f 407 408 405
f 398 409 403
f 398 405 409
f 405 408 409
f 403 410 404
f 409 410 403
f 404 410 558
f 404 558 399
f 399 558 551
f 406 557 559
f 559 565 411
f 559 411 406
f 406 411 407
f 566 560 408
f 566 408 411
f 411 408 407
f 409 408 560
f 561 409 560
f 410 409 561
f 562 410 561
f 558 410 562
f 411 565 567
f 566 411 567
f 413 572 580
f 413 414 573
f 572 413 573
f 414 415 574
f 573 414 574
f 574 415 581
f 416 575 582
f 575 416 583
f 426 584 600
f 426 427 585
f 584 426 585
f 580 585 427
f 580 427 413
f 413 427 428
f 414 413 429
f 429 413 428
f 412 429 417
f 412 415 429
f 415 414 429
f 418 430 586
f 412 418 586
f 412 586 581
f 412 581 415
f 430 431 587
f 586 430 587
f 431 432 588
f 587 431 588
f 582 588 432
f 582 432 416
f 416 432 433
f 589 583 416
f 589 416 434
f 434 416 433
f 589 434 601
f 435 590 602
f 590 435 603
f 443 604 613
f 600 604 443
f 600 443 426
f 426 443 444
f 427 426 445
f 445 426 444
f 428 427 446
f 446 427 445
f 419 446 436
f 419 429 446
f 429 428 446
f 417 429 419
f 418 420 430
f 421 430 420
f 431 430 421
f 422 431 421
f 432 431 422
f 423 432 422
f 433 432 423
f 424 433 423
f 434 433 424
f 437 447 605
f 424 437 605
f 424 605 601
f 424 601 434
f 447 438 425
f 447 425 605
f 605 425 606
f 439 448 607
f 439 607 425
f 425 607 606
f 602 607 448
f 602 448 435
f 435 448 449
f 614 603 435
f 449 614 435
f 440 615 620
f 450 440 620
f 451 460 443
f 451 443 615
f 451 615 440
f 615 443 613
f 444 443 461
f 461 443 460
f 445 444 462
f 462 444 461
f 441 462 452
f 441 446 462
f 446 445 462
f 436 446 441
f 437 442 447
f 438 447 442
f 448 453 463
f 439 453 448
f 449 448 464
f 464 448 463
f 616 614 449
f 616 449 465
f 465 449 464
f 616 465 621
f 469 622 628
f 469 470 623
f 622 469 623
f 470 620 623
f 470 466 620
f 466 450 620
f 451 454 460
f 455 460 454
f 461 460 455
f 456 461 455
f 462 461 456
f 452 462 456
f 453 457 463
f 458 463 457
f 464 463 458
f 459 464 458
f 465 464 459
f 465 459 467
f 465 467 621
f 621 467 629
f 473 630 633
f 630 473 634
f 474 469 628
f 635 474 628
f 468 474 471
f 468 470 474
f 470 469 474
f 466 470 468
f 467 472 629
f 629 472 636
f 479 473 633
f 640 479 633
f 637 634 473
f 637 473 480
f 480 473 479
f 635 637 480
f 635 480 474
f 474 480 481
f 471 481 475
f 474 481 471
f 472 476 636
f 636 476 641
f 479 640 642
f 642 643 485
f 642 485 479
f 479 485 480
f 477 485 482
f 477 481 485
f 481 480 485
f 475 481 477
f 486 476 478
f 486 644 476
f 644 641 476
f 478 483 486
f 491 645 647
f 643 645 491
f 485 643 491
f 485 491 487
f 485 487 484
f 482 485 484
f 492 644 486
f 648 644 492
f 483 488 492
f 486 483 492
f 495 491 647
f 649 495 647
f 487 496 489
f 487 491 496
f 491 495 496
f 489 497 490
f 496 497 489
f 490 497 493
f 498 648 492
f 650 648 498
f 488 494 498
f 492 488 498
f 501 495 649
f 651 501 649
f 496 495 502
f 502 495 501
f 497 496 503
f 503 496 502
f 493 503 499
f 497 503 493
f 504 650 498
f 652 650 504
f 494 500 504
f 498 494 504
f 501 651 653
f 653 655 508
f 653 508 501
f 501 508 502
f 503 502 509
f 509 502 508
f 499 509 505
f 503 509 499
f 510 652 504
f 656 652 510
f 500 506 510
f 504 500 510
f 513 508 655
f 657 513 655
f 509 508 514
f 514 508 513
f 505 515 507
f 505 509 515
f 509 514 515
f 507 515 511
f 516 656 510
f 658 656 516
f 506 512 516
f 510 506 516
f 523 513 657
f 659 523 657
f 514 513 524
f 524 513 523
f 515 514 525
f 525 514 524
f 511 525 517
f 515 525 511
f 526 658 516
f 660 658 526
f 512 518 526
f 516 512 526
f 523 659 661
f 524 523 661
f 662 524 661
f 525 524 662
f 663 525 662
f 535 663 666
f 519 663 535
f 519 525 663
f 519 517 525
f 519 535 527
f 520 528 536
f 667 520 536
f 667 664 520
f 664 521 520
f 522 521 665
f 521 664 665
f 665 529 522
f 668 529 665
f 537 660 526
f 669 660 537
f 518 530 537
f 526 518 537
f 546 535 666
f 676 546 666
f 527 547 531
f 527 535 547
f 535 546 547
f 531 547 538
f 532 677 670
f 539 677 532
f 536 528 532
f 536 532 671
f 671 532 670
f 667 536 671
f 529 668 672
f 533 529 672
f 548 672 678
f 548 534 672
f 534 533 672
f 534 548 540
f 549 669 537
f 679 669 549
f 530 541 549
f 537 530 549
f 546 676 680
f 547 546 680
f 681 547 680
f 538 547 681
f 538 681 542
f 542 681 682
f 553 682 686
f 553 543 682
f 543 542 682
f 687 543 553
f 687 683 543
f 683 544 543
f 677 539 544
f 683 677 544
f 554 548 678
f 688 554 678
f 540 555 545
f 540 548 555
f 548 554 555
f 545 555 550
f 556 679 549
f 689 679 556
f 541 551 556
f 549 541 556
f 553 686 690
f 687 553 690
f 554 688 691
f 555 554 691
f 692 555 691
f 563 692 696
f 552 692 563
f 552 555 692
f 552 550 555
f 552 563 557
f 564 689 556
f 697 689 564
f 551 558 564
f 556 551 564
f 563 696 698
f 568 698 699
f 559 698 568
f 559 563 698
f 559 557 563
f 559 568 565
f 560 566 569
f 560 570 561
f 569 570 560
f 564 700 697
f 564 561 700
f 564 562 561
f 570 700 561
f 558 562 564
f 568 699 701
f 565 568 701
f 565 701 567
f 567 701 702
f 569 566 567
f 569 567 703
f 703 567 702
f 703 704 571
f 703 571 569
f 569 571 570
f 705 700 570
f 571 705 570
f 571 704 706
f 705 571 706
f 576 707 712
f 576 577 708
f 707 576 708
f 577 578 709
f 708 577 709
f 578 579 710
f 709 578 710
f 710 579 713
f 591 714 730
f 591 592 715
f 714 591 715
f 592 593 716
f 715 592 716
f 593 580 572
f 593 572 716
f 716 572 717
f 573 718 572
f 572 718 717
f 712 574 576
f 712 718 574
f 718 573 574
f 581 576 574
f 581 594 576
f 594 577 576
f 578 577 595
f 595 577 594
f 579 578 596
f 596 578 595
f 582 575 719
f 582 719 579
f 582 579 596
f 713 579 719
f 583 597 720
f 583 720 575
f 575 720 719
f 720 597 731
f 598 721 732
f 598 599 722
f 721 598 722
f 722 599 733
f 608 734 742
f 730 734 608
f 730 608 591
f 591 608 609
f 584 609 600
f 584 592 609
f 592 591 609
f 585 592 584
f 593 592 585
f 580 593 585
f 581 586 594
f 587 594 586
f 595 594 587
f 588 595 587
f 596 595 588
f 582 596 588
f 583 589 597
f 601 610 735
f 589 601 735
f 589 735 731
f 589 731 597
f 610 611 736
f 735 610 736
f 732 736 611
f 732 611 598
f 598 611 612
f 590 612 602
f 590 599 612
f 599 598 612
f 599 590 603
f 599 603 733
f 733 603 743
f 617 744 749
f 617 618 745
f 744 617 745
f 745 618 750
f 619 608 742
f 751 619 742
f 604 619 613
f 604 609 619
f 609 608 619
f 600 609 604
f 601 605 610
f 606 610 605
f 611 610 606
f 607 611 606
f 612 611 607
f 602 612 607
f 603 614 743
f 743 614 752
f 624 617 749
f 756 624 749
f 618 617 625
f 625 617 624
f 753 750 618
f 753 618 626
f 626 618 625
f 751 753 626
f 619 751 626
f 619 626 620
f 619 620 615
f 613 619 615
f 627 614 616
f 627 757 614
f 757 752 614
f 616 621 627
f 631 758 762
f 758 631 763
f 632 624 756
f 764 632 756
f 622 632 628
f 622 625 632
f 625 624 632
f 623 625 622
f 626 625 623
f 620 626 623
f 627 759 757
f 759 627 621
f 759 621 765
f 765 621 629
f 638 631 762
f 770 638 762
f 633 630 766
f 633 766 631
f 633 631 638
f 763 631 766
f 634 639 632
f 634 632 766
f 634 766 630
f 766 632 764
f 628 639 635
f 632 639 628
f 629 636 765
f 765 636 771
f 638 770 772
f 772 633 638
f 772 774 633
f 774 640 633
f 634 637 639
f 635 639 637
f 636 641 771
f 771 641 775
f 646 642 640
f 646 640 776
f 776 640 774
f 642 646 643
f 641 644 775
f 775 644 777
f 645 646 776
f 645 776 647
f 647 776 779
f 643 646 645
f 644 648 777
f 777 648 780
f 647 779 649
f 779 782 649
f 648 650 780
f 780 650 783
f 784 654 651
f 784 651 782
f 782 651 649
f 784 786 654
f 650 652 783
f 783 652 787
f 651 654 653
f 654 655 653
f 654 786 655
f 786 788 655
f 652 656 787
f 787 656 789
f 655 788 657
f 788 791 657
f 656 658 789
f 789 658 792
f 657 791 659
f 791 794 659
f 658 660 792
f 792 660 795
f 659 794 796
f 661 659 796
f 673 796 799
f 673 662 796
f 662 661 796
f 662 674 663
f 673 674 662
f 663 674 666
f 664 667 675
f 800 664 675
f 800 797 664
f 797 665 664
f 797 668 665
f 801 668 797
f 660 669 795
f 795 669 802
f 673 799 803
f 803 809 684
f 803 684 673
f 673 684 674
f 666 684 676
f 674 684 666
f 670 677 685
f 810 670 685
f 810 804 670
f 804 671 670
f 675 667 671
f 675 671 805
f 805 671 804
f 800 675 805
f 668 801 806
f 672 668 806
f 806 678 672
f 811 678 806
f 669 679 802
f 802 679 812
f 684 809 813
f 676 684 813
f 676 813 680
f 680 813 814
f 693 814 819
f 693 681 814
f 681 680 814
f 681 694 682
f 693 694 681
f 682 694 686
f 683 687 695
f 683 695 820
f 677 683 820
f 677 820 815
f 677 815 685
f 810 685 815
f 678 811 688
f 811 821 688
f 679 689 812
f 812 689 822
f 693 819 823
f 694 693 823
f 824 694 823
f 686 694 824
f 686 824 690
f 690 824 825
f 695 687 690
f 695 690 826
f 826 690 825
f 820 695 826
f 688 821 827
f 691 688 827
f 692 691 828
f 691 827 828
f 828 696 692
f 831 696 828
f 689 697 822
f 822 697 832
f 696 831 833
f 698 696 833
f 833 699 698
f 837 699 833
f 697 700 832
f 832 700 838
f 699 837 839
f 701 699 839
f 702 701 840
f 701 839 840
f 703 702 841
f 702 840 841
f 841 704 703
f 842 704 841
f 700 705 838
f 838 705 843
f 704 842 844
f 706 704 844
f 843 705 706
f 844 843 706
f 711 846 847
f 846 711 848
f 723 849 860
f 723 724 850
f 849 723 850
f 724 725 851
f 850 724 851
f 725 726 852
f 851 725 852
f 847 852 726
f 847 726 711
f 711 726 727
f 853 848 711
f 853 711 728
f 728 711 727
f 728 712 707
f 728 707 853
f 853 707 854
f 708 855 707
f 707 855 854
f 709 856 708
f 708 856 855
f 710 857 709
f 709 857 856
f 713 729 858
f 713 858 710
f 710 858 857
f 858 729 861
f 737 862 870
f 862 737 871
f 738 863 872
f 860 863 738
f 860 738 723
f 723 738 739
f 714 739 730
f 714 724 739
f 724 723 739
f 715 724 714
f 725 724 715
f 716 725 715
f 726 725 716
f 717 726 716
f 727 726 717
f 718 727 717
f 728 727 718
f 712 728 718
f 713 719 729
f 729 864 861
f 729 719 864
f 719 720 864
f 731 740 865
f 731 865 720
f 720 865 864
f 740 741 866
f 865 740 866
f 741 732 721
f 741 721 866
f 866 721 867
f 722 868 721
f 721 868 867
f 868 722 733
f 873 868 733
f 746 737 870
f 876 746 870
f 874 871 737
f 874 737 747
f 747 737 746
f 872 874 747
f 872 747 738
f 738 747 748
f 734 748 742
f 734 739 748
f 739 738 748
f 730 739 734
f 731 735 740
f 736 740 735
f 741 740 736
f 732 741 736
f 733 743 873
f 873 743 877
f 754 878 879
f 878 754 880
f 744 746 876
f 744 876 749
f 749 876 881
f 745 746 744
f 747 746 745
f 750 747 745
f 750 755 747
f 755 748 747
f 742 755 751
f 748 755 742
f 743 752 877
f 877 752 882
f 760 754 879
f 886 760 879
f 883 880 754
f 883 754 761
f 761 754 760
f 761 881 883
f 761 756 881
f 756 749 881
f 750 753 755
f 751 755 753
f 752 757 882
f 882 757 887
f 758 767 762
f 760 886 888
f 763 767 758
f 768 760 890
f 768 761 760
f 760 888 890
f 756 768 764
f 761 768 756
f 769 757 759
f 769 891 757
f 891 887 757
f 759 765 769
f 767 773 770
f 762 767 770
f 767 766 773
f 767 763 766
f 773 766 893
f 768 890 766
f 893 766 890
f 764 768 766
f 769 892 891
f 892 769 765
f 892 765 894
f 894 765 771
f 770 773 772
f 773 774 772
f 773 893 774
f 893 897 774
f 771 775 894
f 894 775 898
f 899 778 776
f 899 776 897
f 897 776 774
f 899 902 778
f 775 777 898
f 898 777 903
f 778 781 779
f 776 778 779
f 905 778 902
f 781 778 905
f 777 780 903
f 903 780 906
f 781 785 782
f 779 781 782
f 908 781 905
f 785 781 908
f 780 783 906
f 906 783 909
f 782 785 784
f 785 786 784
f 785 908 786
f 908 911 786
f 783 787 909
f 909 787 912
f 913 790 788
f 913 788 911
f 911 788 786
f 913 916 790
f 787 789 912
f 912 789 917
f 790 793 791
f 788 790 791
f 919 790 916
f 793 790 919
f 789 792 917
f 917 792 920
f 793 798 794
f 791 793 794
f 922 793 919
f 798 793 922
f 792 795 920
f 920 795 923
f 794 798 796
f 798 799 796
f 798 922 799
f 922 928 799
f 807 929 924
f 807 925 808
f 924 925 807
f 808 797 800
f 808 925 797
f 925 926 797
f 926 801 797
f 930 801 926
f 795 802 923
f 923 802 931
f 816 803 799
f 816 799 935
f 935 799 928
f 803 816 809
f 817 936 932
f 929 817 932
f 807 817 929
f 807 810 817
f 807 804 810
f 805 804 807
f 808 805 807
f 800 805 808
f 818 806 801
f 818 801 937
f 937 801 930
f 806 818 811
f 802 812 931
f 931 812 938
f 816 935 939
f 809 816 939
f 809 939 813
f 813 939 940
f 814 813 941
f 813 940 941
f 941 819 814
f 946 819 941
f 942 820 829
f 942 936 820
f 815 820 817
f 817 820 936
f 815 817 810
f 829 947 942
f 818 937 943
f 818 821 811
f 818 944 821
f 818 943 944
f 830 821 944
f 944 948 830
f 812 822 938
f 938 822 949
f 819 946 950
f 823 819 950
f 824 823 951
f 823 950 951
f 834 951 959
f 834 825 951
f 825 824 951
f 825 835 826
f 834 835 825
f 826 835 960
f 820 826 960
f 820 960 952
f 820 952 829
f 947 829 952
f 821 830 827
f 830 948 953
f 830 953 827
f 827 953 828
f 831 954 836
f 831 828 954
f 828 953 954
f 954 961 836
f 822 832 949
f 949 832 962
f 834 959 963
f 835 834 963
f 964 835 963
f 960 835 964
f 831 836 833
f 836 837 833
f 836 961 837
f 961 968 837
f 832 838 962
f 962 838 969
f 837 968 970
f 839 837 970
f 840 839 971
f 839 970 971
f 845 971 974
f 845 841 971
f 841 840 971
f 841 845 842
f 838 843 969
f 969 843 975
f 845 974 976
f 842 845 976
f 842 976 844
f 844 976 977
f 975 843 844
f 977 975 844
f 846 979 981
f 847 846 981
f 848 859 980
f 848 980 846
f 846 980 979
f 980 859 982
f 849 983 993
f 860 849 993
f 850 984 849
f 849 984 983
f 851 985 850
f 850 985 984
f 852 986 851
f 851 986 985
f 981 852 847
f 986 852 981
f 848 853 859
f 859 987 982
f 859 853 987
f 853 854 987
f 855 988 854
f 854 988 987
f 856 989 855
f 855 989 988
f 857 990 856
f 856 990 989
f 858 991 857
f 857 991 990
f 991 858 861
f 994 991 861
f 869 992 995
f 992 869 996
f 862 997 1006
f 870 862 1006
f 871 875 998
f 871 998 862
f 862 998 997
f 875 872 863
f 875 863 998
f 998 863 999
f 993 863 860
f 999 863 993
f 861 1000 994
f 864 1000 861
f 995 865 869
f 995 1000 865
f 1000 864 865
f 869 1001 996
f 869 865 1001
f 865 866 1001
f 867 1002 866
f 866 1002 1001
f 868 1003 867
f 867 1003 1002
f 1003 868 873
f 1007 1003 873
f 870 1006 876
f 1006 1009 876
f 871 874 875
f 872 875 874
f 873 877 1007
f 1007 877 1010
f 878 884 879
f 880 884 878
f 885 1011 1013
f 885 1009 1011
f 885 881 1009
f 881 876 1009
f 877 882 1010
f 1010 882 1014
f 884 889 886
f 879 884 886
f 884 883 889
f 884 880 883
f 889 883 1015
f 885 1013 883
f 1015 883 1013
f 881 885 883
f 882 887 1014
f 1014 887 1016
f 886 889 888
f 889 890 888
f 889 1015 890
f 1015 1017 890
f 887 891 1016
f 1016 891 1018
f 1019 895 893
f 1019 893 1017
f 1017 893 890
f 1019 1021 895
f 896 891 892
f 896 1022 891
f 1022 1018 891
f 892 894 896
f 895 900 897
f 893 895 897
f 1023 895 1021
f 900 895 1023
f 901 1022 896
f 1024 1022 901
f 894 898 901
f 896 894 901
f 897 900 899
f 900 902 899
f 900 1023 902
f 1023 1025 902
f 904 1024 901
f 1026 1024 904
f 898 903 904
f 901 898 904
f 902 1025 905
f 1025 1027 905
f 907 1026 904
f 1028 1026 907
f 903 906 907
f 904 903 907
f 905 1027 908
f 1027 1029 908
f 910 1028 907
f 1030 1028 910
f 906 909 910
f 907 906 910
f 1031 914 911
f 1031 911 1029
f 1029 911 908
f 1031 1032 914
f 915 1030 910
f 1033 1030 915
f 909 912 915
f 910 909 915
f 911 914 913
f 914 916 913
f 914 1032 916
f 1032 1034 916
f 918 1033 915
f 1035 1033 918
f 912 917 918
f 915 912 918
f 916 1034 919
f 1034 1036 919
f 921 1035 918
f 1037 1035 921
f 917 920 921
f 918 917 921
f 919 1036 922
f 1036 1038 922
f 927 1037 921
f 1039 1037 927
f 920 923 927
f 921 920 927
f 922 1038 928
f 1038 1042 928
f 924 1043 1040
f 929 1043 924
f 925 924 1041
f 924 1040 1041
f 933 1041 1044
f 933 926 1041
f 926 925 1041
f 926 933 930
f 934 1039 927
f 1045 1039 934
f 923 931 934
f 927 923 934
f 928 1042 935
f 1042 1051 935
f 932 1052 1046
f 936 1052 932
f 1043 929 932
f 1046 1043 932
f 933 1044 1047
f 1047 930 933
f 1047 1053 930
f 1053 937 930
f 945 1045 934
f 1054 1045 945
f 931 938 945
f 934 931 945
f 935 1051 1055
f 939 935 1055
f 955 1055 1060
f 955 940 1055
f 940 939 1055
f 1061 940 955
f 1061 1056 940
f 1056 941 940
f 1056 946 941
f 1062 946 1056
f 956 936 942
f 956 1063 936
f 1063 1052 936
f 942 947 956
f 937 1053 1057
f 943 937 1057
f 957 1057 1064
f 957 944 1057
f 944 943 1057
f 944 957 948
f 958 1054 945
f 1065 1054 958
f 938 949 958
f 945 938 958
f 955 1060 1066
f 1061 955 1066
f 946 1062 1067
f 950 946 1067
f 951 950 1068
f 950 1067 1068
f 1068 959 951
f 1074 959 1068
f 965 1075 1069
f 1063 965 1069
f 956 965 1063
f 956 960 965
f 956 952 960
f 947 952 956
f 957 1064 1070
f 948 957 1070
f 948 1070 953
f 953 1070 1071
f 966 1071 1076
f 966 954 1071
f 954 953 1071
f 954 966 961
f 967 1065 958
f 1077 1065 967
f 949 962 967
f 958 949 967
f 959 1074 1078
f 963 959 1078
f 1075 965 964
f 1075 964 1078
f 1078 964 963
f 960 964 965
f 966 1076 1079
f 966 968 961
f 966 1080 968
f 966 1079 1080
f 972 968 1080
f 1080 1082 972
f 973 1077 967
f 1083 1077 973
f 962 969 973
f 967 962 973
f 968 972 970
f 972 1082 1084
f 972 1084 970
f 970 1084 971
f 1084 974 971
f 1087 974 1084
f 978 1083 973
f 1088 1083 978
f 969 975 978
f 973 969 978
f 974 1087 1089
f 976 974 1089
f 1088 978 977
f 1088 977 1089
f 1089 977 976
f 975 977 978
f 979 1091 1093
f 981 979 1093
f 980 1092 979
f 979 1092 1091
f 1092 980 982
f 1094 1092 982
f 1004 1095 1109
f 1095 1004 1110
f 983 1096 1111
f 993 983 1111
f 984 1097 983
f 983 1097 1096
f 985 1098 984
f 984 1098 1097
f 986 1099 985
f 985 1099 1098
f 1093 986 981
f 1099 986 1093
f 982 1100 1094
f 987 1100 982
f 988 1101 987
f 987 1101 1100
f 989 1102 988
f 988 1102 1101
f 990 1103 989
f 989 1103 1102
f 991 1104 990
f 990 1104 1103
f 994 1005 1105
f 994 1105 991
f 991 1105 1104
f 1005 995 992
f 1005 992 1105
f 1105 992 1106
f 1106 992 996
f 1112 1106 996
f 997 1113 1121
f 1006 997 1121
f 1109 998 1004
f 1109 1113 998
f 1113 997 998
f 1004 1114 1110
f 1004 998 1114
f 998 999 1114
f 1111 999 993
f 1114 999 1111
f 994 1000 1005
f 995 1005 1000
f 996 1115 1112
f 1001 1115 996
f 1002 1116 1001
f 1001 1116 1115
f 1008 1122 1116
f 1008 1116 1003
f 1003 1116 1002
f 1003 1007 1008
f 1012 1123 1126
f 1012 1121 1123
f 1012 1009 1121
f 1009 1006 1121
f 1008 1124 1122
f 1124 1008 1007
f 1124 1007 1127
f 1127 1007 1010
f 1011 1012 1126
f 1011 1126 1013
f 1013 1126 1128
f 1009 1012 1011
f 1010 1014 1127
f 1127 1014 1129
f 1013 1128 1015
f 1128 1131 1015
f 1014 1016 1129
f 1129 1016 1132
f 1133 1020 1017
f 1133 1017 1131
f 1131 1017 1015
f 1133 1135 1020
f 1016 1018 1132
f 1132 1018 1136
f 1017 1020 1019
f 1020 1021 1019
f 1020 1135 1021
f 1135 1137 1021
f 1018 1022 1136
f 1136 1022 1138
f 1021 1137 1023
f 1137 1139 1023
f 1022 1024 1138
f 1138 1024 1140
f 1023 1139 1025
f 1139 1141 1025
f 1024 1026 1140
f 1140 1026 1142
f 1025 1141 1027
f 1141 1143 1027
f 1026 1028 1142
f 1142 1028 1144
f 1027 1143 1029
f 1143 1145 1029
f 1028 1030 1144
f 1144 1030 1146
f 1029 1145 1147
f 1031 1029 1147
f 1147 1032 1031
f 1148 1032 1147
f 1030 1033 1146
f 1146 1033 1149
f 1032 1148 1034
f 1148 1150 1034
f 1033 1035 1149
f 1149 1035 1151
f 1034 1150 1036
f 1150 1152 1036
f 1035 1037 1151
f 1151 1037 1153
f 1036 1152 1038
f 1152 1154 1038
f 1037 1039 1153
f 1153 1039 1155
f 1156 1048 1042
f 1156 1042 1154
f 1154 1042 1038
f 1156 1161 1048
f 1040 1043 1049
f 1162 1040 1049
f 1162 1157 1040
f 1157 1041 1040
f 1044 1158 1050
f 1044 1041 1158
f 1041 1157 1158
f 1158 1163 1050
f 1039 1045 1155
f 1155 1045 1164
f 1048 1058 1051
f 1042 1048 1051
f 1166 1048 1161
f 1058 1048 1166
f 1046 1052 1059
f 1046 1059 1167
f 1043 1046 1167
f 1043 1167 1165
f 1043 1165 1049
f 1162 1049 1165
f 1044 1050 1047
f 1050 1053 1047
f 1050 1163 1053
f 1163 1168 1053
f 1045 1054 1164
f 1164 1054 1169
f 1051 1058 1055
f 1058 1060 1055
f 1058 1166 1060
f 1166 1176 1060
f 1056 1061 1072
f 1056 1072 1062
f 1059 1177 1170
f 1059 1052 1177
f 1052 1063 1177
f 1167 1059 1170
f 1053 1168 1171
f 1057 1053 1171
f 1064 1172 1073
f 1064 1057 1172
f 1057 1171 1172
f 1172 1178 1073
f 1054 1065 1169
f 1169 1065 1179
f 1060 1176 1180
f 1066 1060 1180
f 1072 1061 1066
f 1072 1066 1181
f 1181 1066 1180
f 1062 1072 1181
f 1062 1181 1067
f 1067 1181 1182
f 1068 1067 1183
f 1067 1182 1183
f 1074 1184 1081
f 1074 1068 1184
f 1068 1183 1184
f 1081 1069 1075
f 1081 1184 1069
f 1184 1185 1069
f 1177 1063 1069
f 1185 1177 1069
f 1064 1073 1070
f 1073 1178 1186
f 1073 1186 1070
f 1070 1186 1071
f 1186 1076 1071
f 1189 1076 1186
f 1065 1077 1179
f 1179 1077 1190
f 1074 1081 1078
f 1075 1078 1081
f 1076 1189 1191
f 1079 1076 1191
f 1080 1079 1192
f 1079 1191 1192
f 1082 1193 1085
f 1082 1080 1193
f 1080 1192 1193
f 1085 1194 1086
f 1193 1194 1085
f 1086 1194 1190
f 1086 1190 1083
f 1083 1190 1077
f 1082 1085 1084
f 1087 1084 1085
f 1087 1085 1090
f 1090 1085 1086
f 1083 1088 1090
f 1086 1083 1090
f 1087 1090 1089
f 1088 1089 1090
f 1091 1107 1093
f 1200 1107 1091
f 1200 1091 1198
f 1198 1091 1092
f 1094 1108 1199
f 1094 1199 1092
f 1092 1199 1198
f 1199 1108 1201
f 1117 1202 1215
f 1117 1109 1095
f 1117 1095 1202
f 1202 1095 1203
f 1110 1118 1204
f 1110 1204 1095
f 1095 1204 1203
f 1118 1111 1096
f 1118 1096 1204
f 1204 1096 1205
f 1097 1206 1096
f 1096 1206 1205
f 1098 1207 1097
f 1097 1207 1206
f 1099 1208 1098
f 1098 1208 1207
f 1107 1099 1093
f 1107 1209 1099
f 1209 1208 1099
f 1200 1209 1107
f 1094 1100 1108
f 1108 1210 1201
f 1108 1100 1210
f 1100 1101 1210
f 1102 1211 1101
f 1101 1211 1210
f 1103 1212 1102
f 1102 1212 1211
f 1104 1213 1103
f 1103 1213 1212
f 1119 1216 1213
f 1119 1213 1105
f 1105 1213 1104
f 1105 1106 1120
f 1119 1105 1120
f 1106 1112 1120
f 1113 1117 1215
f 1113 1215 1121
f 1121 1215 1228
f 1109 1117 1113
f 1110 1114 1118
f 1111 1118 1114
f 1119 1217 1216
f 1217 1125 1229
f 1217 1119 1125
f 1119 1120 1125
f 1112 1125 1120
f 1112 1218 1125
f 1112 1115 1218
f 1218 1230 1125
f 1116 1219 1115
f 1115 1219 1218
f 1219 1116 1122
f 1231 1219 1122
f 1123 1232 1239
f 1126 1123 1239
f 1228 1123 1121
f 1232 1123 1228
f 1125 1233 1229
f 1230 1233 1125
f 1122 1234 1231
f 1124 1234 1122
f 1234 1124 1127
f 1240 1234 1127
f 1241 1130 1128
f 1241 1128 1239
f 1239 1128 1126
f 1241 1242 1130
f 1127 1129 1240
f 1240 1129 1243
f 1130 1134 1131
f 1128 1130 1131
f 1244 1130 1242
f 1134 1130 1244
f 1129 1132 1243
f 1243 1132 1245
f 1131 1134 1133
f 1134 1135 1133
f 1134 1244 1135
f 1244 1246 1135
f 1132 1136 1245
f 1245 1136 1247
f 1135 1246 1137
f 1246 1248 1137
f 1136 1138 1247
f 1247 1138 1249
f 1137 1248 1139
f 1248 1250 1139
f 1138 1140 1249
f 1249 1140 1251
f 1139 1250 1141
f 1250 1253 1141
f 1140 1142 1251
f 1251 1142 1254
f 1141 1253 1143
f 1253 1256 1143
f 1142 1144 1254
f 1254 1144 1257
f 1143 1256 1145
f 1256 1259 1145
f 1144 1146 1257
f 1257 1146 1260
f 1145 1259 1261
f 1147 1145 1261
f 1261 1148 1147
f 1263 1148 1261
f 1146 1149 1260
f 1260 1149 1264
f 1148 1263 1150
f 1263 1266 1150
f 1149 1151 1264
f 1264 1151 1267
f 1150 1266 1152
f 1266 1268 1152
f 1151 1153 1267
f 1267 1153 1269
f 1270 1159 1154
f 1270 1154 1268
f 1268 1154 1152
f 1270 1275 1159
f 1160 1276 1271
f 1271 1277 1160
f 1153 1155 1269
f 1269 1155 1278
f 1154 1159 1156
f 1159 1161 1156
f 1159 1275 1161
f 1275 1283 1161
f 1157 1284 1279
f 1162 1284 1157
f 1276 1160 1158
f 1276 1158 1279
f 1279 1158 1157
f 1160 1163 1158
f 1160 1277 1163
f 1277 1285 1163
f 1155 1164 1278
f 1278 1164 1286
f 1161 1283 1166
f 1283 1296 1166
f 1165 1297 1287
f 1167 1297 1165
f 1284 1162 1165
f 1287 1284 1165
f 1288 1173 1168
f 1288 1168 1285
f 1285 1168 1163
f 1288 1298 1173
f 1174 1299 1289
f 1174 1290 1175
f 1289 1290 1174
f 1175 1290 1286
f 1175 1286 1169
f 1169 1286 1164
f 1166 1296 1176
f 1296 1306 1176
f 1170 1307 1300
f 1177 1307 1170
f 1297 1167 1170
f 1300 1297 1170
f 1168 1173 1171
f 1173 1298 1301
f 1173 1301 1171
f 1171 1301 1172
f 1301 1178 1172
f 1308 1178 1301
f 1187 1299 1174
f 1309 1299 1187
f 1175 1188 1174
f 1188 1187 1174
f 1169 1179 1188
f 1175 1169 1188
f 1176 1306 1310
f 1180 1176 1310
f 1181 1180 1311
f 1180 1310 1311
f 1182 1181 1312
f 1181 1311 1312
f 1183 1182 1313
f 1182 1312 1313
f 1184 1183 1314
f 1183 1313 1314
f 1185 1184 1315
f 1184 1314 1315
f 1307 1177 1185
f 1315 1307 1185
f 1178 1308 1316
f 1186 1178 1316
f 1316 1189 1186
f 1322 1189 1316
f 1195 1323 1317
f 1309 1195 1317
f 1309 1187 1195
f 1187 1196 1195
f 1188 1197 1187
f 1197 1196 1187
f 1179 1190 1197
f 1188 1179 1197
f 1189 1322 1324
f 1191 1189 1324
f 1323 1195 1192
f 1323 1192 1324
f 1324 1192 1191
f 1193 1192 1195
f 1196 1193 1195
f 1194 1193 1196
f 1197 1194 1196
f 1190 1194 1197
f 1198 1214 1200
f 1327 1214 1198
f 1327 1198 1326
f 1326 1198 1199
f 1326 1199 1201
f 1328 1326 1201
f 1202 1220 1215
f 1202 1203 1221
f 1220 1202 1221
f 1335 1221 1203
f 1335 1203 1329
f 1329 1203 1204
f 1222 1336 1329
f 1222 1329 1205
f 1205 1329 1204
f 1337 1222 1205
f 1337 1205 1330
f 1330 1205 1206
f 1223 1338 1330
f 1223 1330 1207
f 1207 1330 1206
f 1207 1208 1224
f 1223 1207 1224
f 1339 1224 1208
f 1339 1208 1331
f 1331 1208 1209
f 1214 1209 1200
f 1214 1332 1209
f 1332 1331 1209
f 1327 1332 1214
f 1201 1333 1328
f 1210 1333 1201
f 1225 1340 1333
f 1225 1333 1211
f 1211 1333 1210
f 1211 1212 1226
f 1225 1211 1226
f 1212 1213 1227
f 1226 1212 1227
f 1213 1216 1227
f 1220 1235 1228
f 1215 1220 1228
f 1353 1221 1341
f 1353 1235 1221
f 1235 1220 1221
f 1335 1341 1221
f 1222 1342 1336
f 1337 1342 1222
f 1223 1343 1338
f 1224 1343 1223
f 1344 1343 1224
f 1339 1344 1224
f 1225 1345 1340
f 1226 1345 1225
f 1346 1345 1226
f 1227 1346 1226
f 1347 1346 1227
f 1236 1354 1347
f 1217 1236 1347
f 1217 1347 1227
f 1217 1227 1216
f 1217 1229 1236
f 1218 1348 1355
f 1230 1218 1355
f 1237 1356 1348
f 1237 1348 1219
f 1219 1348 1218
f 1231 1237 1219
f 1238 1349 1357
f 1349 1238 1358
f 1232 1359 1370
f 1239 1232 1370
f 1235 1232 1228
f 1235 1360 1232
f 1360 1359 1232
f 1353 1360 1235
f 1236 1361 1354
f 1229 1361 1236
f 1229 1233 1361
f 1233 1362 1361
f 1355 1233 1230
f 1362 1233 1355
f 1237 1363 1356
f 1357 1234 1238
f 1357 1363 1234
f 1231 1234 1237
f 1237 1234 1363
f 1238 1234 1240
f 1238 1240 1358
f 1358 1240 1371
f 1239 1370 1372
f 1241 1239 1372
f 1372 1242 1241
f 1379 1242 1372
f 1240 1243 1371
f 1371 1243 1380
f 1242 1379 1244
f 1379 1383 1244
f 1243 1245 1380
f 1380 1245 1384
f 1244 1383 1246
f 1383 1386 1246
f 1245 1247 1384
f 1384 1247 1387
f 1246 1386 1248
f 1386 1390 1248
f 1247 1249 1387
f 1387 1249 1391
f 1392 1252 1250
f 1392 1250 1390
f 1390 1250 1248
f 1392 1395 1252
f 1249 1251 1391
f 1391 1251 1396
f 1252 1255 1253
f 1250 1252 1253
f 1399 1252 1395
f 1255 1252 1399
f 1251 1254 1396
f 1396 1254 1400
f 1255 1258 1256
f 1253 1255 1256
f 1403 1255 1399
f 1258 1255 1403
f 1254 1257 1400
f 1400 1257 1404
f 1258 1262 1259
f 1256 1258 1259
f 1407 1258 1403
f 1262 1258 1407
f 1257 1260 1404
f 1404 1260 1408
f 1259 1262 1261
f 1262 1263 1261
f 1262 1407 1263
f 1407 1413 1263
f 1409 1264 1265
f 1409 1408 1264
f 1408 1260 1264
f 1409 1265 1414
f 1263 1413 1266
f 1413 1420 1266
f 1265 1421 1415
f 1265 1264 1421
f 1264 1267 1421
f 1414 1265 1415
f 1422 1272 1268
f 1422 1268 1420
f 1420 1268 1266
f 1422 1429 1272
f 1273 1430 1423
f 1423 1431 1273
f 1274 1432 1424
f 1274 1424 1421
f 1274 1421 1269
f 1269 1421 1267
f 1268 1272 1270
f 1272 1275 1270
f 1272 1429 1275
f 1429 1439 1275
f 1280 1440 1433
f 1280 1271 1276
f 1280 1433 1271
f 1433 1434 1271
f 1434 1277 1271
f 1441 1277 1434
f 1281 1430 1273
f 1442 1430 1281
f 1443 1273 1431
f 1281 1273 1443
f 1282 1432 1274
f 1444 1432 1282
f 1269 1278 1282
f 1274 1269 1282
f 1275 1439 1283
f 1439 1453 1283
f 1291 1454 1445
f 1440 1291 1445
f 1280 1291 1440
f 1280 1284 1291
f 1280 1279 1284
f 1276 1279 1280
f 1446 1292 1285
f 1446 1285 1441
f 1441 1285 1277
f 1446 1455 1292
f 1293 1442 1281
f 1456 1442 1293
f 1447 1281 1443
f 1447 1294 1281
f 1294 1293 1281
f 1444 1294 1447
f 1444 1282 1294
f 1282 1295 1294
f 1278 1286 1295
f 1282 1278 1295
f 1457 1302 1296
f 1457 1296 1453
f 1453 1296 1283
f 1457 1463 1302
f 1287 1454 1291
f 1287 1297 1454
f 1297 1464 1454
f 1284 1287 1291
f 1285 1292 1288
f 1298 1458 1303
f 1288 1458 1298
f 1288 1455 1458
f 1288 1292 1455
f 1458 1465 1303
f 1304 1466 1459
f 1456 1304 1459
f 1456 1293 1304
f 1293 1305 1304
f 1289 1299 1305
f 1289 1305 1294
f 1294 1305 1293
f 1290 1289 1294
f 1295 1290 1294
f 1286 1290 1295
f 1302 1318 1306
f 1296 1302 1306
f 1470 1302 1463
f 1318 1302 1470
f 1300 1471 1467
f 1307 1471 1300
f 1464 1297 1300
f 1467 1464 1300
f 1298 1303 1301
f 1308 1468 1319
f 1301 1468 1308
f 1301 1465 1468
f 1301 1303 1465
f 1466 1319 1468
f 1466 1304 1319
f 1304 1320 1319
f 1305 1321 1304
f 1321 1320 1304
f 1299 1309 1321
f 1305 1299 1321
f 1306 1318 1310
f 1318 1470 1472
f 1318 1472 1310
f 1310 1472 1311
f 1312 1311 1473
f 1311 1472 1473
f 1313 1312 1474
f 1312 1473 1474
f 1314 1313 1475
f 1313 1474 1475
f 1315 1314 1476
f 1314 1475 1476
f 1471 1307 1315
f 1476 1471 1315
f 1308 1319 1316
f 1322 1316 1319
f 1322 1319 1325
f 1325 1319 1320
f 1317 1323 1325
f 1317 1325 1321
f 1321 1325 1320
f 1309 1317 1321
f 1322 1325 1324
f 1323 1324 1325
f 1326 1334 1327
f 1326 1328 1334
f 1329 1477 1480
f 1335 1329 1480
f 1477 1329 1336
f 1481 1477 1336
f 1330 1350 1337
f 1330 1338 1350
f 1331 1478 1482
f 1339 1331 1482
f 1332 1479 1331
f 1331 1479 1478
f 1327 1479 1332
f 1327 1351 1479
f 1327 1334 1351
f 1483 1479 1351
f 1328 1333 1352
f 1328 1352 1334
f 1334 1352 1351
f 1333 1340 1352
f 1341 1484 1493
f 1353 1341 1493
f 1480 1341 1335
f 1484 1341 1480
f 1336 1485 1481
f 1342 1485 1336
f 1350 1342 1337
f 1350 1486 1342
f 1486 1485 1342
f 1364 1494 1486
f 1343 1364 1486
f 1343 1486 1350
f 1343 1350 1338
f 1495 1364 1343
f 1495 1343 1487
f 1487 1343 1344
f 1482 1344 1339
f 1487 1344 1482
f 1351 1488 1483
f 1352 1488 1351
f 1489 1488 1352
f 1365 1496 1489
f 1345 1365 1489
f 1345 1489 1352
f 1345 1352 1340
f 1345 1346 1366
f 1365 1345 1366
f 1346 1347 1367
f 1366 1346 1367
f 1347 1354 1367
f 1348 1368 1355
f 1348 1356 1368
f 1349 1369 1357
f 1349 1358 1369
f 1359 1373 1370
f 1511 1373 1359
f 1511 1359 1497
f 1497 1359 1360
f 1493 1360 1353
f 1497 1360 1493
f 1364 1498 1494
f 1495 1498 1364
f 1365 1499 1496
f 1366 1499 1365
f 1500 1499 1366
f 1367 1500 1366
f 1501 1500 1367
f 1374 1512 1501
f 1361 1374 1501
f 1361 1501 1367
f 1361 1367 1354
f 1361 1362 1375
f 1374 1361 1375
f 1362 1355 1368
f 1362 1368 1375
f 1375 1368 1376
f 1356 1363 1377
f 1356 1377 1368
f 1368 1377 1376
f 1363 1357 1369
f 1363 1369 1377
f 1377 1369 1378
f 1358 1371 1378
f 1369 1358 1378
f 1370 1373 1372
f 1373 1379 1372
f 1373 1511 1379
f 1511 1524 1379
f 1374 1513 1512
f 1375 1513 1374
f 1514 1513 1375
f 1514 1381 1525
f 1514 1375 1381
f 1375 1376 1381
f 1526 1377 1515
f 1526 1381 1377
f 1381 1376 1377
f 1515 1382 1527
f 1515 1377 1382
f 1377 1378 1382
f 1371 1380 1382
f 1378 1371 1382
f 1379 1524 1383
f 1524 1535 1383
f 1381 1528 1525
f 1526 1528 1381
f 1382 1529 1527
f 1382 1380 1384
f 1382 1384 1530
f 1382 1530 1529
f 1385 1530 1384
f 1530 1385 1536
f 1537 1388 1386
f 1537 1386 1535
f 1535 1386 1383
f 1537 1546 1388
f 1385 1387 1389
f 1384 1387 1385
f 1547 1536 1385
f 1389 1547 1385
f 1388 1393 1390
f 1386 1388 1390
f 1554 1388 1546
f 1393 1388 1554
f 1389 1391 1394
f 1387 1391 1389
f 1555 1547 1389
f 1394 1555 1389
f 1390 1393 1392
f 1393 1395 1392
f 1393 1554 1395
f 1554 1564 1395
f 1397 1565 1556
f 1556 1566 1397
f 1394 1396 1398
f 1391 1396 1394
f 1567 1555 1394
f 1398 1567 1394
f 1395 1564 1399
f 1564 1572 1399
f 1401 1565 1397
f 1573 1565 1401
f 1574 1397 1566
f 1401 1397 1574
f 1398 1400 1402
f 1396 1400 1398
f 1575 1567 1398
f 1402 1575 1398
f 1399 1572 1403
f 1572 1583 1403
f 1405 1573 1401
f 1584 1573 1405
f 1576 1401 1574
f 1576 1406 1401
f 1406 1405 1401
f 1402 1576 1577
f 1402 1404 1576
f 1402 1400 1404
f 1404 1406 1576
f 1575 1402 1577
f 1585 1410 1407
f 1585 1407 1583
f 1583 1407 1403
f 1585 1588 1410
f 1411 1584 1405
f 1589 1584 1411
f 1406 1412 1405
f 1412 1411 1405
f 1404 1408 1412
f 1406 1404 1412
f 1410 1416 1413
f 1407 1410 1413
f 1592 1410 1588
f 1416 1410 1592
f 1417 1589 1411
f 1593 1589 1417
f 1412 1418 1411
f 1418 1417 1411
f 1408 1409 1419
f 1408 1419 1412
f 1412 1419 1418
f 1409 1414 1419
f 1416 1425 1420
f 1413 1416 1420
f 1600 1416 1592
f 1425 1416 1600
f 1426 1601 1594
f 1594 1602 1426
f 1427 1593 1417
f 1603 1593 1427
f 1418 1428 1417
f 1428 1427 1417
f 1415 1421 1428
f 1415 1428 1419
f 1419 1428 1418
f 1414 1415 1419
f 1420 1425 1422
f 1425 1429 1422
f 1425 1600 1429
f 1600 1613 1429
f 1435 1601 1426
f 1614 1601 1435
f 1604 1426 1602
f 1604 1436 1426
f 1436 1435 1426
f 1604 1615 1436
f 1437 1616 1605
f 1437 1423 1430
f 1437 1605 1423
f 1605 1606 1423
f 1431 1427 1438
f 1431 1606 1427
f 1431 1423 1606
f 1606 1603 1427
f 1424 1432 1438
f 1424 1438 1428
f 1428 1438 1427
f 1421 1424 1428
f 1617 1448 1439
f 1617 1439 1613
f 1613 1439 1429
f 1617 1625 1448
f 1449 1626 1618
f 1449 1619 1450
f 1618 1619 1449
f 1614 1450 1619
f 1435 1450 1614
f 1435 1440 1450
f 1435 1433 1440
f 1434 1433 1435
f 1436 1434 1435
f 1436 1441 1434
f 1436 1615 1441
f 1615 1627 1441
f 1451 1616 1437
f 1628 1616 1451
f 1430 1442 1451
f 1437 1430 1451
f 1438 1452 1443
f 1431 1438 1443
f 1432 1444 1452
f 1438 1432 1452
f 1448 1460 1453
f 1439 1448 1453
f 1635 1448 1625
f 1460 1448 1635
f 1449 1629 1626
f 1445 1454 1636
f 1445 1636 1449
f 1445 1449 1450
f 1449 1636 1629
f 1440 1445 1450
f 1441 1627 1630
f 1446 1441 1630
f 1455 1631 1461
f 1455 1446 1631
f 1446 1630 1631
f 1631 1637 1461
f 1462 1628 1451
f 1638 1628 1462
f 1442 1456 1462
f 1451 1442 1462
f 1443 1452 1447
f 1444 1447 1452
f 1453 1460 1457
f 1460 1463 1457
f 1460 1635 1463
f 1635 1642 1463
f 1454 1464 1636
f 1636 1464 1643
f 1455 1461 1458
f 1465 1639 1469
f 1458 1639 1465
f 1458 1637 1639
f 1458 1461 1637
f 1638 1469 1639
f 1462 1469 1638
f 1462 1466 1469
f 1462 1459 1466
f 1456 1459 1462
f 1463 1642 1470
f 1642 1648 1470
f 1467 1649 1644
f 1471 1649 1467
f 1643 1464 1467
f 1644 1643 1467
f 1465 1469 1468
f 1466 1468 1469
f 1470 1648 1650
f 1472 1470 1650
f 1473 1472 1651
f 1472 1650 1651
f 1474 1473 1652
f 1473 1651 1652
f 1475 1474 1653
f 1474 1652 1653
f 1476 1475 1654
f 1475 1653 1654
f 1649 1471 1476
f 1654 1649 1476
f 1477 1490 1480
f 1477 1481 1490
f 1478 1491 1482
f 1478 1479 1492
f 1491 1478 1492
f 1479 1483 1492
f 1484 1502 1493
f 1484 1480 1490
f 1484 1490 1502
f 1502 1490 1503
f 1481 1485 1504
f 1481 1504 1490
f 1490 1504 1503
f 1485 1486 1505
f 1504 1485 1505
f 1486 1494 1505
f 1487 1506 1495
f 1487 1482 1491
f 1487 1491 1506
f 1506 1491 1507
f 1492 1508 1491
f 1508 1507 1491
f 1483 1488 1509
f 1483 1509 1492
f 1492 1509 1508
f 1488 1489 1510
f 1509 1488 1510
f 1489 1496 1510
f 1497 1516 1511
f 1497 1663 1516
f 1493 1663 1497
f 1493 1657 1663
f 1493 1502 1657
f 1657 1517 1664
f 1657 1502 1517
f 1502 1503 1517
f 1665 1504 1658
f 1665 1517 1504
f 1517 1503 1504
f 1505 1658 1504
f 1659 1658 1505
f 1494 1659 1505
f 1494 1498 1659
f 1498 1660 1659
f 1506 1498 1495
f 1506 1661 1498
f 1661 1660 1498
f 1507 1661 1506
f 1662 1661 1507
f 1662 1518 1666
f 1662 1507 1518
f 1507 1508 1518
f 1509 1519 1508
f 1519 1518 1508
f 1510 1520 1509
f 1520 1519 1509
f 1496 1499 1521
f 1496 1521 1510
f 1510 1521 1520
f 1499 1500 1522
f 1521 1499 1522
f 1500 1501 1523
f 1522 1500 1523
f 1501 1512 1523
f 1516 1667 1680
f 1516 1680 1511
f 1511 1680 1524
f 1663 1667 1516
f 1517 1668 1664
f 1665 1668 1517
f 1518 1669 1666
f 1519 1669 1518
f 1670 1669 1519
f 1520 1670 1519
f 1671 1670 1520
f 1521 1671 1520
f 1672 1671 1521
f 1522 1672 1521
f 1673 1672 1522
f 1673 1531 1681
f 1673 1522 1531
f 1522 1523 1531
f 1512 1513 1532
f 1512 1532 1523
f 1523 1532 1531
f 1513 1514 1533
f 1532 1513 1533
f 1514 1525 1533
f 1515 1534 1526
f 1515 1527 1534
f 1682 1538 1535
f 1682 1535 1680
f 1680 1535 1524
f 1682 1692 1538
f 1539 1681 1531
f 1693 1681 1539
f 1532 1540 1531
f 1540 1539 1531
f 1533 1541 1532
f 1541 1540 1532
f 1525 1528 1542
f 1525 1542 1533
f 1533 1542 1541
f 1528 1526 1534
f 1528 1534 1542
f 1542 1534 1543
f 1527 1529 1544
f 1527 1544 1534
f 1534 1544 1543
f 1529 1530 1545
f 1544 1529 1545
f 1530 1536 1545
f 1535 1538 1537
f 1538 1546 1537
f 1538 1692 1546
f 1692 1699 1546
f 1539 1694 1693
f 1694 1548 1700
f 1694 1539 1548
f 1539 1540 1548
f 1541 1549 1540
f 1549 1548 1540
f 1542 1550 1541
f 1550 1549 1541
f 1543 1551 1542
f 1551 1550 1542
f 1544 1552 1543
f 1552 1551 1543
f 1545 1553 1544
f 1553 1552 1544
f 1536 1547 1553
f 1545 1536 1553
f 1546 1699 1554
f 1699 1708 1554
f 1557 1709 1701
f 1557 1702 1558
f 1701 1702 1557
f 1710 1548 1703
f 1710 1558 1548
f 1700 1548 1702
f 1702 1548 1558
f 1703 1559 1711
f 1703 1548 1559
f 1548 1549 1559
f 1550 1560 1549
f 1560 1559 1549
f 1551 1561 1550
f 1561 1560 1550
f 1552 1562 1551
f 1562 1561 1551
f 1553 1563 1552
f 1563 1562 1552
f 1547 1555 1563
f 1553 1547 1563
f 1554 1708 1564
f 1708 1717 1564
f 1557 1712 1709
f 1558 1712 1557
f 1713 1712 1558
f 1713 1568 1718
f 1713 1558 1568
f 1714 1568 1710
f 1710 1568 1558
f 1719 1559 1715
f 1719 1568 1559
f 1711 1559 1714
f 1714 1559 1568
f 1715 1569 1720
f 1715 1559 1569
f 1559 1560 1569
f 1556 1565 1569
f 1556 1569 1561
f 1561 1569 1560
f 1566 1556 1561
f 1566 1561 1570
f 1570 1561 1562
f 1563 1571 1562
f 1571 1570 1562
f 1555 1567 1571
f 1563 1555 1571
f 1721 1578 1572
f 1721 1572 1717
f 1717 1572 1564
f 1721 1728 1578
f 1579 1718 1568
f 1729 1718 1579
f 1730 1568 1719
f 1579 1568 1730
f 1580 1720 1569
f 1731 1720 1580
f 1565 1573 1580
f 1569 1565 1580
f 1570 1581 1574
f 1566 1570 1574
f 1571 1582 1570
f 1582 1581 1570
f 1567 1575 1582
f 1571 1567 1582
f 1578 1586 1583
f 1572 1578 1583
f 1738 1578 1728
f 1586 1578 1738
f 1579 1732 1729
f 1730 1732 1579
f 1587 1731 1580
f 1739 1731 1587
f 1573 1584 1587
f 1580 1573 1587
f 1574 1581 1576
f 1577 1576 1581
f 1582 1577 1581
f 1575 1577 1582
f 1583 1586 1585
f 1586 1588 1585
f 1586 1738 1588
f 1738 1748 1588
f 1590 1749 1740
f 1739 1590 1740
f 1739 1587 1590
f 1587 1591 1590
f 1584 1589 1591
f 1587 1584 1591
f 1588 1748 1592
f 1748 1759 1592
f 1595 1760 1750
f 1595 1751 1596
f 1750 1751 1595
f 1596 1752 1597
f 1751 1752 1596
f 1752 1761 1597
f 1598 1749 1590
f 1762 1749 1598
f 1591 1599 1590
f 1599 1598 1590
f 1589 1593 1599
f 1591 1589 1599
f 1763 1607 1600
f 1763 1600 1759
f 1759 1600 1592
f 1763 1769 1607
f 1608 1770 1764
f 1760 1608 1764
f 1595 1608 1760
f 1595 1601 1608
f 1595 1594 1601
f 1602 1594 1595
f 1602 1595 1609
f 1609 1595 1596
f 1597 1610 1596
f 1610 1609 1596
f 1771 1597 1761
f 1610 1597 1771
f 1611 1762 1598
f 1772 1762 1611
f 1599 1612 1598
f 1612 1611 1598
f 1593 1603 1612
f 1599 1593 1612
f 1607 1620 1613
f 1600 1607 1613
f 1777 1607 1769
f 1620 1607 1777
f 1621 1778 1773
f 1770 1621 1773
f 1770 1608 1621
f 1608 1622 1621
f 1601 1614 1622
f 1608 1601 1622
f 1602 1609 1604
f 1615 1604 1609
f 1615 1609 1623
f 1623 1609 1610
f 1779 1610 1771
f 1623 1610 1779
f 1624 1780 1774
f 1772 1624 1774
f 1611 1624 1772
f 1611 1616 1624
f 1611 1605 1616
f 1606 1605 1611
f 1612 1606 1611
f 1603 1606 1612
f 1613 1620 1617
f 1620 1625 1617
f 1620 1777 1625
f 1777 1784 1625
f 1618 1778 1621
f 1618 1626 1778
f 1626 1785 1778
f 1619 1618 1621
f 1622 1619 1621
f 1614 1619 1622
f 1623 1632 1627
f 1615 1623 1627
f 1781 1623 1779
f 1781 1633 1623
f 1633 1632 1623
f 1780 1633 1781
f 1780 1624 1633
f 1624 1634 1633
f 1616 1628 1634
f 1624 1616 1634
f 1625 1784 1635
f 1784 1787 1635
f 1640 1626 1629
f 1640 1788 1626
f 1788 1785 1626
f 1629 1636 1640
f 1627 1632 1630
f 1631 1630 1632
f 1633 1631 1632
f 1637 1631 1633
f 1637 1633 1641
f 1641 1633 1634
f 1628 1638 1641
f 1634 1628 1641
f 1789 1645 1642
f 1789 1642 1787
f 1787 1642 1635
f 1789 1794 1645
f 1646 1795 1790
f 1788 1646 1790
f 1788 1640 1646
f 1640 1647 1646
f 1636 1643 1647
f 1640 1636 1647
f 1637 1641 1639
f 1638 1639 1641
f 1645 1655 1648
f 1642 1645 1648
f 1797 1645 1794
f 1655 1645 1797
f 1656 1795 1646
f 1798 1795 1656
f 1644 1649 1656
f 1644 1656 1647
f 1647 1656 1646
f 1643 1644 1647
f 1648 1655 1650
f 1655 1797 1799
f 1655 1799 1650
f 1650 1799 1651
f 1652 1651 1800
f 1651 1799 1800
f 1653 1652 1801
f 1652 1800 1801
f 1798 1656 1654
f 1798 1654 1801
f 1801 1654 1653
f 1649 1654 1656
f 1657 1674 1663
f 1657 1664 1674
f 1658 1675 1665
f 1658 1659 1676
f 1675 1658 1676
f 1659 1660 1677
f 1676 1659 1677
f 1660 1661 1678
f 1677 1660 1678
f 1661 1662 1679
f 1678 1661 1679
f 1662 1666 1679
f 1667 1683 1680
f 1667 1663 1674
f 1667 1674 1683
f 1683 1674 1684
f 1664 1668 1685
f 1664 1685 1674
f 1674 1685 1684
f 1668 1809 1685
f 1665 1809 1668
f 1665 1805 1809
f 1665 1675 1805
f 1676 1805 1675
f 1806 1805 1676
f 1677 1806 1676
f 1807 1806 1677
f 1678 1807 1677
f 1808 1807 1678
f 1808 1686 1810
f 1808 1678 1686
f 1678 1679 1686
f 1666 1669 1687
f 1666 1687 1679
f 1679 1687 1686
f 1669 1670 1688
f 1687 1669 1688
f 1670 1671 1689
f 1688 1670 1689
f 1671 1672 1690
f 1689 1671 1690
f 1672 1673 1691
f 1690 1672 1691
f 1673 1681 1691
f 1680 1683 1682
f 1811 1683 1684
f 1811 1692 1683
f 1811 1819 1692
f 1682 1683 1692
f 1811 1695 1820
f 1811 1684 1695
f 1684 1685 1695
f 1821 1685 1809
f 1695 1685 1821
f 1686 1812 1810
f 1687 1812 1686
f 1813 1812 1687
f 1688 1813 1687
f 1814 1813 1688
f 1814 1696 1822
f 1814 1688 1696
f 1688 1689 1696
f 1690 1697 1689
f 1697 1696 1689
f 1691 1698 1690
f 1698 1697 1690
f 1681 1693 1698
f 1691 1681 1698
f 1692 1819 1699
f 1819 1832 1699
f 1695 1823 1820
f 1821 1823 1695
f 1704 1822 1696
f 1833 1822 1704
f 1697 1705 1696
f 1705 1704 1696
f 1698 1706 1697
f 1706 1705 1697
f 1693 1694 1707
f 1693 1707 1698
f 1698 1707 1706
f 1694 1700 1707
f 1699 1832 1708
f 1832 1842 1708
f 1704 1834 1833
f 1705 1834 1704
f 1835 1834 1705
f 1701 1709 1843
f 1701 1843 1705
f 1701 1705 1706
f 1705 1843 1835
f 1702 1701 1706
f 1707 1702 1706
f 1700 1702 1707
f 1703 1716 1710
f 1703 1711 1716
f 1844 1722 1717
f 1844 1717 1842
f 1842 1717 1708
f 1844 1852 1722
f 1723 1853 1845
f 1723 1846 1724
f 1845 1846 1723
f 1712 1725 1724
f 1712 1724 1843
f 1712 1843 1709
f 1846 1843 1724
f 1712 1713 1726
f 1725 1712 1726
f 1714 1710 1716
f 1718 1726 1713
f 1711 1714 1716
f 1715 1727 1719
f 1715 1720 1727
f 1717 1722 1721
f 1722 1728 1721
f 1722 1852 1728
f 1852 1854 1728
f 1733 1853 1723
f 1855 1853 1733
f 1724 1734 1723
f 1734 1733 1723
f 1725 1735 1724
f 1735 1734 1724
f 1726 1736 1725
f 1736 1735 1725
f 1718 1729 1736
f 1726 1718 1736
f 1727 1737 1730
f 1719 1727 1730
f 1720 1731 1737
f 1727 1720 1737
f 1728 1854 1738
f 1854 1857 1738
f 1741 1858 1856
f 1855 1741 1856
f 1855 1733 1741
f 1733 1742 1741
f 1734 1743 1733
f 1743 1742 1733
f 1735 1744 1734
f 1744 1743 1734
f 1736 1745 1735
f 1745 1744 1735
f 1729 1732 1746
f 1729 1746 1736
f 1736 1746 1745
f 1732 1730 1737
f 1732 1737 1746
f 1746 1737 1747
f 1731 1739 1747
f 1737 1731 1747
f 1738 1857 1748
f 1857 1859 1748
f 1753 1858 1741
f 1860 1858 1753
f 1742 1754 1741
f 1754 1753 1741
f 1743 1755 1742
f 1755 1754 1742
f 1744 1756 1743
f 1756 1755 1743
f 1745 1757 1744
f 1757 1756 1744
f 1746 1758 1745
f 1758 1757 1745
f 1740 1749 1758
f 1740 1758 1747
f 1747 1758 1746
f 1739 1740 1747
f 1861 1765 1759
f 1861 1759 1859
f 1859 1759 1748
f 1861 1864 1765
f 1766 1860 1753
f 1865 1860 1766
f 1750 1760 1766
f 1750 1766 1754
f 1754 1766 1753
f 1751 1750 1754
f 1755 1751 1754
f 1752 1751 1755
f 1756 1752 1755
f 1761 1752 1756
f 1761 1756 1767
f 1767 1756 1757
f 1758 1768 1757
f 1768 1767 1757
f 1749 1762 1768
f 1758 1749 1768
f 1759 1765 1763
f 1765 1769 1763
f 1765 1864 1769
f 1864 1867 1769
f 1764 1865 1766
f 1764 1770 1865
f 1770 1868 1865
f 1760 1764 1766
f 1767 1775 1771
f 1761 1767 1771
f 1768 1776 1767
f 1776 1775 1767
f 1762 1772 1776
f 1768 1762 1776
f 1769 1867 1777
f 1867 1872 1777
f 1782 1873 1869
f 1782 1773 1778
f 1782 1869 1773
f 1869 1870 1773
f 1868 1770 1773
f 1870 1868 1773
f 1775 1783 1779
f 1771 1775 1779
f 1774 1780 1783
f 1774 1783 1776
f 1776 1783 1775
f 1772 1774 1776
f 1777 1872 1784
f 1872 1875 1784
f 1786 1873 1782
f 1876 1873 1786
f 1778 1785 1786
f 1782 1778 1786
f 1779 1783 1781
f 1780 1781 1783
f 1877 1791 1787
f 1877 1787 1875
f 1875 1787 1784
f 1877 1881 1791
f 1792 1882 1878
f 1876 1792 1878
f 1876 1786 1792
f 1786 1793 1792
f 1785 1788 1793
f 1786 1785 1793
f 1787 1791 1789
f 1791 1794 1789
f 1791 1881 1794
f 1881 1885 1794
f 1796 1882 1792
f 1886 1882 1796
f 1790 1795 1796
f 1790 1796 1793
f 1793 1796 1792
f 1788 1790 1793
f 1887 1802 1797
f 1887 1797 1885
f 1885 1797 1794
f 1802 1888 1803
f 1887 1888 1802
f 1886 1803 1888
f 1886 1796 1803
f 1796 1804 1803
f 1795 1798 1804
f 1796 1795 1804
f 1797 1802 1799
f 1800 1799 1802
f 1803 1800 1802
f 1801 1800 1803
f 1804 1801 1803
f 1798 1801 1804
f 1805 1815 1809
f 1805 1806 1816
f 1815 1805 1816
f 1806 1807 1817
f 1816 1806 1817
f 1807 1808 1818
f 1817 1807 1818
f 1808 1810 1818
f 1811 1824 1819
f 1811 1820 1824
f 1815 1825 1821
f 1809 1815 1821
f 1816 1826 1815
f 1826 1825 1815
f 1817 1827 1816
f 1827 1826 1816
f 1818 1828 1817
f 1828 1827 1817
f 1810 1812 1829
f 1810 1829 1818
f 1818 1829 1828
f 1812 1813 1830
f 1829 1812 1830
f 1813 1814 1831
f 1830 1813 1831
f 1814 1822 1831
f 1824 1836 1832
f 1819 1824 1832
f 1820 1836 1824
f 1820 1891 1836
f 1820 1823 1891
f 1891 1894 1836
f 1825 1823 1821
f 1825 1892 1823
f 1892 1891 1823
f 1826 1892 1825
f 1893 1892 1826
f 1893 1837 1895
f 1893 1826 1837
f 1826 1827 1837
f 1828 1838 1827
f 1838 1837 1827
f 1829 1839 1828
f 1839 1838 1828
f 1830 1840 1829
f 1840 1839 1829
f 1831 1841 1830
f 1841 1840 1830
f 1822 1833 1841
f 1831 1822 1841
f 1836 1847 1842
f 1832 1836 1842
f 1902 1836 1894
f 1847 1836 1902
f 1837 1896 1895
f 1838 1896 1837
f 1897 1896 1838
f 1839 1897 1838
f 1898 1897 1839
f 1898 1848 1903
f 1898 1839 1848
f 1839 1840 1848
f 1841 1849 1840
f 1849 1848 1840
f 1833 1834 1850
f 1833 1850 1841
f 1841 1850 1849
f 1834 1835 1851
f 1850 1834 1851
f 1835 1843 1851
f 1842 1847 1844
f 1847 1852 1844
f 1847 1902 1852
f 1902 1912 1852
f 1848 1904 1903
f 1849 1904 1848
f 1905 1904 1849
f 1845 1853 1913
f 1845 1913 1849
f 1845 1849 1850
f 1849 1913 1905
f 1846 1845 1850
f 1851 1846 1850
f 1843 1846 1851
f 1852 1912 1854
f 1912 1922 1854
f 1853 1855 1913
f 1913 1855 1923
f 1854 1922 1857
f 1922 1930 1857
f 1856 1931 1924
f 1858 1931 1856
f 1923 1855 1856
f 1924 1923 1856
f 1932 1862 1859
f 1932 1859 1930
f 1930 1859 1857
f 1932 1935 1862
f 1863 1936 1933
f 1863 1933 1931
f 1863 1931 1860
f 1860 1931 1858
f 1859 1862 1861
f 1862 1864 1861
f 1862 1935 1864
f 1935 1937 1864
f 1866 1936 1863
f 1938 1936 1866
f 1860 1865 1866
f 1863 1860 1866
f 1864 1937 1867
f 1937 1939 1867
f 1871 1938 1866
f 1940 1938 1871
f 1865 1868 1871
f 1866 1865 1871
f 1867 1939 1872
f 1939 1943 1872
f 1874 1944 1941
f 1874 1869 1873
f 1874 1941 1869
f 1941 1942 1869
f 1940 1871 1870
f 1940 1870 1942
f 1942 1870 1869
f 1868 1870 1871
f 1945 1879 1875
f 1945 1875 1943
f 1943 1875 1872
f 1945 1946 1879
f 1880 1944 1874
f 1947 1944 1880
f 1873 1876 1880
f 1874 1873 1880
f 1875 1879 1877
f 1881 1948 1883
f 1877 1948 1881
f 1877 1946 1948
f 1877 1879 1946
f 1883 1949 1884
f 1948 1949 1883
f 1947 1884 1949
f 1880 1884 1947
f 1880 1882 1884
f 1880 1878 1882
f 1876 1878 1880
f 1883 1889 1885
f 1881 1883 1885
f 1884 1890 1883
f 1890 1889 1883
f 1882 1886 1890
f 1884 1882 1890
f 1885 1889 1887
f 1888 1887 1889
f 1890 1888 1889
f 1886 1888 1890
f 1891 1899 1894
f 1891 1892 1900
f 1899 1891 1900
f 1892 1893 1901
f 1900 1892 1901
f 1893 1895 1901
f 1899 1906 1902
f 1894 1899 1902
f 1900 1907 1899
f 1907 1906 1899
f 1901 1908 1900
f 1908 1907 1900
f 1895 1896 1909
f 1895 1909 1901
f 1901 1909 1908
f 1896 1897 1910
f 1909 1896 1910
f 1897 1898 1911
f 1910 1897 1911
f 1898 1903 1911
f 1906 1914 1912
f 1902 1906 1912
f 1907 1915 1906
f 1915 1914 1906
f 1908 1916 1907
f 1916 1915 1907
f 1909 1917 1908
f 1917 1916 1908
f 1910 1918 1909
f 1918 1917 1909
f 1911 1919 1910
f 1919 1918 1910
f 1903 1904 1920
f 1903 1920 1911
f 1911 1920 1919
f 1904 1905 1921
f 1920 1904 1921
f 1905 1913 1921
f 1914 1952 1955
f 1914 1955 1912
f 1912 1955 1922
f 1915 1952 1914
f 1953 1952 1915
f 1916 1953 1915
f 1954 1953 1916
f 1954 1925 1956
f 1954 1916 1925
f 1916 1917 1925
f 1918 1926 1917
f 1926 1925 1917
f 1919 1927 1918
f 1927 1926 1918
f 1920 1928 1919
f 1928 1927 1919
f 1921 1929 1920
f 1929 1928 1920
f 1913 1923 1929
f 1921 1913 1929
f 1922 1955 1930
f 1955 1963 1930
f 1925 1957 1956
f 1926 1957 1925
f 1958 1957 1926
f 1927 1958 1926
f 1959 1958 1927
f 1959 1934 1964
f 1959 1927 1934
f 1927 1928 1934
f 1924 1931 1934
f 1924 1934 1929
f 1929 1934 1928
f 1923 1924 1929
f 1930 1963 1965
f 1932 1930 1965
f 1965 1935 1932
f 1972 1935 1965
f 1933 1964 1934
f 1933 1936 1964
f 1936 1973 1964
f 1931 1933 1934
f 1935 1972 1937
f 1972 1979 1937
f 1936 1938 1973
f 1973 1938 1980
f 1937 1979 1939
f 1979 1986 1939
f 1938 1940 1980
f 1980 1940 1987
f 1939 1986 1943
f 1986 1995 1943
f 1941 1996 1988
f 1944 1996 1941
f 1942 1941 1989
f 1941 1988 1989
f 1987 1940 1942
f 1989 1987 1942
f 1943 1995 1997
f 1945 1943 1997
f 1946 1998 1950
f 1946 1945 1998
f 1945 1997 1998
f 1950 1999 1951
f 1998 1999 1950
f 1951 1999 1996
f 1951 1996 1947
f 1947 1996 1944
f 1946 1950 1948
f 1949 1948 1950
f 1951 1949 1950
f 1947 1949 1951
f 1952 1960 1955
f 1952 1953 1961
f 1960 1952 1961
f 1953 1954 1962
f 1961 1953 1962
f 1954 1956 1962
f 1960 1966 1963
f 1955 1960 1963
f 1961 1967 1960
f 1967 1966 1960
f 1962 1968 1961
f 1968 1967 1961
f 1956 1957 1969
f 1956 1969 1962
f 1962 1969 1968
f 1957 1958 1970
f 1969 1957 1970
f 1958 1959 1971
f 1970 1958 1971
f 1959 1964 1971
f 1963 1966 1965
f 1972 1965 1966
f 1972 1966 1974
f 1974 1966 1967
f 1968 1975 1967
f 1975 1974 1967
f 1969 1976 1968
f 1976 1975 1968
f 1970 1977 1969
f 1977 1976 1969
f 1971 1978 1970
f 1978 1977 1970
f 1964 1973 1978
f 1971 1964 1978
f 1974 1981 1979
f 1972 1974 1979
f 1975 1982 1974
f 1982 1981 1974
f 1976 1983 1975
f 1983 1982 1975
f 1977 1984 1976
f 1984 1983 1976
f 1978 1985 1977
f 1985 1984 1977
f 1973 1980 1985
f 1978 1973 1985
f 1981 1990 1986
f 1979 1981 1986
f 1982 1991 1981
f 1991 1990 1981
f 1983 1992 1982
f 1992 1991 1982
f 1984 1993 1983
f 1993 1992 1983
f 1985 1994 1984
f 1994 1993 1984
f 1980 1987 1994
f 1985 1980 1994
f 1990 2000 1995
f 1986 1990 1995
f 1991 2001 1990
f 2001 2000 1990
f 1992 2002 1991
f 2002 2001 1991
f 1988 1996 2002
f 1988 2002 1993
f 1993 2002 1992
f 1989 1988 1993
f 1994 1989 1993
f 1987 1989 1994
f 1995 2000 1997
f 1998 1997 2000
f 2001 1998 2000
f 1999 1998 2001
f 2002 1999 2001
f 1996 1999 2002
