v -0.003217735 -0.001295356 -0.0004832273
v -0.003225147 -0.001074963 -0.0004705919
v -0.003216106 -0.0009790482 -0.0004619655
v -0.003149823 -0.001356041 -0.0004881845
v -0.003142444 -0.001276981 -0.0004988012
v -0.00318335 -0.001191111 -0.0004901841
v -0.003145071 -0.00109957 -0.0004914359
v -0.003150328 -0.001019823 -0.0004800131
v -0.003157469 -0.0009372107 -0.0004612337
v -0.00306884 -0.001378401 -0.0004862526
v -0.003075536 -0.001306254 -0.0004975532
v -0.003084926 -0.001223118 -0.0004985622
v -0.003097153 -0.001146567 -0.0004954264
v -0.003065483 -0.001060043 -0.0004784297
v -0.003085283 -0.0009657367 -0.0004627365
v -0.003010324 -0.001334278 -0.0004831153
v -0.003008332 -0.001254178 -0.000484585
v -0.003011007 -0.001152166 -0.0004764372
v -0.003269954 -0.00133525 -0.0004578788
v -0.003297422 -0.001072218 -0.0004334598
v -0.003277435 -0.0009974801 -0.0004306228
v -0.003333349 -0.001485406 -0.0003921594
v -0.00335658 -0.001393403 -0.0003874647
v -0.003334659 -0.001301333 -0.0004128488
v -0.003345266 -0.001194502 -0.0004056957
v -0.003223848 -0.001366323 -0.0004717163
v -0.003280931 -0.001284069 -0.0004598532
v -0.003283712 -0.001160567 -0.0004513882
v -0.00325412 -0.000930903 -0.0004290587
v -0.003195535 -0.001414646 -0.0004658122
v -0.003257707 -0.001236254 -0.0004722484
v -0.003211022 -0.0009151946 -0.0004474342
v -0.003268793 -0.001558206 -0.0004007482
v -0.003271204 -0.001489633 -0.0004210236
v -0.003275773 -0.001412667 -0.0004355578
v -0.003305001 -0.00123757 -0.0004457439
v -0.003233857 -0.0008570779 -0.0004031701
v -0.003218245 -0.0007677365 -0.0003566377
v -0.003124278 -0.001432493 -0.0004684272
v -0.003175102 -0.0008765542 -0.000435861
v -0.00316998 -0.001582114 -0.0004042778
v -0.003199116 -0.001488403 -0.000437508
v -0.003164254 -0.0008107721 -0.0003978145
v -0.00314631 -0.0007265662 -0.0003387533
v -0.003053164 -0.001432782 -0.0004649271
v -0.003096427 -0.0008693493 -0.0004238054
v -0.00301401 -0.001392796 -0.0004722228
v -0.00301267 -0.0009849508 -0.0004468406
v -0.003034208 -0.0009233121 -0.0004333817
v -0.00308383 -0.001605907 -0.0003843672
v -0.003085469 -0.001506835 -0.0004307322
v -0.00310365 -0.0007838581 -0.0003775707
v -0.002969 -0.00136621 -0.0004564825
v -0.002967674 -0.001046903 -0.0004360547
v -0.002948779 -0.00129504 -0.0004537435
v -0.002940763 -0.001203656 -0.0004485231
v -0.002935285 -0.001122705 -0.0004353214
v -0.002996491 -0.001549008 -0.0003799973
v -0.002987694 -0.001441082 -0.0004322199
v -0.002964363 -0.0009817587 -0.0004187692
v -0.002977632 -0.000931598 -0.0004044273
v -0.002917708 -0.001467791 -0.000368038
v -0.002907485 -0.001358017 -0.0004008858
v -0.002886115 -0.001243766 -0.0003992867
v -0.002884276 -0.00114685 -0.0003929214
v -0.003390814 -0.001522553 -0.0003520883
v -0.003405479 -0.001434927 -0.0003444134
v -0.003413318 -0.001320662 -0.0003317039
v -0.003394558 -0.001215261 -0.0003432906
v -0.003428881 -0.001965359 -0.000280904
v -0.003443961 -0.001873846 -0.000289512
v -0.003459756 -0.001778294 -0.0002929023
v -0.003468669 -0.001681123 -0.0002922814
v -0.003477515 -0.001590878 -0.0002819455
v -0.003454781 -0.001497566 -0.0002955008
v -0.003459203 -0.001379741 -0.0002837888
v -0.003462455 -0.001297773 -0.0002667051
v -0.003344093 -0.001564681 -0.0003738973
v -0.003380762 -0.001138661 -0.0003549969
v -0.003316145 -0.001624285 -0.0003696435
v -0.003342066 -0.001107691 -0.0003987976
v -0.003333988 -0.001019598 -0.0003840221
v -0.00330819 -0.0009119851 -0.0003609521
v -0.003275208 -0.0008035533 -0.0003363398
v -0.003352827 -0.001992087 -0.0002790701
v -0.003361414 -0.001901756 -0.000298588
v -0.003381418 -0.001805515 -0.0003149758
v -0.003407914 -0.001722272 -0.0003201693
v -0.003400091 -0.001617403 -0.0003331603
v -0.003378747 -0.00106095 -0.0003343525
v -0.003365988 -0.0009746578 -0.0003147013
v -0.003355852 -0.0009068224 -0.0002816687
v -0.003239901 -0.00165117 -0.0003751233
v -0.003253412 -0.0007387914 -0.0003185642
v -0.003212249 -0.0006968925 -0.0002989482
v -0.003296734 -0.002019379 -0.0002627662
v -0.003273775 -0.00193698 -0.0002814097
v -0.0032903 -0.001827294 -0.0003162371
v -0.003322006 -0.001715591 -0.0003429759
v -0.003253853 -0.0007100002 -0.0002889711
v -0.003148952 -0.001668219 -0.0003662566
v -0.003146949 -0.0006537507 -0.0002702799
v -0.003101562 -0.0006809319 -0.0002960058
v -0.003193006 -0.001850564 -0.00029152
v -0.00321548 -0.00174479 -0.0003385537
v -0.003160077 -0.0006217852 -0.0002338026
v -0.003089356 -0.001669177 -0.0003544969
v -0.003070364 -0.0007272532 -0.0003241652
v -0.003029257 -0.001650879 -0.0003354778
v -0.003043653 -0.0008001819 -0.0003649902
v -0.00310691 -0.001747212 -0.0003094535
v -0.003069427 -0.0006814559 -0.0002846332
v -0.002974306 -0.001601008 -0.0003390151
v -0.003011711 -0.0008671252 -0.0003898125
v -0.002924967 -0.001558 -0.0003223939
v -0.002917037 -0.0009641089 -0.0003603586
v -0.002950826 -0.0008716317 -0.0003381131
v -0.002963124 -0.001640169 -0.000291594
v -0.002988206 -0.0008140967 -0.0003348069
v -0.002874481 -0.00148976 -0.0003139515
v -0.002897144 -0.001060437 -0.0003843778
v -0.002845246 -0.001399134 -0.0003130576
v -0.002835178 -0.001280512 -0.0003277184
v -0.002833764 -0.001171293 -0.0003254854
v -0.002846144 -0.001075834 -0.0003221199
v -0.002874437 -0.001537284 -0.0002745775
v -0.002865012 -0.001006111 -0.0003220199
v -0.00386356 -0.004007447 -0.0001611346
v -0.003848294 -0.003967671 -0.0001615705
v -0.003820662 -0.003998304 -0.0001609561
v -0.003711488 -0.002584856 -0.0001809552
v -0.003726762 -0.002489552 -0.0001798974
v -0.003638838 -0.004617896 -0.0001537845
v -0.003657969 -0.002658125 -0.0001815313
v -0.003626839 -0.002578301 -0.0001946769
v -0.003643133 -0.002500579 -0.0001991766
v -0.003666259 -0.002396943 -0.0001961569
v -0.00366013 -0.002279052 -0.0001958051
v -0.003659799 -0.002173999 -0.0001915639
v -0.003654392 -0.002070777 -0.0001853166
v -0.003645946 -0.001964412 -0.0001773015
v -0.003642667 -0.001863802 -0.0001626265
v -0.003487424 -0.002020919 -0.0002613434
v -0.003506761 -0.001939597 -0.0002616617
v -0.003520203 -0.001838108 -0.0002575648
v -0.003525877 -0.001733181 -0.0002517879
v -0.003525499 -0.001630905 -0.0002430796
v -0.003521963 -0.001520187 -0.0002218928
v -0.003501257 -0.001410557 -0.0002222855
v -0.003489879 -0.001319559 -0.0002220134
v -0.003607414 -0.004621116 -0.0001553685
v -0.003563399 -0.002617558 -0.0001832519
v -0.003556761 -0.00252035 -0.0001995445
v -0.003564944 -0.002420827 -0.0002100896
v -0.003573697 -0.002313672 -0.0002171618
v -0.003582082 -0.002207095 -0.0002217792
v -0.00359641 -0.002119697 -0.0002196307
v -0.003570356 -0.002021272 -0.0002294423
v -0.003581868 -0.001903977 -0.0002198151
v -0.00359045 -0.001785801 -0.0001973584
v -0.003573996 -0.001673764 -0.0001952301
v -0.003564565 -0.001580726 -0.000184983
v -0.003561254 -0.001508921 -0.0001580132
v -0.003420566 -0.002052955 -0.0002655167
v -0.003478619 -0.001257478 -0.0002233276
v -0.003446419 -0.001219668 -0.0002596968
v -0.003415709 -0.001117804 -0.0002757395
v -0.003399932 -0.001017442 -0.0002583904
v -0.003383734 -0.0009480336 -0.0002488471
v -0.003498086 -0.00262982 -0.0001611423
v -0.003473828 -0.002550194 -0.0001749037
v -0.003473864 -0.002445905 -0.0001985417
v -0.003477725 -0.002338874 -0.0002153805
v -0.003489431 -0.002229703 -0.0002313714
v -0.003507901 -0.002115506 -0.0002438882
v -0.003474955 -0.001208611 -0.000190749
v -0.003342981 -0.002071239 -0.0002559161
v -0.00336804 -0.00089157 -0.0002076667
v -0.003322918 -0.0008274107 -0.00026129
v -0.003280484 -0.0007454084 -0.0002783123
v -0.003402078 -0.002472685 -0.0001688722
v -0.003381878 -0.002367141 -0.0001849517
v -0.003392445 -0.002251059 -0.0002160337
v -0.003407504 -0.002145528 -0.0002424367
v -0.003291063 -0.002067029 -0.000244582
v -0.003247532 -0.0006867829 -0.000236514
v -0.003234116 -0.002028903 -0.0002283655
v -0.003201126 -0.001935024 -0.000258607
v -0.003193181 -0.0006429282 -0.0002391675
v -0.003312935 -0.002273884 -0.000178341
v -0.003301195 -0.002148641 -0.0002117844
v -0.003163369 -0.001900402 -0.0002562719
v -0.003166027 -0.0006129772 -0.0001946956
v -0.003115837 -0.001857425 -0.0002443383
v -0.003129196 -0.0006158676 -0.0002150378
v -0.003172485 -0.002040858 -0.0001704797
v -0.003154799 -0.001956621 -0.000210306
v -0.003069926 -0.001793409 -0.0002551549
v -0.003080845 -0.0006469399 -0.0002343266
v -0.003015412 -0.001734511 -0.0002474649
v -0.003035399 -0.0006949236 -0.0002648531
v -0.003053777 -0.001829024 -0.0001994051
v -0.00309839 -0.0006134952 -0.0001876352
v -0.00295202 -0.001678371 -0.0002281633
v -0.00300826 -0.0007540468 -0.0003010028
v -0.002906518 -0.001607153 -0.0002410257
v -0.00289162 -0.0008738727 -0.0002564808
v -0.002949056 -0.0007894681 -0.0002564124
v -0.002968669 -0.001726727 -0.0001797312
v -0.002988615 -0.0007216051 -0.0002361219
v -0.002854453 -0.001543388 -0.0002076954
v -0.002864276 -0.0009468644 -0.0002821658
v -0.002836253 -0.0014749 -0.0002547951
v -0.002795378 -0.001397885 -0.0002253607
v -0.002789689 -0.00130946 -0.0002494104
v -0.00278365 -0.001193671 -0.0002361001
v -0.00280231 -0.0010856 -0.0002381732
v -0.002829327 -0.0009877346 -0.0002395995
v -0.00284795 -0.0009113393 -0.0002188094
v -0.002769968 -0.001392148 -0.0001641876
v -0.002760482 -0.001330038 -0.0001799874
v -0.00275391 -0.001245388 -0.0001783887
v -0.004026336 -0.004096903 -0.00007391385
v -0.004034366 -0.003990638 -0.00007770626
v -0.004039349 -0.003887354 -0.00007581469
v -0.004045447 -0.003792967 -0.00007343756
v -0.004024997 -0.003399432 -0.00006801464
v -0.003895893 -0.004036325 -0.0001496668
v -0.003899736 -0.00398572 -0.0001504238
v -0.003963855 -0.00418175 -0.00009553185
v -0.003966646 -0.004106088 -0.0001114983
v -0.003956981 -0.004036766 -0.0001224046
v -0.003945723 -0.003929656 -0.0001221066
v -0.003954158 -0.003816462 -0.0001073323
v -0.003975297 -0.00370394 -0.00009409097
v -0.003964145 -0.003587331 -0.00009218662
v -0.003965949 -0.00347675 -0.00008938447
v -0.003936378 -0.003378145 -0.00009645681
v -0.003961323 -0.003292148 -0.00008776876
v -0.003952243 -0.003177201 -0.00008759792
v -0.003950829 -0.00307123 -0.00008566331
v -0.003952999 -0.00296767 -0.00008230004
v -0.003956381 -0.002866024 -0.00007561277
v -0.00395511 -0.002769289 -0.00006861412
v -0.003945933 -0.002681364 -0.00006356131
v -0.003845037 -0.004046175 -0.0001527406
v -0.003872712 -0.003931939 -0.0001498247
v -0.003823161 -0.003924603 -0.0001530506
v -0.00378543 -0.002632752 -0.000153867
v -0.003792075 -0.002548272 -0.0001499203
v -0.003827141 -0.004488871 -0.00008810435
v -0.003854986 -0.004381139 -0.00009193578
v -0.003883522 -0.0042706 -0.0001006442
v -0.003866914 -0.004174743 -0.0001198157
v -0.00390129 -0.004099517 -0.0001317144
v -0.003838348 -0.003851493 -0.000132348
v -0.003862093 -0.003728496 -0.0001153802
v -0.003870285 -0.003617424 -0.0001074617
v -0.003869297 -0.003509684 -0.0001046804
v -0.003863016 -0.003407056 -0.0001052564
v -0.003860271 -0.003309205 -0.0001057129
v -0.003862352 -0.00320844 -0.0001057177
v -0.003863595 -0.003103894 -0.0001078187
v -0.003869548 -0.003001349 -0.0001103288
v -0.00387978 -0.002903203 -0.0001112594
v -0.003886688 -0.002807738 -0.0001100461
v -0.003896066 -0.002723693 -0.0001021704
v -0.003871947 -0.002618121 -0.0001028147
v -0.003850947 -0.002478911 -0.00009957672
v -0.003853079 -0.002370459 -0.00007597025
v -0.003787831 -0.004027842 -0.0001474295
v -0.003803282 -0.003957453 -0.0001577186
v -0.003735514 -0.002668409 -0.0001695639
v -0.003786609 -0.002469601 -0.0001513733
v -0.003673941 -0.004629331 -0.000142172
v -0.003773441 -0.003981645 -0.0001489963
v -0.003711687 -0.002722354 -0.0001649238
v -0.003746295 -0.002420931 -0.0001698178
v -0.003737404 -0.002338289 -0.0001635363
v -0.00373076 -0.002231967 -0.0001532967
v -0.003722174 -0.002124516 -0.000142375
v -0.003716436 -0.002012295 -0.0001200624
v -0.003692277 -0.001908456 -0.0001144663
v -0.003758142 -0.004701177 -0.00008759312
v -0.003744726 -0.004596437 -0.0001097355
v -0.003728475 -0.004493971 -0.000115578
v -0.003754368 -0.004409668 -0.0001087749
v -0.003775051 -0.00431157 -0.0001085055
v -0.003780329 -0.004209645 -0.0001134128
v -0.003793446 -0.004101966 -0.0001296926
v -0.003751752 -0.003916053 -0.0001341499
v -0.003734812 -0.003824187 -0.0001185338
v -0.003758985 -0.003743585 -0.0001136602
v -0.003772162 -0.003641247 -0.0001063866
v -0.003776712 -0.003537221 -0.0001023272
v -0.00377552 -0.003434759 -0.0001014136
v -0.003771801 -0.00333415 -0.0001021577
v -0.003767871 -0.003232156 -0.0001034579
v -0.003768843 -0.003128336 -0.0001078173
v -0.003775994 -0.003024901 -0.000116008
v -0.003788739 -0.002922124 -0.0001259314
v -0.003813734 -0.002837976 -0.0001309269
v -0.003802792 -0.002730616 -0.0001397024
v -0.003800024 -0.002396979 -0.0001321496
v -0.003803964 -0.002290688 -0.0001036256
v -0.003783431 -0.002176136 -0.00009331014
v -0.003769092 -0.002077718 -0.00008136865
v -0.003763802 -0.002006516 -0.00006079124
v -0.003630403 -0.004649912 -0.0001489655
v -0.003665313 -0.004594086 -0.0001428308
v -0.003653835 -0.002729377 -0.0001661813
v -0.003677503 -0.001835957 -0.0001089842
v -0.003600918 -0.00269025 -0.0001720144
v -0.003647868 -0.001781601 -0.0001259471
v -0.003618744 -0.001699385 -0.0001311707
v -0.003597766 -0.001611144 -0.0001327952
v -0.00358351 -0.001544423 -0.0001321061
v -0.003637504 -0.004878766 -0.00008827839
v -0.003681956 -0.004770757 -0.00009952429
v -0.003682718 -0.004677495 -0.0001258129
v -0.003649404 -0.004532064 -0.0001299755
v -0.003657375 -0.004435592 -0.0001139185
v -0.00367237 -0.004338462 -0.0001026257
v -0.00369599 -0.004250765 -0.0001015939
v -0.003662503 -0.004139272 -0.00008754988
v -0.003708181 -0.004008619 -0.0001154636
v -0.003682856 -0.003928464 -0.0001077305
v -0.003663571 -0.003855844 -0.00009438988
v -0.003673634 -0.003759371 -0.00009163174
v -0.003684686 -0.003664983 -0.00008689814
v -0.00369127 -0.003565245 -0.00008291408
v -0.003693172 -0.003464396 -0.00008132075
v -0.003691242 -0.003364118 -0.0000816852
v -0.003685464 -0.003263068 -0.00008278208
v -0.003671117 -0.003151322 -0.0000832092
v -0.003683294 -0.003045773 -0.00009775661
v -0.003689258 -0.002938844 -0.0001141887
v -0.003705114 -0.002812837 -0.0001408847
v -0.003679122 -0.001788447 -0.00007498857
v -0.00358209 -0.004640621 -0.0001473304
v -0.003614373 -0.004586516 -0.0001486618
v -0.003539324 -0.002684131 -0.0001560406
v -0.003574553 -0.001483798 -0.00009502996
v -0.003572436 -0.004603459 -0.0001463235
v -0.00354075 -0.001425558 -0.0001389131
v -0.003514035 -0.001330114 -0.000153551
v -0.003494937 -0.001256793 -0.0001690057
v -0.00355452 -0.004969815 -0.00009097498
v -0.003543197 -0.004879661 -0.0001122057
v -0.003572314 -0.004800298 -0.0001178091
v -0.003593463 -0.004700767 -0.0001320169
v -0.003554347 -0.004544289 -0.0001263702
v -0.003578985 -0.004467756 -0.0001117449
v -0.003561076 -0.004369679 -0.0000815923
v -0.003593023 -0.004251364 -0.00006975779
v -0.003610551 -0.004037651 -0.00005920427
v -0.003621965 -0.003934942 -0.00006625136
v -0.003608036 -0.003061756 -0.00006002873
v -0.003606949 -0.00296804 -0.00007565508
v -0.003589991 -0.00285153 -0.00009921562
v -0.003596371 -0.002752436 -0.0001443669
v -0.003490867 -0.002669068 -0.0001401501
v -0.003480949 -0.001192414 -0.0001250323
v -0.003438459 -0.002620131 -0.0001194748
v -0.00340529 -0.002535971 -0.0001476084
v -0.003450318 -0.001134949 -0.000173384
v -0.003422528 -0.001053168 -0.0001940188
v -0.003400027 -0.0009689116 -0.0001742662
v -0.003468832 -0.005062282 -0.00008957246
v -0.003446644 -0.004982011 -0.0001088519
v -0.003463622 -0.004908076 -0.0001134978
v -0.003477327 -0.004822886 -0.0001180819
v -0.003491626 -0.004729697 -0.000118881
v -0.003509556 -0.004620761 -0.0001219973
v -0.003487517 -0.004540762 -0.0001048695
v -0.00348106 -0.004459889 -0.00007860837
v -0.003502427 -0.002735108 -0.00009972363
v -0.003370737 -0.002495819 -0.0001420038
v -0.003375413 -0.0009022841 -0.000132169
v -0.003331542 -0.002435161 -0.0001260043
v -0.003308991 -0.002348147 -0.000150671
v -0.003335718 -0.000823624 -0.0001425795
v -0.003294096 -0.0007442583 -0.0001979862
v -0.003344278 -0.005116345 -0.00009839
v -0.00336557 -0.005019932 -0.0001077938
v -0.003369558 -0.004933522 -0.00010698
v -0.003383 -0.004842307 -0.0001023875
v -0.003410157 -0.004762186 -0.0001031653
v -0.003393612 -0.004661796 -0.00008120647
v -0.003418314 -0.004542327 -0.00006916236
v -0.003383703 -0.002605401 -0.00005570652
v -0.0033639 -0.002533928 -0.00009966442
v -0.003392543 -0.0009538734 -0.00009307872
v -0.003270485 -0.002300455 -0.000135196
v -0.003254815 -0.0006846614 -0.0001495188
v -0.003248506 -0.002224784 -0.0001413119
v -0.003206061 -0.002123858 -0.0001493587
v -0.003209721 -0.0006397672 -0.0001755283
v -0.003247763 -0.005196287 -0.00009688948
v -0.003242736 -0.00511211 -0.0001052976
v -0.003266544 -0.005042558 -0.0001014675
v -0.003288079 -0.004967517 -0.00009680884
v -0.003268362 -0.004868888 -0.00006904639
v -0.003315083 -0.004748846 -0.00006229305
v -0.003281614 -0.002413982 -0.00006654213
v -0.003273475 -0.002359626 -0.0001031093
v -0.003156747 -0.002078739 -0.0001164323
v -0.003171164 -0.0006149034 -0.0001388321
v -0.0031294 -0.002010093 -0.0001281606
v -0.003089828 -0.001917327 -0.0001542118
v -0.003162805 -0.005263168 -0.00008856932
v -0.003151484 -0.005193987 -0.00009999269
v -0.003166519 -0.005131631 -0.00009836545
v -0.00318438 -0.005063874 -0.00009304239
v -0.003171255 -0.004966355 -0.00006186449
v -0.003164764 -0.002131087 -0.00008282976
v -0.003044476 -0.001864499 -0.0001285201
v -0.003123852 -0.0006048583 -0.0001518905
v -0.00300592 -0.001794767 -0.0001417973
v -0.00306557 -0.0006261505 -0.0001435727
v -0.003074598 -0.005280892 -0.00008406285
v -0.003083616 -0.005215258 -0.00009025449
v -0.003096548 -0.005152264 -0.00008932909
v -0.00307724 -0.005062923 -0.00006064265
v -0.003060667 -0.001911609 -0.00008229471
v -0.002961587 -0.001740338 -0.0001064298
v -0.003017423 -0.0006731797 -0.0001880984
v -0.002924211 -0.001670487 -0.0001571243
v -0.00288148 -0.00160321 -0.0001677487
v -0.002896494 -0.0007946894 -0.000153618
v -0.002958111 -0.0007238777 -0.0001619483
v -0.003012078 -0.00523689 -0.00007608552
v -0.003009533 -0.005152908 -0.00006128506
v -0.002850308 -0.001553698 -0.0001221764
v -0.002857457 -0.0008590335 -0.0001748044
v -0.002805715 -0.001464381 -0.0001555691
v -0.002762703 -0.001094593 -0.0001441049
v -0.002793779 -0.0009995765 -0.0001417868
v -0.00282802 -0.0009043971 -0.0001376919
v -0.00285519 -0.0008325702 -0.0001124744
v -0.002768141 -0.001403764 -0.0001185774
v -0.002749292 -0.001170127 -0.0001571719
v -0.002750627 -0.001348502 -0.0001196249
v -0.002740619 -0.001273444 -0.0001156483
v -0.002736328 -0.001192604 -0.0001089287
v -0.002757983 -0.001372038 -0.00007437647
v -0.002739672 -0.001130936 -0.0001056735
v -0.004092603 -0.00412862 0.000003180218
v -0.004088852 -0.004037922 -0.00002724381
v -0.004113539 -0.003941358 -0.00001544744
v -0.004109635 -0.003840585 -0.00003107824
v -0.004098468 -0.003458044 -0.00002774047
v -0.004162364 -0.003862993 0.00002896061
v -0.004153533 -0.003771204 0.00001112845
v -0.00415905 -0.003680873 0.00001869575
v -0.004148078 -0.003304901 0.00003299091
v -0.004039282 -0.004177952 -0.00005126139
v -0.004102539 -0.0037702 -0.00004122802
v -0.004048555 -0.003487495 -0.00006117957
v -0.004098038 -0.00336746 -0.0000236456
v -0.004017636 -0.004236034 -0.00005757551
v -0.004061689 -0.003726962 -0.00006487095
v -0.004049045 -0.003651355 -0.00006526279
v -0.00404273 -0.003559957 -0.00006481699
v -0.004045472 -0.003319998 -0.00005704745
v -0.004034145 -0.003238061 -0.00005602447
v -0.004029252 -0.00313432 -0.00004927198
v -0.004023636 -0.003026386 -0.00004398429
v -0.004021042 -0.002921812 -0.00003543569
v -0.004021591 -0.002813073 -0.00001578381
v -0.00399875 -0.00271357 -0.00001514465
v -0.004067144 -0.004312631 0.00003125186
v -0.004063933 -0.004231699 -0.000009101413
v -0.004112334 -0.003705096 -0.0000303318
v -0.004114552 -0.003612782 -0.00002183734
v -0.004094315 -0.003532043 -0.00003538066
v -0.004090743 -0.003288747 -0.00002504467
v -0.004103976 -0.003198617 0.000001320125
v -0.004087647 -0.003077483 0.000006347964
v -0.00407573 -0.002970933 0.00001097339
v -0.004069137 -0.002876289 0.00002065883
v -0.004067895 -0.002806028 0.00003946913
v -0.003971677 -0.004270744 -0.00007500694
v -0.003980571 -0.002644998 -0.00001822269
v -0.003896667 -0.004509547 -0.00005103051
v -0.003920212 -0.004444465 -0.0000521921
v -0.003948153 -0.004347747 -0.00006331558
v -0.003945061 -0.002610559 -0.00004577056
v -0.003925913 -0.002522781 -0.0000284852
v -0.003897746 -0.002413547 -0.00002459897
v -0.003954608 -0.004522792 0.000006000145
v -0.00400841 -0.004399393 6.523833e-7
v -0.004019185 -0.004302771 -0.00003308657
v -0.003975558 -0.002581641 0.000005810336
v -0.003966403 -0.002518207 0.00003688271
v -0.003863861 -0.004570312 -0.00005323681
v -0.00388327 -0.002338246 -0.00002328572
v -0.003809436 -0.004716456 -0.00005260423
v -0.003827171 -0.004659288 -0.0000540585
v -0.003856394 -0.002298203 -0.00004869116
v -0.003839874 -0.002215437 -0.00002847811
v -0.003811617 -0.002116496 -0.0000263501
v -0.003792919 -0.002036744 -0.00002150175
v -0.003853535 -0.004724298 0.000002155968
v -0.003902762 -0.004626795 0.000002773018
v -0.003879215 -0.002275733 0.000004238069
v -0.003870108 -0.002216555 0.00003521276
v -0.003777424 -0.004766118 -0.00005309823
v -0.003777029 -0.001979662 -0.00001686359
v -0.003696842 -0.004901842 -0.00005202107
v -0.003728253 -0.004845022 -0.00005285073
v -0.003742148 -0.00193631 -0.00004601034
v -0.003706578 -0.001841901 -0.0000438663
v -0.003742235 -0.004911192 0.000005510266
v -0.003801506 -0.004815054 -5.519222e-7
v -0.003769532 -0.001941377 0.00001546775
v -0.003657196 -0.004953554 -0.00005229418
v -0.00368734 -0.001771065 -0.00002473009
v -0.003616847 -0.005005616 -0.00005574699
v -0.003582357 -0.004097824 -0.00004511279
v -0.00360976 -0.00378257 -0.0000563824
v -0.003615725 -0.003694248 -0.00005197734
v -0.003620934 -0.003597815 -0.00004783606
v -0.003623952 -0.003498506 -0.00004574245
v -0.003624214 -0.003399001 -0.00004571609
v -0.003621267 -0.003300485 -0.00004697886
v -0.003613776 -0.003204994 -0.00004847509
v -0.003599688 -0.003129305 -0.00004719706
v -0.003656653 -0.001719693 -0.00005267078
v -0.003623449 -0.001628973 -0.00005749445
v -0.003598872 -0.001548308 -0.00007267382
v -0.003662138 -0.005025468 -1.694629e-7
v -0.003674547 -0.001728819 0.00001686805
v -0.003571564 -0.005054257 -0.00005662514
v -0.003554842 -0.004153296 -0.0000269984
v -0.003557997 -0.004060408 -0.0000175628
v -0.003600539 -0.003851616 -0.00005228347
v -0.003567311 -0.003082896 -0.00001868504
v -0.00358247 -0.001481951 -0.0000165019
v -0.003521571 -0.005105798 -0.00005915429
v -0.003505342 -0.004288639 -0.00003481904
v -0.003518347 -0.004223614 -0.00002137031
v -0.003556863 -0.00398466 0.000002077718
v -0.003566072 -0.003880393 -0.000006873075
v -0.003551162 -0.002997576 -0.00001262835
v -0.003547189 -0.002910727 -0.00004512006
v -0.003508541 -0.002832866 -0.00004291122
v -0.003554865 -0.001411872 -0.00004081472
v -0.003526701 -0.001333238 -0.00006711104
v -0.003503435 -0.001255674 -0.00009479441
v -0.00357402 -0.005128172 -0.000007604217
v -0.003548307 -0.004098631 -0.00001435386
v -0.003571637 -0.003808478 -0.00001810154
v -0.003569816 -0.00373361 -0.000006626431
v -0.003571708 -0.003637807 -3.897507e-7
v -0.003573958 -0.003538674 0.000002623556
v -0.003575309 -0.003439149 0.000003323041
v -0.003574953 -0.003340302 0.000002387031
v -0.003572124 -0.003243415 1.246956e-7
v -0.003567057 -0.003152804 -0.000004726015
v -0.003452195 -0.005159852 -0.00005711327
v -0.003457568 -0.004354321 -0.00002531477
v -0.003464808 -0.002769205 -0.00002644755
v -0.003478697 -0.001190111 -0.00004551487
v -0.003417182 -0.004412745 -0.00002866661
v -0.003425187 -0.00268631 -0.00002968842
v -0.003457217 -0.001133616 -0.00008118188
v -0.003422165 -0.001044082 -0.00008887922
v -0.003492003 -0.00522558 0.00001743101
v -0.003458205 -0.00429523 -0.000001686649
v -0.003469003 -0.004250263 0.00001269807
v -0.003472936 -0.002821581 0.00001177731
v -0.00335026 -0.005199203 -0.00007912386
v -0.00340458 -0.004463032 -0.00004059259
v -0.003374911 -0.002620958 0.00001248533
v -0.003387142 -0.0009774917 -0.00003191656
v -0.003307095 -0.005252446 -0.00007106753
v -0.003326906 -0.004575907 -0.0000167769
v -0.003356151 -0.004487361 -0.000004478548
v -0.003342975 -0.002552422 -0.00001903368
v -0.003311575 -0.002477894 -0.00004878352
v -0.003354844 -0.0008956891 -0.00004933527
v -0.003307268 -0.0008024682 -0.00004455804
v -0.003288384 -0.0007395412 -0.0001082106
v -0.003395972 -0.005315003 0.00003356636
v -0.00338545 -0.005250073 -0.00003755381
v -0.003377165 -0.004428587 -0.000001156218
v -0.003399842 -0.001032715 0.000002496409
v -0.003245333 -0.005275049 -0.00007637215
v -0.003308135 -0.004656024 -0.00003555626
v -0.003273204 -0.002425702 -0.000002014478
v -0.003254799 -0.0006941417 -0.00009155952
v -0.003205932 -0.005321894 -0.00006011449
v -0.00321158 -0.004769265 -0.000004323214
v -0.003252812 -0.004682476 6.544657e-7
v -0.003247305 -0.002359261 -0.00003498178
v -0.003234964 -0.002290158 -0.00008098078
v -0.003194089 -0.002204526 -0.00006929124
v -0.003205544 -0.0006550374 -0.00008529486
v -0.003305977 -0.005381948 0.00003521613
v -0.003293945 -0.005318434 -0.00003213915
v -0.003274963 -0.00461822 0.00000586084
v -0.00327563 -0.0007956128 0.00001866252
v -0.003252055 -0.0007303727 -0.00003079616
v -0.003126605 -0.005332876 -0.0000644208
v -0.003152724 -0.004851285 -0.000003149981
v -0.003158226 -0.002158232 -0.00003176512
v -0.003141994 -0.0006157181 -0.00008768067
v -0.003095942 -0.00491153 -0.000007449128
v -0.003132212 -0.002077851 -0.00003690649
v -0.003093235 -0.001977321 -0.00006216996
v -0.003192896 -0.005394401 -0.000008099769
v -0.003157964 -0.004789867 0.00002608576
v -0.003172876 -0.002206503 -2.438388e-7
v -0.003150927 -0.0006436488 -0.00003218445
v -0.003051477 -0.005327246 -0.0000692461
v -0.003050859 -0.004962875 -0.000009835322
v -0.00306476 -0.001928359 -0.000006311223
v -0.003096704 -0.0006108464 -0.00009526005
v -0.00301435 -0.005291188 -0.00007517431
v -0.002997931 -0.005012124 -0.000008736291
v -0.003027998 -0.001855448 -0.00005112203
v -0.002990726 -0.001791083 -0.0000609328
v -0.003058237 -0.0006319982 -0.00006805646
v -0.003084806 -0.005463706 0.00001804133
v -0.003068114 -0.005381849 -0.00003852814
v -0.003053972 -0.00491369 0.00001453962
v -0.003099989 -0.0006308752 -0.00003835684
v -0.002964144 -0.005267458 -0.00006142962
v -0.002958906 -0.005065257 -0.000009399434
v -0.002966105 -0.001746655 -0.00002655268
v -0.003001416 -0.000671268 -0.00008567356
v -0.002937108 -0.00520529 -0.00004343177
v -0.00291909 -0.005133729 -0.00001387658
v -0.002931133 -0.001689709 -0.00006299933
v -0.002891274 -0.001623695 -0.00009251554
v -0.00292906 -0.0007333641 -0.00005942078
v -0.002967892 -0.005494744 0.00002031223
v -0.002974251 -0.005413384 -0.00001929619
v -0.002976071 -0.005330867 -0.00005106378
v -0.002955456 -0.005013053 0.000014507
v -0.00286677 -0.001568796 -0.00003831785
v -0.002879115 -0.0007897812 -0.00006661439
v -0.002827113 -0.001496449 -0.00005617355
v -0.002787032 -0.001424919 -0.00006464184
v -0.002767956 -0.001019485 -0.00004963039
v -0.002809539 -0.000929332 -0.00004272695
v -0.002847967 -0.0008441755 -0.00004439577
v -0.002855433 -0.005518756 0.00001989055
v -0.002872733 -0.005435137 -0.000005815163
v -0.002877668 -0.005349857 -0.00001895052
v -0.002892124 -0.005266884 -0.00002770812
v -0.00284449 -0.005176126 0.0000176821
v -0.002770743 -0.001365165 -0.00001456087
v -0.002744206 -0.001082996 -0.00007204765
v -0.002745446 -0.001304137 -0.00004835697
v -0.002735917 -0.0012149 -0.00004582443
v -0.002736265 -0.0011284 -0.00004324147
v -0.002783928 -0.005568877 0.0000349751
v -0.00276119 -0.005503269 0.00001042996
v -0.002775594 -0.005443424 0.000005221711
v -0.002792903 -0.005373395 0.000002338454
v -0.002771562 -0.005271552 0.00002934959
v -0.002745629 -0.001063158 -0.00002283941
v -0.002696243 -0.005581737 0.00004089438
v -0.002695245 -0.005516571 0.000020129
v -0.00270307 -0.005455838 0.00001416557
v -0.00268137 -0.00536522 0.00003808686
v -0.002621987 -0.005530686 0.00003315148
v -0.002615503 -0.005447782 0.00003797048
v -0.002271481 -0.005625507 0.00005254186
v -0.004190508 -0.003874399 0.00009244859
v -0.004190443 -0.003799012 0.00007709513
v -0.004187552 -0.003717005 0.00007074273
v -0.004182664 -0.003323275 0.0001052518
v -0.004166201 -0.003931616 0.00005073343
v -0.004184033 -0.003648454 0.00006486582
v -0.004172904 -0.0033634 0.00005928581
v -0.004176967 -0.003250003 0.00008875728
v -0.004096047 -0.004326934 0.0001080664
v -0.004105041 -0.00421455 0.00007609883
v -0.004130919 -0.004103696 0.00008464245
v -0.004140577 -0.004017866 0.00004733016
v -0.00416339 -0.003612064 0.00002896613
v -0.004146236 -0.003528989 0.00001586227
v -0.004152315 -0.003416848 0.00002821043
v -0.004156567 -0.003211772 0.00005742015
v -0.004143025 -0.00311721 0.00007168104
v -0.004117847 -0.003005372 0.0000701425
v -0.004102473 -0.002910973 0.00006873872
v -0.004091869 -0.002833973 0.00007405902
v -0.004182423 -0.003574772 0.00007645496
v -0.004179349 -0.003477656 0.00008013667
v -0.004181435 -0.003400006 0.00008185788
v -0.00417613 -0.003178676 0.0001075661
v -0.004168982 -0.003112821 0.0001311898
v -0.00406543 -0.004383269 0.00006268968
v -0.004079616 -0.00277703 0.00007910736
v -0.004000518 -0.004547049 0.00009175744
v -0.00403805 -0.00446034 0.0000766239
v -0.004046975 -0.002734262 0.00005113551
v -0.004010298 -0.002637045 0.00004693065
v -0.003990961 -0.002558737 0.0000620932
v -0.004079262 -0.004402176 0.0001075202
v -0.004070358 -0.002735147 0.0001079727
v -0.003957429 -0.004597501 0.00005614401
v -0.003972724 -0.002496925 0.00009976785
v -0.003886183 -0.004733934 0.00007446508
v -0.003924783 -0.004665077 0.00007782249
v -0.003937748 -0.002435673 0.000055092
v -0.003905652 -0.002333855 0.00004239988
v -0.003889973 -0.00225801 0.00005905105
v -0.003973627 -0.004606702 0.0001106527
v -0.003851577 -0.004780966 0.00004861537
v -0.003873218 -0.002202315 0.00009359977
v -0.003785502 -0.00490273 0.0001006896
v -0.003819179 -0.004837971 0.00006839621
v -0.003842264 -0.002140227 0.00005073503
v -0.003814741 -0.002063259 0.00003058224
v -0.003793425 -0.001992385 0.00004066682
v -0.003736534 -0.004972902 0.000064801
v -0.003771777 -0.001935487 0.00006573609
v -0.003701275 -0.005042871 0.0000975856
v -0.003739245 -0.001879452 0.00004043688
v -0.003699517 -0.001787361 0.00004246908
v -0.003784225 -0.001969055 0.0001012992
v -0.003646347 -0.005097672 0.00004194219
v -0.003670913 -0.001725251 0.00007554732
v -0.003617863 -0.00513858 0.00004265155
v -0.003638122 -0.001652067 0.00004747548
v -0.003606823 -0.001555786 0.000009630204
v -0.003643004 -0.005129938 0.000100514
v -0.003682781 -0.001760167 0.000110683
v -0.00358227 -0.005179379 0.0000554797
v -0.003577345 -0.001486536 0.00006269076
v -0.003540622 -0.005230654 0.00008378352
v -0.003518674 -0.00408454 0.00004489442
v -0.00352639 -0.00399081 0.00007437162
v -0.003538569 -0.003907622 0.00006335647
v -0.003546985 -0.003799515 0.0000466854
v -0.003546728 -0.003687794 0.00005621394
v -0.003547452 -0.003585591 0.0000600083
v -0.00354859 -0.003485144 0.00006145459
v -0.003549526 -0.00338537 0.00006142649
v -0.003549286 -0.003286162 0.00006027121
v -0.003546926 -0.003186887 0.00005737577
v -0.003541571 -0.003079129 0.00004772983
v -0.003522397 -0.002982634 0.000061425
v -0.003505839 -0.002900107 0.00002158649
v -0.003557069 -0.001425815 0.00003542286
v -0.003521689 -0.001342798 0.00003485877
v -0.003499381 -0.001257016 -0.00001314831
v -0.003590785 -0.005194392 0.0001244803
v -0.003480224 -0.005280969 0.00008876194
v -0.003491608 -0.004182633 0.00002824502
v -0.003472273 -0.002837586 0.00007268973
v -0.00347364 -0.001200528 0.00001003551
v -0.003422222 -0.005336583 0.0001130883
v -0.003421172 -0.00429955 0.00005131693
v -0.003450202 -0.004227649 0.00006762471
v -0.003442557 -0.002759817 0.00004443523
v -0.003406776 -0.002676386 0.00006227205
v -0.003433304 -0.001125675 0.00001678868
v -0.003489147 -0.001329167 0.0001151772
v -0.003467443 -0.001243523 0.00006825048
v -0.00336565 -0.005373145 0.00008297564
v -0.003392746 -0.004374983 0.00002083135
v -0.003376759 -0.002619147 0.00007819586
v -0.003391872 -0.001052323 0.00004481592
v -0.003314135 -0.005419141 0.0001017044
v -0.003299359 -0.004510535 0.00005783254
v -0.003345039 -0.004424051 0.00006155677
v -0.003346888 -0.002568419 0.00005538985
v -0.003310123 -0.002490227 0.00004279814
v -0.003345431 -0.0009757016 0.00005238502
v -0.003307509 -0.0008601682 0.00002552488
v -0.003373717 -0.004354011 0.0000793937
v -0.003366346 -0.002583854 0.0001113558
v -0.003374119 -0.001081494 0.00008990422
v -0.003253396 -0.005434574 0.0000591394
v -0.003274282 -0.004572022 0.00003582921
v -0.003276644 -0.002424493 0.00006497589
v -0.003270808 -0.0008265608 0.00005543866
v -0.003195026 -0.0046955 0.00006156372
v -0.00323821 -0.004616031 0.00006210946
v -0.003246125 -0.002369648 0.00004025955
v -0.003209178 -0.002279656 0.00001423536
v -0.003219167 -0.0007800218 0.00006276822
v -0.003184552 -0.0006931897 0.000005650773
v -0.003259064 -0.004554257 0.00008060959
v -0.003265016 -0.002385416 0.00009960272
v -0.003281945 -0.0009683543 0.0001237891
v -0.003265266 -0.0008825168 0.0000920544
v -0.003186568 -0.005471534 0.00005962446
v -0.003163432 -0.004753575 0.00004755995
v -0.003177049 -0.002217558 0.00005081494
v -0.003116904 -0.0006736336 0.00002135886
v -0.003132755 -0.005511672 0.00007488726
v -0.003118473 -0.004789371 0.00007921192
v -0.003152383 -0.002155725 0.0000340257
v -0.003133486 -0.002087078 0.00005538615
v -0.003105416 -0.002002387 0.00004384558
v -0.003184854 -0.005509832 0.0001103421
v -0.003152981 -0.004730017 0.00008955099
v -0.003170895 -0.002187681 0.0000892644
v -0.003143311 -0.0007776204 0.0001142973
v -0.003149211 -0.0007242472 0.00006521915
v -0.003057204 -0.005534352 0.00007358889
v -0.003067607 -0.004869415 0.00004884505
v -0.003077845 -0.0019304 0.0000704412
v -0.003040171 -0.000673524 0.000002791754
v -0.003017376 -0.004917663 0.00004438141
v -0.003045334 -0.00187476 0.00004303697
v -0.003006341 -0.001799317 0.00002375982
v -0.00307094 -0.001889774 0.0001077281
v -0.00307666 -0.0007306888 0.0000860601
v -0.002956931 -0.005570648 0.0000730757
v -0.002967756 -0.004966795 0.00004744063
v -0.002976082 -0.001735773 0.00003799676
v -0.002971958 -0.0007009104 -0.000006651562
v -0.002916781 -0.005018728 0.00004611993
v -0.002946883 -0.001699978 0.000005057893
v -0.002913469 -0.001633386 0.000001074646
v -0.002938376 -0.0007302642 0.00001063922
v -0.0029731 -0.005614049 0.0001312488
v -0.002982355 -0.004921178 0.00008033039
v -0.002960509 -0.0016756 0.0000672448
v -0.002931226 -0.001585403 0.00008986071
v -0.002920817 -0.001505224 0.0001298545
v -0.002975701 -0.0007429331 0.00006697162
v -0.002870056 -0.005584998 0.00005381716
v -0.002866032 -0.005078185 0.00005413792
v -0.00288588 -0.001566462 0.00002871977
v -0.002899905 -0.0007802186 0.0000145073
v -0.002838908 -0.005617187 0.00007551257
v -0.002801598 -0.005122681 0.00007449964
v -0.002853453 -0.001517606 0.000009897518
v -0.00282648 -0.001429154 0.00003716847
v -0.002803 -0.0009753457 0.00004403309
v -0.002856436 -0.0008707243 0.00005131751
v -0.002907648 -0.005620033 0.0001000055
v -0.00287924 -0.005023402 0.00008395606
v -0.002879665 -0.001512432 0.00007013185
v -0.002879696 -0.001458575 0.0001061608
v -0.002917153 -0.0008095865 0.00009757604
v -0.002769239 -0.005628742 0.00007961778
v -0.002755934 -0.005170617 0.00008527967
v -0.002785595 -0.001342661 0.0000423388
v -0.002762054 -0.001029861 0.00001491122
v -0.002703777 -0.005218538 0.00008982978
v -0.002759476 -0.001306283 0.00001444317
v -0.002750261 -0.001240767 0.00001625206
v -0.002747356 -0.001157396 0.00002013487
v -0.002750648 -0.001082207 0.00002152118
v -0.002769758 -0.005121876 0.0001084462
v -0.002779383 -0.001275674 0.00006460749
v -0.002776295 -0.001192457 0.00007551687
v -0.002776999 -0.001105846 0.00007560964
v -0.002777312 -0.001040977 0.00005996583
v -0.002680461 -0.005636743 0.00007847106
v -0.002657194 -0.005266635 0.00009345001
v -0.002627834 -0.005587906 0.00004730928
v -0.002602616 -0.005313955 0.00009034805
v -0.002653834 -0.005689761 0.0001231078
v -0.002666614 -0.005219042 0.000120113
v -0.002566958 -0.005554573 0.00004857473
v -0.002563077 -0.005362493 0.0000849628
v -0.002541235 -0.005489071 0.00005298509
v -0.002525576 -0.005421906 0.00007458324
v -0.00255771 -0.005700123 0.0001175407
v -0.002575493 -0.005622571 0.00007477555
v -0.002560043 -0.005315118 0.0001125573
v -0.002451546 -0.005717386 0.000110902
v -0.002462148 -0.005630986 0.00008345334
v -0.002475488 -0.005538535 0.00007288878
v -0.002459409 -0.005448777 0.00009373231
v -0.00228994 -0.00564105 0.00005888318
v -0.002383294 -0.005763853 0.0001261401
v -0.002369477 -0.005705135 0.00009229061
v -0.002347227 -0.005642115 0.00007553829
v -0.00236322 -0.005556986 0.00008779764
v -0.002373397 -0.00547407 0.0001148841
v -0.002260386 -0.005635976 0.00006054708
v -0.0022852 -0.005618495 0.00005908058
v -0.002255646 -0.005613421 0.00006074448
v -0.002273312 -0.005779975 0.0001254297
v -0.002289194 -0.005687858 0.00008265863
v -0.002268136 -0.005578905 0.0000829737
v -0.00226404 -0.005490412 0.0001332715
v -0.00215944 -0.005799432 0.0001195707
v -0.002184545 -0.005709405 0.0000936267
v -0.002200686 -0.00561903 0.00008378894
v -0.002174207 -0.005531753 0.0001245797
v -0.002038668 -0.005815984 0.0001079277
v -0.002075479 -0.005720026 0.00009701825
v -0.002106233 -0.005646502 0.00009498803
v -0.002077555 -0.005566142 0.0001232328
v -0.00195428 -0.005876717 0.0001137634
v -0.001936566 -0.005791971 0.0000960168
v -0.001965753 -0.005720265 0.00009749239
v -0.001997957 -0.005627855 0.0001107502
v -0.001854677 -0.005894233 0.000116735
v -0.001859655 -0.005812692 0.00009835485
v -0.001865702 -0.005727177 0.00009903454
v -0.001884416 -0.005642673 0.0001165946
v -0.001767801 -0.005905004 0.0001244404
v -0.001775773 -0.005830135 0.000104314
v -0.001776415 -0.00574609 0.00010364
v -0.001780064 -0.005656252 0.0001243959
v -0.001693089 -0.005912642 0.0001376803
v -0.001697262 -0.005839989 0.0001160675
v -0.001708975 -0.005771471 0.0001088473
v -0.001680569 -0.00568473 0.0001284628
v -0.001623691 -0.005850023 0.0001352227
v -0.001626878 -0.005758103 0.0001255272
v -0.00419123 -0.003880051 0.0001511767
v -0.004197586 -0.003808268 0.0001392147
v -0.004198998 -0.003740972 0.0001221879
v -0.004192502 -0.003643354 0.0001339653
v -0.004188242 -0.003523526 0.000141204
v -0.004185099 -0.00340935 0.0001469622
v -0.0041783 -0.003301292 0.0001874034
v -0.004183988 -0.003223652 0.0001524289
v -0.004180963 -0.00315053 0.0001546581
v -0.004179116 -0.003945548 0.0001077589
v -0.004164142 -0.003088941 0.0001819037
v -0.004088339 -0.004382671 0.0001605563
v -0.00410298 -0.004323173 0.0001608231
v -0.004106672 -0.004252094 0.0001662273
v -0.00412123 -0.00412897 0.0001624651
v -0.004152673 -0.004016201 0.0001416599
v -0.004142452 -0.003027108 0.0001442862
v -0.004117841 -0.002925714 0.0001302802
v -0.004105081 -0.002856316 0.0001160667
v -0.004088927 -0.002785727 0.0001279295
v -0.00417699 -0.003935975 0.0001627399
v -0.004177091 -0.003639011 0.000204299
v -0.004175475 -0.003562285 0.000201035
v -0.004170707 -0.003464356 0.0002086659
v -0.004163509 -0.003367174 0.000227822
v -0.004068645 -0.004442656 0.0001346695
v -0.004066301 -0.002724342 0.0001527824
v -0.004001499 -0.00457033 0.0001621578
v -0.004039037 -0.004501237 0.0001431567
v -0.004038073 -0.002667376 0.0001284555
v -0.00399973 -0.00256718 0.0001280328
v -0.004085555 -0.004254454 0.0002256015
v -0.00409012 -0.004181293 0.0002220508
v -0.004072274 -0.002757445 0.0001816442
v -0.003954057 -0.004633074 0.0001658014
v -0.003968697 -0.002494065 0.0001622514
v -0.00390484 -0.004706093 0.0001405873
v -0.003936839 -0.002418588 0.0001539323
v -0.003919343 -0.002353187 0.0001124109
v -0.003894414 -0.002270482 0.0001197668
v -0.003982885 -0.00459573 0.0001951538
v -0.003975948 -0.002531963 0.0001937174
v -0.003866395 -0.004774527 0.0001105797
v -0.003867392 -0.002203285 0.000151093
v -0.003788676 -0.004890412 0.0001814739
v -0.00383004 -0.004821106 0.0001585818
v -0.003841537 -0.002139061 0.0001373978
v -0.003808373 -0.002044717 0.0001127535
v -0.003871607 -0.004746338 0.000177182
v -0.003871771 -0.002240922 0.0001814536
v -0.003757096 -0.004962219 0.0001364648
v -0.003773957 -0.001976906 0.0001497106
v -0.003685298 -0.005079313 0.0001784204
v -0.003729758 -0.005004505 0.0001823095
v -0.003747225 -0.001911981 0.0001283379
v -0.003705466 -0.001820991 0.0001233039
v -0.003759882 -0.004940794 0.0002010751
v -0.003776373 -0.002016338 0.0001820825
v -0.003631238 -0.005146035 0.0001876829
v -0.003677708 -0.001768155 0.0001465368
v -0.00358124 -0.005203771 0.00018463
v -0.003639357 -0.001707901 0.0001541935
v -0.003605403 -0.001613081 0.0001352724
v -0.003596408 -0.001553915 0.00009187059
v -0.003663183 -0.005104475 0.0002173214
v -0.003666461 -0.001788735 0.0001839913
v -0.003532078 -0.005248591 0.0001531633
v -0.003568945 -0.001496815 0.0001149058
v -0.003497611 -0.00410117 0.0001456301
v -0.003516155 -0.004031932 0.0001218588
v -0.00353427 -0.003951053 0.0001427947
v -0.003542877 -0.00384567 0.0001269772
v -0.003546305 -0.003741721 0.0001216494
v -0.003546527 -0.003638061 0.0001227431
v -0.003546649 -0.003536649 0.0001239837
v -0.003547615 -0.003436103 0.0001248282
v -0.003548582 -0.003335635 0.0001251631
v -0.003548104 -0.003235233 0.0001250958
v -0.003544803 -0.003133672 0.0001259263
v -0.003535701 -0.003025008 0.0001369734
v -0.00350738 -0.00291284 0.0001183469
v -0.003527924 -0.001423198 0.0001252449
v -0.00354566 -0.005228694 0.0002160272
v -0.003564612 -0.003888543 0.0001955249
v -0.003570561 -0.003794988 0.0001887671
v -0.003571905 -0.003694088 0.0001865446
v -0.003570247 -0.003592734 0.0001861994
v -0.003570111 -0.003492216 0.0001872921
v -0.003571402 -0.003390761 0.0001891441
v -0.003571437 -0.003288595 0.0001904974
v -0.003569039 -0.003188393 0.0001917835
v -0.003564108 -0.00309442 0.0001960621
v -0.003561006 -0.003023728 0.0002077206
v -0.003587716 -0.001691602 0.0002255278
v -0.003576152 -0.001625473 0.0002000766
v -0.003558506 -0.001533495 0.0001635967
v -0.003472093 -0.005299108 0.0001538496
v -0.003470421 -0.004168037 0.0001030682
v -0.003482291 -0.002835126 0.0001344288
v -0.003481483 -0.001356277 0.0001559445
v -0.003424597 -0.005335639 0.0001881515
v -0.003427209 -0.004252361 0.0001450342
v -0.003456969 -0.002788583 0.000108454
v -0.00343852 -0.002725021 0.0001217734
v -0.003414536 -0.002633005 0.0001534516
v -0.00342709 -0.001292111 0.0001671413
v -0.003400274 -0.001176199 0.0001172544
v -0.003476034 -0.002778602 0.0001667043
v -0.003464277 -0.002705159 0.0001911709
v -0.003459303 -0.002655845 0.0002097265
v -0.003466128 -0.001388037 0.000193839
v -0.003371205 -0.005383737 0.000147917
v -0.003386477 -0.004315912 0.0001194456
v -0.00337582 -0.00256091 0.0001536695
v -0.003340202 -0.001120096 0.000147248
v -0.003315122 -0.00543105 0.0001751913
v -0.003304491 -0.004465153 0.000139876
v -0.003353546 -0.004376198 0.0001439435
v -0.00334171 -0.002525983 0.0001142566
v -0.003314995 -0.002435657 0.0001417061
v -0.003312142 -0.001042595 0.000132269
v -0.003386805 -0.004317532 0.0001711143
v -0.003364223 -0.002502521 0.0001755362
v -0.003359222 -0.002457199 0.0001948389
v -0.003342746 -0.001289897 0.000226666
v -0.003337762 -0.001199649 0.0001847489
v -0.003249786 -0.005471806 0.0001248765
v -0.003269036 -0.00452008 0.0001156838
v -0.003273941 -0.002358573 0.0001435688
v -0.00325156 -0.001007815 0.0001627327
v -0.003200862 -0.005514333 0.0001729724
v -0.003204203 -0.004638518 0.0001269258
v -0.003240597 -0.00456944 0.000133816
v -0.003238282 -0.002323511 0.00009764836
v -0.003206288 -0.002240896 0.000108957
v -0.003219629 -0.0009315088 0.0001518097
v -0.003189017 -0.0008459393 0.0001314668
v -0.00326728 -0.004519756 0.0001618536
v -0.003259261 -0.00228874 0.0001652738
v -0.003237185 -0.002192997 0.0001896241
v -0.003235462 -0.00210367 0.0002291706
v -0.003237411 -0.001220049 0.0002323443
v -0.003260378 -0.00109822 0.0001865919
v -0.003131921 -0.005541224 0.0001299935
v -0.003170208 -0.004690716 0.0001227742
v -0.003186801 -0.002176269 0.0001355987
v -0.003129882 -0.0008255307 0.0001533661
v -0.003093053 -0.004774924 0.0001649171
v -0.003136972 -0.004729134 0.0001429554
v -0.00315736 -0.002131995 0.0001039883
v -0.003143528 -0.002053619 0.000124579
v -0.003122231 -0.001945028 0.0001541349
v -0.003090872 -0.0007873768 0.0001401851
v -0.003186176 -0.002115898 0.0001684151
v -0.003183301 -0.002029458 0.0002037237
v -0.003170607 -0.001966803 0.0002149878
v -0.003136204 -0.001279301 0.0002498392
v -0.003127093 -0.001173773 0.0002360395
v -0.003156231 -0.001097662 0.0002187577
v -0.003171235 -0.0009933312 0.0001911355
v -0.003145508 -0.0008913244 0.0001721025
v -0.003050087 -0.005581216 0.000150004
v -0.003054301 -0.004829336 0.0001312481
v -0.003083216 -0.001861542 0.0001518651
v -0.003029664 -0.0007871469 0.0001362303
v -0.002996413 -0.005622153 0.00019497
v -0.003045182 -0.001828008 0.0001039293
v -0.003013971 -0.00174057 0.0001084171
v -0.002997051 -0.001642518 0.0001421802
v -0.002979625 -0.001549016 0.0001647099
v -0.003055031 -0.004808618 0.0001928721
v -0.003072151 -0.001790589 0.0001689854
v -0.003061267 -0.001699795 0.0001886711
v -0.003051465 -0.00160007 0.000207463
v -0.003034262 -0.001485191 0.0002168129
v -0.003054738 -0.001361836 0.0002347881
v -0.003028657 -0.001257992 0.0002300893
v -0.003045815 -0.00118049 0.0002310047
v -0.003060642 -0.001092911 0.0002235399
v -0.003078379 -0.00100705 0.0002106594
v -0.003081106 -0.000919417 0.0001924976
v -0.003078931 -0.0008411104 0.0001691147
v -0.002935617 -0.005638994 0.0001559061
v -0.003009524 -0.004885145 0.0001046318
v -0.002957263 -0.001475387 0.0001737007
v -0.00296866 -0.0008008837 0.0001324913
v -0.002956057 -0.004926042 0.0001324166
v -0.002913649 -0.001445673 0.0001485231
v -0.002940517 -0.0008442071 0.0001476444
v -0.002950274 -0.001393261 0.0001843548
v -0.002956489 -0.001285841 0.0002021604
v -0.002959773 -0.00118922 0.0002079169
v -0.002973269 -0.001097428 0.0002078203
v -0.002993302 -0.001008662 0.0002034102
v -0.003016608 -0.0009390559 0.0001968854
v -0.003004505 -0.0008589939 0.0001716868
v -0.002853978 -0.005652583 0.000141696
v -0.002906387 -0.004984726 0.0001054911
v -0.002874954 -0.001394996 0.0001253421
v -0.002898177 -0.0008694091 0.0001250915
v -0.002852167 -0.005026757 0.0001378402
v -0.002822689 -0.001332501 0.00009492572
v -0.002821775 -0.001243293 0.0001198375
v -0.002823569 -0.001148142 0.0001277286
v -0.00282905 -0.001043177 0.0001166917
v -0.002866697 -0.0009420556 0.0001201738
v -0.002880593 -0.001309344 0.0001545821
v -0.002884019 -0.001212563 0.0001699708
v -0.002891438 -0.001113977 0.0001732285
v -0.002910563 -0.001015859 0.000171996
v -0.002941984 -0.0009195331 0.000170003
v -0.002751748 -0.005682226 0.0001459111
v -0.002800213 -0.005085358 0.0001220966
v -0.002703369 -0.005722027 0.000177653
v -0.002745007 -0.005125689 0.0001601784
v -0.002753483 -0.005717069 0.0002139702
v -0.00263568 -0.005741406 0.0001751992
v -0.002692977 -0.005183919 0.0001397376
v -0.00263309 -0.005224349 0.0001691326
v -0.002550008 -0.005770446 0.0001701164
v -0.002574788 -0.005280207 0.0001461667
v -0.002518905 -0.00532254 0.0001445549
v -0.002566743 -0.005809326 0.0002248955
v -0.002472121 -0.005782271 0.0001518615
v -0.00246858 -0.005377303 0.000133213
v -0.002442233 -0.005813499 0.000176324
v -0.002510021 -0.00581557 0.0001990775
v -0.002462917 -0.005334116 0.0001912497
v -0.002362039 -0.005830043 0.0001838914
v -0.002394315 -0.005413509 0.0001462549
v -0.002245511 -0.005867358 0.0001840393
v -0.002304085 -0.005421817 0.0001841056
v -0.002221714 -0.005438189 0.0001904253
v -0.002253251 -0.005918034 0.0002511635
v -0.002126784 -0.005884284 0.0001494247
v -0.00216631 -0.005467761 0.0001788336
v -0.002172011 -0.005941554 0.0002169362
v -0.002171042 -0.005432872 0.0002233486
v -0.002044185 -0.005898866 0.0001315412
v -0.002084978 -0.005497936 0.0001756385
v -0.002007522 -0.005940562 0.0001461795
v -0.002012006 -0.005518154 0.000168791
v -0.002099709 -0.005990192 0.0002293924
v -0.00208106 -0.005948697 0.0001727824
v -0.001932082 -0.005952096 0.0001476402
v -0.001982743 -0.005554089 0.0001424801
v -0.002012649 -0.005992346 0.000194714
v -0.001933713 -0.005517851 0.0001873934
v -0.001839888 -0.005961736 0.0001521385
v -0.001904705 -0.005568477 0.0001474545
v -0.001913449 -0.006005531 0.0001966084
v -0.001839867 -0.005524776 0.0001999926
v -0.001752857 -0.00596357 0.0001583833
v -0.001803553 -0.005577913 0.0001581207
v -0.001815634 -0.00600828 0.0002022197
v -0.001743404 -0.005529789 0.0002128224
v -0.00169526 -0.005957258 0.0001614851
v -0.001683068 -0.005581745 0.0001773521
v -0.001630369 -0.005931215 0.0001664271
v -0.00160946 -0.005624281 0.0001601543
v -0.001707977 -0.005995663 0.0002045299
v -0.001679496 -0.005529814 0.0002237605
v -0.001559051 -0.005861776 0.0001557221
v -0.001596828 -0.005677723 0.000141325
v -0.001547073 -0.005781565 0.0001453492
v -0.001551075 -0.005706916 0.0001460323
v -0.001534753 -0.005916806 0.0001862946
v -0.001528947 -0.005632116 0.0001738581
v -0.001438028 -0.005902152 0.0002011967
v -0.001466205 -0.005814535 0.0001714881
v -0.001467302 -0.005697392 0.0001707241
v -0.001445974 -0.005613954 0.0001996174
v -0.001338977 -0.005897616 0.0002123875
v -0.001355632 -0.005813796 0.0001889141
v -0.00136873 -0.005719409 0.0001860201
v -0.001375327 -0.005631328 0.0002056669
v -0.001239871 -0.005896906 0.0002182566
v -0.001254819 -0.005815669 0.0001965785
v -0.00126969 -0.005727852 0.0001946509
v -0.001285087 -0.005643121 0.0002127144
v -0.001140408 -0.00589862 0.0002207385
v -0.001156178 -0.005819811 0.0001992667
v -0.001170955 -0.005735175 0.0001978703
v -0.001188856 -0.005651861 0.0002163716
v -0.001040615 -0.005901364 0.0002222791
v -0.001061357 -0.005826133 0.0002003095
v -0.001074635 -0.005746042 0.0001982563
v -0.001089428 -0.005662843 0.0002170087
v -0.0009445653 -0.005901619 0.000222683
v -0.000968999 -0.005828363 0.0002035001
v -0.0009966957 -0.005763623 0.000198495
v -0.0009849545 -0.005681608 0.0002159672
v -0.0008606107 -0.005905737 0.0002282736
v -0.0008790572 -0.005833616 0.0002108751
v -0.0009063977 -0.005744779 0.000209673
v -0.000797264 -0.005911649 0.0002396517
v -0.0008001113 -0.00584973 0.0002242879
v -0.0008135682 -0.005769771 0.0002211753
v -0.004175317 -0.003815123 0.0001983309
v -0.004183827 -0.003723655 0.000185975
v -0.004165725 -0.003210173 0.0002258078
v -0.004171443 -0.003147521 0.0002021962
v -0.004170792 -0.003885083 0.0001969555
v -0.004151834 -0.003666774 0.0002390797
v -0.004142917 -0.003271204 0.0002645856
v -0.004146963 -0.003083015 0.0002324973
v -0.004067295 -0.004392208 0.0002164655
v -0.00408704 -0.0043218 0.0002084516
v -0.00411341 -0.004024572 0.000215751
v -0.004144462 -0.003940986 0.0002080712
v -0.004143137 -0.00359228 0.0002503073
v -0.004137204 -0.003504718 0.0002581129
v -0.004132235 -0.003414792 0.0002696956
v -0.004129251 -0.003339933 0.000281464
v -0.004128487 -0.003015034 0.0002219182
v -0.004108347 -0.00292716 0.0002019778
v -0.004092256 -0.002834219 0.0001787069
v -0.004121074 -0.003842673 0.0002510324
v -0.004134811 -0.003738547 0.0002488632
v -0.004132 -0.003187672 0.0002796983
v -0.004139781 -0.003130456 0.0002597212
v -0.004060146 -0.004450058 0.0001855937
v -0.004068092 -0.004287554 0.0002479074
v -0.004091548 -0.004097912 0.0002297214
v -0.004053195 -0.002766942 0.0002260974
v -0.004023901 -0.004513706 0.0002043857
v -0.004035414 -0.004221797 0.000276442
v -0.004053108 -0.004124943 0.0002643168
v -0.004031057 -0.002691387 0.0002093814
v -0.003999498 -0.002600156 0.0001972725
v -0.004029589 -0.004446825 0.0002448772
v -0.004033038 -0.004345317 0.0002725836
v -0.004042434 -0.004024279 0.0002758514
v -0.004081525 -0.003930529 0.0002654916
v -0.004039542 -0.003837845 0.0003067891
v -0.004049537 -0.003740411 0.0003066834
v -0.004083704 -0.003634706 0.0002900705
v -0.004093365 -0.003541652 0.0002916469
v -0.004070935 -0.00344991 0.0003118444
v -0.004085354 -0.003360821 0.000315213
v -0.004085207 -0.003120982 0.0003160221
v -0.00409515 -0.003036921 0.0002851569
v -0.004074499 -0.002933279 0.0002707817
v -0.0040582 -0.00283713 0.0002509652
v -0.003995141 -0.004564678 0.0002134797
v -0.003954815 -0.002544028 0.0002405273
v -0.003960059 -0.004597024 0.0002283841
v -0.003928985 -0.002467401 0.000225406
v -0.003896735 -0.002380814 0.0002229994
v -0.003893131 -0.002315992 0.0001847535
v -0.003980641 -0.004524519 0.0002611047
v -0.003973198 -0.004434758 0.0003084855
v -0.003948648 -0.004194024 0.0003284157
v -0.00397207 -0.004095677 0.0003063787
v -0.003954805 -0.003985584 0.0003144403
v -0.003988991 -0.003906175 0.000314883
v -0.003969891 -0.003634209 0.0003357474
v -0.004006383 -0.003524282 0.0003301128
v -0.004030062 -0.003035608 0.0003401408
v -0.004020944 -0.002946814 0.0003264075
v -0.004005298 -0.00284578 0.0003121973
v -0.003986237 -0.002728557 0.0002900124
v -0.003964578 -0.002615582 0.0002649775
v -0.003894075 -0.004662 0.0002345645
v -0.00384786 -0.002250215 0.0002247823
v -0.003801922 -0.004823208 0.0002349835
v -0.003837782 -0.004752676 0.0002350786
v -0.003826976 -0.002175103 0.0002067489
v -0.003797269 -0.002083421 0.0001914096
v -0.003925512 -0.004577366 0.0002781953
v -0.003921754 -0.004510195 0.0003183358
v -0.003863624 -0.004114478 0.000337904
v -0.003872281 -0.004004307 0.000325829
v -0.003880803 -0.00389771 0.0003318375
v -0.003855858 -0.003609399 0.0003460719
v -0.003893962 -0.003527899 0.0003480799
v -0.003909684 -0.002626752 0.0003233521
v -0.003880718 -0.00251785 0.0002994938
v -0.003853155 -0.002400535 0.0002769608
v -0.003844914 -0.002311586 0.0002527143
v -0.003761453 -0.004877698 0.0002557171
v -0.003748454 -0.002031861 0.000227262
v -0.00370353 -0.005026554 0.0002363877
v -0.003730608 -0.004957244 0.0002480752
v -0.003727051 -0.001955474 0.0002061327
v -0.003694009 -0.001863912 0.0001925027
v -0.003775381 -0.00481904 0.0002780814
v -0.003789268 -0.00476722 0.0002878389
v -0.00375416 -0.004110379 0.0003402141
v -0.003772396 -0.004019988 0.0003244158
v -0.003779383 -0.003917356 0.0003191969
v -0.003787472 -0.00381526 0.0003298213
v -0.003754657 -0.003620871 0.0003259421
v -0.003779192 -0.003508344 0.0003357645
v -0.003712895 -0.003094799 0.0003371302
v -0.003720776 -0.002993848 0.0003470589
v -0.003768494 -0.002421082 0.0003270158
v -0.003773658 -0.00231563 0.0003023402
v -0.003775218 -0.002216429 0.0002732334
v -0.003749372 -0.002105656 0.0002537649
v -0.003677739 -0.005074808 0.0002356395
v -0.003642904 -0.001820175 0.0002320175
v -0.003632678 -0.005102401 0.0002681194
v -0.003600053 -0.003931962 0.000244885
v -0.003616197 -0.003855624 0.0002455871
v -0.003624178 -0.003755589 0.0002461166
v -0.00361986 -0.003652247 0.0002443754
v -0.003614639 -0.003553208 0.0002433037
v -0.00361787 -0.003452651 0.0002477152
v -0.003617516 -0.003346822 0.0002510145
v -0.003613676 -0.003241452 0.0002523756
v -0.003605944 -0.003143583 0.0002517301
v -0.003596517 -0.00305848 0.0002516636
v -0.003614856 -0.001755115 0.0002276541
v -0.00367144 -0.005044015 0.0002753158
v -0.003687072 -0.004982112 0.0002941928
v -0.003650839 -0.004124286 0.0003213054
v -0.0036901 -0.00404104 0.000312256
v -0.003676571 -0.003943234 0.0002898154
v -0.003694758 -0.003832047 0.0002922818
v -0.003709376 -0.003715715 0.0003036444
v -0.003670266 -0.003612226 0.0002854312
v -0.003682453 -0.003525862 0.0002940806
v -0.003691978 -0.003413734 0.0003062794
v -0.003675183 -0.00329903 0.0003043536
v -0.003673175 -0.003187485 0.0003085476
v -0.003643322 -0.003097251 0.0002930436
v -0.003641432 -0.003006913 0.0002978428
v -0.003660961 -0.002899983 0.0003230477
v -0.003646097 -0.002790262 0.0003301467
v -0.003637785 -0.002698518 0.0003388775
v -0.003646444 -0.002412501 0.0003396122
v -0.003679044 -0.002315649 0.0003317295
v -0.003699679 -0.002236635 0.0003175351
v -0.003653061 -0.002128455 0.0003141422
v -0.003667359 -0.002005163 0.0002744141
v -0.003648418 -0.001891889 0.0002525479
v -0.00358003 -0.005178085 0.0002479479
v -0.003562355 -0.00396416 0.000212139
v -0.003583184 -0.002991675 0.0002458956
v -0.003560389 -0.00171973 0.0002612036
v -0.003531025 -0.005220514 0.0002595609
v -0.003508637 -0.004120782 0.0002128829
v -0.003535076 -0.004040793 0.0001980008
v -0.003545691 -0.002954027 0.0001970835
v -0.003524276 -0.002854631 0.0002005038
v -0.003517241 -0.002760069 0.0002326147
v -0.003504491 -0.002677103 0.0002479306
v -0.003532342 -0.001648302 0.0002548748
v -0.00351422 -0.001561128 0.0002338119
v -0.003495672 -0.001471483 0.0002085722
v -0.003576849 -0.004207602 0.0003195729
v -0.003559545 -0.004113769 0.0002661707
v -0.003606473 -0.004020043 0.0002669287
v -0.003586862 -0.002920705 0.0002602569
v -0.003582176 -0.002823798 0.0002770541
v -0.003572825 -0.00272543 0.0002928202
v -0.003563392 -0.002613419 0.0003046019
v -0.00356911 -0.002486171 0.0003208411
v -0.003542258 -0.002383844 0.0003210303
v -0.00357197 -0.00230457 0.0003327744
v -0.003602712 -0.002210991 0.0003364842
v -0.003554443 -0.002018928 0.0003242358
v -0.003564873 -0.001906195 0.0002992505
v -0.003572107 -0.001800592 0.0002740826
v -0.003480714 -0.005269121 0.000235288
v -0.003472243 -0.00417509 0.0001837607
v -0.003468796 -0.002608558 0.0002346328
v -0.003440644 -0.001429624 0.0002387062
v -0.003416317 -0.005322317 0.0002468329
v -0.003419194 -0.004304493 0.0002242701
v -0.003457778 -0.00423905 0.0002247232
v -0.003413696 -0.002551304 0.0002049132
v -0.003403467 -0.002476831 0.0002274927
v -0.003402509 -0.00136324 0.0002312659
v -0.003502375 -0.005225818 0.000282262
v -0.003430906 -0.004481157 0.0003418294
v -0.003475604 -0.004393523 0.0003338911
v -0.003491024 -0.004293423 0.0002972287
v -0.00350607 -0.004188132 0.0002548212
v -0.003476719 -0.002524211 0.000266247
v -0.003456973 -0.002415687 0.0002792602
v -0.003470622 -0.002308844 0.0003064812
v -0.003489258 -0.002203591 0.0003285957
v -0.003439387 -0.002012282 0.0003302223
v -0.003460493 -0.001911305 0.0003221692
v -0.003473089 -0.001807491 0.0003089134
v -0.003481975 -0.001699318 0.0002909794
v -0.003458983 -0.001590338 0.0002782045
v -0.003447243 -0.001499894 0.000259287
v -0.003361394 -0.005372811 0.0002351898
v -0.003376524 -0.004358819 0.0002092623
v -0.003368739 -0.002410349 0.0002206929
v -0.003342862 -0.001354294 0.0002567603
v -0.003304618 -0.005429178 0.0002367194
v -0.003291765 -0.004506519 0.0002132182
v -0.003341958 -0.004427144 0.0002137063
v -0.003314688 -0.00234746 0.0001975757
v -0.003311049 -0.002257352 0.0002309697
v -0.003304226 -0.002160041 0.0002586214
v -0.003291251 -0.001310637 0.0002553288
v -0.003386558 -0.005328765 0.0002739882
v -0.0033632 -0.004565128 0.0003399855
v -0.003346183 -0.004491408 0.0002797754
v -0.003407448 -0.004389025 0.000275791
v -0.003382474 -0.002327173 0.0002585993
v -0.003388365 -0.002225416 0.0002876032
v -0.003384691 -0.002099978 0.000311574
v -0.003343715 -0.001991298 0.0003112483
v -0.003357229 -0.001910883 0.0003164558
v -0.003371654 -0.001813822 0.0003165107
v -0.003382071 -0.001713345 0.000310779
v -0.003384879 -0.001613248 0.000301427
v -0.003383062 -0.001520424 0.0002885185
v -0.003376827 -0.001429136 0.0002684757
v -0.003262225 -0.005472193 0.0002064358
v -0.003253306 -0.004556793 0.0001955563
v -0.003286571 -0.002083562 0.0002728148
v -0.003233901 -0.001309206 0.0002613153
v -0.003206753 -0.005496902 0.0002577693
v -0.003224469 -0.004604341 0.0001858788
v -0.003237798 -0.002041892 0.0002534286
v -0.003215619 -0.001980869 0.0002509236
v -0.003209422 -0.001357418 0.0002712559
v -0.003264441 -0.005449827 0.0002654949
v -0.003261872 -0.004602527 0.0002688027
v -0.003285449 -0.002018323 0.0002859736
v -0.003260778 -0.001922645 0.0002848578
v -0.003275337 -0.00182205 0.0002988713
v -0.003286591 -0.001724248 0.0003044534
v -0.003295749 -0.001626514 0.0003035839
v -0.003304967 -0.001533234 0.0002976658
v -0.003318067 -0.001460347 0.0002880465
v -0.003287986 -0.001380049 0.000274306
v -0.003138093 -0.005549311 0.0002092565
v -0.00318092 -0.004671174 0.0001926568
v -0.003177045 -0.001915211 0.0002330461
v -0.003153225 -0.001379338 0.0002647568
v -0.003129222 -0.00473177 0.0002048926
v -0.003124685 -0.00185053 0.0002043217
v -0.003125496 -0.001761786 0.0002292833
v -0.003125454 -0.00166589 0.0002457871
v -0.003125965 -0.001564154 0.0002557957
v -0.00313489 -0.0014611 0.0002618712
v -0.003164753 -0.004722269 0.0002810528
v -0.003190447 -0.001833323 0.0002598416
v -0.003198828 -0.001739263 0.0002761713
v -0.003206005 -0.001641615 0.000284436
v -0.003215561 -0.001543059 0.0002864902
v -0.003232189 -0.001443553 0.0002828479
v -0.003066408 -0.00558409 0.0002519431
v -0.003089925 -0.004776216 0.0002301528
v -0.002998499 -0.005620741 0.0002604009
v -0.003051857 -0.004814706 0.0002300536
v -0.003072199 -0.004825316 0.0002876404
v -0.00292769 -0.005649417 0.0002270465
v -0.00301018 -0.004862862 0.0001965214
v -0.002954141 -0.004916613 0.0002011898
v -0.002961465 -0.005629423 0.000295638
v -0.00297161 -0.004924788 0.0002758651
v -0.002824369 -0.005683971 0.0002363671
v -0.002902926 -0.004968432 0.0001918798
v -0.002765524 -0.005716698 0.0002725146
v -0.002851409 -0.005013776 0.000204267
v -0.002872768 -0.005015488 0.0002754928
v -0.002699953 -0.005745353 0.0002452436
v -0.002803403 -0.005062201 0.0002051365
v -0.002747824 -0.005115174 0.0002394532
v -0.002731614 -0.005729549 0.0003135747
v -0.002797232 -0.005084621 0.0002876233
v -0.002621037 -0.005780374 0.0002365257
v -0.002685552 -0.005171467 0.000225298
v -0.002585874 -0.005810328 0.0002790327
v -0.002616143 -0.005225099 0.0002538716
v -0.002535571 -0.005830075 0.0002475042
v -0.00257303 -0.005255823 0.000214563
v -0.002457947 -0.005842474 0.0002413209
v -0.002512251 -0.005296513 0.0002159892
v -0.002450534 -0.005329654 0.000246249
v -0.002485013 -0.005312621 0.0002822607
v -0.00234247 -0.005876528 0.0002763291
v -0.002386881 -0.005372388 0.000222104
v -0.002269472 -0.005918273 0.0003061262
v -0.002210536 -0.005950456 0.0002879614
v -0.002293686 -0.005395385 0.0002530913
v -0.002230028 -0.005933559 0.0003420787
v -0.00215255 -0.005979511 0.0002726348
v -0.002222818 -0.005413141 0.0002446414
v -0.0020999 -0.006007775 0.0002893095
v -0.002160558 -0.005427019 0.0002660747
v -0.00218978 -0.005419513 0.000296087
v -0.00204986 -0.0060194 0.0002502776
v -0.002103417 -0.005455841 0.0002443519
v -0.001978996 -0.006029957 0.0002496954
v -0.001995131 -0.005486711 0.0002354457
v -0.001887247 -0.006036225 0.0002572174
v -0.001884031 -0.005496327 0.000252318
v -0.001785199 -0.006035393 0.0002676942
v -0.001784936 -0.005502241 0.0002634882
v -0.001669244 -0.006032685 0.000283592
v -0.001683763 -0.005508277 0.0002753327
v -0.001605056 -0.005986048 0.0002193954
v -0.001616736 -0.005530892 0.0002430491
v -0.001512042 -0.00597592 0.000230176
v -0.001570193 -0.005570911 0.0002046208
v -0.001573543 -0.006019968 0.0002665628
v -0.00151853 -0.005529065 0.0002701876
v -0.00141986 -0.005969777 0.0002432988
v -0.001476995 -0.005566996 0.0002264606
v -0.001496747 -0.006020382 0.0002843266
v -0.001418668 -0.005527169 0.0002896981
v -0.001323317 -0.005966855 0.0002527393
v -0.001389814 -0.005567228 0.0002412686
v -0.001404089 -0.006019301 0.0002986932
v -0.00132649 -0.005527054 0.0002974801
v -0.001224143 -0.005966285 0.0002580077
v -0.001303522 -0.005573669 0.0002480745
v -0.001306956 -0.00601901 0.0003072857
v -0.001239667 -0.005528526 0.0002999787
v -0.001122344 -0.005968195 0.0002610736
v -0.001212034 -0.005580045 0.0002521337
v -0.00120797 -0.006020157 0.0003129948
v -0.001148224 -0.005530283 0.0003051807
v -0.001013196 -0.005974536 0.000264463
v -0.00111504 -0.005587476 0.0002544704
v -0.001107544 -0.006023977 0.0003174924
v -0.001047798 -0.005534068 0.0003098445
v -0.0009180865 -0.005956165 0.0002493816
v -0.001014792 -0.005599235 0.0002542494
v -0.0009344739 -0.005615083 0.0002497834
v -0.0009316743 -0.005544419 0.0003100823
v -0.0008431581 -0.005969921 0.0002673742
v -0.0008985422 -0.005663637 0.0002296533
v -0.0008665724 -0.006026582 0.000317579
v -0.0008574312 -0.005607654 0.0002674624
v -0.0008216478 -0.005539434 0.0003249482
v -0.0007639128 -0.005942775 0.0002666863
v -0.0008266724 -0.005684763 0.000236962
v -0.0007370955 -0.005877749 0.0002489355
v -0.0007367488 -0.005792833 0.0002410075
v -0.0007562431 -0.005715415 0.00024566
v -0.0007759318 -0.00600722 0.0003198449
v -0.0007499695 -0.005618953 0.0002852404
v -0.0006789604 -0.006007276 0.0003479393
v -0.0006850172 -0.005929883 0.0002932208
v -0.0006649463 -0.005825651 0.0002716326
v -0.0006739304 -0.005713823 0.000274126
v -0.0006564374 -0.005621764 0.000303814
v -0.0006097293 -0.005953997 0.000333545
v -0.0005943601 -0.005866913 0.0003105712
v -0.000588235 -0.005760098 0.000299716
v -0.0005911401 -0.005660187 0.0003095482
v 0.001189747 -0.003975338 0.000333215
v 0.001172915 -0.003921386 0.0003452253
v 0.001265679 -0.003985104 0.0003265681
v 0.001253637 -0.003912342 0.0003356877
v 0.001337498 -0.003994805 0.0003289847
v 0.001321011 -0.003938917 0.0003266316
v 0.001341233 -0.003876755 0.0003455491
v 0.001391873 -0.004005224 0.000340401
v 0.001391345 -0.003941368 0.0003370575
v -0.00409232 -0.003207304 0.0003167391
v -0.004091252 -0.003285002 0.0003162678
v -0.004043646 -0.003155227 0.0003465808
v -0.003976878 -0.004282717 0.0003233811
v -0.003989 -0.003774289 0.0003386515
v -0.003974586 -0.003715012 0.0003429241
v -0.004018945 -0.003368013 0.0003459858
v -0.004040936 -0.003305469 0.0003439839
v -0.004024477 -0.003097079 0.0003529564
v -0.004025082 -0.003224526 0.0003526884
v -0.00397064 -0.004357317 0.0003277365
v -0.003923854 -0.004250146 0.0003510884
v -0.003977179 -0.003827952 0.0003365432
v -0.003910899 -0.003685435 0.0003530425
v -0.003993582 -0.003432159 0.0003463442
v -0.003974333 -0.003048311 0.0003657548
v -0.003928345 -0.004393074 0.0003496772
v -0.003888304 -0.00419883 0.0003535576
v -0.003955401 -0.00296768 0.0003621847
v -0.003942504 -0.002868629 0.0003549854
v -0.003928605 -0.002770508 0.0003460522
v -0.003910267 -0.002692611 0.0003430418
v -0.003913213 -0.004321277 0.0003590467
v -0.003932931 -0.003782522 0.0003531906
v -0.003940546 -0.003738603 0.0003545384
v -0.003940772 -0.003369389 0.0003645041
v -0.003965829 -0.003287022 0.0003670248
v -0.003946988 -0.003203314 0.0003741926
v -0.003968816 -0.003126899 0.0003690866
v -0.003911595 -0.004446134 0.0003477473
v -0.003817891 -0.004185564 0.000360919
v -0.003919955 -0.00383646 0.0003444535
v -0.003834179 -0.00368071 0.0003504361
v -0.003921629 -0.003446261 0.0003568644
v -0.00386225 -0.002642414 0.0003567243
v -0.003851725 -0.004575748 0.0003234938
v -0.003865531 -0.004484798 0.000354762
v -0.003856879 -0.003821961 0.0003465668
v -0.003786193 -0.003141012 0.0003651952
v -0.00379206 -0.003061201 0.0003670693
v -0.00383845 -0.002575756 0.0003488234
v -0.003800529 -0.00250854 0.000344349
v -0.003850681 -0.004396538 0.0003748856
v -0.003843208 -0.004310742 0.0003797175
v -0.003866748 -0.004253113 0.000368707
v -0.003874611 -0.003781959 0.0003555933
v -0.003886905 -0.003734322 0.0003583366
v -0.003861602 -0.003376925 0.0003674779
v -0.003880151 -0.003301805 0.000373717
v -0.003896197 -0.003232699 0.0003777851
v -0.003869833 -0.003143826 0.0003767509
v -0.003878074 -0.003016534 0.0003756104
v -0.003871529 -0.002895188 0.0003748194
v -0.003860683 -0.002793474 0.0003714025
v -0.003855117 -0.002703972 0.0003665147
v -0.003814416 -0.004682504 0.000300756
v -0.003729043 -0.004190353 0.0003603413
v -0.003824267 -0.003780405 0.0003491754
v -0.003778645 -0.003699749 0.000338555
v -0.003834311 -0.003443571 0.0003565571
v -0.003743734 -0.003181327 0.0003497221
v -0.003785126 -0.00298111 0.0003698585
v -0.003729592 -0.002489207 0.0003539818
v -0.003731678 -0.004802923 0.0003207082
v -0.003752709 -0.004714815 0.0003341655
v -0.003782677 -0.00374873 0.0003389468
v -0.003765327 -0.003418988 0.000344216
v -0.003741899 -0.003348035 0.0003414921
v -0.003739472 -0.003259437 0.0003442502
v -0.003736914 -0.002926023 0.0003595496
v -0.003722632 -0.002849028 0.0003590336
v -0.003709651 -0.002756721 0.0003620659
v -0.003743756 -0.004612397 0.0003613528
v -0.00377906 -0.00448613 0.00037613
v -0.003764478 -0.004395457 0.000391406
v -0.003779343 -0.004329117 0.0003887666
v -0.003791737 -0.004255516 0.000378247
v -0.003828411 -0.003737117 0.0003530607
v -0.00379835 -0.003381043 0.0003594646
v -0.003803898 -0.003315824 0.0003642771
v -0.003815989 -0.003225327 0.0003697409
v -0.003797395 -0.00291313 0.0003743392
v -0.003789038 -0.002818471 0.0003748994
v -0.003772897 -0.00271312 0.000373803
v -0.003791195 -0.002622007 0.0003690832
v -0.003776592 -0.002548463 0.0003622674
v -0.003705311 -0.004898902 0.000310064
v -0.003655698 -0.004208042 0.0003534434
v -0.003695114 -0.002683823 0.0003638463
v -0.003661553 -0.002500159 0.0003510162
v -0.003588023 -0.00508621 0.0003313745
v -0.003625596 -0.005019124 0.0003324489
v -0.00365129 -0.004933447 0.0003463615
v -0.0036267 -0.004260414 0.0003615522
v -0.003649137 -0.002635593 0.0003498762
v -0.003644646 -0.002567486 0.0003483977
v -0.003570721 -0.002095354 0.0003414683
v -0.003639969 -0.004831755 0.0003742661
v -0.003671707 -0.004705082 0.0003751243
v -0.003652219 -0.004603143 0.0003898274
v -0.003674879 -0.004516207 0.0003895008
v -0.003695284 -0.004419377 0.0003922661
v -0.003715396 -0.004349601 0.000392476
v -0.003704233 -0.004273574 0.0003791339
v -0.003711358 -0.002627409 0.0003672985
v -0.0037191 -0.002556847 0.0003645064
v -0.003578216 -0.00513622 0.0003037218
v -0.003572357 -0.004289781 0.0003486422
v -0.003582085 -0.002140315 0.0003437308
v -0.003513529 -0.002072915 0.0003452856
v -0.003488898 -0.004533074 0.0003827387
v -0.003518327 -0.004456224 0.0003715637
v -0.003546967 -0.00436519 0.0003583294
v -0.003541343 -0.005115701 0.0003470752
v -0.003538318 -0.005039433 0.0003855441
v -0.003574547 -0.004927588 0.0003985646
v -0.003546559 -0.004821868 0.000424769
v -0.003574018 -0.004729606 0.000407543
v -0.003593839 -0.004641918 0.0003999078
v -0.003574622 -0.004544118 0.00039474
v -0.003606031 -0.004437836 0.0003867465
v -0.003636204 -0.004339536 0.0003799268
v -0.003542288 -0.002114487 0.0003510783
v -0.003525032 -0.005177714 0.0003088887
v -0.003433903 -0.004563845 0.0003756637
v -0.003533666 -0.002151532 0.0003472299
v -0.003463661 -0.002084795 0.000340997
v -0.003457405 -0.005217815 0.0003161517
v -0.003399145 -0.004621767 0.0003846181
v -0.003475312 -0.002129694 0.0003409658
v -0.003456937 -0.0051197 0.000383341
v -0.003487626 -0.004749085 0.0004322445
v -0.003492989 -0.004634277 0.0004045975
v -0.003506147 -0.002110736 0.0003503906
v -0.003409321 -0.005281889 0.0002951026
v -0.003318555 -0.004652292 0.0003612741
v -0.003344142 -0.00532006 0.0003101364
v -0.003350223 -0.005208368 0.0003723972
v -0.003361262 -0.005102961 0.0004228787
v -0.003390707 -0.004710545 0.0004162565
v -0.003294906 -0.005390815 0.0002930429
v -0.003240746 -0.004687429 0.000334762
v -0.003174874 -0.005482611 0.0003238288
v -0.003226285 -0.005430669 0.0003202574
v -0.0032061 -0.004731497 0.0003452161
v -0.003240082 -0.005313509 0.000372239
v -0.003241043 -0.005191118 0.0004112723
v -0.003273152 -0.005098198 0.0004322907
v -0.003264861 -0.004750368 0.0003934752
v -0.003139642 -0.005533844 0.0002885806
v -0.003165422 -0.004784329 0.0003517688
v -0.003112606 -0.004855263 0.0003629178
v -0.003127739 -0.005503463 0.0003456523
v -0.003144168 -0.005421212 0.0003852759
v -0.0031316 -0.005309043 0.0004257569
v -0.003158413 -0.005215982 0.000424206
v -0.003176002 -0.005115658 0.0004315352
v -0.003194373 -0.005013159 0.0004396616
v -0.003196431 -0.004927259 0.0004380187
v -0.003193043 -0.004849439 0.0004108005
v -0.003088278 -0.005548179 0.0003232018
v -0.003049184 -0.004896508 0.0003403121
v -0.003009612 -0.00495633 0.0003528421
v -0.003062809 -0.005505911 0.000383229
v -0.003068185 -0.005233472 0.0004465081
v -0.003081776 -0.005135742 0.000430028
v -0.003109156 -0.005048005 0.0004234372
v -0.003104308 -0.00494477 0.0003999211
v -0.00301717 -0.005584647 0.0003263474
v -0.002946925 -0.004992657 0.0003331931
v -0.002948369 -0.005611564 0.0003455399
v -0.002905914 -0.005043723 0.0003482567
v -0.002962338 -0.005553339 0.0003992555
v -0.002980145 -0.00517062 0.0004346569
v -0.002999682 -0.005046752 0.0003930152
v -0.002894647 -0.00564969 0.0003078992
v -0.002848683 -0.005070818 0.0003323785
v -0.002806983 -0.005117082 0.000344306
v -0.002888085 -0.005614724 0.0003793412
v -0.002879601 -0.005563676 0.0004319629
v -0.002875518 -0.005215269 0.0004374778
v -0.002883884 -0.005116436 0.0003864819
v -0.002796139 -0.005673705 0.0003495615
v -0.002735331 -0.005154279 0.0003102158
v -0.00272048 -0.005718798 0.0003588974
v -0.002831375 -0.005610071 0.0004133457
v -0.00277043 -0.005273334 0.0004365307
v -0.002790311 -0.005181542 0.0003850147
v -0.002653782 -0.00575996 0.0003295346
v -0.002663752 -0.005202677 0.0002984012
v -0.002576126 -0.005802393 0.0003338133
v -0.002616418 -0.005245856 0.0003196642
v -0.002686821 -0.005722036 0.0003789603
v -0.002666673 -0.005321911 0.000430112
v -0.002686297 -0.005237295 0.0003690186
v -0.002525322 -0.005831825 0.0002981789
v -0.002551695 -0.005276731 0.000287356
v -0.002503783 -0.005324775 0.0003354263
v -0.002513384 -0.005811373 0.0003613005
v -0.002588936 -0.005380838 0.0004390271
v -0.002583134 -0.005307341 0.0003732675
v -0.002447544 -0.005846966 0.0003212064
v -0.002426716 -0.005359896 0.0003156433
v -0.002436426 -0.005819722 0.0003882349
v -0.002489974 -0.005388019 0.0004001612
v -0.002378626 -0.00585639 0.0003566678
v -0.002327987 -0.005394612 0.0003107695
v -0.00235975 -0.005828827 0.0004105913
v -0.002368527 -0.005430973 0.0003924807
v -0.002284941 -0.005877533 0.0003795714
v -0.002246943 -0.005408508 0.0003029782
v -0.002206779 -0.005920581 0.0003863863
v -0.002202469 -0.005433523 0.0003390417
v -0.002309176 -0.005830339 0.0004267801
v -0.002287593 -0.00548819 0.0004255154
v -0.002267435 -0.005434894 0.0003648154
v -0.002152935 -0.005966355 0.0003505886
v -0.00213471 -0.005451153 0.0003227261
v -0.00207816 -0.006008037 0.0003403887
v -0.002167568 -0.005926564 0.0004053225
v -0.002190503 -0.005485005 0.0003964135
v -0.002033507 -0.006029595 0.0002999967
v -0.002035738 -0.005478224 0.0003166894
v -0.002010998 -0.006016677 0.0003610349
v -0.002083801 -0.005505478 0.0003899089
v -0.00195322 -0.006038588 0.0003123727
v -0.001933071 -0.005493042 0.0003166611
v -0.001924246 -0.006019551 0.0003800679
v -0.001982364 -0.005517961 0.0003864277
v -0.001859697 -0.006041554 0.0003264345
v -0.001833423 -0.005499477 0.0003224076
v -0.001829424 -0.006020733 0.0003969603
v -0.001883955 -0.005522975 0.0003853994
v -0.001759624 -0.006041956 0.0003433532
v -0.001739518 -0.005503607 0.0003303563
v -0.001734511 -0.006022467 0.0004154503
v -0.001789591 -0.005525406 0.0003876141
v -0.001664069 -0.006044391 0.0003686223
v -0.001659556 -0.005507697 0.0003437931
v -0.001656618 -0.006028668 0.0004302038
v -0.001698769 -0.005527621 0.0003935172
v -0.00157838 -0.006043503 0.0003267252
v -0.001577519 -0.005512031 0.0003254142
v -0.001607572 -0.005528071 0.0003987331
v -0.001483773 -0.006046477 0.0003523158
v -0.001460779 -0.005511208 0.0003473982
v -0.001507135 -0.005524968 0.0004099636
v -0.00138481 -0.006049314 0.0003637014
v -0.001346687 -0.005503829 0.0003689316
v -0.001403063 -0.005514929 0.0004273211
v -0.001289454 -0.006051818 0.0003708041
v -0.001266562 -0.00550257 0.0003507048
v -0.001191687 -0.006055069 0.0003797591
v -0.001187325 -0.005497421 0.0003622259
v -0.001081474 -0.006061677 0.0003870408
v -0.001095197 -0.005493096 0.0003710309
v -0.001026096 -0.006030796 0.0003202274
v -0.0009391242 -0.006013803 0.0002981575
v -0.0009920184 -0.005486123 0.0003855207
v -0.0009254767 -0.006052851 0.0003519499
v -0.0009897776 -0.00605333 0.0003544234
v -0.0008586788 -0.006063516 0.0003781099
v -0.0008684403 -0.005464092 0.0004073798
v -0.0007850987 -0.005489585 0.0003691317
v -0.0008573306 -0.005424684 0.0004610688
v -0.0007569692 -0.006074917 0.0004094762
v -0.0007496138 -0.005533683 0.0003340591
v -0.0007944963 -0.006118625 0.0004634958
v -0.0007187659 -0.005484696 0.000376188
v -0.0006541902 -0.006042104 0.0004041255
v -0.000681849 -0.005549438 0.0003339365
v -0.000616374 -0.006000983 0.0003621949
v -0.0006286205 -0.005478888 0.0003894716
v -0.0005800831 -0.005972956 0.0003585887
v -0.0005995316 -0.005570493 0.0003381461
v -0.0005309287 -0.005915874 0.0003663652
v -0.0005129488 -0.005795868 0.000334813
v -0.0005149095 -0.005689024 0.0003290731
v -0.0005322893 -0.005605754 0.000338891
v -0.0005818414 -0.00599848 0.0003959737
v -0.0005198283 -0.00551477 0.0003763694
v -0.0005497098 -0.005423896 0.0004286689
v -0.000442938 -0.005905085 0.0004212521
v -0.0004360782 -0.005818203 0.0003765473
v -0.0004350646 -0.005711195 0.0003568029
v -0.0004486315 -0.005597965 0.0003610312
v -0.0004312454 -0.005505092 0.0003876676
v -0.0004603473 -0.005436801 0.0004172918
v -0.0003587345 -0.005833387 0.0004201319
v -0.00035489 -0.005731099 0.0003878789
v -0.0003613201 -0.005630736 0.0003776932
v -0.0003637546 -0.005536782 0.0003884877
v -0.0003735248 -0.005451555 0.0004149769
v -0.0002721291 -0.005742593 0.0004221348
v -0.0002835357 -0.005645351 0.0004002139
v -0.0002998025 -0.00556775 0.0003963428
v -0.0002837442 -0.005481112 0.0004172358
v -0.0002100153 -0.005650641 0.0004243854
v -0.0002225011 -0.005555341 0.0004185221
v 0.0006818121 -0.004067935 0.0004407416
v 0.0006712037 -0.004002959 0.0004516027
v 0.0007810448 -0.004100775 0.0004170297
v 0.0007513631 -0.004001989 0.0004327208
v 0.0008646237 -0.004181415 0.0004080361
v 0.000875482 -0.00408679 0.0003956664
v 0.0008491341 -0.004016926 0.0004081614
v 0.0008260575 -0.003944042 0.0004372326
v 0.0009448762 -0.004253579 0.0004154058
v 0.0009598739 -0.004174735 0.0003906685
v 0.000948217 -0.004108012 0.0003820485
v 0.0009423357 -0.004026962 0.0003852215
v 0.0009239202 -0.003948762 0.0004123093
v 0.001129568 -0.004029486 0.0003438405
v 0.001110854 -0.003970509 0.0003503499
v 0.001038861 -0.004273936 0.0004169604
v 0.001032253 -0.004194761 0.000389531
v 0.001016472 -0.004128366 0.0003737738
v 0.00103926 -0.004047382 0.0003632134
v 0.001023122 -0.003960352 0.0003797903
v 0.001198385 -0.004046699 0.000338873
v 0.001107382 -0.003902762 0.0003741356
v 0.001129145 -0.004214568 0.0003951061
v 0.001107911 -0.004113032 0.0003624103
v 0.001280357 -0.004054946 0.000339863
v 0.001195942 -0.003862684 0.0003679489
v 0.001272755 -0.003851711 0.0003591869
v 0.001233979 -0.004204332 0.000398121
v 0.001209942 -0.004127008 0.0003630084
v 0.001242177 -0.003820417 0.00038976
v 0.001355079 -0.004054832 0.0003480667
v 0.00131728 -0.003810432 0.0003958097
v 0.001394475 -0.003834931 0.0003727323
v 0.001317552 -0.004198089 0.0004112138
v 0.001301414 -0.004125362 0.0003705114
v 0.001402914 -0.004042188 0.0003554595
v 0.001414077 -0.003879262 0.0003502626
v 0.001452643 -0.0040021 0.0003682336
v 0.001452842 -0.003915363 0.0003561447
v 0.001396078 -0.004111583 0.0003901823
v 0.001469169 -0.003851257 0.0003830041
v 0.001540363 -0.003997042 0.0004065221
v 0.001513798 -0.003922764 0.0003829754
v 0.001551287 -0.003861206 0.0004097684
v 0.001586766 -0.003932781 0.0004194685
v -0.00349249 -0.004959815 0.0004379088
v -0.003501147 -0.00487947 0.000447302
v -0.00348503 -0.004816884 0.0004509639
v -0.003463473 -0.005028765 0.0004286169
v -0.003426925 -0.004793009 0.0004526562
v -0.003421217 -0.004972562 0.0004600082
v -0.003440585 -0.004904175 0.0004656988
v -0.003451466 -0.004847728 0.0004640062
v -0.003397558 -0.005041886 0.0004429217
v -0.003345431 -0.004796197 0.0004452488
v -0.003353305 -0.004980305 0.0004685163
v -0.003373463 -0.004916342 0.0004733255
v -0.003394258 -0.004851805 0.0004678643
v -0.003324412 -0.005037728 0.0004547818
v -0.003274613 -0.004826185 0.0004393308
v -0.003266509 -0.005017092 0.0004567413
v -0.003250703 -0.004957798 0.0004602053
v -0.003255285 -0.004889325 0.0004531625
v -0.003298803 -0.004983678 0.0004684466
v -0.003307658 -0.004930297 0.0004710971
v -0.00332405 -0.004865537 0.0004647551
v -0.003082206 -0.005365741 0.0004419136
v -0.00307291 -0.00530193 0.0004541384
v -0.003066544 -0.005433546 0.0004273856
v -0.003032571 -0.005276752 0.0004645303
v -0.003002685 -0.005238159 0.0004597224
v -0.003020542 -0.005396009 0.00045876
v -0.00302983 -0.005330024 0.0004662918
v -0.002999727 -0.005469642 0.0004378067
v -0.002949113 -0.005233932 0.0004585104
v -0.00290847 -0.005272114 0.0004662538
v -0.002946444 -0.005420513 0.0004686768
v -0.002974835 -0.0053563 0.0004741382
v -0.002972224 -0.005291342 0.0004716091
v -0.002918248 -0.005498412 0.0004522743
v -0.002850065 -0.005285826 0.0004624937
v -0.002849153 -0.005521816 0.0004622333
v -0.002805446 -0.005333658 0.0004698246
v -0.002860571 -0.005453374 0.0004747745
v -0.002889783 -0.005350846 0.0004765949
v -0.002818882 -0.005567784 0.0004480065
v -0.002728494 -0.005360827 0.0004658388
v -0.002765829 -0.005612733 0.0004292037
v -0.002764513 -0.005519396 0.000470164
v -0.002789678 -0.005410156 0.0004791579
v -0.002714929 -0.005678499 0.0004018536
v -0.002655827 -0.005388404 0.0004635072
v -0.002643621 -0.00570748 0.000405742
v -0.002613873 -0.005437108 0.0004707988
v -0.002661312 -0.005607553 0.0004550916
v -0.00267975 -0.005524089 0.0004779615
v -0.002690007 -0.005450221 0.000479198
v -0.002575514 -0.005761203 0.000387637
v -0.002538047 -0.005455424 0.0004591348
v -0.002552025 -0.005684784 0.0004471719
v -0.002558984 -0.005596401 0.000474399
v -0.002605214 -0.005516116 0.000477935
v -0.002491153 -0.005764477 0.0004197964
v -0.002440592 -0.005478172 0.0004485268
v -0.002447212 -0.005704594 0.0004629876
v -0.002475631 -0.005624985 0.0004771015
v -0.002501555 -0.005539624 0.0004763355
v -0.002404915 -0.005773344 0.0004396241
v -0.002360064 -0.005499473 0.0004475085
v -0.002316416 -0.00554496 0.0004633679
v -0.00235653 -0.005711857 0.0004725412
v -0.002396757 -0.005648067 0.0004808636
v -0.00239841 -0.005565615 0.0004750319
v -0.002325177 -0.005783458 0.0004518721
v -0.002237993 -0.005553823 0.0004553305
v -0.002255786 -0.005812638 0.0004502086
v -0.002254207 -0.00572103 0.000480922
v -0.002307487 -0.005625452 0.0004797691
v -0.002176331 -0.005868386 0.0004456895
v -0.002139167 -0.00556118 0.0004488183
v -0.00211748 -0.005927588 0.0004282808
v -0.002172793 -0.005773201 0.0004887409
v -0.002161363 -0.005697782 0.0004976654
v -0.002198804 -0.005632025 0.0004817149
v -0.00206739 -0.005976814 0.0003974803
v -0.002036561 -0.005571684 0.0004485412
v -0.002036236 -0.00592403 0.0004618921
v -0.002083982 -0.005724125 0.000514408
v -0.002100212 -0.005638956 0.0004886991
v -0.001981758 -0.005975485 0.0004262941
v -0.001936363 -0.005572561 0.0004456663
v -0.001942006 -0.005902321 0.0004898792
v -0.001990481 -0.005659042 0.0005024102
v -0.001887408 -0.005973286 0.0004450126
v -0.001843051 -0.00556978 0.0004423277
v -0.001836329 -0.005907299 0.0004949342
v -0.001874609 -0.005812939 0.0005218526
v -0.00189642 -0.005706423 0.0005183818
v -0.001894441 -0.005624459 0.0004841766
v -0.001791778 -0.005976522 0.0004592381
v -0.001751434 -0.005572766 0.0004450715
v -0.001757108 -0.00592331 0.0005003416
v -0.001751245 -0.00583395 0.0005255045
v -0.001789478 -0.005724637 0.000517431
v -0.001814069 -0.005635601 0.000487516
v -0.001688196 -0.005975824 0.000482694
v -0.001655679 -0.005573694 0.0004531062
v -0.001610836 -0.006017496 0.0004652156
v -0.001705009 -0.005903823 0.000520096
v -0.001683587 -0.005730031 0.0005309556
v -0.001716864 -0.005641949 0.0004939039
v -0.001571588 -0.00604504 0.0004090615
v -0.001555554 -0.00556781 0.0004670702
v -0.001534827 -0.006026208 0.0004779462
v -0.001610864 -0.00564237 0.0005128008
v -0.001455375 -0.006051626 0.0004326055
v -0.001444923 -0.00555923 0.0004942872
v -0.001462811 -0.006032516 0.0004980114
v -0.00151213 -0.005616754 0.0005275885
v -0.001358457 -0.006060152 0.0004216678
v -0.001343025 -0.005528936 0.0004974431
v -0.001320315 -0.005502311 0.0004436976
v -0.001277463 -0.006062138 0.0004421761
v -0.001236406 -0.005490459 0.000431486
v -0.00127508 -0.005505975 0.00048888
v -0.001178504 -0.006068258 0.0004532605
v -0.001142778 -0.005480242 0.0004231833
v -0.001093642 -0.006075691 0.0004632549
v -0.001059072 -0.005469774 0.0004498501
v -0.0009773212 -0.006077868 0.0004317022
v -0.0009566129 -0.005447451 0.0004755495
v -0.0008882569 -0.005427607 0.0004733742
v -0.0008584728 -0.006103657 0.0004604578
v -0.0008555386 -0.005410698 0.0005012605
v -0.0008237119 -0.006129338 0.0004919025
v -0.0008176275 -0.005419399 0.0004655063
v -0.0008615002 -0.006121002 0.0005147692
v -0.0007861314 -0.006131649 0.0004965184
v -0.0007729555 -0.005444734 0.0004186657
v -0.0007547309 -0.006113935 0.0004661928
v -0.0007496326 -0.005406266 0.0004765683
v -0.000701064 -0.006087071 0.0004634865
v -0.000700663 -0.005431019 0.0004312469
v -0.0006369149 -0.005398594 0.00046574
v -0.0006983398 -0.005398106 0.0004767606
v -0.0006135505 -0.006043544 0.0004717161
v -0.0005640728 -0.005367721 0.0004799719
v -0.0005218267 -0.005978356 0.0004417804
v -0.0005296253 -0.005324826 0.0005256913
v -0.0004422519 -0.005955909 0.000495485
v -0.0004913604 -0.00536959 0.0004656318
v -0.0003858992 -0.00590015 0.0004518962
v -0.0004414498 -0.00531538 0.0005120304
v -0.00034503 -0.005874478 0.0004514595
v -0.0004028983 -0.005376445 0.0004551244
v -0.0002916477 -0.005839576 0.0004599129
v -0.0003519855 -0.005907143 0.0004897243
v -0.0003443073 -0.005317224 0.0004982552
v -0.0002253173 -0.00577562 0.000453509
v -0.0003101975 -0.005392162 0.0004492719
v -0.0002007353 -0.005715876 0.0004403538
v -0.0002322871 -0.005414431 0.0004474093
v -0.0002189754 -0.005827516 0.0004915222
v -0.0002336822 -0.005332687 0.0004889512
v -0.000155719 -0.005665984 0.0004487028
v -0.0002038418 -0.005470226 0.0004346751
v -0.0001468406 -0.005585233 0.0004434637
v -0.0001550506 -0.005503569 0.0004428788
v -0.000156709 -0.005819718 0.0005235
v -0.0001567865 -0.005743441 0.0004765792
v -0.0001422149 -0.005411119 0.0004677888
v -0.0001411906 -0.005316064 0.0005018497
v -0.00008036092 -0.005752061 0.0005290157
v -0.0000829923 -0.005638263 0.0004821895
v -0.00007865252 -0.005508921 0.0004706144
v -0.00005020845 -0.005419762 0.0004860043
v -0.00006410243 -0.005342597 0.0005012441
v 0.000006485303 -0.005662795 0.0005348407
v 0.00000303209 -0.005553233 0.0005044581
v -0.000002351101 -0.005465108 0.0004962228
v 0.00002239232 -0.00537989 0.0005120302
v 0.00007723655 -0.00557926 0.0005421884
v 0.00007595722 -0.005471222 0.0005266913
v 0.0004625772 -0.004177406 0.0005180636
v 0.0004499003 -0.004088426 0.0005255141
v 0.0004497645 -0.0040247 0.0005374756
v 0.000617403 -0.004117098 0.0004579676
v 0.0005897956 -0.00403061 0.0004779063
v 0.0005687966 -0.004386346 0.0005167386
v 0.0005244729 -0.004268893 0.0005061963
v 0.0005283446 -0.004194747 0.0004907014
v 0.0005335759 -0.004122995 0.0004872136
v 0.0005025979 -0.004047854 0.0005068183
v 0.000690931 -0.00415794 0.0004397087
v 0.0006394988 -0.003968868 0.0004757249
v 0.000646841 -0.004464262 0.0005181742
v 0.0006530245 -0.004385299 0.0004951208
v 0.000625374 -0.004310238 0.0004831229
v 0.0006021368 -0.004205695 0.0004697542
v 0.0006571455 -0.003919864 0.0005027849
v 0.0007666155 -0.004191643 0.0004264916
v 0.0006992691 -0.003954596 0.0004607525
v 0.0007973204 -0.004251225 0.0004327662
v 0.0007569233 -0.003938443 0.000453426
v 0.0007440569 -0.004489447 0.0005136557
v 0.0007238125 -0.004411134 0.0004908033
v 0.0007008855 -0.004343572 0.0004744553
v 0.0007096684 -0.004259228 0.000452292
v 0.0007211035 -0.00391108 0.0004839052
v 0.0008579594 -0.004272657 0.0004298734
v 0.0007856473 -0.003894135 0.0004814061
v 0.0008932189 -0.004324538 0.000443453
v 0.0008391415 -0.004494965 0.0005102851
v 0.0008003603 -0.004430663 0.0004893363
v 0.0007965977 -0.00433999 0.0004595959
v 0.0009740603 -0.004336383 0.0004437985
v 0.0008878438 -0.003878997 0.0004683254
v 0.0009417874 -0.004492383 0.0005097477
v 0.0008956094 -0.004406347 0.0004753039
v 0.0009606663 -0.003829694 0.0005014632
v 0.001050352 -0.004335453 0.0004425409
v 0.001013629 -0.00387949 0.0004270114
v 0.001101923 -0.004294064 0.0004261532
v 0.001041736 -0.004494583 0.0005180027
v 0.001020603 -0.004408279 0.0004763113
v 0.00106209 -0.003815881 0.0004774507
v 0.00117431 -0.004282876 0.0004287357
v 0.001120576 -0.0038428 0.0004121584
v 0.001187892 -0.003817905 0.0004086566
v 0.001123306 -0.004501665 0.0005349763
v 0.001119536 -0.00442561 0.0004954639
v 0.001112378 -0.004351647 0.0004554272
v 0.0011451 -0.00380253 0.0004523176
v 0.001260365 -0.004270842 0.0004381526
v 0.001224494 -0.00378441 0.0004518137
v 0.001209036 -0.004438148 0.0005237876
v 0.001198884 -0.004350787 0.0004703891
v 0.001318335 -0.00425439 0.0004435908
v 0.001313368 -0.003758161 0.0004720161
v 0.001379124 -0.004218332 0.0004445958
v 0.001306126 -0.004327836 0.0004885768
v 0.001376178 -0.003732283 0.0005081706
v 0.001435001 -0.004156386 0.0004294727
v 0.001411275 -0.0037838 0.0004306967
v 0.001496358 -0.004099658 0.0004300994
v 0.001454271 -0.004198134 0.0004658861
v 0.001469526 -0.003741732 0.0004970802
v 0.001570059 -0.004046037 0.0004410834
v 0.001514877 -0.003797455 0.0004368126
v 0.001593209 -0.003994341 0.0004327641
v 0.001584965 -0.003819974 0.0004463169
v 0.001571198 -0.004111945 0.0004790831
v 0.001577677 -0.003760428 0.0005019726
v 0.001618034 -0.003971853 0.0004445202
v 0.001608638 -0.003872243 0.0004383746
v 0.001646438 -0.003934847 0.0004693782
v 0.001615538 -0.004124827 0.0005186676
v 0.001625891 -0.004036617 0.0004800344
v 0.001649147 -0.003834627 0.0004855462
v 0.001669423 -0.003761247 0.0005352426
v 0.001707784 -0.00390587 0.0005246833
v 0.001718077 -0.003819101 0.0005379868
v -0.002101188 -0.005805164 0.0005062179
v -0.0020819 -0.005870553 0.0004864329
v -0.002048496 -0.005769228 0.0005328297
v -0.002017967 -0.005729017 0.0005332693
v -0.002039242 -0.00581646 0.0005274692
v -0.00200866 -0.0058626 0.0005121803
v -0.001969893 -0.005727088 0.0005345529
v -0.001953489 -0.005834901 0.0005271874
v -0.001947582 -0.005777231 0.000537956
v -0.00199044 -0.005813179 0.000537537
v -0.00200181 -0.005771608 0.0005422899
v -0.001672528 -0.005804029 0.0005451603
v -0.001677782 -0.0058588 0.0005402276
v -0.001630524 -0.005766206 0.0005531118
v -0.001637716 -0.005912628 0.0005332591
v -0.001608697 -0.005713503 0.000546856
v -0.001610626 -0.005832906 0.0005588254
v -0.001588619 -0.005977262 0.0005126215
v -0.001544419 -0.005685398 0.0005556652
v -0.00153903 -0.005908439 0.0005631467
v -0.00153077 -0.0058185 0.0005836047
v -0.001569656 -0.005757993 0.0005683887
v -0.001502978 -0.005990976 0.0005319362
v -0.001477704 -0.005661543 0.000569289
v -0.001431905 -0.006012047 0.0005373648
v -0.00143976 -0.005614381 0.0005542474
v -0.001442092 -0.005954595 0.000577492
v -0.001439116 -0.005850471 0.0006146292
v -0.001482888 -0.005741039 0.0005931543
v -0.001375016 -0.006045755 0.0004922641
v -0.001357328 -0.00558881 0.000565434
v -0.001361041 -0.006003588 0.0005648949
v -0.001357864 -0.005933114 0.0006230296
v -0.001400115 -0.005755959 0.0006327919
v -0.001406044 -0.00566911 0.0006009823
v -0.001259539 -0.006045074 0.0005260801
v -0.001259936 -0.00553801 0.0005530146
v -0.001217694 -0.00550021 0.0005085369
v -0.001279251 -0.005992384 0.0006037573
v -0.001156025 -0.00606456 0.0005138376
v -0.001139083 -0.005483194 0.0005006881
v -0.001179791 -0.005512459 0.0005553815
v -0.001066795 -0.006069073 0.000525848
v -0.001032539 -0.00546647 0.0005402354
v -0.001108272 -0.005504781 0.0005799685
v -0.0009407053 -0.006087957 0.000540786
v -0.0009546647 -0.005439851 0.0005463589
v -0.0008625521 -0.006113601 0.000550877
v -0.0009042814 -0.005421099 0.0005223812
v -0.00082145 -0.00613131 0.0005248992
v -0.0008630456 -0.00540915 0.0005495914
v -0.000812763 -0.006114423 0.0005605334
v -0.0007845241 -0.006129628 0.0005279697
v -0.000802001 -0.005398945 0.0005347342
v -0.0007458735 -0.00611795 0.0005059614
v -0.0007618487 -0.006112751 0.0005468409
v -0.0006988145 -0.006085256 0.0005355047
v -0.0007050459 -0.005376675 0.0005419101
v -0.0006110135 -0.005346932 0.0005319967
v -0.0006482591 -0.005340212 0.0005984658
v -0.0006209342 -0.006050375 0.0005556723
v -0.0005770272 -0.00530893 0.0005953504
v -0.0005411106 -0.006014724 0.0005207416
v -0.0005709889 -0.006025863 0.0005849772
v -0.000495981 -0.00599371 0.000581077
v -0.0004871946 -0.005274426 0.0005905668
v -0.0004257332 -0.005226327 0.0006328679
v -0.0003745158 -0.005949053 0.0005789691
v -0.000389338 -0.005259564 0.0005625571
v -0.0002848279 -0.005891106 0.0005197565
v -0.0003403859 -0.005201883 0.0006171452
v -0.0002137451 -0.005874146 0.0005410907
v -0.0002883084 -0.005250946 0.0005485915
v -0.0002707021 -0.00591653 0.0005762483
v -0.0002326951 -0.005168083 0.0006103854
v -0.0001689796 -0.005861871 0.0005557191
v -0.0001840926 -0.005247001 0.0005391342
v -0.0001198517 -0.005836838 0.0005721553
v -0.0001973889 -0.005895893 0.0006001933
v -0.0001193565 -0.005170443 0.0005774794
v -0.0001447606 -0.005084697 0.0006434466
v -0.00006560566 -0.005794898 0.0005683937
v -0.00008684539 -0.005255952 0.0005311937
v -0.00001405751 -0.005753818 0.0005769682
v -0.00006427177 -0.005823283 0.0006115937
v -0.00001646664 -0.005184177 0.0005596884
v -0.00004345027 -0.005089792 0.0006037587
v -0.00006474247 -0.005015478 0.0006538815
v 0.00003417044 -0.005702154 0.0005688842
v 0.00000453989 -0.00528038 0.0005290948
v 0.00007934117 -0.005657359 0.0005733004
v 0.0000790527 -0.005309894 0.0005342648
v 0.00004753497 -0.005729089 0.0006090663
v 0.00009201629 -0.00521031 0.0005545282
v 0.00006051343 -0.00509714 0.0005829168
v 0.00003431577 -0.004990127 0.0006296296
v 0.0001172491 -0.00559991 0.0005672175
v 0.0001016127 -0.005375972 0.0005330781
v 0.0001598364 -0.005531649 0.0005742968
v 0.0001518364 -0.005417638 0.0005511327
v 0.0001384182 -0.005629244 0.0005982695
v 0.0001731126 -0.005301841 0.0005564367
v 0.0001873807 -0.005187938 0.0005648411
v 0.0001621783 -0.005104 0.0005740703
v 0.0001437311 -0.004999436 0.0005977518
v 0.0001345664 -0.004886239 0.0006368274
v 0.0002572197 -0.005521275 0.0006169861
v 0.0002419456 -0.005406296 0.0005824062
v 0.000271413 -0.005293625 0.000578513
v 0.0002611646 -0.005206808 0.0005738845
v 0.0002545887 -0.005109532 0.0005763691
v 0.0002436447 -0.005010039 0.0005846033
v 0.0002357436 -0.004902303 0.0006019083
v 0.0002335043 -0.004784673 0.0006307763
v 0.0002633393 -0.004673484 0.0006478642
v 0.0002787702 -0.004094182 0.0006483392
v 0.0004022625 -0.00418636 0.0005492287
v 0.0003911199 -0.004128508 0.0005558032
v 0.0003787687 -0.004035868 0.0005793339
v 0.0003161131 -0.005528571 0.0006443951
v 0.0003361344 -0.005443003 0.000624149
v 0.0003388521 -0.005327599 0.0006007514
v 0.0003448092 -0.00522093 0.0005917652
v 0.0003426033 -0.005120038 0.0005867869
v 0.0003388086 -0.005019065 0.0005854385
v 0.000333603 -0.004916228 0.0005882172
v 0.0003296159 -0.004810324 0.0005967908
v 0.000331167 -0.004703532 0.0006091965
v 0.0003286438 -0.004595383 0.0006295334
v 0.0003432546 -0.004494606 0.0006336193
v 0.0003404214 -0.004188704 0.0005966783
v 0.0003348374 -0.004096712 0.0005963276
v 0.0003089094 -0.004042726 0.0006252613
v 0.0004274408 -0.004247661 0.0005460278
v 0.0004298855 -0.003982963 0.0005685088
v 0.0005010719 -0.004438681 0.0005482821
v 0.000467765 -0.004348761 0.000545582
v 0.0004095589 -0.005354126 0.0006289512
v 0.0004306459 -0.005241605 0.0006173928
v 0.0004303677 -0.005131545 0.0006047398
v 0.0004331211 -0.005026882 0.0005965246
v 0.0004303619 -0.004924592 0.0005894577
v 0.0004244926 -0.004823796 0.0005855718
v 0.0004164339 -0.004725686 0.0005860589
v 0.0004106186 -0.00462734 0.0005902601
v 0.0003982733 -0.004539676 0.0005979816
v 0.0004076085 -0.004432488 0.0005902378
v 0.0003802693 -0.004307071 0.0005869797
v 0.0004529976 -0.003932946 0.000596476
v 0.0005623986 -0.004474768 0.0005365741
v 0.0005027821 -0.003981171 0.0005332556
v 0.0005939694 -0.004534459 0.0005428309
v 0.0005840079 -0.003949064 0.0005148874
v 0.0005057476 -0.005143842 0.000625969
v 0.0005316163 -0.005035289 0.0006166485
v 0.000528971 -0.004929104 0.0006005665
v 0.0005223629 -0.004829234 0.0005871006
v 0.0005085895 -0.00473264 0.0005771829
v 0.0004846095 -0.004652052 0.0005739188
v 0.0004944141 -0.004542247 0.0005653159
v 0.000525392 -0.003921947 0.0005661189
v 0.0006742488 -0.004556373 0.0005383959
v 0.0005951413 -0.00389079 0.0005648604
v 0.0006303951 -0.00492972 0.0006184216
v 0.0006248412 -0.004831158 0.000596477
v 0.0006099242 -0.004734061 0.0005772128
v 0.0005822421 -0.004628844 0.0005611654
v 0.0007723335 -0.00456905 0.0005371555
v 0.0007035546 -0.003864028 0.0005485356
v 0.0007351285 -0.004831841 0.0006116226
v 0.0007158297 -0.00473692 0.0005833143
v 0.0006942846 -0.004646183 0.0005599051
v 0.0007610265 -0.003818579 0.0005967271
v 0.0008724468 -0.004571268 0.0005384207
v 0.0008116196 -0.003847087 0.0005277868
v 0.0008826018 -0.00383135 0.0005247795
v 0.000849559 -0.004801863 0.0006200058
v 0.0008220988 -0.004730531 0.0005909912
v 0.0007982001 -0.004650273 0.0005629962
v 0.0008366358 -0.003814477 0.0005715762
v 0.000971519 -0.004568525 0.0005435734
v 0.0009040224 -0.003801562 0.0005739416
v 0.0009410026 -0.00478563 0.00063017
v 0.0009236639 -0.004718803 0.0005998507
v 0.000899868 -0.004646461 0.0005685082
v 0.001061778 -0.0045631 0.000553237
v 0.001000338 -0.003788988 0.0005612772
v 0.0010193 -0.004713206 0.0006155185
v 0.0009987766 -0.0046382 0.0005777426
v 0.00111845 -0.004553823 0.0005601757
v 0.001119492 -0.00377209 0.0005364025
v 0.001176402 -0.004531086 0.0005661296
v 0.001103373 -0.004618987 0.0005917739
v 0.001232065 -0.004484524 0.0005591173
v 0.001229798 -0.003741266 0.0005450113
v 0.001293199 -0.004443244 0.0005602457
v 0.001306679 -0.003727075 0.0005325911
v 0.00124266 -0.004527266 0.000591549
v 0.001273854 -0.003716824 0.0005796656
v 0.001366699 -0.004363127 0.000539282
v 0.001331539 -0.00370871 0.0005760663
v 0.001405977 -0.004282132 0.0005003499
v 0.001375743 -0.004429279 0.0005927642
v 0.00147137 -0.00425205 0.000512469
v 0.001410807 -0.003704891 0.0005707786
v 0.001518484 -0.004184488 0.0004927208
v 0.001441354 -0.004418042 0.0006225361
v 0.001443825 -0.00433676 0.0005609216
v 0.00157642 -0.004188021 0.0005323219
v 0.001507626 -0.003704092 0.0005731084
v 0.001512333 -0.004356373 0.0006184296
v 0.001520978 -0.004263368 0.0005513084
v 0.001624097 -0.004180821 0.0005645338
v 0.001620928 -0.003700523 0.0005933156
v 0.001660804 -0.004111818 0.0005533745
v 0.001696273 -0.004011891 0.000538446
v 0.001701858 -0.003721204 0.000582556
v 0.001587982 -0.004267882 0.0006026989
v 0.001744374 -0.003966387 0.0005721932
v 0.001724396 -0.003760606 0.0005596576
v 0.001768276 -0.003885471 0.0005854685
v 0.001764977 -0.003790767 0.0005856899
v 0.00174383 -0.004030503 0.0005941927
v 0.001746991 -0.00373362 0.0005996613
v -0.001373188 -0.005812947 0.0006522665
v -0.0013614 -0.005865301 0.0006508656
v -0.001342272 -0.005764798 0.0006609753
v -0.001310991 -0.005893772 0.0006610661
v -0.001342946 -0.005702233 0.0006444639
v -0.001334469 -0.005641819 0.0006194081
v -0.001306338 -0.005823438 0.0006731649
v -0.001283187 -0.005940184 0.0006477964
v -0.001272637 -0.005603159 0.0006149231
v -0.001221118 -0.005968225 0.000641223
v -0.001224918 -0.005889139 0.0006788272
v -0.001231426 -0.005796652 0.0006913191
v -0.001274948 -0.005730738 0.0006732175
v -0.001289549 -0.005662621 0.0006477454
v -0.001169313 -0.006027039 0.0005866311
v -0.001175248 -0.00556264 0.0006156632
v -0.001127874 -0.005965112 0.000659474
v -0.001129972 -0.005887016 0.0006997664
v -0.001155455 -0.005812041 0.000706468
v -0.001179083 -0.005723198 0.0006935891
v -0.001216886 -0.005648211 0.0006595159
v -0.00105069 -0.006037976 0.0006037347
v -0.001084891 -0.00553916 0.0006341018
v -0.001039233 -0.005496318 0.000608159
v -0.001017426 -0.00599306 0.0006640579
v -0.001053818 -0.005919421 0.0007020221
v -0.001067755 -0.005834943 0.0007216992
v -0.001078949 -0.005734041 0.00071687
v -0.001102905 -0.00562259 0.0006780075
v -0.0009639006 -0.006047837 0.0006191372
v -0.000972913 -0.005465588 0.0006009553
v -0.0009076305 -0.00542981 0.0005803987
v -0.0009243127 -0.006014625 0.000662886
v -0.0009633648 -0.005944747 0.0007047814
v -0.0009934119 -0.005872762 0.0007276784
v -0.0009737713 -0.005776534 0.0007428195
v -0.0009793802 -0.005639521 0.0007244973
v -0.0009977819 -0.005532124 0.0006628358
v -0.0008739689 -0.006075694 0.0006020277
v -0.0008446429 -0.005417062 0.0006020995
v -0.0008318999 -0.006027909 0.0006574586
v -0.0008805328 -0.005969908 0.000699595
v -0.0008911188 -0.005879739 0.0007398652
v -0.0008957299 -0.005530197 0.0007151275
v -0.0009054466 -0.00546381 0.0006448213
v -0.0007739404 -0.006078744 0.000596641
v -0.0007758988 -0.005395872 0.0006047903
v -0.0007129491 -0.005375559 0.000654167
v -0.0007516565 -0.006033759 0.0006489637
v -0.0007805073 -0.005965154 0.0007076675
v -0.0008111222 -0.005442241 0.0006849974
v -0.0006908285 -0.006056049 0.0006041112
v -0.0006288266 -0.005325271 0.0006735608
v -0.0006274249 -0.006035917 0.0006129659
v -0.0006824585 -0.006014663 0.0006594838
v -0.0006808572 -0.005365524 0.0007195894
v -0.0005826412 -0.006001055 0.0006493618
v -0.0005477753 -0.005280502 0.0006640746
v -0.0004866748 -0.005246948 0.0006631924
v -0.0004783898 -0.005974827 0.0006564591
v -0.0004497367 -0.005220433 0.0006949556
v -0.0003937742 -0.00595904 0.0006702555
v -0.0003864219 -0.005187664 0.0006858449
v -0.0002942907 -0.005939201 0.0006518626
v -0.000306947 -0.005144895 0.0006824082
v -0.0002323829 -0.00509724 0.0006887149
v -0.0002795811 -0.005110053 0.0007132465
v -0.0002037716 -0.005919598 0.0006785917
v -0.0001782099 -0.005052533 0.000695674
v -0.0001303107 -0.005877844 0.0006412474
v -0.0001285799 -0.005015709 0.0006991966
v -0.0001693961 -0.005029209 0.0007219288
v -0.00007384001 -0.005854483 0.0006827615
v -0.0000736718 -0.004973369 0.0006952296
v -0.000006305799 -0.005794885 0.0006461689
v -0.00004686117 -0.004933087 0.0007224525
v 0.00006043627 -0.005759514 0.0006869461
v -0.00002129029 -0.004951017 0.000677976
v 0.0001059864 -0.005692091 0.0006257407
v 0.00004249426 -0.004895157 0.0006869155
v -0.000009337538 -0.004913246 0.000708029
v 0.0001487093 -0.005663272 0.0006324659
v 0.0001048277 -0.004833654 0.0006824153
v 0.0001981812 -0.005622026 0.0006442554
v 0.0001562533 -0.004798556 0.0006643486
v 0.0001871367 -0.004715828 0.0006941818
v 0.0002348129 -0.004112439 0.000715221
v 0.0001379065 -0.005699452 0.000678305
v 0.0001276096 -0.004775439 0.0007062316
v 0.0001426153 -0.004736237 0.0007287631
v 0.0002793823 -0.005582668 0.0006600177
v 0.0002320086 -0.004638771 0.000688343
v 0.000276635 -0.004162604 0.0006541812
v 0.0002361002 -0.004051116 0.0006997518
v 0.0002689071 -0.004602033 0.0006680084
v 0.0002801298 -0.004521811 0.0006930706
v 0.000293689 -0.004206799 0.0006399174
v 0.0002622834 -0.00401476 0.0006792478
v 0.0002501032 -0.005637229 0.000699329
v 0.0002423515 -0.004580479 0.0007087588
v 0.0002476333 -0.004539383 0.0007296982
v 0.0002617184 -0.004208531 0.0006910425
v 0.0002287817 -0.004016377 0.0007152901
v 0.0003237367 -0.005561972 0.0006689368
v 0.0003041828 -0.004447458 0.0006771505
v 0.0003126082 -0.004261735 0.0006349668
v 0.0003183399 -0.003986171 0.0006444173
v 0.0003742463 -0.00551804 0.0006769338
v 0.0004078206 -0.005430516 0.0006497247
v 0.0003371586 -0.004422583 0.0006400971
v 0.0003348477 -0.004351692 0.0006335818
v 0.0003807548 -0.003958423 0.0006193066
v 0.0003158484 -0.005602598 0.0007141223
v 0.0002957578 -0.004376963 0.0006867931
v 0.0002819823 -0.004296165 0.0006869436
v 0.0003331565 -0.003936025 0.0006771162
v 0.000459278 -0.005377983 0.000657112
v 0.0003957686 -0.003904135 0.0006723204
v 0.0004837743 -0.00529617 0.0006471856
v 0.0005067719 -0.005214497 0.0006381736
v 0.0004384192 -0.005522172 0.0007242571
v 0.0004546591 -0.005447499 0.0006847663
v 0.0005577175 -0.005159905 0.0006458436
v 0.0004988328 -0.003875612 0.0006425321
v 0.0005834484 -0.005083296 0.0006394031
v 0.0006140391 -0.005007739 0.0006325479
v 0.0005014922 -0.005465192 0.000732761
v 0.0005374699 -0.005352456 0.0006958707
v 0.0005600172 -0.005231693 0.0006641114
v 0.0006680931 -0.004967308 0.0006369664
v 0.000603298 -0.003837044 0.0006390631
v 0.0007098421 -0.004914078 0.0006315717
v 0.0006842436 -0.003820747 0.0006250401
v 0.0006395184 -0.005236994 0.000703225
v 0.0006371174 -0.005129698 0.0006675971
v 0.0006598848 -0.005030166 0.0006499672
v 0.0006397458 -0.003805176 0.0006794382
v 0.0007867992 -0.004886336 0.0006384882
v 0.000706478 -0.003794827 0.000675104
v 0.0007309381 -0.005133102 0.0007046923
v 0.0007322405 -0.005039255 0.0006730402
v 0.0007282883 -0.004963106 0.0006497789
v 0.0008807666 -0.004864448 0.0006500735
v 0.0008112743 -0.003787545 0.0006508489
v 0.0008245125 -0.005036705 0.0007019791
v 0.0008138444 -0.004951884 0.0006669914
v 0.0009587635 -0.004838143 0.0006573726
v 0.0009174452 -0.003771578 0.0006515107
v 0.001003643 -0.004783542 0.0006438408
v 0.0009274514 -0.004931258 0.000691301
v 0.001056818 -0.004753864 0.0006457703
v 0.00102445 -0.003756568 0.0006441307
v 0.001093048 -0.004698263 0.0006295333
v 0.001026151 -0.004922906 0.0007257589
v 0.001032097 -0.004832161 0.0006786258
v 0.001149856 -0.004662295 0.0006331205
v 0.001135913 -0.003734482 0.0006448227
v 0.001192084 -0.004594887 0.000611514
v 0.001222946 -0.003719355 0.0006182712
v 0.001110909 -0.004855764 0.0007314318
v 0.001124889 -0.004746908 0.0006717971
v 0.001243845 -0.004577853 0.0006258154
v 0.001272056 -0.003703733 0.0006368106
v 0.001309404 -0.004536547 0.0006359593
v 0.001189756 -0.004775164 0.0007311322
v 0.001225827 -0.004656241 0.0006720652
v 0.001393792 -0.004484172 0.0006464781
v 0.001341063 -0.003689994 0.0006452742
v 0.001369841 -0.004549221 0.0006863768
v 0.001436396 -0.004463989 0.0006567976
v 0.001427091 -0.003677964 0.0006498032
v 0.001481293 -0.004443652 0.0006705968
v 0.001428093 -0.004513038 0.000695777
v 0.001526391 -0.004401695 0.0006640611
v 0.00152354 -0.00366556 0.000659382
v 0.00157304 -0.00436706 0.0006717498
v 0.001533425 -0.004439394 0.0007057558
v 0.00162728 -0.004306536 0.0006682901
v 0.001614807 -0.003648322 0.0006837443
v 0.001662957 -0.004213313 0.0006295602
v 0.001718268 -0.004106395 0.0006106514
v 0.001622295 -0.004362228 0.0007123064
v 0.001671822 -0.003620622 0.0007285036
v 0.001756041 -0.004063886 0.0006263097
v 0.001727133 -0.003673415 0.0006659079
v 0.001788686 -0.004004213 0.0006467002
v 0.00181662 -0.003902867 0.0006452039
v 0.001812401 -0.003824451 0.0006339843
v 0.001795431 -0.003743938 0.0006456941
v 0.001762236 -0.00411076 0.0006704818
v 0.001728649 -0.003621863 0.0007295594
v 0.001833485 -0.004022399 0.0007283593
v 0.00184424 -0.00394481 0.0007018544
v 0.001853343 -0.003859798 0.0006890021
v 0.001852507 -0.003778819 0.0006954042
v -0.0009000587 -0.005693687 0.0007657895
v -0.0008938163 -0.005606395 0.0007546758
v -0.000885397 -0.005782843 0.0007676001
v -0.0008478971 -0.00555641 0.0007608908
v -0.0008307821 -0.005826251 0.0007735366
v -0.0008259166 -0.005502264 0.0007423472
v -0.0008161723 -0.005738865 0.0007935874
v -0.0008359899 -0.005627919 0.0007843312
v -0.0007986849 -0.005887015 0.0007564997
v -0.0007883566 -0.005471468 0.0007440565
v -0.000731384 -0.005915161 0.0007510844
v -0.0007309142 -0.005426796 0.0007474417
v -0.0007474787 -0.00583873 0.0007889099
v -0.0007270802 -0.005752308 0.0008270245
v -0.0007634654 -0.005651845 0.0008192161
v -0.0007780956 -0.005533828 0.0007861988
v -0.000666725 -0.00596405 0.0007132616
v -0.0006832179 -0.005381095 0.0007565864
v -0.0006378401 -0.005349222 0.0007554574
v -0.000654644 -0.00590523 0.0007690549
v -0.0006528146 -0.005832169 0.0008242826
v -0.000673324 -0.005404921 0.0007916837
v -0.0005666162 -0.005955149 0.0007214741
v -0.0005829962 -0.005302457 0.0007256033
v -0.0005098017 -0.005263391 0.0007425545
v -0.0005520021 -0.005901228 0.0007939326
v -0.0005771564 -0.005324253 0.0007879187
v -0.0004647196 -0.005949182 0.0007299526
v -0.0004255106 -0.005206079 0.0007568988
v -0.0004350147 -0.005917342 0.0007943736
v -0.0004680596 -0.005250328 0.0008037826
v -0.0003640275 -0.005944869 0.0007300247
v -0.0003534763 -0.005156559 0.000741375
v -0.0003056115 -0.005122185 0.0007341117
v -0.0003319251 -0.005921338 0.0007929914
v -0.0002708393 -0.005935763 0.0007307345
v -0.0002630044 -0.005092508 0.0007530803
v -0.0002050276 -0.005053366 0.0007379943
v -0.0002401929 -0.005917059 0.0007866786
v -0.0002033425 -0.005923655 0.0007364983
v -0.0001574581 -0.005010994 0.000763136
v -0.0001441949 -0.005899553 0.0007124951
v -0.00009823015 -0.004967583 0.0007425485
v -0.0001720261 -0.005906309 0.000768115
v -0.0001025296 -0.005872102 0.0007662353
v -0.00006369025 -0.004929405 0.0007707449
v -0.00001893614 -0.0058244 0.0007251403
v 0.00002636141 -0.00579786 0.0007677245
v -0.000005377393 -0.0048859 0.0007623924
v 0.00007089302 -0.004819438 0.0007450346
v 0.0001140156 -0.004758755 0.00075506
v 0.00003556511 -0.00483333 0.0008135725
v 0.0001031786 -0.005749773 0.0007707838
v 0.0001492394 -0.004702347 0.0007796236
v 0.0001896696 -0.005687512 0.0007273912
v 0.0002034458 -0.004624823 0.0007508567
v 0.000228972 -0.004559197 0.0007537394
v 0.0002196258 -0.004163622 0.0007857402
v 0.0002052171 -0.004082015 0.000791186
v 0.0002146032 -0.004031003 0.0007558846
v 0.0002528484 -0.005668111 0.0007685642
v 0.0002442285 -0.004497785 0.0007817267
v 0.000245623 -0.004247369 0.0007444781
v 0.0002353946 -0.003983544 0.0007366312
v 0.0002658926 -0.004414009 0.0007532249
v 0.0002573478 -0.004318156 0.0007525173
v 0.0002800108 -0.003955409 0.0007077636
v 0.0002548604 -0.00394051 0.0007676566
v 0.0003269183 -0.005637433 0.0008080688
v 0.0003176167 -0.003903228 0.0007544977
v 0.0003850997 -0.005577606 0.0007437057
v 0.0004290421 -0.005561906 0.0007580633
v 0.0004142878 -0.003850698 0.0007578489
v 0.0004714719 -0.00553475 0.0007764871
v 0.0004100467 -0.005590644 0.0008032799
v 0.0004681414 -0.003806136 0.0008048057
v 0.0005200627 -0.005487419 0.0007692056
v 0.0005165334 -0.003824049 0.000719639
v 0.0005745198 -0.00542298 0.0007717602
v 0.0006198873 -0.005325859 0.0007352222
v 0.0005831991 -0.003805525 0.0007112771
v 0.0005230953 -0.005507952 0.0008113203
v 0.0005394653 -0.003795797 0.0007687051
v 0.0006772763 -0.005272038 0.0007417615
v 0.0006173128 -0.003783742 0.0007559773
v 0.0007123128 -0.0052116 0.0007303333
v 0.0006396825 -0.005405204 0.000834549
v 0.0006652114 -0.00533555 0.0007801221
v 0.0007661508 -0.005170331 0.0007392603
v 0.0007168467 -0.003768743 0.0007545332
v 0.0008036458 -0.005112785 0.0007282256
v 0.0007243537 -0.00532806 0.0008426284
v 0.0007447222 -0.005244629 0.0007747062
v 0.0008576124 -0.00507739 0.0007351043
v 0.0008222577 -0.00375667 0.0007482107
v 0.0009008993 -0.00502078 0.0007239711
v 0.0008213443 -0.005236182 0.0008399687
v 0.0008348404 -0.005150519 0.0007696376
v 0.0009692796 -0.004993427 0.0007399876
v 0.0009298853 -0.003744832 0.0007420165
v 0.0009197025 -0.005140223 0.0008271643
v 0.0009171083 -0.005070481 0.000762662
v 0.001022835 -0.004977211 0.0007563595
v 0.001032615 -0.003731827 0.0007375198
v 0.001077183 -0.004951591 0.0007765051
v 0.001005183 -0.005041488 0.0007985006
v 0.001129125 -0.004902085 0.0007745232
v 0.001115031 -0.003715716 0.0007480189
v 0.001175895 -0.004861549 0.0007874885
v 0.001197595 -0.003709733 0.000690217
v 0.001137562 -0.004937597 0.0008200817
v 0.001225662 -0.004801407 0.0007848885
v 0.001259702 -0.003689325 0.0007169812
v 0.001260897 -0.004729383 0.0007599395
v 0.001323335 -0.004630986 0.000727461
v 0.001223585 -0.004845009 0.0008302072
v 0.00139369 -0.004582272 0.0007373598
v 0.001338424 -0.003669249 0.000731439
v 0.001373736 -0.004642998 0.0007895941
v 0.001434955 -0.0045532 0.0007420201
v 0.001431476 -0.003650155 0.0007368773
v 0.001485909 -0.004513961 0.000747419
v 0.001431687 -0.00459843 0.0007981163
v 0.001538635 -0.004474082 0.000747861
v 0.001525778 -0.003629492 0.0007460794
v 0.001587262 -0.004429332 0.0007503529
v 0.001601692 -0.00361763 0.0007422502
v 0.001542335 -0.004504818 0.0008004983
v 0.001560635 -0.003604992 0.0007857329
v 0.001634479 -0.004381659 0.0007473165
v 0.001622504 -0.003593242 0.0007899609
v 0.001676889 -0.00431487 0.0007397516
v 0.00172434 -0.00419748 0.0006889539
v 0.001640989 -0.004407011 0.0008002113
v 0.001766606 -0.004174771 0.0007319406
v 0.001714502 -0.00358574 0.000793964
v 0.001804158 -0.004104514 0.0007410253
v 0.001783039 -0.003621526 0.0007550668
v 0.001723353 -0.004312699 0.0008209452
v 0.001742893 -0.004248028 0.0007710718
v 0.001848112 -0.004063796 0.0007969826
v 0.001841591 -0.003684619 0.0007382162
v 0.001870549 -0.003981171 0.0007773714
v 0.001885386 -0.003892873 0.0007561012
v 0.001886744 -0.003820599 0.0007380893
v 0.001897556 -0.003754491 0.0007662227
v 0.001836876 -0.003620404 0.0007866101
v 0.00193471 -0.003745644 0.0008290604
v -0.0006920464 -0.005682475 0.0008571046
v -0.0007086428 -0.005579341 0.0008424078
v -0.0007016109 -0.005480121 0.0008157257
v -0.0006660426 -0.005760587 0.0008558374
v -0.0006486023 -0.005438678 0.0008364798
v -0.000618375 -0.005796772 0.000863301
v -0.0006192881 -0.005380124 0.000816391
v -0.0006159826 -0.005724422 0.0008881164
v -0.0006419562 -0.005617711 0.0008852677
v -0.0006489014 -0.005514286 0.0008648474
v -0.0005789576 -0.005844407 0.0008463745
v -0.0005770304 -0.005359461 0.0008327416
v -0.0005163589 -0.00531992 0.0008402558
v -0.0005547439 -0.005801471 0.0008827301
v -0.000531476 -0.005738115 0.0009205841
v -0.0005698419 -0.005650141 0.0009226116
v -0.0005846113 -0.005547023 0.0009095567
v -0.0005803808 -0.005427524 0.0008724311
v -0.000498415 -0.005865106 0.000849395
v -0.0004505586 -0.005262871 0.0008499048
v -0.0004223958 -0.005221487 0.0008203916
v -0.0004580181 -0.005810351 0.0009046681
v -0.0004452789 -0.005308449 0.0008967737
v -0.0003949681 -0.005879626 0.0008525332
v -0.000367897 -0.005177515 0.000807339
v -0.0003118192 -0.005128755 0.0007837163
v -0.0003473813 -0.005836113 0.0009044631
v -0.0003813397 -0.005292837 0.0009349509
v -0.0003855854 -0.005231128 0.0008740704
v -0.0002902931 -0.005886887 0.000847654
v -0.0002732794 -0.005103236 0.0008032015
v -0.0002166906 -0.005062126 0.0008125548
v -0.0002437817 -0.005843394 0.000898418
v -0.0003211609 -0.005228526 0.0009289562
v -0.0002928972 -0.005145983 0.0008586971
v -0.0001842312 -0.005881323 0.0008298487
v -0.0001622173 -0.005011398 0.0008152885
v -0.0001089879 -0.004967821 0.0008188977
v -0.0001462251 -0.005837414 0.0008874583
v -0.0001588732 -0.005022912 0.0008629707
v -0.0001065708 -0.005857214 0.0008330372
v -0.00005113209 -0.004914665 0.0008170778
v -0.00004060897 -0.005834891 0.0008029874
v -0.00000773609 -0.004878412 0.000857519
v -0.00007080744 -0.00582781 0.0008640011
v -0.00006175727 -0.004934323 0.0008777353
v 0.00001096683 -0.005793098 0.0008504813
v 0.00003990586 -0.004828742 0.0008740863
v 0.00008992487 -0.004772107 0.0008364459
v 0.00002018732 -0.004859603 0.0009152139
v 0.00009825949 -0.005754062 0.0008695769
v 0.0001413794 -0.004695505 0.0008734553
v 0.0001771109 -0.005718539 0.0008159872
v 0.0001815454 -0.004628424 0.0008426472
v 0.0002158015 -0.004558316 0.0008188118
v 0.0002087082 -0.004162663 0.0008846587
v 0.0001978582 -0.004088752 0.0008639642
v 0.000200749 -0.004022663 0.0008394721
v 0.0002217559 -0.003971232 0.000804774
v 0.0002405669 -0.005689496 0.00085649
v 0.0002353224 -0.004487651 0.0008832281
v 0.0002287068 -0.004242515 0.0008188008
v 0.000259372 -0.003917411 0.0008380095
v 0.0002474409 -0.00440744 0.0008621634
v 0.0002428034 -0.004321987 0.0008405459
v 0.0002941717 -0.00566345 0.0008931091
v 0.0003289506 -0.003859784 0.0008653589
v 0.000400483 -0.003819901 0.0008480665
v 0.0003717909 -0.005624644 0.0008857784
v 0.0004368018 -0.003795789 0.0008783131
v 0.0004597378 -0.005570172 0.0008611908
v 0.0004145778 -0.005603684 0.0009110536
v 0.0005243538 -0.005525975 0.0008627401
v 0.0005180744 -0.003779087 0.0008535649
v 0.0005731537 -0.005474796 0.000843585
v 0.0005519555 -0.005504685 0.000893574
v 0.0006097854 -0.005452495 0.0009016441
v 0.0006182848 -0.003757971 0.0008551978
v 0.0006756551 -0.005394301 0.0008847302
v 0.0007241637 -0.005356773 0.0009150052
v 0.0007216671 -0.003742591 0.0008494583
v 0.0007797296 -0.005303328 0.000890439
v 0.0008350633 -0.005263725 0.0009141051
v 0.0008293788 -0.003728647 0.0008492238
v 0.0008883282 -0.005208072 0.0008840478
v 0.0008693808 -0.003705084 0.0009158343
v 0.0009537667 -0.005160565 0.0009088878
v 0.0009449602 -0.003721403 0.0008272523
v 0.0009916654 -0.005103348 0.0008519398
v 0.0009658003 -0.003697167 0.0009014505
v 0.00103088 -0.005067557 0.0008474063
v 0.001038096 -0.003711564 0.0008197386
v 0.001081737 -0.00502089 0.0008582284
v 0.001025968 -0.005095711 0.0008980869
v 0.001059781 -0.003688016 0.0008843055
v 0.001144956 -0.004972334 0.000880948
v 0.001105766 -0.003701531 0.0008164646
v 0.001191162 -0.004908449 0.00086871
v 0.001174918 -0.003696254 0.0007749748
v 0.00112224 -0.005014785 0.0009248768
v 0.001137839 -0.003683613 0.0008492063
v 0.001244382 -0.004854056 0.0008940359
v 0.001229974 -0.003668081 0.0008222752
v 0.001265501 -0.00479178 0.000834026
v 0.001325207 -0.004716617 0.0008284703
v 0.00139261 -0.004676804 0.0008689504
v 0.001336103 -0.00364347 0.0008215576
v 0.001352193 -0.004735424 0.0009114069
v 0.001446906 -0.004630738 0.00087803
v 0.001430425 -0.003620707 0.0008245014
v 0.001491083 -0.004571213 0.0008410779
v 0.001505125 -0.003606734 0.0008128844
v 0.001463816 -0.003596426 0.0008646586
v 0.001545502 -0.004543668 0.0008911894
v 0.001538381 -0.003580942 0.0008546062
v 0.00159592 -0.004476242 0.0008429241
v 0.001646545 -0.004440805 0.0008925215
v 0.00163133 -0.003557872 0.0008612886
v 0.001688259 -0.00437289 0.0008475244
v 0.001731262 -0.004333671 0.0009024985
v 0.001717052 -0.003538279 0.0008783966
v 0.001763155 -0.00426648 0.0008585076
v 0.001787586 -0.004193363 0.0008046713
v 0.001827125 -0.004135996 0.0008340175
v 0.001769764 -0.003511656 0.0009244477
v 0.001858039 -0.004089846 0.0008650661
v 0.001816487 -0.003566487 0.0008528054
v 0.00188279 -0.00402177 0.0008582029
v 0.001913177 -0.003923563 0.0008487454
v 0.001922326 -0.00382199 0.0008116759
v 0.001880244 -0.003625916 0.0008228991
v 0.001844824 -0.004132419 0.000905198
v 0.001821743 -0.003519037 0.0009222538
v 0.001953149 -0.003773779 0.0008755651
v 0.001913214 -0.003687973 0.0008165149
v 0.001954359 -0.003698018 0.0008953394
v 0.001941051 -0.003907184 0.0009302909
v 0.001949561 -0.003841958 0.000898195
v 0.001927943 -0.003638102 0.0008739036
v -0.0004950502 -0.005673421 0.0009539417
v -0.0005156407 -0.005582075 0.0009506762
v -0.0005192807 -0.005483663 0.000933576
v -0.0004947095 -0.005389535 0.0009118239
v -0.0004631927 -0.005742409 0.0009450396
v -0.0004246708 -0.005365548 0.0009474725
v -0.0004167612 -0.005695778 0.0009747553
v -0.0004392421 -0.00560878 0.0009822503
v -0.0004524736 -0.005513822 0.0009741139
v -0.0004588869 -0.005436468 0.0009555078
v -0.0003891402 -0.005770755 0.0009485602
v -0.0003657007 -0.005341022 0.000972071
v -0.0003308367 -0.005288329 0.0009665413
v -0.0003296792 -0.005720025 0.0009854429
v -0.00035285 -0.005633769 0.001005409
v -0.000369996 -0.005533818 0.001007175
v -0.0003824166 -0.005425263 0.0009885582
v -0.0002951092 -0.005789334 0.000949455
v -0.0002796629 -0.005249208 0.0009741592
v -0.0002450513 -0.005173511 0.0009426208
v -0.0002054643 -0.005089988 0.0008969342
v -0.0002479515 -0.005741722 0.0009852002
v -0.0002498036 -0.005661734 0.001020535
v -0.0002810946 -0.005560423 0.001034864
v -0.000283324 -0.005444788 0.001032107
v -0.0002958122 -0.005331929 0.001002051
v -0.0001958552 -0.005791975 0.0009462698
v -0.0001447035 -0.005043413 0.0009216421
v -0.0001055608 -0.004987997 0.0008984604
v -0.0001523395 -0.005721333 0.0009992227
v -0.0002147055 -0.005343972 0.001042677
v -0.0001964699 -0.005227087 0.001010263
v -0.0001649904 -0.005111769 0.0009636192
v -0.0000804531 -0.005785229 0.0009289078
v -0.00006843595 -0.004962295 0.0009240874
v -0.00001857376 -0.004920522 0.0009389897
v -0.00003456556 -0.005724235 0.0009921639
v -0.0001083452 -0.005128282 0.001017872
v -0.0000811507 -0.005021397 0.0009677277
v 0.00002636463 -0.00575891 0.0009308056
v 0.0000256138 -0.004869816 0.0009495784
v 0.00007233592 -0.004818078 0.0009451241
v 0.0001145116 -0.00474444 0.0009158466
v 0.00006311638 -0.005717326 0.000983528
v 0.00003723213 -0.004893398 0.0009864516
v 0.00009796526 -0.005740372 0.0009332998
v 0.0001489279 -0.00470019 0.000940938
v 0.0001625615 -0.00572365 0.0009001356
v 0.000179973 -0.004641603 0.0009278675
v 0.0002142744 -0.004561146 0.0009150408
v 0.0002174462 -0.00415786 0.0009721149
v 0.0002018607 -0.004089789 0.0009506149
v 0.0002010073 -0.004021731 0.0009261735
v 0.0002194902 -0.003961334 0.0008907315
v 0.0001352638 -0.00571269 0.0009606105
v 0.0001196031 -0.004804546 0.001009512
v 0.0001331376 -0.004750194 0.000977745
v 0.0002165637 -0.005683702 0.0009463587
v 0.0002430884 -0.004494152 0.0009570711
v 0.000226167 -0.00423575 0.000910483
v 0.000262614 -0.003903402 0.000937754
v 0.0002596254 -0.004414669 0.0009680483
v 0.000249536 -0.004309952 0.0009515366
v 0.0002404138 -0.004535192 0.0009855799
v 0.0002375064 -0.004219406 0.0009887476
v 0.0003054951 -0.005646056 0.000959739
v 0.0003165797 -0.003851192 0.0009810501
v 0.0003765434 -0.005612897 0.0009577607
v 0.0003771525 -0.003814643 0.0009266497
v 0.0003330747 -0.005626524 0.000988855
v 0.0004418347 -0.005580118 0.0009341039
v 0.0004407016 -0.003784172 0.0009498099
v 0.0005008462 -0.005543575 0.0009113365
v 0.0004741861 -0.005545538 0.0009619736
v 0.0005383943 -0.005499416 0.0009529409
v 0.0005235678 -0.003757566 0.0009568913
v 0.0006046731 -0.005447102 0.0009699393
v 0.0006206824 -0.003731526 0.0009615339
v 0.0006645368 -0.005409182 0.000940872
v 0.0006482314 -0.005411628 0.0009901609
v 0.0006620682 -0.003706698 0.001018607
v 0.0007037559 -0.005367337 0.0009886302
v 0.0007251743 -0.003718916 0.0009333179
v 0.0007750705 -0.005316159 0.0009541389
v 0.0007904863 -0.003708781 0.0009359464
v 0.0007345058 -0.00370104 0.0009908752
v 0.0008300054 -0.005273326 0.000984951
v 0.0007974412 -0.003690397 0.0009968372
v 0.0008906004 -0.005225757 0.0009466358
v 0.0009313673 -0.005192545 0.0009844147
v 0.0008885753 -0.003678706 0.000989905
v 0.0009962169 -0.005135485 0.0009915457
v 0.0009920897 -0.003667159 0.0009726351
v 0.001071918 -0.005067211 0.0009517956
v 0.001118963 -0.005029262 0.0009970868
v 0.001116506 -0.003652584 0.0009421577
v 0.001168567 -0.004966493 0.0009516469
v 0.001215507 -0.004906537 0.000941155
v 0.001167365 -0.003612525 0.001010911
v 0.001252139 -0.004864064 0.000981045
v 0.00124318 -0.003632899 0.0009145461
v 0.001299886 -0.004793614 0.0009244203
v 0.001268743 -0.003596739 0.0009868136
v 0.001351016 -0.004756992 0.0009973642
v 0.001339688 -0.003614929 0.0009001346
v 0.001385733 -0.00471522 0.0009443932
v 0.001405033 -0.003599291 0.0008967884
v 0.001353312 -0.003587783 0.0009556584
v 0.001427164 -0.004673582 0.0009457882
v 0.001436127 -0.003569722 0.0009412017
v 0.001487318 -0.004613261 0.0009456476
v 0.001399551 -0.004711827 0.001002238
v 0.001546005 -0.004563657 0.0009897999
v 0.001538699 -0.003537133 0.0009457737
v 0.001598161 -0.00450433 0.000939916
v 0.001580651 -0.003497317 0.001001946
v 0.001645381 -0.004455982 0.0009930892
v 0.001640383 -0.003519283 0.0009301288
v 0.001692097 -0.00439534 0.000946381
v 0.001704058 -0.003504702 0.0009368745
v 0.001655921 -0.003489613 0.0009813827
v 0.001732224 -0.004340901 0.0009977013
v 0.001719095 -0.003478428 0.0009930779
v 0.001769828 -0.004276522 0.0009581798
v 0.001808125 -0.004198489 0.0009093629
v 0.001843345 -0.004140293 0.0009837141
v 0.001808506 -0.003486835 0.0009913226
v 0.001877309 -0.004066675 0.0009458743
v 0.001914582 -0.003976828 0.0009349978
v 0.001865601 -0.003530601 0.0009382189
v 0.001943392 -0.003922866 0.001000788
v 0.001901009 -0.003583358 0.0008979366
v 0.001963341 -0.003851137 0.000980725
v 0.001972333 -0.003762457 0.0009588897
v 0.001974908 -0.003678659 0.0009781484
v 0.001949539 -0.003614772 0.0009540391
v 0.001916235 -0.003552875 0.0009670252
v -0.0001934124 -0.005579506 0.001056639
v -0.0002089233 -0.005490777 0.001061691
v -0.0002039833 -0.00541416 0.001060861
v -0.0001600844 -0.005646997 0.001042921
v -0.0001561102 -0.005359535 0.001069974
v -0.0001367093 -0.005280879 0.001059634
v -0.0001126659 -0.005201045 0.00104792
v -0.0001060372 -0.005589474 0.001070617
v -0.0001267433 -0.005508109 0.001081846
v -0.0001397582 -0.005423688 0.001080888
v -0.00007770304 -0.005662356 0.001041564
v -0.00005756462 -0.00514886 0.001056385
v -0.00002868929 -0.005066934 0.001036718
v 0.000002623327 -0.004971684 0.0010084
v -0.00001600843 -0.005598593 0.001074658
v -0.0000370626 -0.005520511 0.001095636
v -0.00005060145 -0.005430513 0.001100729
v -0.00007155948 -0.005329922 0.001089904
v -0.00005664433 -0.005222009 0.001076916
v 0.00002281315 -0.005665531 0.001035821
v 0.00006201427 -0.004930097 0.001034302
v 0.00009214322 -0.004864629 0.001020334
v 0.0000809693 -0.00559575 0.001071711
v 0.00004078248 -0.00553513 0.001099023
v 0.00005747589 -0.005447212 0.001118875
v 0.00003245462 -0.005346527 0.001115446
v 0.00002293092 -0.005243049 0.001104423
v 0.00002564654 -0.005129522 0.001084128
v 0.00005578427 -0.005010035 0.001062278
v 0.0001337009 -0.005663116 0.001015789
v 0.000142602 -0.004833398 0.001050324
v 0.0001694649 -0.004765568 0.001037297
v 0.0001890369 -0.00468189 0.001001956
v 0.0002202558 -0.004596803 0.0009876385
v 0.0002197955 -0.004092333 0.001027754
v 0.0002140108 -0.004027559 0.001010401
v 0.0002271473 -0.003960989 0.0009841594
v 0.0001845588 -0.005586823 0.001062026
v 0.0001323224 -0.005500882 0.001108363
v 0.000133819 -0.005366364 0.001133151
v 0.0001144461 -0.005262231 0.001127716
v 0.0001031219 -0.005170591 0.001116721
v 0.0001512127 -0.005050351 0.001114365
v 0.0001322479 -0.004918509 0.001074721
v 0.0002370672 -0.005637783 0.001011268
v 0.0002585816 -0.004552917 0.001030928
v 0.0002468052 -0.004153997 0.001052586
v 0.0002751171 -0.003904614 0.00104571
v 0.0003008372 -0.005624629 0.001008166
v 0.0002755863 -0.004480546 0.001027253
v 0.0002944976 -0.004400928 0.001048067
v 0.0002841363 -0.004330145 0.001037856
v 0.0002686088 -0.004243727 0.001043548
v 0.0002800124 -0.00558517 0.001043804
v 0.0002480346 -0.00551164 0.001087364
v 0.0002038419 -0.005421953 0.001125791
v 0.0002222947 -0.005337922 0.001139647
v 0.0001938437 -0.005279643 0.001140896
v 0.0002085023 -0.005171743 0.001142288
v 0.000225192 -0.004927933 0.001126802
v 0.0002100349 -0.004819775 0.001092216
v 0.0002351454 -0.004712223 0.001072403
v 0.0002521424 -0.004620215 0.001051467
v 0.0002406823 -0.004094248 0.00107507
v 0.0002398298 -0.004045521 0.001077827
v 0.0002452128 -0.003976586 0.001066958
v 0.0003453148 -0.005595876 0.001011382
v 0.0003265728 -0.003849814 0.001065299
v 0.0004128015 -0.005566923 0.0009910817
v 0.0003744277 -0.003810934 0.001019946
v 0.0003630736 -0.005523743 0.00105027
v 0.0003260939 -0.005433776 0.001104228
v 0.0002882137 -0.005359849 0.001133611
v 0.0002946784 -0.005263954 0.001150749
v 0.0002844506 -0.004839212 0.001139675
v 0.0002926835 -0.004746319 0.001124246
v 0.0003064318 -0.004645975 0.001109261
v 0.0003119139 -0.00454041 0.001089291
v 0.0003292162 -0.004436514 0.001095372
v 0.0003277134 -0.004349916 0.001099495
v 0.0003130422 -0.004269461 0.001101428
v 0.000466534 -0.005509252 0.001010374
v 0.0004437384 -0.003776225 0.001047969
v 0.0004565259 -0.005434138 0.001072671
v 0.0003947016 -0.00533973 0.001131494
v 0.0005428148 -0.005457385 0.001015547
v 0.0005230813 -0.003739289 0.001063827
v 0.0006053288 -0.005425608 0.001015184
v 0.000590333 -0.003715594 0.001051834
v 0.000569855 -0.005403491 0.00105894
v 0.000521831 -0.005349107 0.001113055
v 0.0005541067 -0.003716757 0.001109782
v 0.0006448816 -0.005388002 0.001032931
v 0.0006131883 -0.003701133 0.001100609
v 0.0006320144 -0.005344965 0.00108716
v 0.000689432 -0.005351487 0.001046575
v 0.0007061232 -0.003686255 0.001074819
v 0.0007531244 -0.005310053 0.001039545
v 0.0006955789 -0.005327304 0.001074827
v 0.0008226273 -0.005266278 0.00104373
v 0.0008031057 -0.003666012 0.001079875
v 0.0008775266 -0.005233894 0.001016453
v 0.0008490956 -0.005233045 0.001074721
v 0.0009161799 -0.005185499 0.001065004
v 0.0009072751 -0.003644847 0.001077413
v 0.0009606029 -0.0036145 0.001126345
v 0.0009860832 -0.005132546 0.001085697
v 0.001015392 -0.003634847 0.001041777
v 0.001056519 -0.005083098 0.001055533
v 0.001085831 -0.003620796 0.001037824
v 0.001018664 -0.005107387 0.001104472
v 0.001033373 -0.003609049 0.001096296
v 0.001112374 -0.005032746 0.001062908
v 0.001098835 -0.003593046 0.001097961
v 0.001153107 -0.004985324 0.001043746
v 0.001202229 -0.004924549 0.00102035
v 0.001127568 -0.005002026 0.001100822
v 0.001238356 -0.004871632 0.001076166
v 0.001193532 -0.003573974 0.001083757
v 0.001293995 -0.004815359 0.001033828
v 0.001330734 -0.004775463 0.001081234
v 0.001317659 -0.003551748 0.001053474
v 0.001368281 -0.003508971 0.001113111
v 0.001382732 -0.004724626 0.001081375
v 0.001434534 -0.003528891 0.001025463
v 0.001443358 -0.004666204 0.001040175
v 0.001499523 -0.004610436 0.00104021
v 0.001503189 -0.003507494 0.001025394
v 0.001422508 -0.004678954 0.001121355
v 0.001447201 -0.003498645 0.001081925
v 0.001538015 -0.004566406 0.00108473
v 0.001516793 -0.003478575 0.001083145
v 0.00159259 -0.004513704 0.001040016
v 0.001633894 -0.004457118 0.001089432
v 0.001624745 -0.003460298 0.001065204
v 0.001688481 -0.004392385 0.001056324
v 0.00172914 -0.004331412 0.001075675
v 0.001731283 -0.0034406 0.001083879
v 0.001761699 -0.004281471 0.001054676
v 0.001804738 -0.004201915 0.001036374
v 0.001742759 -0.004288971 0.001120599
v 0.001776241 -0.00341784 0.001147933
v 0.00184088 -0.004131602 0.001065567
v 0.001828108 -0.003457769 0.001083316
v 0.001870427 -0.004076222 0.001047964
v 0.001910664 -0.003989588 0.001039973
v 0.001854548 -0.004086153 0.001115029
v 0.001838924 -0.003440144 0.001153241
v 0.001943022 -0.003918915 0.001070316
v 0.001883368 -0.003506904 0.001020013
v 0.00196354 -0.003865549 0.001055077
v 0.001978202 -0.003787977 0.00104851
v 0.00198385 -0.003703067 0.001044947
v 0.001972158 -0.003625127 0.001041739
v 0.001937679 -0.003555475 0.001036988
v 0.001954298 -0.003875752 0.001110912
v 0.0001131818 -0.005422227 0.001135262
v 0.000112785 -0.005449629 0.001130728
v 0.0001428111 -0.005417088 0.00113661
v 0.0001424144 -0.005444489 0.001132076
v 0.0002371838 -0.005007355 0.00114363
v 0.0001264654 -0.005432859 0.001137717
v 0.0002350845 -0.005072905 0.001147429
v 0.0002796735 -0.004959532 0.001155337
v 0.0002832699 -0.005109833 0.001163097
v 0.0002934098 -0.004903269 0.001154595
v 0.0002805179 -0.004096346 0.001120941
v 0.0002812399 -0.004007543 0.001131396
v 0.0002833152 -0.003941547 0.001116341
v 0.0003038476 -0.005027837 0.001168083
v 0.0003027364 -0.005170232 0.001164699
v 0.0003377085 -0.004857928 0.001166856
v 0.0002966605 -0.004187714 0.001110157
v 0.0003234425 -0.003888339 0.001128926
v 0.0003593455 -0.005198686 0.001172353
v 0.0003550018 -0.004780744 0.001162918
v 0.0003698562 -0.004682399 0.001155289
v 0.0003796641 -0.004579165 0.001147453
v 0.0003842234 -0.004476212 0.001144742
v 0.0003809503 -0.004379337 0.001147691
v 0.0003648083 -0.004292266 0.001149748
v 0.0003419359 -0.004223458 0.001148023
v 0.0003826792 -0.00382316 0.001123012
v 0.0003748821 -0.005107739 0.001187511
v 0.0003828221 -0.005005556 0.001194659
v 0.0003478437 -0.004931566 0.001178491
v 0.0003440897 -0.004152352 0.00116954
v 0.0003475403 -0.004054265 0.0011928
v 0.0003303679 -0.003956302 0.001175959
v 0.0003927833 -0.005254783 0.001162804
v 0.0004544546 -0.003771616 0.001152224
v 0.0005118704 -0.003735111 0.001149564
v 0.0004379191 -0.005194338 0.00118543
v 0.0004829983 -0.005122696 0.001214928
v 0.0004631459 -0.005026008 0.001222854
v 0.0004358691 -0.00493043 0.001210897
v 0.0004135483 -0.004834009 0.001193714
v 0.0004345227 -0.004724566 0.001190259
v 0.000449372 -0.004619501 0.001187953
v 0.0004520248 -0.004514512 0.001186649
v 0.000445792 -0.004413323 0.001189057
v 0.0004281653 -0.004315689 0.001193101
v 0.0003947017 -0.004225929 0.001191014
v 0.0004150294 -0.004141505 0.001228306
v 0.0004802904 -0.005272294 0.001159725
v 0.0005596927 -0.003714257 0.001172059
v 0.0005464916 -0.005199637 0.001196782
v 0.000520004 -0.004933951 0.001243139
v 0.0004996508 -0.004845305 0.001227278
v 0.0004893841 -0.004765008 0.001215584
v 0.0005270808 -0.00466584 0.00122254
v 0.0005254983 -0.004552342 0.001220321
v 0.0005176901 -0.004449888 0.001222961
v 0.0005015158 -0.004349432 0.001229383
v 0.000473647 -0.004241447 0.001238397
v 0.0005893885 -0.005282778 0.001146208
v 0.0006342869 -0.003689696 0.001169388
v 0.0006569561 -0.005223271 0.001179618
v 0.0005739157 -0.004849524 0.001254274
v 0.0005707387 -0.004754246 0.001243818
v 0.0006952113 -0.005286664 0.001114966
v 0.0007195954 -0.003666923 0.001167606
v 0.0007843142 -0.005258536 0.001097574
v 0.0007417916 -0.0052304 0.001153075
v 0.0008287758 -0.005196865 0.001141003
v 0.000812043 -0.003640372 0.001174979
v 0.0008880195 -0.003620848 0.001160012
v 0.0008536222 -0.003617076 0.001215815
v 0.0009205005 -0.005139704 0.001152129
v 0.0009170908 -0.003602329 0.001205736
v 0.0009879179 -0.00511305 0.001135941
v 0.0009713281 -0.005080404 0.001188975
v 0.000984323 -0.005019682 0.001233618
v 0.001030353 -0.005079891 0.001132774
v 0.001011099 -0.003586481 0.001178401
v 0.001083543 -0.00504124 0.001114942
v 0.001046513 -0.005025867 0.00118001
v 0.001041278 -0.004970112 0.001230016
v 0.001106149 -0.004997597 0.00114516
v 0.00110838 -0.003559839 0.001178693
v 0.00116317 -0.004933112 0.001128971
v 0.001094558 -0.004968083 0.001185935
v 0.001223564 -0.004864014 0.001145662
v 0.001207284 -0.003532355 0.001171447
v 0.001277476 -0.004810689 0.00113625
v 0.00128806 -0.003515979 0.001150407
v 0.001235197 -0.004834662 0.001175062
v 0.001244955 -0.003504565 0.001211038
v 0.001337976 -0.0047524 0.001145225
v 0.001313106 -0.003491556 0.001200008
v 0.001380519 -0.004703454 0.001165304
v 0.001342439 -0.004729374 0.001186234
v 0.001423787 -0.004662567 0.001167357
v 0.001420088 -0.003474882 0.001168901
v 0.001471674 -0.004619633 0.001136382
v 0.001435167 -0.004638643 0.001185381
v 0.001526493 -0.004559879 0.001150631
v 0.001530769 -0.003445266 0.001167022
v 0.001575129 -0.004506355 0.001141737
v 0.001536633 -0.004533479 0.00117857
v 0.001621242 -0.004447844 0.001156168
v 0.001635045 -0.0034167 0.001166439
v 0.001658592 -0.004402397 0.001143634
v 0.00170173 -0.004330738 0.001149291
v 0.001710187 -0.003405747 0.001160467
v 0.001630138 -0.004412169 0.00119131
v 0.001674469 -0.003393178 0.001205906
v 0.001731433 -0.004264342 0.001177893
v 0.00173178 -0.003394367 0.001208156
v 0.001770985 -0.004220179 0.00114169
v 0.00181872 -0.004130635 0.001144806
v 0.001740923 -0.004213858 0.001216424
v 0.001848743 -0.004060803 0.001172596
v 0.001799951 -0.003411833 0.001209465
v 0.001880779 -0.004013813 0.001139357
v 0.001923243 -0.003918228 0.001143024
v 0.001866768 -0.003456975 0.001212807
v 0.001857223 -0.004009803 0.001213099
v 0.001949351 -0.003843938 0.001161164
v 0.001897433 -0.003493831 0.001116736
v 0.001969251 -0.00381343 0.001117565
v 0.001978194 -0.003721477 0.00113038
v 0.001979215 -0.003647902 0.001107556
v 0.001953928 -0.003570874 0.001126669
v 0.001957576 -0.003771201 0.001187237
v 0.001962759 -0.00369701 0.00120434
v 0.001920672 -0.003514798 0.001185307
v 0.000396277 -0.003986051 0.00123883
v 0.0003891147 -0.003886806 0.001208842
v 0.000419019 -0.003815619 0.001198591
v 0.0004132469 -0.004062562 0.001246966
v 0.0004500528 -0.003789252 0.001216876
v 0.0005350463 -0.005065282 0.001243903
v 0.0005315358 -0.00500257 0.001250201
v 0.0004583526 -0.004104661 0.001268334
v 0.0005007168 -0.003757495 0.001231384
v 0.0004624872 -0.00403821 0.001283637
v 0.0004634976 -0.003937128 0.001290927
v 0.0004567701 -0.003831603 0.0012613
v 0.000557825 -0.00512762 0.0012324
v 0.0005694858 -0.004961104 0.001262477
v 0.0004810934 -0.004163424 0.001265306
v 0.0005809774 -0.003713388 0.001252077
v 0.0005843367 -0.004910049 0.001263832
v 0.000602562 -0.004581952 0.001249124
v 0.0005923561 -0.004483936 0.001251074
v 0.0005762929 -0.004388114 0.001257158
v 0.0005566097 -0.004291807 0.001268241
v 0.0005324079 -0.004209642 0.001278554
v 0.000609632 -0.005080479 0.001255159
v 0.0005886 -0.005012623 0.001264764
v 0.0005266606 -0.00412493 0.001299852
v 0.000534797 -0.004023501 0.001331031
v 0.0005377025 -0.003748414 0.001294815
v 0.0006321233 -0.005151463 0.00122702
v 0.0006307336 -0.004862616 0.001272948
v 0.0006079478 -0.00466388 0.0012511
v 0.0006565669 -0.003681844 0.001235967
v 0.0006454138 -0.004784174 0.001270452
v 0.0006487254 -0.004703795 0.001266278
v 0.0006982513 -0.005089085 0.001255673
v 0.0006699612 -0.005013167 0.001275889
v 0.0006401582 -0.004933408 0.001277754
v 0.0006828607 -0.004613744 0.001276021
v 0.0006674091 -0.004512578 0.00127586
v 0.0006513702 -0.00441913 0.001281471
v 0.0006259806 -0.004334751 0.00128774
v 0.0006212341 -0.004228064 0.001312601
v 0.0006032143 -0.004109091 0.001341575
v 0.0007401776 -0.00516336 0.001208091
v 0.0007287249 -0.003660027 0.00126278
v 0.0008042889 -0.003631147 0.001256508
v 0.000792736 -0.005087231 0.001251154
v 0.0007650738 -0.005014219 0.001279843
v 0.0007407783 -0.004928897 0.001292179
v 0.0007182345 -0.004828527 0.001291141
v 0.0007314163 -0.004701992 0.001291172
v 0.000764863 -0.004604339 0.001301369
v 0.0007448804 -0.004526916 0.001300031
v 0.0007178126 -0.004448882 0.001300072
v 0.0007164946 -0.004344577 0.001318136
v 0.000840423 -0.005133177 0.001207406
v 0.0008612092 -0.003610921 0.001276811
v 0.0009025291 -0.005102116 0.001212768
v 0.00091987 -0.005053757 0.00124238
v 0.0008624243 -0.005082516 0.001243836
v 0.0008648483 -0.005017351 0.00127257
v 0.0008428395 -0.004930658 0.001295946
v 0.000824628 -0.004839704 0.001306817
v 0.0008230415 -0.004739665 0.00131202
v 0.0008318989 -0.004636156 0.00131761
v 0.0008256077 -0.004540864 0.001322297
v 0.0007996111 -0.004438655 0.001326835
v 0.0009393745 -0.005001071 0.001265175
v 0.0009427539 -0.003585659 0.001271899
v 0.0009869504 -0.004971033 0.001261245
v 0.0009465654 -0.004932667 0.001284653
v 0.0009281267 -0.004839423 0.001307756
v 0.0009028863 -0.004763036 0.001320268
v 0.0009297443 -0.004663239 0.001333453
v 0.0009108471 -0.004562492 0.001340755
v 0.0008925998 -0.004472057 0.001346765
v 0.001025326 -0.004923258 0.001262969
v 0.001030396 -0.003559485 0.001266029
v 0.00104664 -0.004835288 0.00128598
v 0.001011034 -0.004728188 0.00132521
v 0.001105183 -0.004900545 0.001224725
v 0.001121521 -0.003528321 0.001266798
v 0.001190814 -0.004857679 0.001193397
v 0.001192507 -0.00350802 0.001247563
v 0.001165531 -0.004804369 0.001251426
v 0.001144826 -0.004710791 0.001308765
v 0.001166153 -0.00350413 0.001298664
v 0.001240105 -0.004797873 0.001206743
v 0.001237625 -0.003491096 0.001278257
v 0.001301689 -0.004752996 0.001196635
v 0.001259281 -0.004715995 0.001257267
v 0.001254234 -0.00461671 0.001319356
v 0.001341857 -0.00469861 0.00121777
v 0.00133576 -0.003472885 0.001271699
v 0.001398305 -0.004657035 0.001206853
v 0.001358678 -0.00462049 0.001262488
v 0.001352879 -0.004519482 0.001325546
v 0.001371502 -0.004437728 0.001358546
v 0.001438256 -0.004604666 0.001212804
v 0.001444822 -0.00344993 0.001265001
v 0.001496848 -0.004558586 0.001196
v 0.00145651 -0.004521559 0.001261812
v 0.001453283 -0.004419545 0.001327786
v 0.001536313 -0.004499997 0.001211517
v 0.00155447 -0.003417204 0.001257944
v 0.001589768 -0.004448913 0.001202768
v 0.001626995 -0.003395431 0.001235322
v 0.001545851 -0.004422921 0.001264961
v 0.001545567 -0.004333782 0.001323737
v 0.001608439 -0.003395958 0.001282433
v 0.00160941 -0.004396864 0.001230753
v 0.00167449 -0.003389232 0.001264372
v 0.001652602 -0.004358001 0.001208762
v 0.001681883 -0.004260289 0.001252144
v 0.0016111 -0.004341166 0.001268482
v 0.001611838 -0.004280403 0.001308668
v 0.001729588 -0.004181024 0.001264915
v 0.001751645 -0.003394834 0.00126579
v 0.001772516 -0.004142658 0.001232115
v 0.00181817 -0.004053724 0.001239619
v 0.001739754 -0.004129999 0.001293308
v 0.00184321 -0.003981126 0.001265622
v 0.001814344 -0.003415481 0.001269359
v 0.001879705 -0.003934918 0.001232252
v 0.001917269 -0.003828988 0.00123297
v 0.001931629 -0.003718722 0.001254352
v 0.00190158 -0.003523026 0.001256978
v 0.001852025 -0.003453466 0.001288833
v 0.001845159 -0.003929314 0.001299368
v 0.001817306 -0.003420949 0.00131269
v 0.001944717 -0.003649123 0.001244185
v 0.001944011 -0.00356127 0.001202742
v 0.001965302 -0.00363122 0.001183685
v 0.001936885 -0.003592591 0.001244011
v 0.0005126219 -0.003868492 0.001329703
v 0.0005134119 -0.003794425 0.001308333
v 0.0005299763 -0.003941397 0.001344236
v 0.0005532298 -0.003766312 0.001334206
v 0.0005777393 -0.003978656 0.001366557
v 0.0005783477 -0.003733262 0.001316421
v 0.0005862173 -0.003903041 0.001377681
v 0.0005646 -0.003816923 0.001358816
v 0.0006025546 -0.004036131 0.001364295
v 0.0006463864 -0.003702488 0.001311177
v 0.0006868104 -0.004159105 0.00135743
v 0.0006557561 -0.004076883 0.001372726
v 0.0006550539 -0.003986854 0.001395482
v 0.0006471883 -0.003905972 0.00140704
v 0.0006529519 -0.003826271 0.001405252
v 0.0006097355 -0.003757957 0.001358427
v 0.0007182076 -0.004245152 0.001342658
v 0.0007103166 -0.00367936 0.001330048
v 0.0007787606 -0.004286289 0.001350289
v 0.0007845481 -0.003649821 0.00134021
v 0.0007853781 -0.004201009 0.001374681
v 0.0007404448 -0.004084978 0.001395983
v 0.0007442767 -0.003992845 0.001423091
v 0.0007126281 -0.003906374 0.001430702
v 0.0007030788 -0.003722907 0.001385342
v 0.0008085226 -0.004348633 0.001344777
v 0.0008859528 -0.003606905 0.001354101
v 0.0008614651 -0.004285119 0.00137275
v 0.0008694552 -0.004204527 0.001394815
v 0.0008430421 -0.0041294 0.001409236
v 0.0008231323 -0.004034991 0.001431342
v 0.000802754 -0.0039421 0.001449871
v 0.0008319624 -0.003640532 0.001399265
v 0.0008807874 -0.004382397 0.001357594
v 0.0009693926 -0.003574041 0.001333717
v 0.001000364 -0.004569687 0.001355852
v 0.0009788002 -0.004486014 0.001363354
v 0.0009525951 -0.00441447 0.001368648
v 0.0009637609 -0.004327029 0.001386812
v 0.0009399764 -0.004234315 0.001402729
v 0.0009179275 -0.004162812 0.001416429
v 0.0009265381 -0.004074918 0.001441327
v 0.0008918198 -0.003972654 0.001460818
v 0.001025515 -0.004636024 0.001347599
v 0.001046681 -0.003547876 0.001349557
v 0.001120241 -0.003516955 0.001335094
v 0.001085244 -0.004570262 0.001363688
v 0.001068876 -0.004491046 0.001375581
v 0.001042686 -0.004396628 0.001387521
v 0.001051479 -0.004308408 0.001406311
v 0.001014315 -0.0042542 0.001412337
v 0.001013317 -0.004159125 0.001435033
v 0.001100191 -0.004641934 0.001345525
v 0.001175417 -0.003502385 0.0013481
v 0.001175026 -0.004624991 0.001342398
v 0.001159628 -0.004573096 0.001362666
v 0.00115629 -0.004499786 0.001378678
v 0.00114804 -0.004412657 0.001394499
v 0.001132683 -0.004322294 0.001412372
v 0.001104063 -0.004229494 0.001430865
v 0.001216686 -0.004575885 0.001353515
v 0.001257601 -0.003488252 0.001350573
v 0.001270072 -0.00454172 0.001351328
v 0.001301386 -0.00447514 0.001366436
v 0.001225571 -0.00451641 0.001370547
v 0.001251048 -0.004424648 0.001389529
v 0.001236906 -0.004329076 0.001413431
v 0.001214341 -0.004241871 0.001435893
v 0.001337511 -0.00440627 0.001381307
v 0.001359164 -0.003471894 0.001352684
v 0.001352937 -0.00432334 0.00140322
v 0.001324212 -0.004236613 0.001434293
v 0.001410342 -0.004368164 0.001372978
v 0.001485126 -0.003450851 0.001360748
v 0.001480662 -0.00433727 0.001358868
v 0.001568974 -0.003411911 0.001321634
v 0.00146233 -0.00428731 0.001387799
v 0.001447451 -0.004205522 0.001424263
v 0.001524889 -0.004284307 0.00136381
v 0.001630752 -0.003403609 0.001326188
v 0.001575302 -0.004262301 0.001346534
v 0.001551726 -0.004210066 0.001383645
v 0.001558165 -0.004109264 0.00142951
v 0.001578767 -0.00343004 0.001367395
v 0.001630588 -0.004213947 0.001333497
v 0.001706156 -0.003402511 0.001321922
v 0.001695134 -0.00416513 0.001312694
v 0.001650517 -0.004118445 0.001373532
v 0.001654051 -0.004014489 0.001425109
v 0.001656707 -0.003440561 0.001382897
v 0.001718705 -0.004100479 0.001333948
v 0.001774587 -0.003406435 0.001314947
v 0.001765719 -0.004071082 0.001302127
v 0.001798868 -0.003980424 0.001322181
v 0.001796128 -0.003426455 0.001341431
v 0.001726083 -0.004030534 0.001364925
v 0.001748517 -0.003912321 0.001402254
v 0.001764291 -0.003792373 0.001430893
v 0.001725437 -0.003493944 0.001410769
v 0.001745304 -0.003431495 0.001360735
v 0.001819876 -0.00389734 0.001345993
v 0.001827513 -0.003447015 0.001331946
v 0.001864875 -0.003858887 0.001305384
v 0.001878864 -0.003754543 0.001317264
v 0.001889215 -0.003621228 0.001309528
v 0.0018505 -0.003506102 0.001329082
v 0.001820415 -0.00381614 0.001372201
v 0.001814437 -0.003697335 0.001394652
v 0.001799641 -0.003564669 0.001391653
v 0.001795655 -0.003470271 0.001366087
v 0.0007181533 -0.003777312 0.001432548
v 0.0007249957 -0.003829302 0.001443316
v 0.0007586696 -0.00373355 0.001437255
v 0.0007876324 -0.003683041 0.001416404
v 0.0007756131 -0.003782579 0.001457997
v 0.0007874797 -0.00385585 0.001460542
v 0.0008432706 -0.003659297 0.001435564
v 0.000880839 -0.003626268 0.001415777
v 0.0008567214 -0.003791976 0.001476566
v 0.0008325687 -0.003714191 0.001457872
v 0.0008726987 -0.003880536 0.001474563
v 0.0009588714 -0.00359554 0.001403817
v 0.0009865721 -0.003984479 0.001472763
v 0.0009505315 -0.003906781 0.001482838
v 0.0009620437 -0.003808342 0.001492807
v 0.0009294581 -0.00371481 0.001479298
v 0.0009050731 -0.003652488 0.001449878
v 0.001018445 -0.00406318 0.001459826
v 0.001041958 -0.003568242 0.001416333
v 0.00108026 -0.004087937 0.001462637
v 0.001108489 -0.003530771 0.001389506
v 0.001092434 -0.003994274 0.001484017
v 0.001049403 -0.003880642 0.001497832
v 0.001061027 -0.003777988 0.001507115
v 0.001030842 -0.00370773 0.001495623
v 0.001008375 -0.003628838 0.001460831
v 0.001111809 -0.004142717 0.001453302
v 0.001182352 -0.00351986 0.001407888
v 0.001172312 -0.004062824 0.001477813
v 0.001189498 -0.003969037 0.001498433
v 0.001161498 -0.003890608 0.001507558
v 0.001143443 -0.00379327 0.001514191
v 0.001128155 -0.003704069 0.001508883
v 0.001109762 -0.003627815 0.001485127
v 0.001104325 -0.003566862 0.001443883
v 0.001195173 -0.00415588 0.001457396
v 0.001273453 -0.003509369 0.001417255
v 0.001278209 -0.004076153 0.00148064
v 0.00126889 -0.003986291 0.001499355
v 0.001259235 -0.00389443 0.001513125
v 0.00124244 -0.003800565 0.001519739
v 0.001225163 -0.00370767 0.001516438
v 0.001207432 -0.003625782 0.001497702
v 0.001192313 -0.003561449 0.001460701
v 0.00129712 -0.004159103 0.001459324
v 0.001373872 -0.003500084 0.001425209
v 0.001377056 -0.004075957 0.001479855
v 0.001364984 -0.003992483 0.001498924
v 0.001354974 -0.003900768 0.001513689
v 0.001342173 -0.00380549 0.001521804
v 0.001325693 -0.003711404 0.001520032
v 0.001307033 -0.003625769 0.00150425
v 0.001289091 -0.003556378 0.001470302
v 0.001398521 -0.004146876 0.001456811
v 0.001457923 -0.003501026 0.001438841
v 0.001480271 -0.004120565 0.001452851
v 0.001465863 -0.004068187 0.001474218
v 0.001459819 -0.003992091 0.001493596
v 0.001452194 -0.003903075 0.001509617
v 0.001441105 -0.003808938 0.001519487
v 0.001426059 -0.003715221 0.001519809
v 0.00140779 -0.00362747 0.001506511
v 0.00138712 -0.003554252 0.001476761
v 0.001528383 -0.004065854 0.001462426
v 0.001558283 -0.003483008 0.001425103
v 0.00158354 -0.00403203 0.001456402
v 0.001548344 -0.003993833 0.001479546
v 0.001545817 -0.003903914 0.001498359
v 0.00153837 -0.003809577 0.001510679
v 0.001521626 -0.003718957 0.001514933
v 0.001506214 -0.003632488 0.001504906
v 0.001486545 -0.003553518 0.001477278
v 0.00161907 -0.003976334 0.001463124
v 0.001644956 -0.003496479 0.00143557
v 0.001672344 -0.003932144 0.0014512
v 0.001698348 -0.003853289 0.001459576
v 0.001676937 -0.003540984 0.001454712
v 0.001623595 -0.003911031 0.001478886
v 0.001637427 -0.003809577 0.001490763
v 0.001612561 -0.003716181 0.001501489
v 0.001584739 -0.003645614 0.001500786
v 0.001592914 -0.003561317 0.001474325
v 0.001715751 -0.00377408 0.001468336
v 0.001729783 -0.003566077 0.001442721
v 0.001754373 -0.003719274 0.001450301
v 0.001750071 -0.003641412 0.001445942
v 0.001695695 -0.003709992 0.001478799
v 0.001668629 -0.003620813 0.001477755
f 1 19 26
f 19 1 27
f 2 20 28
f 2 3 21
f 20 2 21
f 21 3 29
f 4 30 39
f 26 30 4
f 26 4 1
f 1 4 5
f 31 27 1
f 31 1 6
f 6 1 5
f 28 31 6
f 28 6 2
f 2 6 7
f 3 2 8
f 8 2 7
f 32 29 3
f 32 3 9
f 9 3 8
f 32 9 40
f 10 4 39
f 45 10 39
f 5 4 11
f 11 4 10
f 6 5 12
f 12 5 11
f 7 6 13
f 13 6 12
f 8 7 14
f 14 7 13
f 9 8 15
f 15 8 14
f 46 40 9
f 15 46 9
f 10 45 47
f 47 53 16
f 47 16 10
f 10 16 11
f 12 11 17
f 17 11 16
f 13 12 18
f 18 12 17
f 54 48 14
f 54 14 18
f 18 14 13
f 15 14 48
f 49 15 48
f 46 15 49
f 16 53 55
f 17 16 55
f 56 17 55
f 18 17 56
f 57 18 56
f 54 18 57
f 22 66 78
f 22 23 67
f 66 22 67
f 23 24 68
f 67 23 68
f 24 25 69
f 68 24 69
f 69 25 79
f 33 80 93
f 78 80 33
f 78 33 22
f 22 33 34
f 23 22 35
f 35 22 34
f 19 35 26
f 19 24 35
f 24 23 35
f 27 24 19
f 27 36 24
f 36 25 24
f 28 20 81
f 28 81 25
f 28 25 36
f 79 25 81
f 21 82 20
f 20 82 81
f 29 37 83
f 29 83 21
f 21 83 82
f 37 38 84
f 83 37 84
f 84 38 94
f 41 33 93
f 101 41 93
f 34 33 42
f 42 33 41
f 30 42 39
f 30 35 42
f 35 34 42
f 26 35 30
f 27 31 36
f 28 36 31
f 29 32 37
f 40 37 32
f 40 43 37
f 43 38 37
f 95 94 38
f 95 38 44
f 44 38 43
f 95 44 102
f 50 41 101
f 107 50 101
f 42 41 51
f 51 41 50
f 39 51 45
f 42 51 39
f 43 46 52
f 40 46 43
f 108 103 44
f 108 44 52
f 52 44 43
f 102 44 103
f 50 107 109
f 109 113 58
f 109 58 50
f 50 58 51
f 45 59 47
f 45 51 59
f 51 58 59
f 47 59 53
f 48 54 60
f 48 61 49
f 60 61 48
f 49 61 114
f 46 49 114
f 46 114 110
f 46 110 52
f 108 52 110
f 58 113 115
f 115 120 62
f 115 62 58
f 58 62 59
f 53 63 55
f 53 59 63
f 59 62 63
f 55 64 56
f 63 64 55
f 56 65 57
f 64 65 56
f 57 65 121
f 54 57 121
f 54 121 116
f 54 116 60
f 61 60 116
f 117 61 116
f 114 61 117
f 62 120 122
f 63 62 122
f 123 63 122
f 64 63 123
f 124 64 123
f 65 64 124
f 125 65 124
f 121 65 125
f 70 143 164
f 70 71 144
f 143 70 144
f 71 72 145
f 144 71 145
f 72 73 146
f 145 72 146
f 73 74 147
f 146 73 147
f 74 75 148
f 147 74 148
f 75 76 149
f 148 75 149
f 76 77 150
f 149 76 150
f 150 77 165
f 85 70 164
f 177 85 164
f 71 70 86
f 86 70 85
f 72 71 87
f 87 71 86
f 73 72 88
f 88 72 87
f 74 73 89
f 89 73 88
f 66 89 78
f 66 75 89
f 75 74 89
f 67 75 66
f 76 75 67
f 68 76 67
f 77 76 68
f 77 166 165
f 77 68 166
f 68 69 166
f 79 90 167
f 79 167 69
f 69 167 166
f 90 91 168
f 167 90 168
f 91 92 169
f 168 91 169
f 169 92 178
f 96 85 177
f 185 96 177
f 86 85 97
f 97 85 96
f 87 86 98
f 98 86 97
f 88 87 99
f 99 87 98
f 80 99 93
f 80 89 99
f 89 88 99
f 78 89 80
f 79 81 90
f 82 90 81
f 91 90 82
f 83 91 82
f 92 91 83
f 92 179 178
f 92 83 179
f 83 84 179
f 94 100 180
f 94 180 84
f 84 180 179
f 180 100 186
f 96 185 187
f 97 96 187
f 188 97 187
f 188 192 104
f 188 104 97
f 97 104 98
f 99 98 105
f 105 98 104
f 93 105 101
f 99 105 93
f 94 95 100
f 102 106 189
f 95 102 189
f 95 189 186
f 95 186 100
f 189 106 193
f 104 192 194
f 194 198 111
f 194 111 104
f 104 111 105
f 101 111 107
f 105 111 101
f 103 108 112
f 103 112 199
f 102 103 199
f 102 199 195
f 102 195 106
f 193 106 195
f 111 198 200
f 118 200 204
f 109 200 118
f 109 111 200
f 109 107 111
f 109 118 113
f 110 114 119
f 110 119 205
f 108 110 205
f 108 205 201
f 108 201 112
f 199 112 201
f 118 204 206
f 126 206 211
f 115 206 126
f 115 118 206
f 115 113 118
f 115 126 120
f 116 121 127
f 212 116 127
f 212 207 116
f 207 117 116
f 119 114 117
f 119 117 208
f 208 117 207
f 205 119 208
f 126 211 213
f 120 126 213
f 120 213 122
f 122 213 214
f 123 122 215
f 122 214 215
f 124 123 216
f 123 215 216
f 125 124 217
f 124 216 217
f 127 121 125
f 127 125 218
f 218 125 217
f 212 127 218
f 128 228 246
f 128 129 229
f 228 128 229
f 229 129 247
f 130 128 246
f 271 130 246
f 272 248 129
f 272 129 130
f 130 129 128
f 247 129 248
f 131 249 273
f 131 132 250
f 249 131 250
f 250 132 274
f 133 275 309
f 275 133 310
f 130 271 276
f 272 130 276
f 134 277 311
f 273 277 134
f 273 134 131
f 131 134 135
f 132 131 136
f 136 131 135
f 278 274 132
f 278 132 137
f 137 132 136
f 137 138 279
f 278 137 279
f 138 139 280
f 279 138 280
f 139 140 281
f 280 139 281
f 140 141 282
f 281 140 282
f 141 142 283
f 282 141 283
f 283 142 312
f 151 133 309
f 340 151 309
f 341 310 133
f 151 341 133
f 134 311 313
f 313 342 152
f 313 152 134
f 134 152 135
f 136 135 153
f 153 135 152
f 137 136 154
f 154 136 153
f 138 137 155
f 155 137 154
f 139 138 156
f 156 138 155
f 140 139 157
f 157 139 156
f 141 140 158
f 158 140 157
f 142 141 159
f 159 141 158
f 314 312 142
f 314 142 160
f 160 142 159
f 160 161 315
f 314 160 315
f 161 162 316
f 315 161 316
f 162 163 317
f 316 162 317
f 317 163 343
f 151 340 344
f 341 151 344
f 170 152 342
f 362 170 342
f 153 152 171
f 171 152 170
f 154 153 172
f 172 153 171
f 155 154 173
f 173 154 172
f 156 155 174
f 174 155 173
f 157 156 175
f 175 156 174
f 143 175 164
f 143 158 175
f 158 157 175
f 144 158 143
f 159 158 144
f 145 159 144
f 160 159 145
f 146 160 145
f 161 160 146
f 147 161 146
f 162 161 147
f 148 162 147
f 163 162 148
f 163 345 343
f 163 148 345
f 148 149 345
f 150 346 149
f 149 346 345
f 165 176 347
f 165 347 150
f 150 347 346
f 347 176 363
f 170 362 364
f 171 170 364
f 365 171 364
f 365 378 181
f 365 181 171
f 171 181 172
f 173 172 182
f 182 172 181
f 174 173 183
f 183 173 182
f 175 174 184
f 184 174 183
f 164 184 177
f 175 184 164
f 165 166 176
f 176 366 363
f 176 166 366
f 166 167 366
f 168 367 167
f 167 367 366
f 169 368 168
f 168 368 367
f 368 169 178
f 379 368 178
f 181 378 380
f 182 181 380
f 381 182 380
f 381 394 190
f 381 190 182
f 182 190 183
f 184 183 191
f 191 183 190
f 177 191 185
f 184 191 177
f 178 382 379
f 179 382 178
f 180 383 179
f 179 383 382
f 383 180 186
f 395 383 186
f 190 394 396
f 191 190 396
f 397 191 396
f 196 397 407
f 187 397 196
f 187 191 397
f 187 185 191
f 187 197 188
f 196 197 187
f 188 197 192
f 186 398 395
f 189 398 186
f 398 189 193
f 408 398 193
f 196 407 409
f 197 196 409
f 410 197 409
f 202 410 417
f 194 410 202
f 194 197 410
f 194 192 197
f 194 202 198
f 195 199 203
f 195 203 418
f 195 418 193
f 193 418 408
f 202 417 419
f 209 419 426
f 200 419 209
f 200 202 419
f 200 198 202
f 200 209 204
f 201 205 210
f 201 210 427
f 199 201 427
f 199 427 420
f 199 420 203
f 418 203 420
f 209 426 428
f 204 209 428
f 204 428 206
f 206 428 429
f 429 211 206
f 434 211 429
f 207 212 219
f 435 207 219
f 435 430 207
f 430 208 207
f 210 205 208
f 210 208 431
f 431 208 430
f 427 210 431
f 211 434 436
f 213 211 436
f 220 436 441
f 220 214 436
f 214 213 436
f 214 221 215
f 220 221 214
f 215 222 216
f 221 222 215
f 442 216 222
f 442 437 216
f 437 217 216
f 218 217 438
f 217 437 438
f 219 212 218
f 219 218 439
f 439 218 438
f 435 219 439
f 220 441 443
f 221 220 443
f 444 221 443
f 222 221 444
f 445 222 444
f 442 222 445
f 223 448 457
f 223 224 449
f 448 223 449
f 224 225 450
f 449 224 450
f 225 226 451
f 450 225 451
f 451 226 458
f 227 452 459
f 452 227 460
f 230 461 483
f 457 461 230
f 457 230 223
f 223 230 231
f 224 223 232
f 232 223 231
f 225 224 233
f 233 224 232
f 226 225 234
f 234 225 233
f 462 458 226
f 462 226 235
f 235 226 234
f 235 236 463
f 462 235 463
f 236 237 464
f 463 236 464
f 459 464 237
f 459 237 227
f 227 237 238
f 465 460 227
f 465 227 239
f 239 227 238
f 239 240 466
f 465 239 466
f 240 241 467
f 466 240 467
f 241 242 468
f 467 241 468
f 242 243 469
f 468 242 469
f 243 244 470
f 469 243 470
f 244 245 471
f 470 244 471
f 471 245 484
f 251 485 496
f 251 252 486
f 485 251 486
f 252 253 487
f 486 252 487
f 483 487 253
f 483 253 230
f 230 253 254
f 231 230 255
f 255 230 254
f 228 255 246
f 228 232 255
f 232 231 255
f 229 232 228
f 233 232 229
f 247 233 229
f 247 256 233
f 256 234 233
f 235 234 257
f 257 234 256
f 236 235 258
f 258 235 257
f 237 236 259
f 259 236 258
f 238 237 260
f 260 237 259
f 239 238 261
f 261 238 260
f 240 239 262
f 262 239 261
f 241 240 263
f 263 240 262
f 242 241 264
f 264 241 263
f 243 242 265
f 265 242 264
f 244 243 266
f 266 243 265
f 245 244 267
f 267 244 266
f 488 484 245
f 488 245 268
f 268 245 267
f 268 269 489
f 488 268 489
f 269 270 490
f 489 269 490
f 490 270 497
f 284 498 508
f 284 285 499
f 498 284 499
f 496 499 285
f 496 285 251
f 251 285 286
f 252 251 287
f 287 251 286
f 253 252 288
f 288 252 287
f 254 253 289
f 289 253 288
f 255 254 290
f 290 254 289
f 246 290 271
f 255 290 246
f 248 272 291
f 248 256 247
f 248 291 256
f 291 292 256
f 257 256 293
f 293 256 292
f 258 257 294
f 294 257 293
f 259 258 295
f 295 258 294
f 260 259 296
f 296 259 295
f 261 260 297
f 297 260 296
f 262 261 298
f 298 261 297
f 263 262 299
f 299 262 298
f 264 263 300
f 300 263 299
f 265 264 301
f 301 264 300
f 266 265 302
f 302 265 301
f 267 266 303
f 303 266 302
f 249 303 273
f 249 268 303
f 268 267 303
f 250 268 249
f 269 268 250
f 274 269 250
f 274 304 269
f 304 270 269
f 500 497 270
f 500 270 305
f 305 270 304
f 305 306 501
f 500 305 501
f 306 307 502
f 501 306 502
f 307 308 503
f 502 307 503
f 503 308 509
f 318 510 517
f 318 319 511
f 510 318 511
f 508 511 319
f 508 319 284
f 284 319 320
f 275 320 309
f 275 285 320
f 285 284 320
f 310 285 275
f 310 321 285
f 321 286 285
f 287 286 322
f 322 286 321
f 288 287 323
f 323 287 322
f 289 288 324
f 324 288 323
f 290 289 325
f 325 289 324
f 271 326 276
f 271 290 326
f 290 325 326
f 276 291 272
f 276 326 291
f 326 327 291
f 292 291 328
f 328 291 327
f 293 292 329
f 329 292 328
f 294 293 330
f 330 293 329
f 295 294 331
f 331 294 330
f 296 295 332
f 332 295 331
f 297 296 333
f 333 296 332
f 298 297 334
f 334 297 333
f 299 298 335
f 335 298 334
f 300 299 336
f 336 299 335
f 301 300 337
f 337 300 336
f 302 301 338
f 338 301 337
f 277 338 311
f 277 303 338
f 303 302 338
f 273 303 277
f 274 278 304
f 279 304 278
f 305 304 279
f 280 305 279
f 306 305 280
f 281 306 280
f 307 306 281
f 282 307 281
f 308 307 282
f 308 512 509
f 308 282 512
f 282 283 512
f 312 339 513
f 312 513 283
f 283 513 512
f 513 339 518
f 348 519 534
f 517 519 348
f 517 348 318
f 318 348 349
f 319 318 350
f 350 318 349
f 320 319 351
f 351 319 350
f 309 351 340
f 320 351 309
f 321 341 352
f 310 341 321
f 322 321 353
f 353 321 352
f 323 322 354
f 354 322 353
f 324 323 355
f 355 323 354
f 535 520 325
f 535 325 355
f 355 325 324
f 520 536 356
f 520 356 325
f 325 356 326
f 327 326 357
f 357 326 356
f 537 521 328
f 537 328 357
f 357 328 327
f 329 328 521
f 522 329 521
f 330 329 522
f 523 330 522
f 331 330 523
f 524 331 523
f 332 331 524
f 525 332 524
f 333 332 525
f 526 333 525
f 334 333 526
f 527 334 526
f 335 334 527
f 528 335 527
f 528 538 358
f 528 358 335
f 335 358 336
f 337 336 359
f 359 336 358
f 338 337 360
f 360 337 359
f 311 361 313
f 311 338 361
f 338 360 361
f 313 361 342
f 312 314 339
f 339 529 518
f 339 314 529
f 314 315 529
f 316 530 315
f 315 530 529
f 317 531 316
f 316 531 530
f 531 317 343
f 539 531 343
f 369 540 561
f 534 540 369
f 534 369 348
f 348 369 370
f 349 348 371
f 371 348 370
f 350 349 372
f 372 349 371
f 351 350 373
f 373 350 372
f 340 374 344
f 340 351 374
f 351 373 374
f 344 352 341
f 344 374 352
f 374 375 352
f 353 352 376
f 376 352 375
f 562 541 354
f 562 354 376
f 376 354 353
f 355 354 541
f 542 355 541
f 535 355 542
f 356 536 543
f 357 356 543
f 544 357 543
f 537 357 544
f 358 538 545
f 359 358 545
f 546 359 545
f 360 359 546
f 547 360 546
f 547 563 377
f 547 377 360
f 360 377 361
f 342 377 362
f 361 377 342
f 343 548 539
f 345 548 343
f 346 549 345
f 345 549 548
f 347 550 346
f 346 550 549
f 550 347 363
f 564 550 363
f 384 369 561
f 573 384 561
f 370 369 385
f 385 369 384
f 371 370 386
f 386 370 385
f 372 371 387
f 387 371 386
f 373 372 388
f 388 372 387
f 374 373 389
f 389 373 388
f 375 374 390
f 390 374 389
f 574 565 376
f 574 376 390
f 390 376 375
f 562 376 565
f 377 563 566
f 391 566 575
f 364 566 391
f 364 377 566
f 364 362 377
f 364 392 365
f 391 392 364
f 365 392 378
f 363 567 564
f 366 567 363
f 367 568 366
f 366 568 567
f 393 576 568
f 393 568 368
f 368 568 367
f 368 379 393
f 399 577 589
f 573 577 399
f 573 399 384
f 384 399 400
f 385 384 401
f 401 384 400
f 386 385 402
f 402 385 401
f 387 386 403
f 403 386 402
f 388 387 404
f 404 387 403
f 590 578 389
f 590 389 404
f 404 389 388
f 390 389 578
f 579 390 578
f 574 390 579
f 391 575 580
f 392 391 580
f 581 392 580
f 405 581 591
f 380 581 405
f 380 392 581
f 380 378 392
f 380 406 381
f 405 406 380
f 381 406 394
f 393 582 576
f 379 582 393
f 379 382 582
f 382 583 582
f 383 584 382
f 382 584 583
f 584 383 395
f 592 584 395
f 411 593 605
f 589 593 411
f 589 411 399
f 399 411 412
f 400 399 413
f 413 399 412
f 401 400 414
f 414 400 413
f 402 401 415
f 415 401 414
f 606 594 403
f 606 403 415
f 415 403 402
f 404 403 594
f 595 404 594
f 590 404 595
f 405 591 596
f 406 405 596
f 597 406 596
f 394 406 597
f 394 597 396
f 396 597 598
f 416 598 607
f 416 397 598
f 397 396 598
f 397 416 407
f 395 599 592
f 398 599 395
f 599 398 408
f 608 599 408
f 421 411 605
f 616 421 605
f 412 411 422
f 422 411 421
f 413 412 423
f 423 412 422
f 414 413 424
f 424 413 423
f 617 609 415
f 617 415 424
f 424 415 414
f 606 415 609
f 416 607 610
f 407 416 610
f 407 610 409
f 409 610 611
f 425 611 618
f 425 410 611
f 410 409 611
f 410 425 417
f 408 418 608
f 608 418 619
f 421 616 620
f 620 629 432
f 620 432 421
f 421 432 422
f 423 422 433
f 433 422 432
f 630 621 424
f 630 424 433
f 433 424 423
f 617 424 621
f 425 618 622
f 417 425 622
f 417 622 419
f 419 622 623
f 623 426 419
f 631 426 623
f 420 632 624
f 427 632 420
f 619 418 420
f 624 619 420
f 432 629 633
f 433 432 633
f 634 433 633
f 630 433 634
f 426 631 635
f 428 426 635
f 429 428 636
f 428 635 636
f 636 434 429
f 642 434 636
f 430 435 440
f 643 430 440
f 643 637 430
f 637 431 430
f 632 427 431
f 637 632 431
f 434 642 644
f 436 434 644
f 441 645 446
f 441 436 645
f 436 644 645
f 645 654 446
f 437 442 447
f 655 437 447
f 655 646 437
f 646 438 437
f 439 438 647
f 438 646 647
f 440 435 439
f 440 439 648
f 648 439 647
f 643 440 648
f 441 446 443
f 446 654 656
f 446 656 443
f 443 656 444
f 445 444 657
f 444 656 657
f 447 442 445
f 447 445 658
f 658 445 657
f 655 447 658
f 453 672 676
f 453 454 673
f 672 453 673
f 454 455 674
f 673 454 674
f 674 455 677
f 456 675 678
f 675 456 679
f 472 680 697
f 472 473 681
f 680 472 681
f 473 457 448
f 473 448 681
f 681 448 682
f 449 683 448
f 448 683 682
f 676 450 453
f 676 683 450
f 683 449 450
f 451 453 450
f 454 453 451
f 458 454 451
f 458 474 454
f 474 455 454
f 684 677 455
f 684 455 475
f 475 455 474
f 475 476 685
f 684 475 685
f 476 459 452
f 476 452 685
f 685 452 686
f 460 477 456
f 460 456 686
f 460 686 452
f 686 456 678
f 687 679 456
f 687 456 478
f 478 456 477
f 478 479 688
f 687 478 688
f 479 480 689
f 688 479 689
f 480 481 690
f 689 480 690
f 481 482 691
f 690 481 691
f 691 482 698
f 491 699 706
f 491 492 700
f 699 491 700
f 697 700 492
f 697 492 472
f 472 492 493
f 461 493 483
f 461 473 493
f 473 472 493
f 457 473 461
f 458 462 474
f 463 474 462
f 475 474 463
f 464 475 463
f 476 475 464
f 459 476 464
f 460 465 477
f 466 477 465
f 478 477 466
f 467 478 466
f 479 478 467
f 468 479 467
f 480 479 468
f 469 480 468
f 481 480 469
f 470 481 469
f 482 481 470
f 482 701 698
f 482 470 701
f 470 471 701
f 484 494 702
f 484 702 471
f 471 702 701
f 494 495 703
f 702 494 703
f 703 495 707
f 504 708 714
f 504 505 709
f 708 504 709
f 706 709 505
f 491 706 505
f 491 505 496
f 491 496 485
f 486 491 485
f 492 491 486
f 487 492 486
f 493 492 487
f 483 493 487
f 484 488 494
f 489 494 488
f 495 494 489
f 495 710 707
f 495 489 710
f 489 490 710
f 497 506 711
f 497 711 490
f 490 711 710
f 506 507 712
f 711 506 712
f 712 507 715
f 514 716 721
f 514 515 717
f 716 514 717
f 714 717 515
f 504 714 515
f 504 515 508
f 504 508 498
f 499 504 498
f 505 504 499
f 496 505 499
f 497 500 506
f 501 506 500
f 507 506 501
f 507 718 715
f 507 501 718
f 501 502 718
f 503 719 502
f 502 719 718
f 509 516 720
f 509 720 503
f 503 720 719
f 720 516 722
f 532 723 727
f 721 723 532
f 514 721 532
f 514 532 517
f 514 517 510
f 511 514 510
f 515 514 511
f 508 515 511
f 509 512 516
f 516 724 722
f 516 512 724
f 512 513 724
f 518 533 725
f 518 725 513
f 513 725 724
f 725 533 728
f 551 729 734
f 727 729 551
f 532 727 551
f 532 551 534
f 532 534 519
f 517 532 519
f 520 535 552
f 520 552 536
f 521 537 553
f 521 554 522
f 553 554 521
f 522 555 523
f 554 555 522
f 523 556 524
f 555 556 523
f 524 557 525
f 556 557 524
f 525 558 526
f 557 558 525
f 526 559 527
f 558 559 526
f 527 560 528
f 559 560 527
f 528 560 538
f 518 529 533
f 533 730 728
f 533 529 730
f 529 530 730
f 531 731 530
f 530 731 730
f 731 531 539
f 735 731 539
f 569 736 754
f 734 736 569
f 551 734 569
f 551 569 561
f 551 561 540
f 534 551 540
f 541 562 570
f 541 571 542
f 570 571 541
f 542 571 755
f 535 542 755
f 535 755 737
f 535 737 552
f 536 552 737
f 536 737 543
f 543 737 738
f 544 543 739
f 543 738 739
f 553 537 544
f 553 544 740
f 740 544 739
f 554 553 740
f 741 554 740
f 555 554 741
f 742 555 741
f 556 555 742
f 743 556 742
f 557 556 743
f 744 557 743
f 558 557 744
f 745 558 744
f 559 558 745
f 746 559 745
f 560 559 746
f 747 560 746
f 538 560 747
f 538 747 545
f 545 747 748
f 546 545 749
f 545 748 749
f 572 749 756
f 572 547 749
f 547 546 749
f 547 572 563
f 539 750 735
f 548 750 539
f 549 751 548
f 548 751 750
f 550 752 549
f 549 752 751
f 752 550 564
f 757 752 564
f 585 758 766
f 754 758 585
f 754 585 569
f 569 585 586
f 561 586 573
f 569 586 561
f 565 574 587
f 565 587 767
f 562 565 767
f 562 767 759
f 562 759 570
f 571 570 759
f 760 571 759
f 755 571 760
f 572 756 761
f 563 572 761
f 563 761 566
f 566 761 762
f 762 575 566
f 768 575 762
f 564 763 757
f 567 763 564
f 588 769 763
f 588 763 568
f 568 763 567
f 568 576 588
f 600 770 780
f 766 770 600
f 766 600 585
f 585 600 601
f 577 601 589
f 577 586 601
f 586 585 601
f 573 586 577
f 578 590 602
f 781 578 602
f 781 771 578
f 771 579 578
f 587 574 579
f 587 579 772
f 772 579 771
f 767 587 772
f 575 768 773
f 580 575 773
f 581 580 774
f 580 773 774
f 774 591 581
f 782 591 774
f 588 775 769
f 576 775 588
f 576 582 775
f 582 776 775
f 603 783 776
f 603 776 583
f 583 776 582
f 583 584 604
f 603 583 604
f 584 592 604
f 612 600 780
f 794 612 780
f 593 612 605
f 593 601 612
f 601 600 612
f 589 601 593
f 594 606 613
f 795 594 613
f 795 784 594
f 784 595 594
f 602 590 595
f 602 595 785
f 785 595 784
f 781 602 785
f 591 782 786
f 596 591 786
f 597 596 787
f 596 786 787
f 614 787 796
f 614 598 787
f 598 597 787
f 598 614 607
f 603 788 783
f 604 788 603
f 789 788 604
f 615 797 789
f 599 615 789
f 599 789 604
f 599 604 592
f 599 608 615
f 625 798 808
f 794 798 625
f 794 625 612
f 612 625 626
f 605 626 616
f 612 626 605
f 609 617 627
f 609 627 809
f 606 609 809
f 606 809 799
f 606 799 613
f 795 613 799
f 614 796 800
f 607 614 800
f 607 800 610
f 610 800 801
f 611 610 802
f 610 801 802
f 802 618 611
f 810 618 802
f 628 797 615
f 811 797 628
f 608 619 628
f 615 608 628
f 638 625 808
f 817 638 808
f 626 625 639
f 639 625 638
f 616 640 620
f 616 626 640
f 626 639 640
f 620 640 629
f 621 630 641
f 621 641 818
f 617 621 818
f 617 818 812
f 617 812 627
f 809 627 812
f 618 810 813
f 622 618 813
f 623 622 814
f 622 813 814
f 814 631 623
f 819 631 814
f 624 811 628
f 624 632 811
f 632 820 811
f 619 624 628
f 649 638 817
f 831 649 817
f 639 638 650
f 650 638 649
f 640 639 651
f 651 639 650
f 629 652 633
f 629 640 652
f 640 651 652
f 633 653 634
f 652 653 633
f 634 653 832
f 630 634 832
f 630 832 821
f 630 821 641
f 818 641 821
f 631 819 822
f 635 631 822
f 636 635 823
f 635 822 823
f 823 642 636
f 833 642 823
f 637 834 824
f 643 834 637
f 820 632 637
f 824 820 637
f 659 835 846
f 831 835 659
f 831 659 649
f 649 659 660
f 650 649 661
f 661 649 660
f 651 650 662
f 662 650 661
f 652 651 663
f 663 651 662
f 847 836 653
f 847 653 663
f 663 653 652
f 832 653 836
f 642 833 837
f 644 642 837
f 645 644 838
f 644 837 838
f 838 654 645
f 848 654 838
f 646 655 664
f 849 646 664
f 849 839 646
f 839 647 646
f 648 647 840
f 647 839 840
f 834 643 648
f 840 834 648
f 665 659 846
f 860 665 846
f 660 659 666
f 666 659 665
f 661 660 667
f 667 660 666
f 662 661 668
f 668 661 667
f 861 850 663
f 861 663 668
f 668 663 662
f 847 663 850
f 654 848 851
f 656 654 851
f 657 656 852
f 656 851 852
f 658 657 853
f 657 852 853
f 664 655 658
f 664 658 854
f 854 658 853
f 849 664 854
f 665 860 862
f 862 866 669
f 862 669 665
f 665 669 666
f 667 666 670
f 670 666 669
f 867 863 668
f 867 668 670
f 670 668 667
f 861 668 863
f 669 866 868
f 670 669 868
f 869 670 868
f 867 670 869
f 671 877 883
f 877 671 884
f 671 883 885
f 884 671 885
f 672 916 925
f 676 672 925
f 673 917 672
f 672 917 916
f 674 918 673
f 673 918 917
f 677 692 919
f 677 919 674
f 674 919 918
f 692 693 920
f 919 692 920
f 693 694 921
f 920 693 921
f 694 678 675
f 694 675 921
f 921 675 922
f 679 695 923
f 679 923 675
f 675 923 922
f 695 696 924
f 923 695 924
f 924 696 926
f 704 927 941
f 704 697 680
f 704 680 927
f 927 680 928
f 681 929 680
f 680 929 928
f 682 930 681
f 681 930 929
f 683 931 682
f 682 931 930
f 925 683 676
f 931 683 925
f 677 684 692
f 685 692 684
f 693 692 685
f 686 693 685
f 694 693 686
f 678 694 686
f 679 687 695
f 688 695 687
f 696 695 688
f 696 932 926
f 696 688 932
f 688 689 932
f 690 933 689
f 689 933 932
f 691 934 690
f 690 934 933
f 698 705 935
f 698 935 691
f 691 935 934
f 935 705 942
f 713 943 950
f 713 706 699
f 713 699 943
f 943 699 944
f 941 700 704
f 941 944 700
f 944 699 700
f 697 704 700
f 698 701 705
f 705 945 942
f 705 701 945
f 701 702 945
f 703 946 702
f 702 946 945
f 946 703 707
f 951 946 707
f 708 952 958
f 714 708 958
f 950 709 713
f 950 952 709
f 952 708 709
f 706 713 709
f 707 953 951
f 710 953 707
f 711 954 710
f 710 954 953
f 712 955 711
f 711 955 954
f 955 712 715
f 959 955 715
f 716 960 966
f 721 716 966
f 717 961 716
f 716 961 960
f 958 717 714
f 961 717 958
f 715 962 959
f 718 962 715
f 719 963 718
f 718 963 962
f 726 967 963
f 726 963 720
f 720 963 719
f 720 722 726
f 732 968 974
f 732 727 723
f 732 723 968
f 968 723 969
f 966 723 721
f 969 723 966
f 726 970 967
f 722 970 726
f 722 724 970
f 724 971 970
f 733 975 971
f 733 971 725
f 725 971 724
f 725 728 733
f 753 976 982
f 974 976 753
f 732 974 753
f 732 753 734
f 732 734 729
f 727 732 729
f 733 977 975
f 728 977 733
f 728 730 977
f 730 978 977
f 731 979 730
f 730 979 978
f 979 731 735
f 983 979 735
f 736 753 982
f 736 982 754
f 754 982 1012
f 734 753 736
f 737 1013 984
f 755 1013 737
f 738 737 985
f 737 984 985
f 739 738 986
f 738 985 986
f 740 739 987
f 739 986 987
f 741 740 988
f 740 987 988
f 742 741 989
f 741 988 989
f 743 742 990
f 742 989 990
f 744 743 991
f 743 990 991
f 745 744 992
f 744 991 992
f 746 745 993
f 745 992 993
f 747 746 994
f 746 993 994
f 748 747 995
f 747 994 995
f 749 748 996
f 748 995 996
f 996 756 749
f 1014 756 996
f 735 997 983
f 750 997 735
f 764 1015 997
f 764 997 751
f 751 997 750
f 751 752 765
f 764 751 765
f 752 757 765
f 758 1016 1027
f 766 758 1027
f 1012 758 754
f 1016 758 1012
f 759 767 777
f 1028 759 777
f 1028 1017 759
f 1017 760 759
f 1013 755 760
f 1017 1013 760
f 756 1014 1018
f 761 756 1018
f 762 761 1019
f 761 1018 1019
f 768 1020 778
f 768 762 1020
f 762 1019 1020
f 1020 1029 778
f 764 1021 1015
f 765 1021 764
f 1022 1021 765
f 779 1030 1022
f 763 779 1022
f 763 1022 765
f 763 765 757
f 763 769 779
f 770 1031 1042
f 780 770 1042
f 1027 770 766
f 1031 770 1027
f 771 781 790
f 1043 771 790
f 1043 1032 771
f 1032 772 771
f 777 767 772
f 777 772 1033
f 1033 772 1032
f 1028 777 1033
f 768 778 773
f 778 1029 1034
f 778 1034 773
f 773 1034 774
f 782 1035 791
f 782 774 1035
f 774 1034 1035
f 1035 1044 791
f 779 1036 1030
f 792 1045 1036
f 775 792 1036
f 775 1036 779
f 775 779 769
f 775 776 793
f 792 775 793
f 776 783 793
f 803 1046 1059
f 803 1042 1046
f 803 794 1042
f 794 780 1042
f 784 795 804
f 1060 784 804
f 1060 1047 784
f 1047 785 784
f 790 781 785
f 790 785 1048
f 1048 785 1047
f 1043 790 1048
f 782 791 786
f 791 1044 1049
f 791 1049 786
f 786 1049 787
f 796 1050 805
f 796 787 1050
f 787 1049 1050
f 1050 1061 805
f 792 1051 1045
f 793 1051 792
f 1052 1051 793
f 806 1062 1052
f 788 806 1052
f 788 1052 793
f 788 793 783
f 788 789 807
f 806 788 807
f 789 797 807
f 798 803 1059
f 798 1059 808
f 808 1059 1077
f 794 803 798
f 799 1078 1063
f 809 1078 799
f 804 795 799
f 804 799 1064
f 1064 799 1063
f 1060 804 1064
f 796 805 800
f 805 1061 1065
f 805 1065 800
f 800 1065 801
f 802 801 1066
f 801 1065 1066
f 810 1067 815
f 810 802 1067
f 802 1066 1067
f 1067 1079 815
f 806 1068 1062
f 1068 816 1080
f 1068 806 816
f 806 807 816
f 797 811 816
f 807 797 816
f 825 1081 1098
f 825 1077 1081
f 825 817 1077
f 817 808 1077
f 812 818 826
f 812 826 1099
f 812 1099 809
f 809 1099 1078
f 810 815 813
f 815 1079 1082
f 815 1082 813
f 813 1082 814
f 819 1083 827
f 819 814 1083
f 814 1082 1083
f 827 1084 828
f 1083 1084 827
f 828 1085 829
f 1084 1085 828
f 1085 1100 829
f 830 1080 816
f 1101 1080 830
f 811 820 830
f 816 811 830
f 841 825 1098
f 1112 841 1098
f 817 841 831
f 825 841 817
f 821 832 842
f 821 842 1113
f 818 821 1113
f 818 1113 1102
f 818 1102 826
f 1099 826 1102
f 819 827 822
f 823 822 827
f 828 823 827
f 833 823 828
f 833 828 843
f 843 828 829
f 1103 829 1100
f 1103 844 829
f 844 843 829
f 1103 1114 844
f 845 1115 1104
f 1101 845 1104
f 830 845 1101
f 830 834 845
f 830 824 834
f 820 824 830
f 835 841 1112
f 835 1112 846
f 846 1112 1127
f 831 841 835
f 836 847 855
f 836 855 1128
f 832 836 1128
f 832 1128 1116
f 832 1116 842
f 1113 842 1116
f 833 843 837
f 838 837 843
f 844 838 843
f 848 1117 856
f 838 1117 848
f 838 1114 1117
f 838 844 1114
f 856 1118 857
f 1117 1118 856
f 857 1119 858
f 1118 1119 857
f 858 1120 859
f 1119 1120 858
f 859 839 849
f 859 1120 839
f 1120 1121 839
f 1115 845 840
f 1115 840 1121
f 1121 840 839
f 834 840 845
f 864 1129 1132
f 864 1127 1129
f 864 860 1127
f 860 846 1127
f 850 861 865
f 850 865 1133
f 847 850 1133
f 847 1133 1130
f 847 1130 855
f 1128 855 1130
f 848 856 851
f 852 851 856
f 857 852 856
f 853 852 857
f 858 853 857
f 854 853 858
f 859 854 858
f 849 854 859
f 870 864 1132
f 1135 870 1132
f 860 871 862
f 860 864 871
f 864 870 871
f 862 871 866
f 863 867 872
f 863 872 1136
f 861 863 1136
f 861 1136 1134
f 861 1134 865
f 1133 865 1134
f 873 870 1135
f 1139 873 1135
f 871 870 874
f 874 870 873
f 866 875 868
f 866 871 875
f 871 874 875
f 868 876 869
f 875 876 868
f 869 876 1140
f 867 869 1140
f 867 1140 1137
f 867 1137 872
f 1136 872 1137
f 878 1141 1144
f 1139 1141 878
f 1139 878 873
f 873 878 879
f 874 873 880
f 880 873 879
f 875 874 881
f 881 874 880
f 876 875 882
f 882 875 881
f 1145 1140 876
f 882 1145 876
f 886 878 1144
f 1146 886 1144
f 879 878 887
f 887 878 886
f 877 887 883
f 877 880 887
f 880 879 887
f 884 880 877
f 884 888 880
f 888 881 880
f 882 881 889
f 889 881 888
f 1147 1145 882
f 889 1147 882
f 890 886 1146
f 1150 890 1146
f 887 886 891
f 891 886 890
f 883 892 885
f 883 887 892
f 887 891 892
f 885 888 884
f 885 892 888
f 892 893 888
f 1151 1148 889
f 1151 889 893
f 893 889 888
f 1147 889 1148
f 894 890 1150
f 1154 894 1150
f 891 890 895
f 895 890 894
f 892 891 896
f 896 891 895
f 893 892 897
f 897 892 896
f 1155 1151 893
f 897 1155 893
f 898 1156 1160
f 1154 1156 898
f 1154 898 894
f 894 898 899
f 895 894 900
f 900 894 899
f 896 895 901
f 901 895 900
f 1161 1157 897
f 1161 897 901
f 901 897 896
f 1155 897 1157
f 902 898 1160
f 1164 902 1160
f 899 898 903
f 903 898 902
f 900 899 904
f 904 899 903
f 901 900 905
f 905 900 904
f 1165 1161 901
f 905 1165 901
f 906 902 1164
f 1168 906 1164
f 903 902 907
f 907 902 906
f 904 903 908
f 908 903 907
f 905 904 909
f 909 904 908
f 1169 1165 905
f 909 1169 905
f 910 906 1168
f 1172 910 1168
f 907 906 911
f 911 906 910
f 908 907 912
f 912 907 911
f 909 908 913
f 913 908 912
f 1173 1169 909
f 913 1173 909
f 910 1172 1174
f 1174 1178 914
f 1174 914 910
f 910 914 911
f 912 911 915
f 915 911 914
f 1179 1175 913
f 1179 913 915
f 915 913 912
f 1173 913 1175
f 914 1178 1180
f 915 914 1180
f 1181 915 1180
f 1179 915 1181
f 916 936 925
f 1218 936 916
f 1218 916 1214
f 1214 916 917
f 918 1215 917
f 917 1215 1214
f 937 1219 1215
f 937 1215 919
f 919 1215 918
f 919 920 938
f 937 919 938
f 920 921 939
f 938 920 939
f 921 922 940
f 939 921 940
f 1220 940 922
f 1220 922 1216
f 1216 922 923
f 924 1217 923
f 923 1217 1216
f 1217 924 926
f 1221 1217 926
f 927 1222 1237
f 941 927 1237
f 928 1223 927
f 927 1223 1222
f 947 1238 1223
f 947 1223 929
f 929 1223 928
f 929 930 948
f 947 929 948
f 1239 948 930
f 1239 930 1224
f 1224 930 931
f 936 931 925
f 936 1225 931
f 1225 1224 931
f 1218 1225 936
f 937 1226 1219
f 938 1226 937
f 1227 1226 938
f 939 1227 938
f 1228 1227 939
f 940 1228 939
f 1229 1228 940
f 1220 1229 940
f 926 1230 1221
f 932 1230 926
f 933 1231 932
f 932 1231 1230
f 934 1232 933
f 933 1232 1231
f 949 1240 1232
f 949 1232 935
f 935 1232 934
f 935 942 949
f 943 956 950
f 1260 956 943
f 1260 943 1241
f 1241 943 944
f 1237 944 941
f 1241 944 1237
f 947 1242 1238
f 948 1242 947
f 1243 1242 948
f 1239 1243 948
f 949 1244 1240
f 942 1244 949
f 942 945 1244
f 945 1245 1244
f 957 1261 1245
f 957 1245 946
f 946 1245 945
f 946 951 957
f 952 964 958
f 952 1279 964
f 950 1279 952
f 950 1262 1279
f 950 956 1262
f 1260 1262 956
f 957 1263 1261
f 951 1263 957
f 951 953 1263
f 953 1264 1263
f 954 1265 953
f 953 1265 1264
f 965 1280 1265
f 965 1265 955
f 955 1265 954
f 955 959 965
f 960 972 966
f 1296 972 960
f 1296 960 1281
f 1281 960 961
f 964 961 958
f 964 1282 961
f 1282 1281 961
f 1279 1282 964
f 965 1283 1280
f 959 1283 965
f 959 962 1283
f 962 1284 1283
f 973 1297 1284
f 973 1284 963
f 963 1284 962
f 963 967 973
f 968 980 974
f 1316 980 968
f 1316 968 1298
f 1298 968 969
f 972 969 966
f 972 1299 969
f 1299 1298 969
f 1296 1299 972
f 973 1300 1297
f 967 1300 973
f 967 970 1300
f 970 1301 1300
f 981 1317 1301
f 981 1301 971
f 971 1301 970
f 971 975 981
f 976 998 982
f 976 1353 998
f 974 1353 976
f 974 1318 1353
f 974 980 1318
f 1316 1318 980
f 999 1354 1319
f 999 1320 1000
f 1319 1320 999
f 1000 1321 1001
f 1320 1321 1000
f 1001 1322 1002
f 1321 1322 1001
f 1002 1323 1003
f 1322 1323 1002
f 1003 1324 1004
f 1323 1324 1003
f 1004 1325 1005
f 1324 1325 1004
f 1005 1326 1006
f 1325 1326 1005
f 1006 1327 1007
f 1326 1327 1006
f 1007 1328 1008
f 1327 1328 1007
f 1328 1355 1008
f 981 1329 1317
f 1009 1356 1329
f 977 1009 1329
f 977 1329 981
f 977 981 975
f 977 978 1010
f 1009 977 1010
f 978 979 1011
f 1010 978 1011
f 979 983 1011
f 998 1357 1381
f 998 1381 982
f 982 1381 1012
f 1353 1357 998
f 984 1382 1358
f 1013 1382 984
f 985 984 1359
f 984 1358 1359
f 1354 999 986
f 1354 986 1359
f 1359 986 985
f 987 986 999
f 1000 987 999
f 988 987 1000
f 1001 988 1000
f 989 988 1001
f 1002 989 1001
f 990 989 1002
f 1003 990 1002
f 991 990 1003
f 1004 991 1003
f 992 991 1004
f 1005 992 1004
f 993 992 1005
f 1006 993 1005
f 994 993 1006
f 1007 994 1006
f 995 994 1007
f 1008 995 1007
f 1008 1355 1360
f 1008 1360 995
f 995 1360 996
f 1014 1361 1023
f 1014 996 1361
f 996 1360 1361
f 1023 1362 1024
f 1361 1362 1023
f 1024 1363 1025
f 1362 1363 1024
f 1363 1383 1025
f 1009 1364 1356
f 1010 1364 1009
f 1365 1364 1010
f 1011 1365 1010
f 1366 1365 1011
f 1026 1384 1366
f 997 1026 1366
f 997 1366 1011
f 997 1011 983
f 997 1015 1026
f 1016 1385 1406
f 1027 1016 1406
f 1381 1016 1012
f 1385 1016 1381
f 1037 1407 1386
f 1037 1017 1028
f 1037 1386 1017
f 1386 1387 1017
f 1382 1013 1017
f 1387 1382 1017
f 1014 1023 1018
f 1019 1018 1023
f 1024 1019 1023
f 1020 1019 1024
f 1025 1020 1024
f 1029 1388 1038
f 1020 1388 1029
f 1020 1383 1388
f 1020 1025 1383
f 1038 1389 1039
f 1388 1389 1038
f 1389 1408 1039
f 1026 1390 1384
f 1040 1409 1390
f 1021 1040 1390
f 1021 1390 1026
f 1021 1026 1015
f 1021 1022 1041
f 1040 1021 1041
f 1022 1030 1041
f 1031 1410 1431
f 1042 1031 1431
f 1406 1031 1027
f 1410 1031 1406
f 1053 1432 1411
f 1053 1032 1043
f 1053 1411 1032
f 1411 1412 1032
f 1407 1037 1033
f 1407 1033 1412
f 1412 1033 1032
f 1028 1033 1037
f 1029 1038 1034
f 1035 1034 1038
f 1039 1035 1038
f 1044 1413 1054
f 1035 1413 1044
f 1035 1408 1413
f 1035 1039 1408
f 1054 1414 1055
f 1413 1414 1054
f 1055 1415 1056
f 1414 1415 1055
f 1415 1433 1056
f 1040 1416 1409
f 1416 1057 1434
f 1416 1040 1057
f 1040 1041 1057
f 1030 1036 1058
f 1030 1058 1041
f 1041 1058 1057
f 1036 1045 1058
f 1046 1435 1450
f 1059 1046 1450
f 1431 1046 1042
f 1435 1046 1431
f 1047 1451 1436
f 1060 1451 1047
f 1432 1053 1048
f 1432 1048 1436
f 1436 1048 1047
f 1043 1048 1053
f 1044 1054 1049
f 1050 1049 1054
f 1055 1050 1054
f 1061 1050 1055
f 1061 1055 1069
f 1069 1055 1056
f 1437 1056 1433
f 1437 1070 1056
f 1070 1069 1056
f 1070 1438 1071
f 1437 1438 1070
f 1438 1452 1071
f 1072 1453 1439
f 1434 1072 1439
f 1434 1057 1072
f 1057 1073 1072
f 1058 1074 1057
f 1074 1073 1057
f 1045 1051 1075
f 1045 1075 1058
f 1058 1075 1074
f 1051 1052 1076
f 1075 1051 1076
f 1052 1062 1076
f 1059 1450 1077
f 1450 1466 1077
f 1063 1078 1086
f 1467 1063 1086
f 1467 1454 1063
f 1454 1064 1063
f 1451 1060 1064
f 1454 1451 1064
f 1061 1069 1065
f 1066 1065 1069
f 1070 1066 1069
f 1067 1066 1070
f 1071 1067 1070
f 1079 1455 1087
f 1067 1455 1079
f 1067 1452 1455
f 1067 1071 1452
f 1087 1456 1088
f 1455 1456 1087
f 1088 1457 1089
f 1456 1457 1088
f 1089 1458 1090
f 1457 1458 1089
f 1090 1459 1091
f 1458 1459 1090
f 1453 1091 1459
f 1453 1072 1091
f 1072 1092 1091
f 1073 1093 1072
f 1093 1092 1072
f 1074 1094 1073
f 1094 1093 1073
f 1075 1095 1074
f 1095 1094 1074
f 1076 1096 1075
f 1096 1095 1075
f 1062 1068 1097
f 1062 1097 1076
f 1076 1097 1096
f 1068 1080 1097
f 1081 1468 1471
f 1098 1081 1471
f 1466 1081 1077
f 1468 1081 1466
f 1086 1472 1469
f 1086 1078 1472
f 1078 1099 1472
f 1467 1086 1469
f 1079 1087 1082
f 1083 1082 1087
f 1088 1083 1087
f 1084 1083 1088
f 1089 1084 1088
f 1085 1084 1089
f 1090 1085 1089
f 1100 1085 1090
f 1100 1090 1105
f 1105 1090 1091
f 1092 1106 1091
f 1106 1105 1091
f 1093 1107 1092
f 1107 1106 1092
f 1094 1108 1093
f 1108 1107 1093
f 1095 1109 1094
f 1109 1108 1094
f 1096 1110 1095
f 1110 1109 1095
f 1097 1111 1096
f 1111 1110 1096
f 1080 1101 1111
f 1097 1080 1111
f 1098 1471 1112
f 1471 1476 1112
f 1102 1477 1473
f 1113 1477 1102
f 1472 1099 1102
f 1473 1472 1102
f 1100 1105 1103
f 1114 1103 1105
f 1114 1105 1122
f 1122 1105 1106
f 1107 1123 1106
f 1123 1122 1106
f 1108 1124 1107
f 1124 1123 1107
f 1109 1125 1108
f 1125 1124 1108
f 1110 1126 1109
f 1126 1125 1109
f 1104 1115 1126
f 1104 1126 1111
f 1111 1126 1110
f 1101 1104 1111
f 1131 1478 1481
f 1131 1476 1478
f 1131 1127 1476
f 1127 1112 1476
f 1116 1482 1479
f 1128 1482 1116
f 1477 1113 1116
f 1479 1477 1116
f 1114 1122 1117
f 1118 1117 1122
f 1123 1118 1122
f 1119 1118 1123
f 1124 1119 1123
f 1120 1119 1124
f 1125 1120 1124
f 1121 1120 1125
f 1126 1121 1125
f 1115 1121 1126
f 1129 1131 1481
f 1129 1481 1132
f 1132 1481 1486
f 1127 1131 1129
f 1130 1487 1483
f 1133 1487 1130
f 1482 1128 1130
f 1483 1482 1130
f 1138 1488 1490
f 1138 1486 1488
f 1138 1135 1486
f 1135 1132 1486
f 1134 1491 1489
f 1136 1491 1134
f 1487 1133 1134
f 1489 1487 1134
f 1142 1138 1490
f 1492 1142 1490
f 1135 1142 1139
f 1138 1142 1135
f 1137 1140 1143
f 1137 1143 1493
f 1137 1493 1136
f 1136 1493 1491
f 1141 1142 1492
f 1141 1492 1144
f 1144 1492 1496
f 1139 1142 1141
f 1143 1497 1494
f 1143 1140 1497
f 1140 1145 1497
f 1493 1143 1494
f 1149 1498 1499
f 1149 1496 1498
f 1149 1146 1496
f 1146 1144 1496
f 1145 1147 1497
f 1497 1147 1500
f 1152 1149 1499
f 1502 1152 1499
f 1146 1152 1150
f 1149 1152 1146
f 1148 1151 1153
f 1148 1153 1503
f 1148 1503 1147
f 1147 1503 1500
f 1158 1504 1507
f 1502 1504 1158
f 1502 1158 1152
f 1152 1158 1159
f 1150 1159 1154
f 1152 1159 1150
f 1153 1508 1505
f 1153 1151 1508
f 1151 1155 1508
f 1503 1153 1505
f 1162 1158 1507
f 1509 1162 1507
f 1156 1162 1160
f 1156 1159 1162
f 1159 1158 1162
f 1154 1159 1156
f 1157 1161 1163
f 1157 1163 1510
f 1157 1510 1155
f 1155 1510 1508
f 1166 1162 1509
f 1511 1166 1509
f 1160 1166 1164
f 1162 1166 1160
f 1163 1165 1167
f 1161 1165 1163
f 1512 1510 1163
f 1167 1512 1163
f 1170 1166 1511
f 1513 1170 1511
f 1164 1170 1168
f 1166 1170 1164
f 1167 1169 1171
f 1165 1169 1167
f 1514 1512 1167
f 1171 1514 1167
f 1176 1170 1513
f 1515 1176 1513
f 1168 1176 1172
f 1170 1176 1168
f 1171 1173 1177
f 1169 1173 1171
f 1516 1514 1171
f 1177 1516 1171
f 1176 1515 1517
f 1182 1517 1519
f 1174 1517 1182
f 1174 1176 1517
f 1174 1172 1176
f 1174 1182 1178
f 1175 1179 1183
f 1175 1183 1520
f 1173 1175 1520
f 1173 1520 1518
f 1173 1518 1177
f 1516 1177 1518
f 1184 1182 1519
f 1523 1184 1519
f 1178 1185 1180
f 1178 1182 1185
f 1182 1184 1185
f 1180 1186 1181
f 1185 1186 1180
f 1181 1183 1179
f 1181 1186 1183
f 1186 1187 1183
f 1524 1520 1183
f 1187 1524 1183
f 1188 1184 1523
f 1527 1188 1523
f 1185 1184 1189
f 1189 1184 1188
f 1186 1185 1190
f 1190 1185 1189
f 1187 1186 1191
f 1191 1186 1190
f 1528 1524 1187
f 1191 1528 1187
f 1192 1188 1527
f 1531 1192 1527
f 1189 1188 1193
f 1193 1188 1192
f 1190 1189 1194
f 1194 1189 1193
f 1191 1190 1195
f 1195 1190 1194
f 1532 1528 1191
f 1195 1532 1191
f 1196 1192 1531
f 1535 1196 1531
f 1193 1192 1197
f 1197 1192 1196
f 1194 1193 1198
f 1198 1193 1197
f 1195 1194 1199
f 1199 1194 1198
f 1536 1532 1195
f 1199 1536 1195
f 1200 1196 1535
f 1539 1200 1535
f 1197 1196 1201
f 1201 1196 1200
f 1198 1197 1202
f 1202 1197 1201
f 1199 1198 1203
f 1203 1198 1202
f 1540 1536 1199
f 1203 1540 1199
f 1204 1200 1539
f 1543 1204 1539
f 1201 1200 1205
f 1205 1200 1204
f 1202 1201 1206
f 1206 1201 1205
f 1203 1202 1207
f 1207 1202 1206
f 1544 1540 1203
f 1207 1544 1203
f 1208 1204 1543
f 1547 1208 1543
f 1205 1204 1209
f 1209 1204 1208
f 1206 1205 1210
f 1210 1205 1209
f 1548 1545 1207
f 1548 1207 1210
f 1210 1207 1206
f 1544 1207 1545
f 1211 1208 1547
f 1552 1211 1547
f 1209 1208 1212
f 1212 1208 1211
f 1210 1209 1213
f 1213 1209 1212
f 1553 1548 1210
f 1213 1553 1210
f 1211 1552 1554
f 1212 1211 1554
f 1555 1212 1554
f 1213 1212 1555
f 1556 1213 1555
f 1553 1213 1556
f 1214 1233 1218
f 1214 1215 1234
f 1233 1214 1234
f 1215 1219 1234
f 1216 1235 1220
f 1216 1217 1236
f 1235 1216 1236
f 1217 1221 1236
f 1222 1246 1237
f 1222 1223 1247
f 1246 1222 1247
f 1223 1238 1247
f 1224 1248 1239
f 1224 1225 1249
f 1248 1224 1249
f 1225 1218 1233
f 1225 1233 1249
f 1249 1233 1250
f 1234 1251 1233
f 1251 1250 1233
f 1219 1226 1252
f 1219 1252 1234
f 1234 1252 1251
f 1226 1227 1253
f 1252 1226 1253
f 1227 1228 1254
f 1253 1227 1254
f 1228 1229 1255
f 1254 1228 1255
f 1229 1578 1255
f 1220 1578 1229
f 1220 1577 1578
f 1220 1235 1577
f 1577 1256 1579
f 1577 1235 1256
f 1235 1236 1256
f 1221 1230 1257
f 1221 1257 1236
f 1236 1257 1256
f 1230 1231 1258
f 1257 1230 1258
f 1231 1232 1259
f 1258 1231 1259
f 1232 1240 1259
f 1241 1266 1260
f 1241 1237 1246
f 1241 1246 1266
f 1266 1246 1267
f 1587 1247 1580
f 1587 1267 1247
f 1267 1246 1247
f 1268 1588 1580
f 1242 1268 1580
f 1242 1580 1247
f 1242 1247 1238
f 1242 1243 1269
f 1268 1242 1269
f 1243 1239 1248
f 1243 1248 1269
f 1269 1248 1270
f 1249 1271 1248
f 1271 1270 1248
f 1589 1250 1581
f 1589 1271 1250
f 1271 1249 1250
f 1251 1581 1250
f 1582 1581 1251
f 1582 1272 1590
f 1582 1251 1272
f 1251 1252 1272
f 1253 1273 1252
f 1273 1272 1252
f 1591 1254 1583
f 1591 1273 1254
f 1273 1253 1254
f 1255 1583 1254
f 1584 1583 1255
f 1578 1584 1255
f 1256 1585 1579
f 1585 1274 1592
f 1585 1256 1274
f 1256 1257 1274
f 1258 1275 1257
f 1275 1274 1257
f 1259 1276 1258
f 1276 1275 1258
f 1240 1244 1277
f 1240 1277 1259
f 1259 1277 1276
f 1244 1245 1278
f 1277 1244 1278
f 1245 1261 1278
f 1262 1285 1279
f 1262 1260 1266
f 1262 1266 1285
f 1285 1266 1286
f 1606 1267 1593
f 1606 1286 1267
f 1286 1266 1267
f 1587 1593 1267
f 1268 1594 1588
f 1594 1287 1607
f 1594 1268 1287
f 1268 1269 1287
f 1270 1288 1269
f 1288 1287 1269
f 1271 1289 1270
f 1289 1288 1270
f 1608 1271 1589
f 1289 1271 1608
f 1290 1590 1272
f 1609 1590 1290
f 1273 1291 1272
f 1291 1290 1272
f 1610 1273 1591
f 1291 1273 1610
f 1274 1595 1592
f 1275 1595 1274
f 1596 1595 1275
f 1276 1596 1275
f 1597 1596 1276
f 1277 1597 1276
f 1598 1597 1277
f 1598 1292 1611
f 1598 1277 1292
f 1277 1278 1292
f 1261 1263 1293
f 1261 1293 1278
f 1278 1293 1292
f 1263 1264 1294
f 1293 1263 1294
f 1264 1265 1295
f 1294 1264 1295
f 1265 1280 1295
f 1281 1302 1296
f 1281 1282 1303
f 1302 1281 1303
f 1282 1632 1303
f 1279 1632 1282
f 1279 1612 1632
f 1279 1285 1612
f 1286 1612 1285
f 1613 1612 1286
f 1606 1613 1286
f 1304 1607 1287
f 1633 1607 1304
f 1288 1305 1287
f 1305 1304 1287
f 1289 1306 1288
f 1306 1305 1288
f 1614 1289 1608
f 1614 1307 1289
f 1307 1306 1289
f 1614 1634 1307
f 1308 1609 1290
f 1635 1609 1308
f 1291 1309 1290
f 1309 1308 1290
f 1636 1291 1610
f 1309 1291 1636
f 1310 1637 1615
f 1310 1616 1311
f 1615 1616 1310
f 1616 1638 1311
f 1292 1617 1611
f 1293 1617 1292
f 1618 1617 1293
f 1618 1312 1639
f 1618 1293 1312
f 1293 1294 1312
f 1295 1313 1294
f 1313 1312 1294
f 1280 1283 1314
f 1280 1314 1295
f 1295 1314 1313
f 1283 1284 1315
f 1314 1283 1315
f 1284 1297 1315
f 1298 1330 1316
f 1298 1299 1331
f 1330 1298 1331
f 1299 1663 1331
f 1296 1663 1299
f 1296 1640 1663
f 1296 1302 1640
f 1303 1640 1302
f 1641 1640 1303
f 1632 1641 1303
f 1332 1633 1304
f 1664 1633 1332
f 1305 1333 1304
f 1333 1332 1304
f 1306 1334 1305
f 1334 1333 1305
f 1307 1335 1306
f 1335 1334 1306
f 1642 1307 1634
f 1642 1336 1307
f 1336 1335 1307
f 1635 1336 1642
f 1635 1308 1336
f 1308 1337 1336
f 1309 1338 1308
f 1338 1337 1308
f 1643 1309 1636
f 1643 1339 1309
f 1339 1338 1309
f 1339 1644 1340
f 1643 1644 1339
f 1340 1645 1341
f 1644 1645 1340
f 1637 1341 1645
f 1637 1310 1341
f 1310 1342 1341
f 1311 1343 1310
f 1343 1342 1310
f 1646 1311 1638
f 1646 1344 1311
f 1344 1343 1311
f 1344 1647 1345
f 1646 1647 1344
f 1345 1648 1346
f 1647 1648 1345
f 1648 1665 1346
f 1347 1639 1312
f 1666 1639 1347
f 1313 1348 1312
f 1348 1347 1312
f 1314 1349 1313
f 1349 1348 1313
f 1315 1350 1314
f 1350 1349 1314
f 1297 1300 1351
f 1297 1351 1315
f 1315 1351 1350
f 1300 1301 1352
f 1351 1300 1352
f 1301 1317 1352
f 1318 1667 1683
f 1353 1318 1683
f 1330 1318 1316
f 1330 1668 1318
f 1668 1667 1318
f 1331 1668 1330
f 1669 1668 1331
f 1663 1669 1331
f 1367 1684 1670
f 1664 1367 1670
f 1664 1332 1367
f 1332 1368 1367
f 1333 1369 1332
f 1369 1368 1332
f 1319 1354 1369
f 1319 1369 1334
f 1334 1369 1333
f 1320 1319 1334
f 1335 1320 1334
f 1321 1320 1335
f 1336 1321 1335
f 1322 1321 1336
f 1337 1322 1336
f 1323 1322 1337
f 1338 1323 1337
f 1324 1323 1338
f 1339 1324 1338
f 1325 1324 1339
f 1340 1325 1339
f 1326 1325 1340
f 1341 1326 1340
f 1327 1326 1341
f 1342 1327 1341
f 1328 1327 1342
f 1343 1328 1342
f 1355 1328 1343
f 1355 1343 1370
f 1370 1343 1344
f 1345 1371 1344
f 1371 1370 1344
f 1346 1372 1345
f 1372 1371 1345
f 1671 1346 1665
f 1671 1373 1346
f 1373 1372 1346
f 1373 1672 1374
f 1671 1672 1373
f 1666 1374 1672
f 1666 1347 1374
f 1347 1375 1374
f 1348 1376 1347
f 1376 1375 1347
f 1349 1377 1348
f 1377 1376 1348
f 1685 1350 1673
f 1685 1377 1350
f 1377 1349 1350
f 1673 1378 1686
f 1673 1350 1378
f 1350 1351 1378
f 1352 1379 1351
f 1379 1378 1351
f 1317 1329 1380
f 1317 1380 1352
f 1352 1380 1379
f 1329 1356 1380
f 1357 1391 1381
f 1357 1700 1391
f 1357 1353 1700
f 1353 1683 1700
f 1392 1701 1687
f 1392 1688 1393
f 1687 1688 1392
f 1393 1689 1394
f 1688 1689 1393
f 1684 1394 1689
f 1684 1367 1394
f 1367 1395 1394
f 1358 1382 1395
f 1358 1395 1368
f 1368 1395 1367
f 1359 1358 1368
f 1369 1359 1368
f 1354 1359 1369
f 1355 1370 1360
f 1361 1360 1370
f 1371 1361 1370
f 1362 1361 1371
f 1372 1362 1371
f 1363 1362 1372
f 1373 1363 1372
f 1383 1363 1373
f 1383 1373 1396
f 1396 1373 1374
f 1375 1397 1374
f 1397 1396 1374
f 1376 1398 1375
f 1398 1397 1375
f 1377 1399 1376
f 1399 1398 1376
f 1702 1377 1685
f 1399 1377 1702
f 1400 1686 1378
f 1703 1686 1400
f 1379 1401 1378
f 1401 1400 1378
f 1380 1402 1379
f 1402 1401 1379
f 1356 1364 1403
f 1356 1403 1380
f 1380 1403 1402
f 1364 1365 1404
f 1403 1364 1404
f 1365 1366 1405
f 1404 1365 1405
f 1366 1384 1405
f 1385 1417 1406
f 1385 1711 1417
f 1381 1711 1385
f 1381 1704 1711
f 1381 1391 1704
f 1700 1704 1391
f 1418 1712 1705
f 1701 1418 1705
f 1701 1392 1418
f 1392 1419 1418
f 1393 1420 1392
f 1420 1419 1392
f 1386 1407 1420
f 1386 1420 1394
f 1394 1420 1393
f 1387 1386 1394
f 1395 1387 1394
f 1382 1387 1395
f 1383 1396 1388
f 1389 1388 1396
f 1397 1389 1396
f 1408 1389 1397
f 1408 1397 1421
f 1421 1397 1398
f 1399 1422 1398
f 1422 1421 1398
f 1706 1399 1702
f 1706 1423 1399
f 1423 1422 1399
f 1703 1423 1706
f 1703 1400 1423
f 1400 1424 1423
f 1401 1425 1400
f 1425 1424 1400
f 1402 1426 1401
f 1426 1425 1401
f 1403 1427 1402
f 1427 1426 1402
f 1404 1428 1403
f 1428 1427 1403
f 1405 1429 1404
f 1429 1428 1404
f 1384 1390 1430
f 1384 1430 1405
f 1405 1430 1429
f 1390 1409 1430
f 1410 1440 1431
f 1410 1717 1440
f 1406 1717 1410
f 1406 1713 1717
f 1406 1417 1713
f 1711 1713 1417
f 1441 1712 1418
f 1718 1712 1441
f 1411 1432 1441
f 1411 1441 1419
f 1419 1441 1418
f 1412 1411 1419
f 1420 1412 1419
f 1407 1412 1420
f 1408 1421 1413
f 1414 1413 1421
f 1422 1414 1421
f 1415 1414 1422
f 1423 1415 1422
f 1433 1415 1423
f 1433 1423 1442
f 1442 1423 1424
f 1425 1443 1424
f 1443 1442 1424
f 1426 1444 1425
f 1444 1443 1425
f 1427 1445 1426
f 1445 1444 1426
f 1428 1446 1427
f 1446 1445 1427
f 1429 1447 1428
f 1447 1446 1428
f 1430 1448 1429
f 1448 1447 1429
f 1409 1416 1449
f 1409 1449 1430
f 1430 1449 1448
f 1416 1434 1449
f 1435 1719 1726
f 1450 1435 1726
f 1440 1435 1431
f 1440 1720 1435
f 1720 1719 1435
f 1717 1720 1440
f 1460 1727 1721
f 1718 1460 1721
f 1441 1460 1718
f 1441 1451 1460
f 1441 1436 1451
f 1432 1436 1441
f 1433 1442 1437
f 1438 1437 1442
f 1443 1438 1442
f 1452 1438 1443
f 1452 1443 1461
f 1461 1443 1444
f 1445 1462 1444
f 1462 1461 1444
f 1446 1463 1445
f 1463 1462 1445
f 1447 1464 1446
f 1464 1463 1446
f 1448 1465 1447
f 1465 1464 1447
f 1439 1453 1465
f 1439 1465 1449
f 1449 1465 1448
f 1434 1439 1449
f 1450 1726 1466
f 1726 1737 1466
f 1470 1738 1728
f 1727 1470 1728
f 1460 1470 1727
f 1460 1467 1470
f 1460 1454 1467
f 1451 1454 1460
f 1452 1461 1455
f 1456 1455 1461
f 1462 1456 1461
f 1457 1456 1462
f 1463 1457 1462
f 1458 1457 1463
f 1464 1458 1463
f 1459 1458 1464
f 1465 1459 1464
f 1453 1459 1465
f 1468 1474 1471
f 1468 1745 1474
f 1468 1466 1745
f 1466 1737 1745
f 1475 1746 1739
f 1738 1475 1739
f 1470 1475 1738
f 1470 1472 1475
f 1470 1469 1472
f 1467 1469 1470
f 1474 1747 1752
f 1474 1752 1471
f 1471 1752 1476
f 1745 1747 1474
f 1480 1753 1748
f 1746 1480 1748
f 1475 1480 1746
f 1475 1477 1480
f 1475 1473 1477
f 1472 1473 1475
f 1478 1484 1481
f 1478 1759 1484
f 1478 1476 1759
f 1476 1752 1759
f 1485 1760 1754
f 1753 1485 1754
f 1480 1485 1753
f 1480 1482 1485
f 1480 1479 1482
f 1477 1479 1480
f 1484 1761 1765
f 1484 1765 1481
f 1481 1765 1486
f 1759 1761 1484
f 1483 1760 1485
f 1483 1487 1760
f 1487 1766 1760
f 1482 1483 1485
f 1488 1767 1772
f 1490 1488 1772
f 1765 1488 1486
f 1767 1488 1765
f 1489 1773 1768
f 1491 1773 1489
f 1766 1487 1489
f 1768 1766 1489
f 1490 1772 1492
f 1772 1778 1492
f 1495 1779 1774
f 1495 1774 1773
f 1495 1773 1493
f 1493 1773 1491
f 1492 1778 1496
f 1778 1782 1496
f 1494 1779 1495
f 1494 1497 1779
f 1497 1783 1779
f 1493 1494 1495
f 1498 1501 1499
f 1498 1786 1501
f 1498 1496 1786
f 1496 1782 1786
f 1497 1500 1783
f 1783 1500 1787
f 1501 1788 1793
f 1501 1793 1499
f 1499 1793 1502
f 1786 1788 1501
f 1506 1794 1789
f 1506 1789 1787
f 1506 1787 1503
f 1503 1787 1500
f 1504 1795 1798
f 1507 1504 1798
f 1793 1504 1502
f 1795 1504 1793
f 1505 1794 1506
f 1505 1508 1794
f 1508 1799 1794
f 1503 1505 1506
f 1507 1798 1509
f 1798 1802 1509
f 1508 1510 1799
f 1799 1510 1803
f 1509 1802 1511
f 1802 1806 1511
f 1510 1512 1803
f 1803 1512 1807
f 1511 1806 1513
f 1806 1810 1513
f 1512 1514 1807
f 1807 1514 1811
f 1513 1810 1515
f 1810 1814 1515
f 1514 1516 1811
f 1811 1516 1815
f 1521 1517 1515
f 1521 1515 1818
f 1818 1515 1814
f 1517 1521 1519
f 1518 1520 1522
f 1518 1522 1819
f 1518 1819 1516
f 1516 1819 1815
f 1525 1521 1818
f 1821 1525 1818
f 1519 1525 1523
f 1521 1525 1519
f 1522 1524 1526
f 1520 1524 1522
f 1822 1819 1522
f 1526 1822 1522
f 1529 1525 1821
f 1824 1529 1821
f 1523 1529 1527
f 1525 1529 1523
f 1526 1528 1530
f 1524 1528 1526
f 1825 1822 1526
f 1530 1825 1526
f 1533 1529 1824
f 1827 1533 1824
f 1527 1533 1531
f 1529 1533 1527
f 1530 1532 1534
f 1528 1532 1530
f 1828 1825 1530
f 1534 1828 1530
f 1537 1533 1827
f 1829 1537 1827
f 1531 1537 1535
f 1533 1537 1531
f 1534 1536 1538
f 1532 1536 1534
f 1830 1828 1534
f 1538 1830 1534
f 1541 1537 1829
f 1831 1541 1829
f 1535 1541 1539
f 1537 1541 1535
f 1538 1540 1542
f 1536 1540 1538
f 1832 1830 1538
f 1542 1832 1538
f 1541 1831 1833
f 1833 1539 1541
f 1833 1834 1539
f 1834 1543 1539
f 1542 1544 1546
f 1540 1544 1542
f 1835 1832 1542
f 1546 1835 1542
f 1549 1836 1838
f 1549 1834 1836
f 1549 1547 1834
f 1547 1543 1834
f 1545 1548 1550
f 1545 1546 1544
f 1545 1550 1546
f 1550 1551 1546
f 1839 1835 1546
f 1551 1839 1546
f 1557 1549 1838
f 1842 1557 1838
f 1547 1557 1552
f 1549 1557 1547
f 1550 1553 1558
f 1548 1553 1550
f 1843 1840 1551
f 1843 1551 1558
f 1558 1551 1550
f 1839 1551 1840
f 1559 1557 1842
f 1846 1559 1842
f 1552 1560 1554
f 1552 1557 1560
f 1557 1559 1560
f 1554 1561 1555
f 1560 1561 1554
f 1555 1562 1556
f 1561 1562 1555
f 1556 1558 1553
f 1556 1562 1558
f 1562 1563 1558
f 1847 1843 1558
f 1563 1847 1558
f 1559 1846 1848
f 1848 1850 1564
f 1848 1564 1559
f 1559 1564 1560
f 1561 1560 1565
f 1565 1560 1564
f 1562 1561 1566
f 1566 1561 1565
f 1563 1562 1567
f 1567 1562 1566
f 1851 1847 1563
f 1567 1851 1563
f 1564 1850 1852
f 1565 1564 1852
f 1853 1565 1852
f 1566 1565 1853
f 1854 1566 1853
f 1567 1566 1854
f 1855 1567 1854
f 1851 1567 1855
f 1568 1889 1896
f 1568 1569 1890
f 1889 1568 1890
f 1890 1569 1897
f 1570 1568 1896
f 1900 1570 1896
f 1569 1568 1571
f 1571 1568 1570
f 1901 1897 1569
f 1571 1901 1569
f 1572 1570 1900
f 1906 1572 1900
f 1571 1570 1573
f 1573 1570 1572
f 1902 1901 1571
f 1902 1571 1574
f 1574 1571 1573
f 1902 1574 1907
f 1575 1572 1906
f 1911 1575 1906
f 1573 1572 1576
f 1576 1572 1575
f 1912 1908 1574
f 1912 1574 1576
f 1576 1574 1573
f 1907 1574 1908
f 1575 1911 1913
f 1576 1575 1913
f 1914 1576 1913
f 1912 1576 1914
f 1577 1586 1578
f 1577 1579 1586
f 1580 1599 1587
f 1580 1588 1599
f 1581 1600 1589
f 1581 1582 1601
f 1600 1581 1601
f 1582 1590 1601
f 1583 1602 1591
f 1583 1584 1603
f 1602 1583 1603
f 1584 1578 1586
f 1584 1586 1603
f 1603 1586 1604
f 1579 1585 1605
f 1579 1605 1586
f 1586 1605 1604
f 1585 1592 1605
f 1593 1619 1606
f 1593 1587 1599
f 1593 1599 1619
f 1619 1599 1620
f 1588 1594 1621
f 1588 1621 1599
f 1599 1621 1620
f 1594 1607 1621
f 1600 1622 1608
f 1589 1600 1608
f 1601 1623 1600
f 1623 1622 1600
f 1590 1609 1623
f 1601 1590 1623
f 1602 1624 1610
f 1591 1602 1610
f 1603 1625 1602
f 1625 1624 1602
f 1604 1626 1603
f 1626 1625 1603
f 1605 1627 1604
f 1627 1626 1604
f 1592 1595 1628
f 1592 1628 1605
f 1605 1628 1627
f 1595 1596 1629
f 1628 1595 1629
f 1596 1597 1630
f 1629 1596 1630
f 1597 1598 1631
f 1630 1597 1631
f 1598 1611 1631
f 1612 1649 1632
f 1612 1613 1650
f 1649 1612 1650
f 1613 1606 1619
f 1613 1619 1650
f 1650 1619 1651
f 1620 1652 1619
f 1652 1651 1619
f 1621 1653 1620
f 1653 1652 1620
f 1607 1633 1653
f 1621 1607 1653
f 1608 1622 1614
f 1634 1614 1622
f 1634 1622 1654
f 1654 1622 1623
f 1609 1635 1654
f 1623 1609 1654
f 1624 1655 1636
f 1610 1624 1636
f 1625 1656 1624
f 1656 1655 1624
f 1626 1657 1625
f 1657 1656 1625
f 1615 1637 1657
f 1615 1657 1627
f 1627 1657 1626
f 1616 1615 1627
f 1628 1616 1627
f 1638 1616 1628
f 1638 1628 1658
f 1658 1628 1629
f 1630 1659 1629
f 1659 1658 1629
f 1631 1660 1630
f 1660 1659 1630
f 1611 1617 1661
f 1611 1661 1631
f 1631 1661 1660
f 1617 1618 1662
f 1661 1617 1662
f 1618 1639 1662
f 1640 1674 1663
f 1640 1641 1675
f 1674 1640 1675
f 1641 1632 1649
f 1641 1649 1675
f 1675 1649 1676
f 1650 1677 1649
f 1677 1676 1649
f 1651 1678 1650
f 1678 1677 1650
f 1652 1679 1651
f 1679 1678 1651
f 1653 1680 1652
f 1680 1679 1652
f 1633 1664 1680
f 1653 1633 1680
f 1634 1654 1642
f 1635 1642 1654
f 1636 1655 1643
f 1644 1643 1655
f 1656 1644 1655
f 1645 1644 1656
f 1657 1645 1656
f 1637 1645 1657
f 1638 1658 1646
f 1647 1646 1658
f 1659 1647 1658
f 1648 1647 1659
f 1660 1648 1659
f 1665 1648 1660
f 1665 1660 1681
f 1681 1660 1661
f 1662 1682 1661
f 1682 1681 1661
f 1639 1666 1682
f 1662 1639 1682
f 1667 1690 1683
f 1667 1668 1691
f 1690 1667 1691
f 1668 1669 1692
f 1691 1668 1692
f 1669 1663 1674
f 1669 1674 1692
f 1692 1674 1693
f 1675 1694 1674
f 1694 1693 1674
f 1676 1695 1675
f 1695 1694 1675
f 1677 1696 1676
f 1696 1695 1676
f 1678 1697 1677
f 1697 1696 1677
f 1679 1698 1678
f 1698 1697 1678
f 1670 1684 1698
f 1670 1698 1680
f 1680 1698 1679
f 1664 1670 1680
f 1665 1681 1671
f 1672 1671 1681
f 1682 1672 1681
f 1666 1672 1682
f 1673 1699 1685
f 1673 1686 1699
f 1690 1707 1700
f 1683 1690 1700
f 1924 1691 1921
f 1924 1707 1691
f 1707 1690 1691
f 1692 1921 1691
f 1922 1921 1692
f 1693 1922 1692
f 1923 1922 1693
f 1923 1708 1925
f 1923 1693 1708
f 1693 1694 1708
f 1695 1709 1694
f 1709 1708 1694
f 1687 1701 1709
f 1687 1709 1696
f 1696 1709 1695
f 1688 1687 1696
f 1697 1688 1696
f 1689 1688 1697
f 1698 1689 1697
f 1684 1689 1698
f 1699 1710 1702
f 1685 1699 1702
f 1686 1703 1710
f 1699 1686 1710
f 1704 1714 1711
f 1704 1700 1707
f 1704 1707 1714
f 1714 1707 1715
f 1929 1707 1924
f 1715 1707 1929
f 1716 1925 1708
f 1930 1925 1716
f 1705 1712 1716
f 1705 1716 1709
f 1709 1716 1708
f 1701 1705 1709
f 1702 1710 1706
f 1703 1706 1710
f 1713 1722 1717
f 1713 1711 1714
f 1713 1714 1722
f 1722 1714 1723
f 1715 1724 1714
f 1724 1723 1714
f 1934 1715 1929
f 1724 1715 1934
f 1725 1930 1716
f 1935 1930 1725
f 1712 1718 1725
f 1716 1712 1725
f 1719 1729 1726
f 1719 1720 1730
f 1729 1719 1730
f 1720 1717 1722
f 1720 1722 1730
f 1730 1722 1731
f 1723 1732 1722
f 1732 1731 1722
f 1724 1733 1723
f 1733 1732 1723
f 1936 1724 1934
f 1936 1734 1724
f 1734 1733 1724
f 1734 1937 1735
f 1936 1937 1734
f 1735 1938 1736
f 1937 1938 1735
f 1935 1736 1938
f 1725 1736 1935
f 1725 1727 1736
f 1725 1721 1727
f 1718 1721 1725
f 1729 1740 1737
f 1726 1729 1737
f 1944 1730 1942
f 1944 1740 1730
f 1740 1729 1730
f 1731 1942 1730
f 1943 1942 1731
f 1943 1741 1945
f 1943 1731 1741
f 1731 1732 1741
f 1733 1742 1732
f 1742 1741 1732
f 1734 1743 1733
f 1743 1742 1733
f 1735 1744 1734
f 1744 1743 1734
f 1728 1738 1744
f 1728 1744 1736
f 1736 1744 1735
f 1727 1728 1736
f 1740 1749 1745
f 1737 1740 1745
f 1949 1740 1944
f 1749 1740 1949
f 1741 1946 1945
f 1946 1750 1950
f 1946 1741 1750
f 1741 1742 1750
f 1743 1751 1742
f 1751 1750 1742
f 1739 1746 1751
f 1739 1751 1744
f 1744 1751 1743
f 1738 1739 1744
f 1747 1755 1752
f 1747 1745 1749
f 1747 1749 1755
f 1755 1749 1756
f 1955 1749 1949
f 1756 1749 1955
f 1757 1956 1951
f 1950 1757 1951
f 1950 1750 1757
f 1750 1758 1757
f 1748 1753 1758
f 1748 1758 1751
f 1751 1758 1750
f 1746 1748 1751
f 1755 1762 1759
f 1752 1755 1759
f 1961 1756 1957
f 1961 1762 1756
f 1762 1755 1756
f 1955 1957 1756
f 1763 1962 1958
f 1956 1763 1958
f 1956 1757 1763
f 1757 1764 1763
f 1754 1760 1764
f 1754 1764 1758
f 1758 1764 1757
f 1753 1754 1758
f 1761 1769 1765
f 1761 1966 1769
f 1759 1966 1761
f 1759 1963 1966
f 1759 1762 1963
f 1961 1963 1762
f 1770 1962 1763
f 1967 1962 1770
f 1764 1771 1763
f 1771 1770 1763
f 1760 1766 1771
f 1764 1760 1771
f 1767 1775 1772
f 1767 1973 1775
f 1765 1973 1767
f 1765 1968 1973
f 1765 1769 1968
f 1966 1968 1769
f 1776 1974 1969
f 1967 1776 1969
f 1967 1770 1776
f 1770 1777 1776
f 1768 1773 1777
f 1768 1777 1771
f 1771 1777 1770
f 1766 1768 1771
f 1775 1780 1778
f 1772 1775 1778
f 1978 1775 1973
f 1780 1775 1978
f 1781 1974 1776
f 1979 1974 1781
f 1774 1779 1781
f 1774 1781 1777
f 1777 1781 1776
f 1773 1774 1777
f 1780 1784 1782
f 1778 1780 1782
f 1983 1780 1978
f 1784 1780 1983
f 1785 1979 1781
f 1984 1979 1785
f 1779 1783 1785
f 1781 1779 1785
f 1784 1790 1786
f 1782 1784 1786
f 1989 1784 1983
f 1790 1784 1989
f 1791 1990 1985
f 1984 1791 1985
f 1984 1785 1791
f 1785 1792 1791
f 1783 1787 1792
f 1785 1783 1792
f 1788 1796 1793
f 1788 1994 1796
f 1786 1994 1788
f 1786 1991 1994
f 1786 1790 1991
f 1989 1991 1790
f 1797 1990 1791
f 1995 1990 1797
f 1789 1794 1797
f 1789 1797 1792
f 1792 1797 1791
f 1787 1789 1792
f 1795 1800 1798
f 1795 2000 1800
f 1793 2000 1795
f 1793 1996 2000
f 1793 1796 1996
f 1994 1996 1796
f 1801 1995 1797
f 2001 1995 1801
f 1794 1799 1801
f 1797 1794 1801
f 1800 1804 1802
f 1798 1800 1802
f 2005 1800 2000
f 1804 1800 2005
f 1805 2001 1801
f 2006 2001 1805
f 1799 1803 1805
f 1801 1799 1805
f 1804 1808 1806
f 1802 1804 1806
f 2009 1804 2005
f 1808 1804 2009
f 1809 2006 1805
f 2010 2006 1809
f 1803 1807 1809
f 1805 1803 1809
f 1808 1812 1810
f 1806 1808 1810
f 2015 1808 2009
f 1812 1808 2015
f 1813 2010 1809
f 2016 2010 1813
f 1807 1811 1813
f 1809 1807 1813
f 1812 1816 1814
f 1810 1812 1814
f 2021 1812 2015
f 1816 1812 2021
f 1817 2016 1813
f 2022 2016 1817
f 1811 1815 1817
f 1813 1811 1817
f 1816 2023 2027
f 1816 2027 1814
f 1814 2027 1818
f 2021 2023 1816
f 1820 2022 1817
f 2028 2022 1820
f 1815 1819 1820
f 1817 1815 1820
f 1818 2027 1821
f 2027 2031 1821
f 1823 2028 1820
f 2032 2028 1823
f 1819 1822 1823
f 1820 1819 1823
f 1821 2031 1824
f 2031 2035 1824
f 1826 2032 1823
f 2036 2032 1826
f 1822 1825 1826
f 1823 1822 1826
f 1824 2035 1827
f 2035 2038 1827
f 1826 2037 2036
f 2037 1826 1825
f 2037 1825 2039
f 2039 1825 1828
f 1827 2038 1829
f 2038 2041 1829
f 1828 1830 2039
f 2039 1830 2042
f 1829 2041 1831
f 2041 2043 1831
f 1830 1832 2042
f 2042 1832 2044
f 1837 1833 1831
f 1837 1831 2045
f 2045 1831 2043
f 1833 1837 1834
f 1832 1835 2044
f 2044 1835 2046
f 1836 1837 2045
f 1836 2045 1838
f 1838 2045 2048
f 1834 1837 1836
f 2047 1839 1841
f 2047 2046 1839
f 2046 1835 1839
f 2047 1841 2049
f 1844 2050 2053
f 1844 2048 2050
f 1844 1842 2048
f 1842 1838 2048
f 1840 1843 1845
f 1840 1845 2054
f 1839 1840 2054
f 1839 2054 2051
f 1839 2051 1841
f 2049 1841 2051
f 1844 2053 2055
f 2055 1842 1844
f 2055 2057 1842
f 2057 1846 1842
f 1845 1847 1849
f 1843 1847 1845
f 2058 2054 1845
f 1849 2058 1845
f 1856 1848 1846
f 1856 1846 2061
f 2061 1846 2057
f 1848 1856 1850
f 1849 1851 1857
f 1847 1851 1849
f 2059 2058 1849
f 2059 1849 1858
f 1858 1849 1857
f 2059 1858 2062
f 1856 2061 2063
f 1859 2063 2065
f 1852 2063 1859
f 1852 1856 2063
f 1852 1850 1856
f 1852 1860 1853
f 1859 1860 1852
f 1853 1861 1854
f 1860 1861 1853
f 1854 1862 1855
f 1861 1862 1854
f 1855 1857 1851
f 1855 1862 1857
f 1862 1863 1857
f 1858 1857 1864
f 1864 1857 1863
f 2066 2062 1858
f 1864 2066 1858
f 1859 2065 2067
f 2067 2069 1865
f 2067 1865 1859
f 1859 1865 1860
f 1861 1860 1866
f 1866 1860 1865
f 1862 1861 1867
f 1867 1861 1866
f 1863 1862 1868
f 1868 1862 1867
f 1864 1863 1869
f 1869 1863 1868
f 2070 2066 1864
f 1869 2070 1864
f 1865 2069 2071
f 2071 2074 1870
f 2071 1870 1865
f 1865 1870 1866
f 1867 1866 1871
f 1871 1866 1870
f 1868 1867 1872
f 1872 1867 1871
f 1869 1868 1873
f 1873 1868 1872
f 2075 2070 1869
f 1873 2075 1869
f 1870 2074 2076
f 2076 2080 1874
f 2076 1874 1870
f 1870 1874 1871
f 1872 1871 1875
f 1875 1871 1874
f 2081 2077 1873
f 2081 1873 1875
f 1875 1873 1872
f 2075 1873 2077
f 1874 2080 2082
f 1875 1874 2082
f 2083 1875 2082
f 2081 1875 2083
f 1876 2102 2109
f 1876 1877 2103
f 2102 1876 2103
f 2103 1877 2110
f 1878 1876 2109
f 2116 1878 2109
f 1877 1876 1879
f 1879 1876 1878
f 2117 2110 1877
f 1879 2117 1877
f 1880 2118 2125
f 2116 2118 1880
f 2116 1880 1878
f 1878 1880 1881
f 1879 1878 1882
f 1882 1878 1881
f 2119 2117 1879
f 2119 1879 1883
f 1883 1879 1882
f 2119 1883 2126
f 1884 2127 2131
f 2125 2127 1884
f 2125 1884 1880
f 1880 1884 1885
f 1881 1880 1886
f 1886 1880 1885
f 1882 1881 1887
f 1887 1881 1886
f 1883 1882 1888
f 1888 1882 1887
f 2132 2126 1883
f 1888 2132 1883
f 1891 1884 2131
f 2136 1891 2131
f 1885 1884 1892
f 1892 1884 1891
f 1886 1885 1893
f 1893 1885 1892
f 1887 1886 1894
f 1894 1886 1893
f 1888 1887 1895
f 1895 1887 1894
f 2137 2132 1888
f 1895 2137 1888
f 1891 2136 2138
f 2138 2142 1898
f 2138 1898 1891
f 1891 1898 1892
f 1893 1892 1899
f 1899 1892 1898
f 1889 1899 1896
f 1889 1894 1899
f 1894 1893 1899
f 1890 1894 1889
f 1895 1894 1890
f 1895 1890 1897
f 1895 1897 2137
f 2137 1897 2143
f 1903 1898 2142
f 2149 1903 2142
f 1899 1898 1904
f 1904 1898 1903
f 1896 1904 1900
f 1899 1904 1896
f 2144 1901 1905
f 2144 2143 1901
f 2143 1897 1901
f 2144 1905 2150
f 1909 1903 2149
f 2153 1909 2149
f 1904 1903 1910
f 1910 1903 1909
f 1900 1910 1906
f 1904 1910 1900
f 1901 1902 1905
f 1905 1902 1907
f 1905 1907 2150
f 2150 1907 2154
f 1909 2153 2155
f 2155 2158 1915
f 2155 1915 1909
f 1909 1915 1910
f 1906 1915 1911
f 1910 1915 1906
f 1908 1912 1916
f 1908 1916 2159
f 1908 2159 1907
f 1907 2159 2154
f 1915 2158 2160
f 1917 2160 2163
f 1913 2160 1917
f 1913 1915 2160
f 1913 1911 1915
f 1913 1918 1914
f 1917 1918 1913
f 1914 1916 1912
f 1914 1918 1916
f 1918 1919 1916
f 2164 2159 1916
f 1919 2164 1916
f 1917 2163 2165
f 2165 2169 1920
f 2165 1920 1917
f 1917 1920 1918
f 2170 2166 1919
f 2170 1919 1920
f 1920 1919 1918
f 2164 1919 2166
f 1920 2169 2171
f 2170 1920 2171
f 1921 1926 1924
f 1921 1922 1927
f 1926 1921 1927
f 1922 1923 1928
f 1927 1922 1928
f 1923 1925 1928
f 1926 1931 1929
f 1924 1926 1929
f 1927 1932 1926
f 1932 1931 1926
f 1928 1933 1927
f 1933 1932 1927
f 1925 1930 1933
f 1928 1925 1933
f 1931 1939 1934
f 1929 1931 1934
f 1932 1940 1931
f 1940 1939 1931
f 1933 1941 1932
f 1941 1940 1932
f 1930 1935 1941
f 1933 1930 1941
f 1934 1939 1936
f 1937 1936 1939
f 1940 1937 1939
f 1938 1937 1940
f 1941 1938 1940
f 1935 1938 1941
f 1942 1947 1944
f 1942 1943 1948
f 1947 1942 1948
f 1943 1945 1948
f 1947 1952 1949
f 1944 1947 1949
f 1948 1953 1947
f 1953 1952 1947
f 1945 1946 1954
f 1945 1954 1948
f 1948 1954 1953
f 1946 1950 1954
f 1952 1959 1955
f 1949 1952 1955
f 1953 1960 1952
f 1960 1959 1952
f 1951 1956 1960
f 1951 1960 1954
f 1954 1960 1953
f 1950 1951 1954
f 1957 1964 1961
f 1957 1955 1959
f 1957 1959 1964
f 1964 1959 1965
f 1958 1962 1965
f 1958 1965 1960
f 1960 1965 1959
f 1956 1958 1960
f 1963 1970 1966
f 1963 1961 1964
f 1963 1964 1970
f 1970 1964 1971
f 1965 1972 1964
f 1972 1971 1964
f 1962 1967 1972
f 1965 1962 1972
f 1968 1975 1973
f 1968 1966 1970
f 1968 1970 1975
f 1975 1970 1976
f 1971 1977 1970
f 1977 1976 1970
f 1969 1974 1977
f 1969 1977 1972
f 1972 1977 1971
f 1967 1969 1972
f 1975 1980 1978
f 1973 1975 1978
f 1976 1981 1975
f 1981 1980 1975
f 1977 1982 1976
f 1982 1981 1976
f 1974 1979 1982
f 1977 1974 1982
f 1980 1986 1983
f 1978 1980 1983
f 1981 1987 1980
f 1987 1986 1980
f 1982 1988 1981
f 1988 1987 1981
f 1979 1984 1988
f 1982 1979 1988
f 1986 1992 1989
f 1983 1986 1989
f 1987 1993 1986
f 1993 1992 1986
f 1985 1990 1993
f 1985 1993 1988
f 1988 1993 1987
f 1984 1985 1988
f 1991 1997 1994
f 1991 1989 1992
f 1991 1992 1997
f 1997 1992 1998
f 1993 1999 1992
f 1999 1998 1992
f 1990 1995 1999
f 1993 1990 1999
f 1996 2002 2000
f 1996 2179 2002
f 1994 2179 1996
f 1994 2178 2179
f 1994 1997 2178
f 2178 2003 2180
f 2178 1997 2003
f 1997 1998 2003
f 1999 2004 1998
f 2004 2003 1998
f 1995 2001 2004
f 1999 1995 2004
f 2002 2007 2005
f 2000 2002 2005
f 2183 2002 2179
f 2007 2002 2183
f 2003 2181 2180
f 2181 2008 2184
f 2181 2003 2008
f 2003 2004 2008
f 2001 2006 2008
f 2004 2001 2008
f 2007 2011 2009
f 2005 2007 2009
f 2185 2007 2183
f 2185 2012 2007
f 2012 2011 2007
f 2012 2186 2013
f 2185 2186 2012
f 2184 2013 2186
f 2184 2008 2013
f 2008 2014 2013
f 2006 2010 2014
f 2008 2006 2014
f 2011 2017 2015
f 2009 2011 2015
f 2012 2018 2011
f 2018 2017 2011
f 2013 2019 2012
f 2019 2018 2012
f 2014 2020 2013
f 2020 2019 2013
f 2010 2016 2020
f 2014 2010 2020
f 2017 2024 2021
f 2015 2017 2021
f 2190 2018 2189
f 2190 2024 2018
f 2024 2017 2018
f 2189 2025 2191
f 2189 2018 2025
f 2018 2019 2025
f 2020 2026 2019
f 2026 2025 2019
f 2016 2022 2026
f 2020 2016 2026
f 2023 2029 2027
f 2023 2195 2029
f 2021 2195 2023
f 2021 2192 2195
f 2021 2024 2192
f 2190 2192 2024
f 2025 2193 2191
f 2193 2030 2196
f 2193 2025 2030
f 2025 2026 2030
f 2022 2028 2030
f 2026 2022 2030
f 2029 2033 2031
f 2027 2029 2031
f 2200 2029 2195
f 2033 2029 2200
f 2034 2196 2030
f 2201 2196 2034
f 2028 2032 2034
f 2030 2028 2034
f 2033 2202 2207
f 2033 2207 2031
f 2031 2207 2035
f 2200 2202 2033
f 2034 2203 2201
f 2203 2034 2032
f 2203 2032 2208
f 2208 2032 2036
f 2035 2207 2038
f 2207 2213 2038
f 2040 2036 2037
f 2040 2214 2036
f 2214 2208 2036
f 2037 2039 2040
f 2038 2213 2041
f 2213 2217 2041
f 2040 2215 2214
f 2215 2040 2039
f 2215 2039 2218
f 2218 2039 2042
f 2041 2217 2043
f 2217 2220 2043
f 2042 2044 2218
f 2218 2044 2221
f 2043 2220 2045
f 2220 2223 2045
f 2044 2046 2221
f 2221 2046 2224
f 2052 2225 2227
f 2052 2223 2225
f 2052 2048 2223
f 2048 2045 2223
f 2046 2226 2224
f 2047 2226 2046
f 2226 2047 2049
f 2228 2226 2049
f 2050 2052 2227
f 2050 2227 2053
f 2053 2227 2230
f 2048 2052 2050
f 2051 2054 2056
f 2051 2056 2231
f 2051 2231 2049
f 2049 2231 2228
f 2053 2230 2232
f 2055 2053 2232
f 2232 2057 2055
f 2234 2057 2232
f 2056 2058 2060
f 2054 2058 2056
f 2235 2231 2056
f 2060 2235 2056
f 2057 2234 2061
f 2234 2238 2061
f 2058 2059 2060
f 2062 2064 2236
f 2059 2062 2236
f 2059 2236 2235
f 2059 2235 2060
f 2236 2064 2239
f 2061 2238 2240
f 2063 2061 2240
f 2240 2065 2063
f 2242 2065 2240
f 2064 2066 2068
f 2062 2066 2064
f 2243 2239 2064
f 2068 2243 2064
f 2072 2067 2065
f 2072 2065 2245
f 2245 2065 2242
f 2067 2072 2069
f 2068 2070 2073
f 2066 2070 2068
f 2246 2243 2068
f 2073 2246 2068
f 2072 2245 2247
f 2078 2247 2249
f 2071 2247 2078
f 2071 2072 2247
f 2071 2069 2072
f 2071 2078 2074
f 2073 2075 2079
f 2070 2075 2073
f 2250 2246 2073
f 2079 2250 2073
f 2084 2078 2249
f 2253 2084 2249
f 2074 2085 2076
f 2074 2078 2085
f 2078 2084 2085
f 2076 2085 2080
f 2077 2081 2086
f 2077 2079 2075
f 2077 2086 2079
f 2086 2087 2079
f 2254 2250 2079
f 2087 2254 2079
f 2084 2253 2255
f 2255 2259 2088
f 2255 2088 2084
f 2084 2088 2085
f 2080 2089 2082
f 2080 2085 2089
f 2085 2088 2089
f 2082 2090 2083
f 2089 2090 2082
f 2083 2086 2081
f 2083 2090 2086
f 2090 2091 2086
f 2087 2086 2092
f 2092 2086 2091
f 2260 2254 2087
f 2092 2260 2087
f 2088 2259 2261
f 2261 2266 2093
f 2261 2093 2088
f 2088 2093 2089
f 2090 2089 2094
f 2094 2089 2093
f 2091 2090 2095
f 2095 2090 2094
f 2092 2091 2096
f 2096 2091 2095
f 2267 2260 2092
f 2096 2267 2092
f 2093 2266 2268
f 2268 2274 2097
f 2268 2097 2093
f 2093 2097 2094
f 2095 2094 2098
f 2098 2094 2097
f 2275 2269 2096
f 2275 2096 2098
f 2098 2096 2095
f 2267 2096 2269
f 2097 2274 2276
f 2098 2097 2276
f 2277 2098 2276
f 2275 2098 2277
f 2099 2294 2311
f 2099 2100 2295
f 2294 2099 2295
f 2100 2101 2296
f 2295 2100 2296
f 2296 2101 2312
f 2104 2313 2327
f 2104 2105 2314
f 2313 2104 2314
f 2311 2314 2105
f 2311 2105 2099
f 2099 2105 2106
f 2100 2099 2107
f 2107 2099 2106
f 2101 2100 2108
f 2108 2100 2107
f 2328 2312 2101
f 2108 2328 2101
f 2111 2329 2339
f 2327 2329 2111
f 2327 2111 2104
f 2104 2111 2112
f 2105 2104 2113
f 2113 2104 2112
f 2106 2105 2114
f 2114 2105 2113
f 2102 2114 2109
f 2102 2107 2114
f 2107 2106 2114
f 2103 2107 2102
f 2108 2107 2103
f 2110 2115 2330
f 2103 2110 2330
f 2103 2330 2328
f 2103 2328 2108
f 2330 2115 2340
f 2120 2111 2339
f 2345 2120 2339
f 2112 2111 2121
f 2121 2111 2120
f 2113 2112 2122
f 2122 2112 2121
f 2114 2113 2123
f 2123 2113 2122
f 2109 2123 2116
f 2114 2123 2109
f 2115 2117 2124
f 2110 2117 2115
f 2346 2340 2115
f 2124 2346 2115
f 2128 2120 2345
f 2351 2128 2345
f 2121 2120 2129
f 2129 2120 2128
f 2122 2121 2130
f 2130 2121 2129
f 2118 2130 2125
f 2118 2123 2130
f 2123 2122 2130
f 2116 2123 2118
f 2117 2119 2124
f 2124 2119 2126
f 2124 2126 2346
f 2346 2126 2352
f 2133 2128 2351
f 2358 2133 2351
f 2129 2128 2134
f 2134 2128 2133
f 2127 2134 2131
f 2127 2130 2134
f 2130 2129 2134
f 2125 2130 2127
f 2353 2132 2135
f 2353 2352 2132
f 2352 2126 2132
f 2353 2135 2359
f 2139 2133 2358
f 2363 2139 2358
f 2134 2133 2140
f 2140 2133 2139
f 2131 2140 2136
f 2134 2140 2131
f 2135 2137 2141
f 2132 2137 2135
f 2364 2359 2135
f 2141 2364 2135
f 2145 2139 2363
f 2367 2145 2363
f 2140 2139 2146
f 2146 2139 2145
f 2136 2147 2138
f 2136 2140 2147
f 2140 2146 2147
f 2138 2147 2142
f 2141 2143 2148
f 2137 2143 2141
f 2368 2364 2141
f 2148 2368 2141
f 2145 2367 2369
f 2369 2371 2151
f 2369 2151 2145
f 2145 2151 2146
f 2147 2146 2152
f 2152 2146 2151
f 2142 2152 2149
f 2147 2152 2142
f 2143 2144 2148
f 2148 2144 2150
f 2148 2150 2368
f 2368 2150 2372
f 2151 2371 2373
f 2373 2377 2156
f 2373 2156 2151
f 2151 2156 2152
f 2149 2156 2153
f 2152 2156 2149
f 2374 2154 2157
f 2374 2372 2154
f 2372 2150 2154
f 2374 2157 2378
f 2156 2377 2379
f 2161 2379 2381
f 2155 2379 2161
f 2155 2156 2379
f 2155 2153 2156
f 2155 2161 2158
f 2157 2159 2162
f 2154 2159 2157
f 2382 2378 2157
f 2162 2382 2157
f 2161 2381 2383
f 2167 2383 2386
f 2160 2383 2167
f 2160 2161 2383
f 2160 2158 2161
f 2160 2167 2163
f 2162 2164 2168
f 2159 2164 2162
f 2387 2382 2162
f 2168 2387 2162
f 2172 2167 2386
f 2390 2172 2386
f 2163 2173 2165
f 2163 2167 2173
f 2167 2172 2173
f 2165 2173 2169
f 2166 2170 2174
f 2166 2168 2164
f 2166 2174 2168
f 2174 2175 2168
f 2391 2387 2168
f 2175 2391 2168
f 2172 2390 2392
f 2173 2172 2392
f 2393 2173 2392
f 2176 2393 2396
f 2171 2393 2176
f 2171 2173 2393
f 2171 2169 2173
f 2171 2174 2170
f 2171 2176 2174
f 2176 2177 2174
f 2397 2394 2175
f 2397 2175 2177
f 2177 2175 2174
f 2391 2175 2394
f 2176 2396 2398
f 2177 2176 2398
f 2399 2177 2398
f 2397 2177 2399
f 2178 2182 2179
f 2178 2180 2182
f 2182 2187 2183
f 2179 2182 2183
f 2180 2181 2188
f 2180 2188 2182
f 2182 2188 2187
f 2181 2184 2188
f 2183 2187 2185
f 2186 2185 2187
f 2188 2186 2187
f 2184 2186 2188
f 2189 2194 2190
f 2189 2191 2194
f 2192 2197 2195
f 2192 2190 2194
f 2192 2194 2197
f 2197 2194 2198
f 2191 2193 2199
f 2191 2199 2194
f 2194 2199 2198
f 2193 2196 2199
f 2197 2204 2200
f 2195 2197 2200
f 2198 2205 2197
f 2205 2204 2197
f 2199 2206 2198
f 2206 2205 2198
f 2196 2201 2206
f 2199 2196 2206
f 2202 2209 2207
f 2202 2200 2204
f 2202 2204 2209
f 2209 2204 2210
f 2403 2205 2402
f 2403 2210 2205
f 2210 2204 2205
f 2402 2211 2404
f 2402 2205 2211
f 2205 2206 2211
f 2201 2203 2212
f 2201 2212 2206
f 2206 2212 2211
f 2203 2208 2212
f 2209 2216 2213
f 2207 2209 2213
f 2409 2210 2405
f 2409 2216 2210
f 2216 2209 2210
f 2403 2405 2210
f 2211 2406 2404
f 2212 2406 2211
f 2407 2406 2212
f 2407 2212 2208
f 2407 2208 2410
f 2410 2208 2214
f 2216 2411 2416
f 2216 2416 2213
f 2213 2416 2217
f 2409 2411 2216
f 2219 2214 2215
f 2219 2417 2214
f 2417 2410 2214
f 2215 2218 2219
f 2217 2416 2220
f 2416 2423 2220
f 2222 2417 2219
f 2424 2417 2222
f 2218 2221 2222
f 2219 2218 2222
f 2220 2423 2223
f 2423 2431 2223
f 2222 2425 2424
f 2425 2222 2221
f 2425 2221 2432
f 2432 2221 2224
f 2225 2229 2227
f 2225 2440 2229
f 2225 2223 2440
f 2223 2431 2440
f 2224 2433 2432
f 2226 2433 2224
f 2433 2226 2228
f 2441 2433 2228
f 2229 2233 2230
f 2227 2229 2230
f 2447 2229 2440
f 2233 2229 2447
f 2228 2231 2441
f 2441 2231 2448
f 2230 2233 2232
f 2233 2234 2232
f 2233 2447 2234
f 2447 2453 2234
f 2449 2235 2237
f 2449 2448 2235
f 2448 2231 2235
f 2449 2237 2454
f 2455 2241 2238
f 2455 2238 2453
f 2453 2238 2234
f 2455 2458 2241
f 2235 2236 2237
f 2237 2236 2239
f 2237 2239 2454
f 2454 2239 2459
f 2238 2241 2240
f 2241 2242 2240
f 2241 2458 2242
f 2458 2461 2242
f 2460 2243 2244
f 2460 2459 2243
f 2459 2239 2243
f 2460 2244 2462
f 2242 2461 2245
f 2461 2463 2245
f 2244 2246 2248
f 2243 2246 2244
f 2464 2462 2244
f 2248 2464 2244
f 2251 2247 2245
f 2251 2245 2465
f 2465 2245 2463
f 2247 2251 2249
f 2248 2250 2252
f 2246 2250 2248
f 2466 2464 2248
f 2252 2466 2248
f 2256 2251 2465
f 2469 2256 2465
f 2249 2256 2253
f 2251 2256 2249
f 2252 2254 2257
f 2250 2254 2252
f 2467 2466 2252
f 2467 2252 2258
f 2258 2252 2257
f 2467 2258 2470
f 2256 2469 2471
f 2262 2471 2474
f 2255 2471 2262
f 2255 2256 2471
f 2255 2253 2256
f 2255 2262 2259
f 2257 2260 2263
f 2254 2260 2257
f 2258 2257 2264
f 2264 2257 2263
f 2472 2470 2258
f 2472 2258 2265
f 2265 2258 2264
f 2472 2265 2475
f 2262 2474 2476
f 2270 2476 2478
f 2261 2476 2270
f 2261 2262 2476
f 2261 2259 2262
f 2261 2270 2266
f 2263 2267 2271
f 2260 2267 2263
f 2264 2263 2272
f 2272 2263 2271
f 2265 2264 2273
f 2273 2264 2272
f 2479 2475 2265
f 2273 2479 2265
f 2270 2478 2480
f 2278 2480 2483
f 2268 2480 2278
f 2268 2270 2480
f 2268 2266 2270
f 2268 2278 2274
f 2269 2275 2279
f 2269 2271 2267
f 2269 2279 2271
f 2279 2280 2271
f 2272 2271 2281
f 2281 2271 2280
f 2273 2272 2282
f 2282 2272 2281
f 2481 2479 2273
f 2481 2273 2283
f 2283 2273 2282
f 2481 2283 2484
f 2278 2483 2485
f 2284 2485 2492
f 2276 2485 2284
f 2276 2278 2485
f 2276 2274 2278
f 2276 2285 2277
f 2284 2285 2276
f 2277 2279 2275
f 2277 2285 2279
f 2285 2286 2279
f 2280 2279 2287
f 2287 2279 2286
f 2281 2280 2288
f 2288 2280 2287
f 2282 2281 2289
f 2289 2281 2288
f 2283 2282 2290
f 2290 2282 2289
f 2486 2484 2283
f 2486 2283 2291
f 2291 2283 2290
f 2291 2292 2487
f 2486 2291 2487
f 2487 2292 2493
f 2293 2488 2494
f 2488 2293 2495
f 2297 2284 2492
f 2505 2297 2492
f 2285 2284 2298
f 2298 2284 2297
f 2286 2285 2299
f 2299 2285 2298
f 2287 2286 2300
f 2300 2286 2299
f 2288 2287 2301
f 2301 2287 2300
f 2289 2288 2302
f 2302 2288 2301
f 2290 2289 2303
f 2303 2289 2302
f 2291 2290 2304
f 2304 2290 2303
f 2292 2291 2305
f 2305 2291 2304
f 2496 2493 2292
f 2496 2292 2306
f 2306 2292 2305
f 2306 2307 2497
f 2496 2306 2497
f 2497 2307 2506
f 2308 2498 2507
f 2494 2498 2308
f 2494 2308 2293
f 2293 2308 2309
f 2499 2495 2293
f 2499 2293 2310
f 2310 2293 2309
f 2499 2310 2508
f 2297 2505 2509
f 2298 2297 2509
f 2510 2298 2509
f 2510 2518 2315
f 2510 2315 2298
f 2298 2315 2299
f 2300 2299 2316
f 2316 2299 2315
f 2301 2300 2317
f 2317 2300 2316
f 2302 2301 2318
f 2318 2301 2317
f 2303 2302 2319
f 2319 2302 2318
f 2304 2303 2320
f 2320 2303 2319
f 2305 2304 2321
f 2321 2304 2320
f 2306 2305 2322
f 2322 2305 2321
f 2307 2306 2323
f 2323 2306 2322
f 2511 2506 2307
f 2511 2307 2324
f 2324 2307 2323
f 2324 2325 2512
f 2511 2324 2512
f 2507 2512 2325
f 2308 2507 2325
f 2308 2325 2311
f 2308 2311 2294
f 2295 2308 2294
f 2309 2308 2295
f 2296 2309 2295
f 2310 2309 2296
f 2312 2326 2513
f 2296 2312 2513
f 2296 2513 2508
f 2296 2508 2310
f 2513 2326 2519
f 2315 2518 2520
f 2316 2315 2520
f 2521 2316 2520
f 2521 2524 2331
f 2521 2331 2316
f 2316 2331 2317
f 2318 2317 2332
f 2332 2317 2331
f 2319 2318 2333
f 2333 2318 2332
f 2320 2319 2334
f 2334 2319 2333
f 2321 2320 2335
f 2335 2320 2334
f 2322 2321 2336
f 2336 2321 2335
f 2323 2322 2337
f 2337 2322 2336
f 2313 2337 2327
f 2313 2324 2337
f 2324 2323 2337
f 2314 2324 2313
f 2325 2324 2314
f 2311 2325 2314
f 2326 2328 2338
f 2312 2328 2326
f 2525 2519 2326
f 2338 2525 2326
f 2331 2524 2526
f 2332 2331 2526
f 2527 2332 2526
f 2527 2531 2341
f 2527 2341 2332
f 2332 2341 2333
f 2334 2333 2342
f 2342 2333 2341
f 2335 2334 2343
f 2343 2334 2342
f 2336 2335 2344
f 2344 2335 2343
f 2329 2344 2339
f 2329 2337 2344
f 2337 2336 2344
f 2327 2337 2329
f 2328 2330 2338
f 2338 2330 2340
f 2338 2340 2525
f 2525 2340 2532
f 2341 2531 2533
f 2533 2539 2347
f 2533 2347 2341
f 2341 2347 2342
f 2343 2342 2348
f 2348 2342 2347
f 2344 2343 2349
f 2349 2343 2348
f 2339 2349 2345
f 2344 2349 2339
f 2534 2346 2350
f 2534 2532 2346
f 2532 2340 2346
f 2534 2350 2540
f 2354 2347 2539
f 2544 2354 2539
f 2348 2347 2355
f 2355 2347 2354
f 2349 2348 2356
f 2356 2348 2355
f 2345 2356 2351
f 2349 2356 2345
f 2350 2352 2357
f 2346 2352 2350
f 2545 2540 2350
f 2357 2545 2350
f 2360 2354 2544
f 2548 2360 2544
f 2355 2354 2361
f 2361 2354 2360
f 2356 2355 2362
f 2362 2355 2361
f 2351 2362 2358
f 2356 2362 2351
f 2352 2353 2357
f 2357 2353 2359
f 2357 2359 2545
f 2545 2359 2549
f 2360 2548 2550
f 2550 2552 2365
f 2550 2365 2360
f 2360 2365 2361
f 2362 2361 2366
f 2366 2361 2365
f 2358 2366 2363
f 2362 2366 2358
f 2359 2364 2549
f 2549 2364 2553
f 2365 2552 2554
f 2554 2557 2370
f 2554 2370 2365
f 2365 2370 2366
f 2363 2370 2367
f 2366 2370 2363
f 2364 2368 2553
f 2553 2368 2558
f 2370 2557 2559
f 2375 2559 2563
f 2369 2559 2375
f 2369 2370 2559
f 2369 2367 2370
f 2369 2375 2371
f 2560 2372 2376
f 2560 2558 2372
f 2558 2368 2372
f 2560 2376 2564
f 2375 2563 2565
f 2380 2565 2568
f 2373 2565 2380
f 2373 2375 2565
f 2373 2371 2375
f 2373 2380 2377
f 2372 2374 2376
f 2376 2374 2378
f 2376 2378 2564
f 2564 2378 2569
f 2384 2380 2568
f 2571 2384 2568
f 2377 2385 2379
f 2377 2380 2385
f 2380 2384 2385
f 2379 2385 2381
f 2378 2382 2569
f 2569 2382 2572
f 2384 2571 2573
f 2573 2575 2388
f 2573 2388 2384
f 2384 2388 2385
f 2381 2389 2383
f 2381 2385 2389
f 2385 2388 2389
f 2383 2389 2386
f 2382 2387 2572
f 2572 2387 2576
f 2388 2575 2577
f 2577 2579 2395
f 2577 2395 2388
f 2388 2395 2389
f 2386 2395 2390
f 2389 2395 2386
f 2387 2391 2576
f 2576 2391 2580
f 2395 2579 2581
f 2390 2395 2581
f 2390 2581 2392
f 2392 2581 2582
f 2400 2582 2585
f 2400 2393 2582
f 2393 2392 2582
f 2393 2400 2396
f 2394 2397 2401
f 2394 2401 2586
f 2394 2586 2391
f 2391 2586 2580
f 2400 2585 2587
f 2396 2400 2587
f 2396 2587 2398
f 2398 2587 2588
f 2399 2398 2589
f 2398 2588 2589
f 2401 2397 2399
f 2401 2399 2590
f 2590 2399 2589
f 2586 2401 2590
f 2402 2408 2403
f 2402 2404 2408
f 2405 2412 2409
f 2405 2403 2408
f 2405 2408 2412
f 2412 2408 2413
f 2404 2406 2414
f 2404 2414 2408
f 2408 2414 2413
f 2406 2407 2415
f 2414 2406 2415
f 2407 2410 2415
f 2411 2418 2416
f 2411 2409 2412
f 2411 2412 2418
f 2418 2412 2419
f 2413 2420 2412
f 2420 2419 2412
f 2414 2421 2413
f 2421 2420 2413
f 2415 2422 2414
f 2422 2421 2414
f 2410 2417 2422
f 2415 2410 2422
f 2418 2426 2423
f 2416 2418 2423
f 2419 2427 2418
f 2427 2426 2418
f 2420 2428 2419
f 2428 2427 2419
f 2421 2429 2420
f 2429 2428 2420
f 2422 2430 2421
f 2430 2429 2421
f 2417 2424 2430
f 2422 2417 2430
f 2426 2434 2431
f 2423 2426 2431
f 2427 2435 2426
f 2435 2434 2426
f 2428 2436 2427
f 2436 2435 2427
f 2429 2437 2428
f 2437 2436 2428
f 2430 2438 2429
f 2438 2437 2429
f 2424 2425 2439
f 2424 2439 2430
f 2430 2439 2438
f 2425 2432 2439
f 2434 2442 2440
f 2431 2434 2440
f 2435 2443 2434
f 2443 2442 2434
f 2436 2444 2435
f 2444 2443 2435
f 2599 2437 2597
f 2599 2444 2437
f 2444 2436 2437
f 2438 2597 2437
f 2598 2597 2438
f 2598 2445 2600
f 2598 2438 2445
f 2438 2439 2445
f 2432 2433 2446
f 2432 2446 2439
f 2439 2446 2445
f 2433 2441 2446
f 2442 2450 2447
f 2440 2442 2447
f 2443 2451 2442
f 2451 2450 2442
f 2605 2444 2601
f 2605 2451 2444
f 2451 2443 2444
f 2599 2601 2444
f 2445 2602 2600
f 2602 2452 2606
f 2602 2445 2452
f 2445 2446 2452
f 2441 2448 2452
f 2446 2441 2452
f 2450 2456 2453
f 2447 2450 2453
f 2613 2451 2607
f 2613 2456 2451
f 2456 2450 2451
f 2605 2607 2451
f 2452 2608 2606
f 2457 2614 2608
f 2449 2457 2608
f 2449 2608 2452
f 2449 2452 2448
f 2449 2454 2457
f 2453 2456 2455
f 2456 2458 2455
f 2456 2613 2458
f 2613 2619 2458
f 2457 2615 2614
f 2615 2457 2454
f 2615 2454 2620
f 2620 2454 2459
f 2458 2619 2461
f 2619 2624 2461
f 2459 2621 2620
f 2460 2621 2459
f 2621 2460 2462
f 2625 2621 2462
f 2461 2624 2463
f 2624 2628 2463
f 2462 2464 2625
f 2625 2464 2629
f 2463 2628 2465
f 2628 2632 2465
f 2630 2466 2468
f 2630 2629 2466
f 2629 2464 2466
f 2630 2468 2633
f 2465 2632 2469
f 2632 2636 2469
f 2466 2467 2468
f 2470 2473 2634
f 2467 2470 2634
f 2467 2634 2633
f 2467 2633 2468
f 2634 2473 2637
f 2469 2636 2638
f 2471 2469 2638
f 2638 2474 2471
f 2641 2474 2638
f 2470 2472 2473
f 2475 2477 2639
f 2472 2475 2639
f 2472 2639 2637
f 2472 2637 2473
f 2639 2477 2642
f 2474 2641 2643
f 2476 2474 2643
f 2643 2478 2476
f 2644 2478 2643
f 2477 2479 2482
f 2475 2479 2477
f 2645 2642 2477
f 2482 2645 2477
f 2489 2480 2478
f 2489 2478 2649
f 2649 2478 2644
f 2480 2489 2483
f 2479 2481 2482
f 2484 2490 2646
f 2481 2484 2646
f 2481 2646 2645
f 2481 2645 2482
f 2490 2491 2647
f 2646 2490 2647
f 2647 2491 2650
f 2489 2649 2651
f 2500 2651 2657
f 2485 2651 2500
f 2485 2489 2651
f 2485 2483 2489
f 2485 2500 2492
f 2484 2486 2490
f 2487 2490 2486
f 2491 2490 2487
f 2493 2501 2652
f 2487 2493 2652
f 2487 2652 2650
f 2487 2650 2491
f 2501 2502 2653
f 2652 2501 2653
f 2653 2502 2658
f 2503 2654 2659
f 2503 2494 2488
f 2503 2488 2654
f 2654 2488 2655
f 2495 2504 2656
f 2495 2656 2488
f 2488 2656 2655
f 2656 2504 2660
f 2514 2500 2657
f 2665 2514 2657
f 2492 2514 2505
f 2500 2514 2492
f 2493 2496 2501
f 2497 2501 2496
f 2502 2501 2497
f 2506 2515 2661
f 2497 2506 2661
f 2497 2661 2658
f 2497 2658 2502
f 2515 2516 2662
f 2661 2515 2662
f 2659 2662 2516
f 2503 2659 2516
f 2503 2516 2507
f 2503 2507 2498
f 2494 2503 2498
f 2495 2499 2504
f 2508 2517 2663
f 2499 2508 2663
f 2499 2663 2660
f 2499 2660 2504
f 2663 2517 2666
f 2514 2665 2667
f 2522 2667 2668
f 2509 2667 2522
f 2509 2514 2667
f 2509 2505 2514
f 2509 2523 2510
f 2522 2523 2509
f 2510 2523 2518
f 2506 2511 2515
f 2512 2515 2511
f 2516 2515 2512
f 2507 2516 2512
f 2508 2513 2517
f 2517 2513 2519
f 2517 2519 2666
f 2666 2519 2669
f 2522 2668 2670
f 2670 2673 2528
f 2670 2528 2522
f 2522 2528 2523
f 2518 2529 2520
f 2518 2523 2529
f 2523 2528 2529
f 2520 2530 2521
f 2529 2530 2520
f 2521 2530 2524
f 2519 2525 2669
f 2669 2525 2674
f 2528 2673 2675
f 2529 2528 2675
f 2676 2529 2675
f 2676 2680 2535
f 2676 2535 2529
f 2529 2535 2530
f 2524 2536 2526
f 2524 2530 2536
f 2530 2535 2536
f 2526 2537 2527
f 2536 2537 2526
f 2527 2537 2531
f 2677 2532 2538
f 2677 2674 2532
f 2674 2525 2532
f 2677 2538 2681
f 2535 2680 2682
f 2682 2685 2541
f 2682 2541 2535
f 2535 2541 2536
f 2537 2536 2542
f 2542 2536 2541
f 2531 2543 2533
f 2531 2537 2543
f 2537 2542 2543
f 2533 2543 2539
f 2532 2534 2538
f 2538 2534 2540
f 2538 2540 2681
f 2681 2540 2686
f 2541 2685 2687
f 2687 2690 2546
f 2687 2546 2541
f 2541 2546 2542
f 2543 2542 2547
f 2547 2542 2546
f 2539 2547 2544
f 2543 2547 2539
f 2540 2545 2686
f 2686 2545 2691
f 2546 2690 2692
f 2692 2695 2551
f 2692 2551 2546
f 2546 2551 2547
f 2544 2551 2548
f 2547 2551 2544
f 2545 2549 2691
f 2691 2549 2696
f 2555 2551 2695
f 2699 2555 2695
f 2548 2556 2550
f 2548 2551 2556
f 2551 2555 2556
f 2550 2556 2552
f 2549 2553 2696
f 2696 2553 2700
f 2555 2699 2701
f 2701 2703 2561
f 2701 2561 2555
f 2555 2561 2556
f 2552 2562 2554
f 2552 2556 2562
f 2556 2561 2562
f 2554 2562 2557
f 2553 2558 2700
f 2700 2558 2704
f 2561 2703 2705
f 2705 2708 2566
f 2705 2566 2561
f 2561 2566 2562
f 2557 2567 2559
f 2557 2562 2567
f 2562 2566 2567
f 2559 2567 2563
f 2558 2706 2704
f 2560 2706 2558
f 2706 2560 2564
f 2709 2706 2564
f 2566 2708 2710
f 2567 2566 2710
f 2711 2567 2710
f 2570 2711 2713
f 2565 2711 2570
f 2565 2567 2711
f 2565 2563 2567
f 2565 2570 2568
f 2564 2569 2709
f 2709 2569 2714
f 2574 2570 2713
f 2716 2574 2713
f 2568 2574 2571
f 2570 2574 2568
f 2569 2572 2714
f 2714 2572 2717
f 2574 2716 2718
f 2578 2718 2720
f 2573 2718 2578
f 2573 2574 2718
f 2573 2571 2574
f 2573 2578 2575
f 2572 2576 2717
f 2717 2576 2721
f 2578 2720 2722
f 2583 2722 2726
f 2577 2722 2583
f 2577 2578 2722
f 2577 2575 2578
f 2577 2583 2579
f 2723 2580 2584
f 2723 2721 2580
f 2721 2576 2580
f 2723 2584 2727
f 2583 2726 2728
f 2579 2583 2728
f 2579 2728 2581
f 2581 2728 2729
f 2591 2729 2731
f 2591 2582 2729
f 2582 2581 2729
f 2582 2591 2585
f 2584 2586 2592
f 2580 2586 2584
f 2732 2727 2584
f 2592 2732 2584
f 2591 2731 2733
f 2593 2733 2737
f 2587 2733 2593
f 2587 2591 2733
f 2587 2585 2591
f 2587 2594 2588
f 2593 2594 2587
f 2588 2595 2589
f 2594 2595 2588
f 2589 2596 2590
f 2595 2596 2589
f 2590 2596 2738
f 2586 2590 2738
f 2586 2738 2734
f 2586 2734 2592
f 2732 2592 2734
f 2593 2737 2739
f 2594 2593 2739
f 2740 2594 2739
f 2595 2594 2740
f 2741 2595 2740
f 2596 2595 2741
f 2742 2596 2741
f 2738 2596 2742
f 2597 2603 2599
f 2597 2598 2604
f 2603 2597 2604
f 2598 2600 2604
f 2601 2609 2605
f 2601 2599 2603
f 2601 2603 2609
f 2609 2603 2610
f 2604 2611 2603
f 2611 2610 2603
f 2600 2602 2612
f 2600 2612 2604
f 2604 2612 2611
f 2602 2606 2612
f 2607 2616 2613
f 2607 2605 2609
f 2607 2609 2616
f 2616 2609 2617
f 2748 2610 2745
f 2748 2617 2610
f 2617 2609 2610
f 2611 2745 2610
f 2746 2745 2611
f 2612 2746 2611
f 2747 2746 2612
f 2618 2749 2747
f 2608 2618 2747
f 2608 2747 2612
f 2608 2612 2606
f 2608 2614 2618
f 2616 2622 2619
f 2613 2616 2619
f 2755 2617 2750
f 2755 2622 2617
f 2622 2616 2617
f 2748 2750 2617
f 2618 2751 2749
f 2623 2756 2751
f 2615 2623 2751
f 2615 2751 2618
f 2615 2618 2614
f 2615 2620 2623
f 2622 2626 2624
f 2619 2622 2624
f 2763 2622 2755
f 2626 2622 2763
f 2623 2757 2756
f 2627 2764 2757
f 2621 2627 2757
f 2621 2757 2623
f 2621 2623 2620
f 2621 2625 2627
f 2626 2631 2628
f 2624 2626 2628
f 2768 2626 2763
f 2631 2626 2768
f 2627 2765 2764
f 2765 2627 2625
f 2765 2625 2769
f 2769 2625 2629
f 2631 2635 2632
f 2628 2631 2632
f 2774 2631 2768
f 2635 2631 2774
f 2629 2770 2769
f 2630 2770 2629
f 2770 2630 2633
f 2775 2770 2633
f 2635 2640 2636
f 2632 2635 2636
f 2780 2635 2774
f 2640 2635 2780
f 2633 2776 2775
f 2634 2776 2633
f 2776 2634 2637
f 2781 2776 2637
f 2636 2640 2638
f 2640 2641 2638
f 2640 2780 2641
f 2780 2785 2641
f 2637 2782 2781
f 2639 2782 2637
f 2782 2639 2642
f 2786 2782 2642
f 2641 2785 2787
f 2643 2641 2787
f 2787 2644 2643
f 2791 2644 2787
f 2788 2645 2648
f 2788 2786 2645
f 2786 2642 2645
f 2788 2648 2792
f 2644 2791 2649
f 2791 2795 2649
f 2645 2646 2648
f 2648 2793 2792
f 2648 2646 2793
f 2646 2647 2793
f 2793 2647 2650
f 2796 2793 2650
f 2649 2795 2797
f 2651 2649 2797
f 2797 2657 2651
f 2804 2657 2797
f 2650 2798 2796
f 2652 2798 2650
f 2653 2799 2652
f 2652 2799 2798
f 2799 2653 2658
f 2805 2799 2658
f 2654 2800 2806
f 2659 2654 2806
f 2655 2801 2654
f 2654 2801 2800
f 2656 2802 2655
f 2655 2802 2801
f 2660 2664 2803
f 2660 2803 2656
f 2656 2803 2802
f 2803 2664 2807
f 2657 2804 2665
f 2804 2810 2665
f 2658 2808 2805
f 2661 2808 2658
f 2662 2809 2661
f 2661 2809 2808
f 2806 2662 2659
f 2809 2662 2806
f 2660 2663 2664
f 2664 2663 2666
f 2664 2666 2807
f 2807 2666 2811
f 2671 2667 2665
f 2671 2665 2813
f 2813 2665 2810
f 2667 2671 2668
f 2812 2669 2672
f 2812 2811 2669
f 2811 2666 2669
f 2812 2672 2814
f 2671 2813 2815
f 2678 2815 2817
f 2670 2815 2678
f 2670 2671 2815
f 2670 2668 2671
f 2670 2678 2673
f 2672 2674 2679
f 2669 2674 2672
f 2818 2814 2672
f 2679 2818 2672
f 2678 2817 2819
f 2683 2819 2821
f 2675 2819 2683
f 2675 2678 2819
f 2675 2673 2678
f 2675 2684 2676
f 2683 2684 2675
f 2676 2684 2680
f 2674 2677 2679
f 2679 2677 2681
f 2679 2681 2818
f 2818 2681 2822
f 2683 2821 2823
f 2823 2824 2688
f 2823 2688 2683
f 2683 2688 2684
f 2680 2689 2682
f 2680 2684 2689
f 2684 2688 2689
f 2682 2689 2685
f 2681 2686 2822
f 2822 2686 2825
f 2688 2824 2826
f 2826 2827 2693
f 2826 2693 2688
f 2688 2693 2689
f 2685 2694 2687
f 2685 2689 2694
f 2689 2693 2694
f 2687 2694 2690
f 2686 2691 2825
f 2825 2691 2828
f 2693 2827 2829
f 2829 2831 2697
f 2829 2697 2693
f 2693 2697 2694
f 2690 2698 2692
f 2690 2694 2698
f 2694 2697 2698
f 2692 2698 2695
f 2691 2696 2828
f 2828 2696 2832
f 2697 2831 2833
f 2833 2835 2702
f 2833 2702 2697
f 2697 2702 2698
f 2695 2702 2699
f 2698 2702 2695
f 2696 2700 2832
f 2832 2700 2836
f 2702 2835 2837
f 2707 2837 2840
f 2701 2837 2707
f 2701 2702 2837
f 2701 2699 2702
f 2701 2707 2703
f 2700 2704 2836
f 2836 2704 2841
f 2707 2840 2842
f 2712 2842 2846
f 2705 2842 2712
f 2705 2707 2842
f 2705 2703 2707
f 2705 2712 2708
f 2704 2843 2841
f 2706 2843 2704
f 2843 2706 2709
f 2847 2843 2709
f 2712 2846 2848
f 2708 2712 2848
f 2708 2848 2710
f 2710 2848 2849
f 2715 2849 2850
f 2715 2711 2849
f 2711 2710 2849
f 2711 2715 2713
f 2709 2714 2847
f 2847 2714 2851
f 2719 2715 2850
f 2853 2719 2850
f 2713 2719 2716
f 2715 2719 2713
f 2714 2717 2851
f 2851 2717 2854
f 2719 2853 2855
f 2724 2855 2858
f 2718 2855 2724
f 2718 2719 2855
f 2718 2716 2719
f 2718 2724 2720
f 2856 2721 2725
f 2856 2854 2721
f 2854 2717 2721
f 2856 2725 2859
f 2724 2858 2860
f 2730 2860 2861
f 2722 2860 2730
f 2722 2724 2860
f 2722 2720 2724
f 2722 2730 2726
f 2721 2723 2725
f 2725 2723 2727
f 2725 2727 2859
f 2859 2727 2862
f 2730 2861 2863
f 2735 2863 2864
f 2728 2863 2735
f 2728 2730 2863
f 2728 2726 2730
f 2728 2736 2729
f 2735 2736 2728
f 2729 2736 2731
f 2727 2732 2862
f 2862 2732 2865
f 2735 2864 2866
f 2736 2735 2866
f 2867 2736 2866
f 2731 2736 2867
f 2731 2867 2733
f 2733 2867 2868
f 2868 2737 2733
f 2870 2737 2868
f 2734 2738 2743
f 2734 2743 2871
f 2734 2871 2732
f 2732 2871 2865
f 2737 2870 2872
f 2739 2737 2872
f 2740 2739 2873
f 2739 2872 2873
f 2741 2740 2874
f 2740 2873 2874
f 2744 2874 2878
f 2744 2742 2874
f 2742 2741 2874
f 2742 2744 2879
f 2738 2742 2879
f 2738 2879 2875
f 2738 2875 2743
f 2871 2743 2875
f 2744 2878 2880
f 2879 2744 2880
f 2745 2752 2748
f 2745 2746 2753
f 2752 2745 2753
f 2746 2747 2754
f 2753 2746 2754
f 2747 2749 2754
f 2750 2758 2755
f 2750 2748 2752
f 2750 2752 2758
f 2758 2752 2759
f 2753 2760 2752
f 2760 2759 2752
f 2754 2761 2753
f 2761 2760 2753
f 2749 2751 2762
f 2749 2762 2754
f 2754 2762 2761
f 2751 2756 2762
f 2758 2766 2763
f 2755 2758 2763
f 2888 2759 2884
f 2888 2766 2759
f 2766 2758 2759
f 2760 2884 2759
f 2885 2884 2760
f 2761 2885 2760
f 2886 2885 2761
f 2762 2886 2761
f 2887 2886 2762
f 2767 2889 2887
f 2757 2767 2887
f 2757 2887 2762
f 2757 2762 2756
f 2757 2764 2767
f 2766 2771 2768
f 2763 2766 2768
f 2894 2766 2888
f 2771 2766 2894
f 2772 2889 2767
f 2895 2889 2772
f 2764 2765 2773
f 2764 2773 2767
f 2767 2773 2772
f 2765 2769 2773
f 2771 2777 2774
f 2768 2771 2774
f 2901 2771 2894
f 2777 2771 2901
f 2772 2896 2895
f 2896 2778 2902
f 2896 2772 2778
f 2772 2773 2778
f 2769 2770 2779
f 2769 2779 2773
f 2773 2779 2778
f 2770 2775 2779
f 2777 2783 2780
f 2774 2777 2780
f 2910 2777 2901
f 2783 2777 2910
f 2778 2903 2902
f 2779 2903 2778
f 2904 2903 2779
f 2784 2911 2904
f 2776 2784 2904
f 2776 2904 2779
f 2776 2779 2775
f 2776 2781 2784
f 2783 2789 2785
f 2780 2783 2785
f 2917 2783 2910
f 2789 2783 2917
f 2784 2912 2911
f 2790 2918 2912
f 2782 2790 2912
f 2782 2912 2784
f 2782 2784 2781
f 2782 2786 2790
f 2785 2789 2787
f 2789 2791 2787
f 2789 2917 2791
f 2917 2923 2791
f 2790 2919 2918
f 2794 2924 2919
f 2788 2794 2919
f 2788 2919 2790
f 2788 2790 2786
f 2788 2792 2794
f 2791 2923 2795
f 2923 2929 2795
f 2794 2925 2924
f 2792 2925 2794
f 2792 2793 2925
f 2793 2926 2925
f 2926 2793 2796
f 2930 2926 2796
f 2795 2929 2931
f 2797 2795 2931
f 2931 2804 2797
f 2941 2804 2931
f 2796 2932 2930
f 2798 2932 2796
f 2799 2933 2798
f 2798 2933 2932
f 2933 2799 2805
f 2942 2933 2805
f 2800 2934 2943
f 2806 2800 2943
f 2801 2935 2800
f 2800 2935 2934
f 2802 2936 2801
f 2801 2936 2935
f 2803 2937 2802
f 2802 2937 2936
f 2937 2803 2807
f 2944 2937 2807
f 2804 2941 2810
f 2941 2949 2810
f 2805 2945 2942
f 2808 2945 2805
f 2809 2946 2808
f 2808 2946 2945
f 2943 2809 2806
f 2946 2809 2943
f 2807 2811 2944
f 2944 2811 2950
f 2951 2816 2813
f 2951 2813 2949
f 2949 2813 2810
f 2951 2954 2816
f 2811 2952 2950
f 2812 2952 2811
f 2952 2812 2814
f 2955 2952 2814
f 2813 2816 2815
f 2817 2956 2820
f 2815 2956 2817
f 2815 2954 2956
f 2815 2816 2954
f 2956 2958 2820
f 2814 2818 2955
f 2955 2818 2959
f 2817 2820 2819
f 2820 2821 2819
f 2820 2958 2821
f 2958 2960 2821
f 2818 2822 2959
f 2959 2822 2961
f 2821 2960 2962
f 2823 2821 2962
f 2962 2824 2823
f 2965 2824 2962
f 2822 2825 2961
f 2961 2825 2966
f 2824 2965 2967
f 2826 2824 2967
f 2967 2827 2826
f 2970 2827 2967
f 2968 2828 2830
f 2968 2966 2828
f 2966 2825 2828
f 2968 2830 2971
f 2827 2970 2972
f 2829 2827 2972
f 2972 2831 2829
f 2973 2831 2972
f 2830 2832 2834
f 2828 2832 2830
f 2974 2971 2830
f 2834 2974 2830
f 2838 2833 2831
f 2838 2831 2975
f 2975 2831 2973
f 2833 2838 2835
f 2834 2836 2839
f 2832 2836 2834
f 2976 2974 2834
f 2839 2976 2834
f 2838 2975 2977
f 2844 2977 2978
f 2837 2977 2844
f 2837 2838 2977
f 2837 2835 2838
f 2837 2844 2840
f 2839 2841 2845
f 2836 2841 2839
f 2979 2976 2839
f 2845 2979 2839
f 2844 2978 2980
f 2840 2844 2980
f 2840 2980 2842
f 2842 2980 2981
f 2981 2846 2842
f 2983 2846 2981
f 2841 2843 2845
f 2845 2843 2847
f 2845 2847 2979
f 2979 2847 2984
f 2846 2983 2985
f 2848 2846 2985
f 2852 2985 2987
f 2852 2849 2985
f 2849 2848 2985
f 2849 2852 2850
f 2847 2851 2984
f 2984 2851 2988
f 2852 2987 2989
f 2989 2850 2852
f 2989 2992 2850
f 2992 2853 2850
f 2990 2854 2857
f 2990 2988 2854
f 2988 2851 2854
f 2990 2857 2993
f 2853 2992 2994
f 2855 2853 2994
f 2994 2858 2855
f 2996 2858 2994
f 2854 2856 2857
f 2857 2856 2859
f 2857 2859 2993
f 2993 2859 2997
f 2858 2996 2998
f 2860 2858 2998
f 2998 2861 2860
f 3000 2861 2998
f 2859 2862 2997
f 2997 2862 3001
f 2861 3000 3002
f 2863 2861 3002
f 3002 2864 2863
f 3005 2864 3002
f 3003 2865 2869
f 3003 3001 2865
f 3001 2862 2865
f 3003 2869 3006
f 2864 3005 3007
f 2866 2864 3007
f 2867 2866 3008
f 2866 3007 3008
f 2876 3008 3009
f 2876 2868 3008
f 2868 2867 3008
f 2868 2876 2870
f 2869 2871 2877
f 2865 2871 2869
f 3010 3006 2869
f 2877 3010 2869
f 2876 3009 3011
f 2870 2876 3011
f 2870 3011 2872
f 2872 3011 3012
f 2881 3012 3014
f 2881 2873 3012
f 2873 2872 3012
f 2873 2882 2874
f 2881 2882 2873
f 2874 2882 2878
f 2875 2879 2883
f 2875 2883 3015
f 2871 2875 3015
f 2871 3015 3013
f 2871 3013 2877
f 3010 2877 3013
f 2881 3014 3016
f 2882 2881 3016
f 3017 2882 3016
f 2878 2882 3017
f 2878 3017 2880
f 2880 3017 3018
f 2883 2879 2880
f 2883 2880 3019
f 3019 2880 3018
f 3015 2883 3019
f 2884 2890 2888
f 2884 2885 2891
f 2890 2884 2891
f 2885 2886 2892
f 2891 2885 2892
f 2886 2887 2893
f 2892 2886 2893
f 2887 2889 2893
f 2890 2897 2894
f 2888 2890 2894
f 2891 2898 2890
f 2898 2897 2890
f 2892 2899 2891
f 2899 2898 2891
f 2893 2900 2892
f 2900 2899 2892
f 2889 2895 2900
f 2893 2889 2900
f 2897 2905 2901
f 2894 2897 2901
f 2898 2906 2897
f 2906 2905 2897
f 2899 2907 2898
f 2907 2906 2898
f 2900 2908 2899
f 2908 2907 2899
f 2895 2896 2909
f 2895 2909 2900
f 2900 2909 2908
f 2896 2902 2909
f 2905 2913 2910
f 2901 2905 2910
f 3024 2906 3021
f 3024 2913 2906
f 2913 2905 2906
f 2907 3021 2906
f 3022 3021 2907
f 2908 3022 2907
f 3023 3022 2908
f 3023 2914 3025
f 3023 2908 2914
f 2908 2909 2914
f 2902 2903 2915
f 2902 2915 2909
f 2909 2915 2914
f 2903 2904 2916
f 2915 2903 2916
f 2904 2911 2916
f 2913 2920 2917
f 2910 2913 2917
f 3031 2913 3024
f 2920 2913 3031
f 2914 3026 3025
f 2915 3026 2914
f 3027 3026 2915
f 3027 2921 3032
f 3027 2915 2921
f 2915 2916 2921
f 2911 2912 2922
f 2911 2922 2916
f 2916 2922 2921
f 2912 2918 2922
f 2920 2927 2923
f 2917 2920 2923
f 3040 2920 3031
f 2927 2920 3040
f 2921 3033 3032
f 2922 3033 2921
f 3034 3033 2922
f 2928 3041 3034
f 2919 2928 3034
f 2919 3034 2922
f 2919 2922 2918
f 2919 2924 2928
f 2927 2938 2929
f 2923 2927 2929
f 3050 2927 3040
f 2938 2927 3050
f 2928 3042 3041
f 2939 3051 3042
f 2925 2939 3042
f 2925 3042 2928
f 2925 2928 2924
f 2925 2926 2940
f 2939 2925 2940
f 2926 2930 2940
f 2929 2938 2931
f 2938 2941 2931
f 2938 3050 2941
f 3050 3065 2941
f 2939 3052 3051
f 2940 3052 2939
f 3053 3052 2940
f 2930 3053 2940
f 2930 2932 3053
f 2932 3054 3053
f 2947 3066 3054
f 2947 3054 2933
f 2933 3054 2932
f 2933 2942 2947
f 2934 2948 2943
f 3067 2948 2934
f 3067 2934 3055
f 3055 2934 2935
f 2936 3056 2935
f 2935 3056 3055
f 2937 3057 2936
f 2936 3057 3056
f 3057 2937 2944
f 3068 3057 2944
f 3069 2953 2949
f 3069 2949 3065
f 3065 2949 2941
f 3069 3087 2953
f 2947 3070 3066
f 2942 3070 2947
f 2942 2945 3070
f 2945 3071 3070
f 2946 3072 2945
f 2945 3072 3071
f 2948 2946 2943
f 2948 3073 2946
f 3073 3072 2946
f 3067 3073 2948
f 2944 2950 3068
f 3068 2950 3088
f 2949 2953 2951
f 2954 3089 2957
f 2951 3089 2954
f 2951 3087 3089
f 2951 2953 3087
f 3089 3102 2957
f 2950 3090 3088
f 2952 3090 2950
f 3090 2952 2955
f 3103 3090 2955
f 2954 2957 2956
f 2957 2958 2956
f 2957 3102 2958
f 3102 3106 2958
f 2955 2959 3103
f 3103 2959 3107
f 3108 2963 2960
f 3108 2960 3106
f 3106 2960 2958
f 3108 3113 2963
f 3109 2961 2964
f 3109 3107 2961
f 3107 2959 2961
f 3109 2964 3114
f 2960 2963 2962
f 2963 2965 2962
f 2963 3113 2965
f 3113 3116 2965
f 2964 2966 2969
f 2961 2966 2964
f 3117 3114 2964
f 2969 3117 2964
f 2965 3116 3118
f 2967 2965 3118
f 3118 2970 2967
f 3120 2970 3118
f 2966 2968 2969
f 2969 2968 2971
f 2969 2971 3117
f 3117 2971 3121
f 2970 3120 3122
f 2972 2970 3122
f 3122 2973 2972
f 3124 2973 3122
f 2971 2974 3121
f 3121 2974 3125
f 2973 3124 2975
f 3124 3127 2975
f 2974 2976 3125
f 3125 2976 3128
f 2975 3127 3129
f 2977 2975 3129
f 3129 2978 2977
f 3133 2978 3129
f 3130 2979 2982
f 3130 3128 2979
f 3128 2976 2979
f 3130 2982 3134
f 2978 3133 3135
f 2980 2978 3135
f 2981 2980 3136
f 2980 3135 3136
f 3136 2983 2981
f 3138 2983 3136
f 2982 2984 2986
f 2979 2984 2982
f 3139 3134 2982
f 2986 3139 2982
f 2983 3138 3140
f 2985 2983 3140
f 3140 2987 2985
f 3141 2987 3140
f 2986 2988 2991
f 2984 2988 2986
f 3142 3139 2986
f 2991 3142 2986
f 2995 2989 2987
f 2995 2987 3144
f 3144 2987 3141
f 2989 2995 2992
f 2988 2990 2991
f 2991 2990 2993
f 2991 2993 3142
f 3142 2993 3145
f 2995 3144 3146
f 2992 2995 3146
f 2992 3146 2994
f 2994 3146 3147
f 3147 2996 2994
f 3151 2996 3147
f 3148 2997 2999
f 3148 3145 2997
f 3145 2993 2997
f 3148 2999 3152
f 2996 3151 3153
f 2998 2996 3153
f 3153 3000 2998
f 3154 3000 3153
f 2999 3001 3004
f 2997 3001 2999
f 3155 3152 2999
f 3004 3155 2999
f 3000 3154 3156
f 3002 3000 3156
f 3156 3005 3002
f 3157 3005 3156
f 3001 3003 3004
f 3004 3003 3006
f 3004 3006 3155
f 3155 3006 3158
f 3005 3157 3159
f 3007 3005 3159
f 3008 3007 3160
f 3007 3159 3160
f 3160 3009 3008
f 3163 3009 3160
f 3006 3010 3158
f 3158 3010 3164
f 3009 3163 3165
f 3011 3009 3165
f 3012 3011 3166
f 3011 3165 3166
f 3166 3014 3012
f 3169 3014 3166
f 3013 3015 3020
f 3013 3020 3170
f 3013 3170 3010
f 3010 3170 3164
f 3014 3169 3171
f 3016 3014 3171
f 3017 3016 3172
f 3016 3171 3172
f 3018 3017 3173
f 3017 3172 3173
f 3019 3018 3174
f 3018 3173 3174
f 3020 3015 3019
f 3020 3019 3175
f 3175 3019 3174
f 3170 3020 3175
f 3021 3028 3024
f 3021 3022 3029
f 3028 3021 3029
f 3022 3023 3030
f 3029 3022 3030
f 3023 3025 3030
f 3028 3035 3031
f 3024 3028 3031
f 3029 3036 3028
f 3036 3035 3028
f 3030 3037 3029
f 3037 3036 3029
f 3025 3026 3038
f 3025 3038 3030
f 3030 3038 3037
f 3026 3027 3039
f 3038 3026 3039
f 3027 3032 3039
f 3035 3043 3040
f 3031 3035 3040
f 3036 3044 3035
f 3044 3043 3035
f 3037 3045 3036
f 3045 3044 3036
f 3038 3046 3037
f 3046 3045 3037
f 3039 3047 3038
f 3047 3046 3038
f 3032 3033 3048
f 3032 3048 3039
f 3039 3048 3047
f 3033 3034 3049
f 3048 3033 3049
f 3034 3041 3049
f 3043 3058 3050
f 3040 3043 3050
f 3044 3059 3043
f 3059 3058 3043
f 3178 3045 3177
f 3178 3059 3045
f 3059 3044 3045
f 3177 3060 3179
f 3177 3045 3060
f 3045 3046 3060
f 3047 3061 3046
f 3061 3060 3046
f 3048 3062 3047
f 3062 3061 3047
f 3049 3063 3048
f 3063 3062 3048
f 3041 3042 3064
f 3041 3064 3049
f 3049 3064 3063
f 3042 3051 3064
f 3058 3074 3065
f 3050 3058 3065
f 3059 3075 3058
f 3075 3074 3058
f 3180 3059 3178
f 3180 3076 3059
f 3076 3075 3059
f 3179 3076 3180
f 3179 3060 3076
f 3060 3077 3076
f 3061 3078 3060
f 3078 3077 3060
f 3062 3079 3061
f 3079 3078 3061
f 3183 3063 3181
f 3183 3079 3063
f 3079 3062 3063
f 3181 3080 3184
f 3181 3063 3080
f 3063 3064 3080
f 3051 3052 3081
f 3051 3081 3064
f 3064 3081 3080
f 3052 3053 3082
f 3081 3052 3082
f 3053 3054 3083
f 3082 3053 3083
f 3054 3066 3083
f 3055 3084 3067
f 3055 3056 3085
f 3084 3055 3085
f 3056 3057 3086
f 3085 3056 3086
f 3057 3068 3086
f 3065 3074 3069
f 3087 3069 3074
f 3087 3074 3091
f 3091 3074 3075
f 3076 3092 3075
f 3092 3091 3075
f 3077 3093 3076
f 3093 3092 3076
f 3078 3094 3077
f 3094 3093 3077
f 3191 3079 3185
f 3191 3094 3079
f 3094 3078 3079
f 3183 3185 3079
f 3080 3186 3184
f 3186 3095 3192
f 3186 3080 3095
f 3080 3081 3095
f 3082 3096 3081
f 3096 3095 3081
f 3083 3097 3082
f 3097 3096 3082
f 3066 3070 3098
f 3066 3098 3083
f 3083 3098 3097
f 3070 3071 3099
f 3098 3070 3099
f 3071 3072 3100
f 3099 3071 3100
f 3072 3073 3101
f 3100 3072 3101
f 3073 3193 3101
f 3067 3193 3073
f 3067 3187 3193
f 3067 3084 3187
f 3085 3187 3084
f 3188 3187 3085
f 3086 3188 3085
f 3189 3188 3086
f 3189 3086 3068
f 3189 3068 3194
f 3194 3068 3088
f 3087 3091 3089
f 3102 3089 3091
f 3102 3091 3104
f 3104 3091 3092
f 3093 3105 3092
f 3105 3104 3092
f 3210 3094 3195
f 3210 3105 3094
f 3105 3093 3094
f 3191 3195 3094
f 3095 3196 3192
f 3096 3196 3095
f 3197 3196 3096
f 3097 3197 3096
f 3198 3197 3097
f 3098 3198 3097
f 3199 3198 3098
f 3099 3199 3098
f 3200 3199 3099
f 3100 3200 3099
f 3201 3200 3100
f 3101 3201 3100
f 3202 3201 3101
f 3193 3202 3101
f 3088 3203 3194
f 3090 3203 3088
f 3203 3090 3103
f 3211 3203 3103
f 3104 3110 3106
f 3102 3104 3106
f 3105 3111 3104
f 3111 3110 3104
f 3225 3105 3210
f 3111 3105 3225
f 3212 3107 3112
f 3212 3211 3107
f 3211 3103 3107
f 3212 3112 3226
f 3106 3110 3108
f 3113 3108 3110
f 3113 3110 3115
f 3115 3110 3111
f 3236 3111 3225
f 3115 3111 3236
f 3107 3109 3112
f 3112 3109 3114
f 3112 3114 3226
f 3226 3114 3237
f 3115 3119 3116
f 3113 3115 3116
f 3241 3115 3236
f 3119 3115 3241
f 3114 3117 3237
f 3237 3117 3242
f 3116 3119 3118
f 3120 3243 3123
f 3118 3243 3120
f 3118 3241 3243
f 3118 3119 3241
f 3243 3245 3123
f 3117 3121 3242
f 3242 3121 3246
f 3120 3123 3122
f 3123 3124 3122
f 3123 3245 3124
f 3245 3249 3124
f 3247 3125 3126
f 3247 3246 3125
f 3246 3121 3125
f 3247 3126 3250
f 3251 3131 3127
f 3251 3127 3249
f 3249 3127 3124
f 3251 3254 3131
f 3126 3128 3132
f 3125 3128 3126
f 3255 3250 3126
f 3132 3255 3126
f 3127 3131 3129
f 3133 3256 3137
f 3129 3256 3133
f 3129 3254 3256
f 3129 3131 3254
f 3256 3259 3137
f 3128 3130 3132
f 3132 3130 3134
f 3132 3134 3255
f 3255 3134 3260
f 3133 3137 3135
f 3137 3259 3261
f 3137 3261 3135
f 3135 3261 3136
f 3261 3138 3136
f 3263 3138 3261
f 3134 3139 3260
f 3260 3139 3264
f 3138 3263 3265
f 3140 3138 3265
f 3265 3141 3140
f 3269 3141 3265
f 3266 3142 3143
f 3266 3264 3142
f 3264 3139 3142
f 3266 3143 3270
f 3271 3149 3144
f 3271 3144 3269
f 3269 3144 3141
f 3271 3273 3149
f 3143 3145 3150
f 3142 3145 3143
f 3274 3270 3143
f 3150 3274 3143
f 3144 3149 3146
f 3149 3273 3275
f 3149 3275 3146
f 3146 3275 3147
f 3275 3151 3147
f 3277 3151 3275
f 3145 3148 3150
f 3150 3148 3152
f 3150 3152 3274
f 3274 3152 3278
f 3151 3277 3279
f 3153 3151 3279
f 3279 3154 3153
f 3281 3154 3279
f 3152 3155 3278
f 3278 3155 3282
f 3154 3281 3283
f 3156 3154 3283
f 3157 3284 3161
f 3157 3156 3284
f 3156 3283 3284
f 3284 3288 3161
f 3285 3158 3162
f 3285 3282 3158
f 3282 3155 3158
f 3285 3162 3289
f 3157 3161 3159
f 3161 3288 3290
f 3161 3290 3159
f 3159 3290 3160
f 3163 3291 3167
f 3163 3160 3291
f 3160 3290 3291
f 3291 3293 3167
f 3162 3164 3168
f 3158 3164 3162
f 3294 3289 3162
f 3168 3294 3162
f 3163 3167 3165
f 3167 3293 3295
f 3167 3295 3165
f 3165 3295 3166
f 3169 3296 3176
f 3169 3166 3296
f 3166 3295 3296
f 3296 3299 3176
f 3168 3300 3297
f 3168 3164 3300
f 3164 3170 3300
f 3294 3168 3297
f 3169 3176 3171
f 3176 3299 3301
f 3176 3301 3171
f 3171 3301 3172
f 3173 3172 3302
f 3172 3301 3302
f 3174 3173 3303
f 3173 3302 3303
f 3175 3174 3304
f 3174 3303 3304
f 3300 3170 3175
f 3304 3300 3175
f 3177 3182 3178
f 3177 3179 3182
f 3178 3182 3180
f 3179 3180 3182
f 3181 3190 3183
f 3181 3184 3190
f 3185 3204 3191
f 3185 3183 3190
f 3185 3190 3204
f 3204 3190 3205
f 3184 3186 3206
f 3184 3206 3190
f 3190 3206 3205
f 3186 3192 3206
f 3187 3207 3193
f 3187 3188 3208
f 3207 3187 3208
f 3188 3189 3209
f 3208 3188 3209
f 3189 3194 3209
f 3195 3213 3210
f 3195 3191 3204
f 3195 3204 3213
f 3213 3204 3214
f 3205 3215 3204
f 3215 3214 3204
f 3206 3216 3205
f 3216 3215 3205
f 3192 3196 3217
f 3192 3217 3206
f 3206 3217 3216
f 3196 3197 3218
f 3217 3196 3218
f 3197 3198 3219
f 3218 3197 3219
f 3198 3199 3220
f 3219 3198 3220
f 3199 3200 3221
f 3220 3199 3221
f 3200 3201 3222
f 3221 3200 3222
f 3201 3202 3223
f 3222 3201 3223
f 3202 3193 3207
f 3202 3207 3223
f 3223 3207 3224
f 3311 3208 3308
f 3311 3224 3208
f 3224 3207 3208
f 3209 3308 3208
f 3309 3308 3209
f 3194 3309 3209
f 3194 3203 3309
f 3203 3310 3309
f 3310 3203 3211
f 3312 3310 3211
f 3213 3227 3225
f 3210 3213 3225
f 3320 3214 3313
f 3320 3227 3214
f 3227 3213 3214
f 3215 3313 3214
f 3314 3313 3215
f 3314 3228 3321
f 3314 3215 3228
f 3215 3216 3228
f 3217 3229 3216
f 3229 3228 3216
f 3218 3230 3217
f 3230 3229 3217
f 3219 3231 3218
f 3231 3230 3218
f 3220 3232 3219
f 3232 3231 3219
f 3221 3233 3220
f 3233 3232 3220
f 3222 3234 3221
f 3234 3233 3221
f 3223 3235 3222
f 3235 3234 3222
f 3322 3224 3315
f 3322 3235 3224
f 3235 3223 3224
f 3311 3315 3224
f 3211 3316 3312
f 3212 3316 3211
f 3316 3212 3226
f 3323 3316 3226
f 3227 3238 3236
f 3225 3227 3236
f 3335 3227 3320
f 3238 3227 3335
f 3228 3324 3321
f 3324 3239 3336
f 3324 3228 3239
f 3228 3229 3239
f 3230 3240 3229
f 3240 3239 3229
f 3337 3231 3325
f 3337 3240 3231
f 3240 3230 3231
f 3232 3325 3231
f 3326 3325 3232
f 3233 3326 3232
f 3327 3326 3233
f 3234 3327 3233
f 3328 3327 3234
f 3235 3328 3234
f 3329 3328 3235
f 3322 3329 3235
f 3226 3237 3323
f 3323 3237 3338
f 3238 3244 3241
f 3236 3238 3241
f 3350 3238 3335
f 3244 3238 3350
f 3239 3339 3336
f 3240 3339 3239
f 3340 3339 3240
f 3337 3340 3240
f 3237 3242 3338
f 3338 3242 3351
f 3241 3244 3243
f 3244 3245 3243
f 3244 3350 3245
f 3350 3362 3245
f 3352 3246 3248
f 3352 3351 3246
f 3351 3242 3246
f 3352 3248 3363
f 3364 3252 3249
f 3364 3249 3362
f 3362 3249 3245
f 3252 3365 3253
f 3364 3365 3252
f 3365 3374 3253
f 3246 3247 3248
f 3248 3247 3250
f 3248 3250 3363
f 3363 3250 3375
f 3249 3252 3251
f 3254 3251 3252
f 3254 3252 3257
f 3257 3252 3253
f 3376 3253 3374
f 3376 3258 3253
f 3258 3257 3253
f 3376 3383 3258
f 3250 3255 3375
f 3375 3255 3384
f 3254 3257 3256
f 3259 3256 3257
f 3259 3257 3262
f 3262 3257 3258
f 3387 3258 3383
f 3262 3258 3387
f 3255 3260 3384
f 3384 3260 3388
f 3259 3262 3261
f 3263 3389 3267
f 3261 3389 3263
f 3261 3387 3389
f 3261 3262 3387
f 3389 3394 3267
f 3390 3264 3268
f 3390 3388 3264
f 3388 3260 3264
f 3390 3268 3395
f 3263 3267 3265
f 3269 3396 3272
f 3265 3396 3269
f 3265 3394 3396
f 3265 3267 3394
f 3396 3399 3272
f 3264 3266 3268
f 3268 3266 3270
f 3268 3270 3395
f 3395 3270 3400
f 3269 3272 3271
f 3273 3401 3276
f 3271 3401 3273
f 3271 3399 3401
f 3271 3272 3399
f 3401 3405 3276
f 3270 3274 3400
f 3400 3274 3406
f 3273 3276 3275
f 3277 3407 3280
f 3275 3407 3277
f 3275 3405 3407
f 3275 3276 3405
f 3407 3410 3280
f 3274 3278 3406
f 3406 3278 3411
f 3277 3280 3279
f 3281 3412 3286
f 3279 3412 3281
f 3279 3410 3412
f 3279 3280 3410
f 3412 3417 3286
f 3413 3282 3287
f 3413 3411 3282
f 3411 3278 3282
f 3413 3287 3418
f 3281 3286 3283
f 3286 3417 3419
f 3286 3419 3283
f 3283 3419 3284
f 3288 3420 3292
f 3288 3284 3420
f 3284 3419 3420
f 3420 3423 3292
f 3282 3285 3287
f 3287 3285 3289
f 3287 3289 3418
f 3418 3289 3424
f 3288 3292 3290
f 3292 3423 3425
f 3292 3425 3290
f 3290 3425 3291
f 3293 3426 3298
f 3293 3291 3426
f 3291 3425 3426
f 3426 3428 3298
f 3289 3294 3424
f 3424 3294 3429
f 3293 3298 3295
f 3298 3428 3430
f 3298 3430 3295
f 3295 3430 3296
f 3299 3431 3305
f 3299 3296 3431
f 3296 3430 3431
f 3305 3432 3306
f 3431 3432 3305
f 3432 3437 3306
f 3307 3438 3433
f 3307 3297 3300
f 3307 3433 3297
f 3433 3434 3297
f 3429 3294 3297
f 3434 3429 3297
f 3299 3305 3301
f 3302 3301 3305
f 3306 3302 3305
f 3306 3437 3439
f 3306 3439 3302
f 3302 3439 3303
f 3438 3307 3304
f 3438 3304 3439
f 3439 3304 3303
f 3300 3304 3307
f 3308 3317 3311
f 3308 3309 3318
f 3317 3308 3318
f 3309 3310 3319
f 3318 3309 3319
f 3310 3312 3319
f 3313 3330 3320
f 3313 3314 3331
f 3330 3313 3331
f 3314 3321 3331
f 3315 3332 3322
f 3315 3311 3317
f 3315 3317 3332
f 3332 3317 3333
f 3443 3318 3441
f 3443 3333 3318
f 3333 3317 3318
f 3319 3441 3318
f 3442 3441 3319
f 3334 3444 3442
f 3316 3334 3442
f 3316 3442 3319
f 3316 3319 3312
f 3316 3323 3334
f 3330 3341 3335
f 3320 3330 3335
f 3331 3342 3330
f 3342 3341 3330
f 3321 3324 3343
f 3321 3343 3331
f 3331 3343 3342
f 3324 3336 3343
f 3325 3344 3337
f 3325 3326 3345
f 3344 3325 3345
f 3326 3327 3346
f 3345 3326 3346
f 3327 3328 3347
f 3346 3327 3347
f 3328 3329 3348
f 3347 3328 3348
f 3329 3322 3332
f 3329 3332 3348
f 3348 3332 3349
f 3449 3333 3445
f 3449 3349 3333
f 3349 3332 3333
f 3443 3445 3333
f 3334 3446 3444
f 3446 3334 3323
f 3446 3323 3450
f 3450 3323 3338
f 3341 3353 3350
f 3335 3341 3350
f 3342 3354 3341
f 3354 3353 3341
f 3343 3355 3342
f 3355 3354 3342
f 3336 3339 3356
f 3336 3356 3343
f 3343 3356 3355
f 3339 3340 3357
f 3356 3339 3357
f 3340 3337 3344
f 3340 3344 3357
f 3357 3344 3358
f 3345 3359 3344
f 3359 3358 3344
f 3346 3360 3345
f 3360 3359 3345
f 3347 3361 3346
f 3361 3360 3346
f 3457 3348 3451
f 3457 3361 3348
f 3361 3347 3348
f 3349 3451 3348
f 3452 3451 3349
f 3449 3452 3349
f 3338 3351 3450
f 3450 3351 3458
f 3353 3366 3362
f 3350 3353 3362
f 3354 3367 3353
f 3367 3366 3353
f 3355 3368 3354
f 3368 3367 3354
f 3356 3369 3355
f 3369 3368 3355
f 3357 3370 3356
f 3370 3369 3356
f 3358 3371 3357
f 3371 3370 3357
f 3359 3372 3358
f 3372 3371 3358
f 3360 3373 3359
f 3373 3372 3359
f 3466 3361 3459
f 3466 3373 3361
f 3373 3360 3361
f 3457 3459 3361
f 3351 3460 3458
f 3352 3460 3351
f 3460 3352 3363
f 3467 3460 3363
f 3362 3366 3364
f 3365 3364 3366
f 3367 3365 3366
f 3374 3365 3367
f 3374 3367 3377
f 3377 3367 3368
f 3369 3378 3368
f 3378 3377 3368
f 3370 3379 3369
f 3379 3378 3369
f 3371 3380 3370
f 3380 3379 3370
f 3372 3381 3371
f 3381 3380 3371
f 3373 3382 3372
f 3382 3381 3372
f 3474 3373 3466
f 3382 3373 3474
f 3363 3375 3467
f 3467 3375 3475
f 3374 3377 3376
f 3383 3376 3377
f 3383 3377 3385
f 3385 3377 3378
f 3379 3386 3378
f 3386 3385 3378
f 3484 3380 3476
f 3484 3386 3380
f 3386 3379 3380
f 3381 3476 3380
f 3477 3476 3381
f 3382 3477 3381
f 3478 3477 3382
f 3474 3478 3382
f 3375 3384 3475
f 3475 3384 3485
f 3385 3391 3387
f 3383 3385 3387
f 3386 3392 3385
f 3392 3391 3385
f 3493 3386 3484
f 3392 3386 3493
f 3486 3388 3393
f 3486 3485 3388
f 3485 3384 3388
f 3486 3393 3494
f 3387 3391 3389
f 3394 3389 3391
f 3394 3391 3397
f 3397 3391 3392
f 3495 3392 3493
f 3495 3398 3392
f 3398 3397 3392
f 3495 3501 3398
f 3388 3390 3393
f 3393 3390 3395
f 3393 3395 3494
f 3494 3395 3502
f 3394 3397 3396
f 3399 3396 3397
f 3399 3397 3402
f 3402 3397 3398
f 3503 3398 3501
f 3503 3403 3398
f 3403 3402 3398
f 3403 3504 3404
f 3503 3504 3403
f 3504 3509 3404
f 3395 3400 3502
f 3502 3400 3510
f 3399 3402 3401
f 3405 3401 3402
f 3405 3402 3408
f 3408 3402 3403
f 3404 3409 3403
f 3409 3408 3403
f 3513 3404 3509
f 3409 3404 3513
f 3400 3406 3510
f 3510 3406 3514
f 3405 3408 3407
f 3410 3407 3408
f 3410 3408 3414
f 3414 3408 3409
f 3515 3409 3513
f 3515 3415 3409
f 3415 3414 3409
f 3515 3519 3415
f 3516 3411 3416
f 3516 3514 3411
f 3514 3406 3411
f 3516 3416 3520
f 3410 3414 3412
f 3417 3412 3414
f 3417 3414 3421
f 3421 3414 3415
f 3521 3415 3519
f 3521 3422 3415
f 3422 3421 3415
f 3521 3525 3422
f 3411 3413 3416
f 3416 3413 3418
f 3416 3418 3520
f 3520 3418 3526
f 3417 3421 3419
f 3420 3419 3421
f 3422 3420 3421
f 3423 3527 3427
f 3420 3527 3423
f 3420 3525 3527
f 3420 3422 3525
f 3527 3531 3427
f 3418 3424 3526
f 3526 3424 3532
f 3423 3427 3425
f 3427 3531 3533
f 3427 3533 3425
f 3425 3533 3426
f 3428 3534 3435
f 3428 3426 3534
f 3426 3533 3534
f 3534 3541 3435
f 3436 3542 3535
f 3436 3535 3532
f 3436 3532 3429
f 3429 3532 3424
f 3428 3435 3430
f 3435 3541 3543
f 3435 3543 3430
f 3430 3543 3431
f 3432 3431 3544
f 3431 3543 3544
f 3437 3545 3440
f 3437 3432 3545
f 3432 3544 3545
f 3440 3433 3438
f 3440 3545 3433
f 3545 3546 3433
f 3542 3436 3434
f 3542 3434 3546
f 3546 3434 3433
f 3429 3434 3436
f 3437 3440 3439
f 3438 3439 3440
f 3441 3447 3443
f 3441 3442 3448
f 3447 3441 3448
f 3442 3444 3448
f 3445 3453 3449
f 3445 3443 3447
f 3445 3447 3453
f 3453 3447 3454
f 3448 3455 3447
f 3455 3454 3447
f 3444 3446 3456
f 3444 3456 3448
f 3448 3456 3455
f 3446 3450 3456
f 3451 3461 3457
f 3451 3452 3462
f 3461 3451 3462
f 3452 3449 3453
f 3452 3453 3462
f 3462 3453 3463
f 3454 3464 3453
f 3464 3463 3453
f 3552 3455 3551
f 3552 3464 3455
f 3464 3454 3455
f 3551 3465 3553
f 3551 3455 3465
f 3455 3456 3465
f 3450 3458 3465
f 3456 3450 3465
f 3459 3468 3466
f 3459 3457 3461
f 3459 3461 3468
f 3468 3461 3469
f 3462 3470 3461
f 3470 3469 3461
f 3463 3471 3462
f 3471 3470 3462
f 3464 3472 3463
f 3472 3471 3463
f 3556 3464 3552
f 3472 3464 3556
f 3465 3554 3553
f 3473 3557 3554
f 3460 3473 3554
f 3460 3554 3465
f 3460 3465 3458
f 3460 3467 3473
f 3468 3479 3474
f 3466 3468 3474
f 3469 3480 3468
f 3480 3479 3468
f 3470 3481 3469
f 3481 3480 3469
f 3471 3482 3470
f 3482 3481 3470
f 3472 3483 3471
f 3483 3482 3471
f 3561 3472 3556
f 3483 3472 3561
f 3473 3558 3557
f 3558 3473 3467
f 3558 3467 3562
f 3562 3467 3475
f 3476 3487 3484
f 3476 3477 3488
f 3487 3476 3488
f 3477 3478 3489
f 3488 3477 3489
f 3478 3474 3479
f 3478 3479 3489
f 3489 3479 3490
f 3480 3491 3479
f 3491 3490 3479
f 3481 3492 3480
f 3492 3491 3480
f 3568 3482 3563
f 3568 3492 3482
f 3492 3481 3482
f 3483 3563 3482
f 3564 3563 3483
f 3561 3564 3483
f 3475 3485 3562
f 3562 3485 3569
f 3487 3496 3493
f 3484 3487 3493
f 3488 3497 3487
f 3497 3496 3487
f 3489 3498 3488
f 3498 3497 3488
f 3490 3499 3489
f 3499 3498 3489
f 3491 3500 3490
f 3500 3499 3490
f 3577 3492 3570
f 3577 3500 3492
f 3500 3491 3492
f 3568 3570 3492
f 3485 3571 3569
f 3486 3571 3485
f 3571 3486 3494
f 3578 3571 3494
f 3493 3496 3495
f 3501 3495 3496
f 3501 3496 3505
f 3505 3496 3497
f 3498 3506 3497
f 3506 3505 3497
f 3499 3507 3498
f 3507 3506 3498
f 3500 3508 3499
f 3508 3507 3499
f 3586 3500 3577
f 3508 3500 3586
f 3494 3502 3578
f 3578 3502 3587
f 3501 3505 3503
f 3504 3503 3505
f 3506 3504 3505
f 3509 3504 3506
f 3509 3506 3511
f 3511 3506 3507
f 3508 3512 3507
f 3512 3511 3507
f 3595 3508 3586
f 3512 3508 3595
f 3502 3510 3587
f 3587 3510 3596
f 3511 3517 3513
f 3509 3511 3513
f 3512 3518 3511
f 3518 3517 3511
f 3604 3512 3595
f 3518 3512 3604
f 3510 3514 3596
f 3596 3514 3605
f 3513 3517 3515
f 3519 3515 3517
f 3519 3517 3522
f 3522 3517 3518
f 3606 3518 3604
f 3606 3523 3518
f 3523 3522 3518
f 3606 3614 3523
f 3524 3514 3516
f 3524 3615 3514
f 3615 3605 3514
f 3516 3520 3524
f 3519 3522 3521
f 3525 3521 3522
f 3525 3522 3528
f 3528 3522 3523
f 3616 3523 3614
f 3616 3529 3523
f 3529 3528 3523
f 3616 3623 3529
f 3530 3615 3524
f 3624 3615 3530
f 3520 3526 3530
f 3524 3520 3530
f 3525 3528 3527
f 3531 3527 3528
f 3531 3528 3536
f 3536 3528 3529
f 3625 3529 3623
f 3625 3537 3529
f 3537 3536 3529
f 3537 3626 3538
f 3625 3626 3537
f 3626 3633 3538
f 3539 3634 3627
f 3624 3539 3627
f 3624 3530 3539
f 3530 3540 3539
f 3526 3532 3540
f 3530 3526 3540
f 3531 3536 3533
f 3534 3533 3536
f 3537 3534 3536
f 3541 3534 3537
f 3541 3537 3547
f 3547 3537 3538
f 3635 3538 3633
f 3635 3548 3538
f 3548 3547 3538
f 3548 3636 3549
f 3635 3636 3548
f 3634 3549 3636
f 3634 3539 3549
f 3539 3550 3549
f 3535 3542 3550
f 3535 3550 3540
f 3540 3550 3539
f 3532 3535 3540
f 3541 3547 3543
f 3544 3543 3547
f 3548 3544 3547
f 3545 3544 3548
f 3549 3545 3548
f 3546 3545 3549
f 3550 3546 3549
f 3542 3546 3550
f 3551 3555 3552
f 3551 3553 3555
f 3555 3559 3556
f 3552 3555 3556
f 3553 3554 3560
f 3553 3560 3555
f 3555 3560 3559
f 3554 3557 3560
f 3559 3565 3561
f 3556 3559 3561
f 3560 3566 3559
f 3566 3565 3559
f 3557 3558 3567
f 3557 3567 3560
f 3560 3567 3566
f 3558 3562 3567
f 3563 3572 3568
f 3563 3564 3573
f 3572 3563 3573
f 3564 3561 3565
f 3564 3565 3573
f 3573 3565 3574
f 3566 3575 3565
f 3575 3574 3565
f 3567 3576 3566
f 3576 3575 3566
f 3562 3569 3576
f 3567 3562 3576
f 3570 3579 3577
f 3570 3568 3572
f 3570 3572 3579
f 3579 3572 3580
f 3573 3581 3572
f 3581 3580 3572
f 3574 3582 3573
f 3582 3581 3573
f 3575 3583 3574
f 3583 3582 3574
f 3576 3584 3575
f 3584 3583 3575
f 3569 3571 3585
f 3569 3585 3576
f 3576 3585 3584
f 3571 3578 3585
f 3579 3588 3586
f 3577 3579 3586
f 3580 3589 3579
f 3589 3588 3579
f 3581 3590 3580
f 3590 3589 3580
f 3582 3591 3581
f 3591 3590 3581
f 3583 3592 3582
f 3592 3591 3582
f 3584 3593 3583
f 3593 3592 3583
f 3585 3594 3584
f 3594 3593 3584
f 3578 3587 3594
f 3585 3578 3594
f 3588 3597 3595
f 3586 3588 3595
f 3589 3598 3588
f 3598 3597 3588
f 3590 3599 3589
f 3599 3598 3589
f 3591 3600 3590
f 3600 3599 3590
f 3592 3601 3591
f 3601 3600 3591
f 3593 3602 3592
f 3602 3601 3592
f 3594 3603 3593
f 3603 3602 3593
f 3587 3596 3603
f 3594 3587 3603
f 3597 3607 3604
f 3595 3597 3604
f 3598 3608 3597
f 3608 3607 3597
f 3599 3609 3598
f 3609 3608 3598
f 3600 3610 3599
f 3610 3609 3599
f 3601 3611 3600
f 3611 3610 3600
f 3602 3612 3601
f 3612 3611 3601
f 3603 3613 3602
f 3613 3612 3602
f 3596 3605 3613
f 3603 3596 3613
f 3604 3607 3606
f 3614 3606 3607
f 3614 3607 3617
f 3617 3607 3608
f 3609 3618 3608
f 3618 3617 3608
f 3610 3619 3609
f 3619 3618 3609
f 3611 3620 3610
f 3620 3619 3610
f 3612 3621 3611
f 3621 3620 3611
f 3613 3622 3612
f 3622 3621 3612
f 3605 3615 3622
f 3613 3605 3622
f 3614 3617 3616
f 3623 3616 3617
f 3623 3617 3628
f 3628 3617 3618
f 3619 3629 3618
f 3629 3628 3618
f 3620 3630 3619
f 3630 3629 3619
f 3621 3631 3620
f 3631 3630 3620
f 3622 3632 3621
f 3632 3631 3621
f 3615 3624 3632
f 3622 3615 3632
f 3623 3628 3625
f 3626 3625 3628
f 3629 3626 3628
f 3633 3626 3629
f 3633 3629 3637
f 3637 3629 3630
f 3631 3638 3630
f 3638 3637 3630
f 3627 3634 3638
f 3627 3638 3632
f 3632 3638 3631
f 3624 3627 3632
f 3633 3637 3635
f 3636 3635 3637
f 3638 3636 3637
f 3634 3636 3638
