v -0.001429104 0.00004352744 -0.001950045
v -0.001432896 0.0001076773 -0.001946361
v -0.001414617 0.0001595355 -0.001936528
v -0.001362007 -0.0002781974 -0.001947227
v -0.001354799 -0.0002312845 -0.001958176
v -0.001326858 -0.0001906879 -0.001956786
v -0.001378199 0.00008666894 -0.00194752
v -0.001317081 -0.0002508261 -0.001941776
v -0.0013251 0.00006933405 -0.001933541
v -0.001166635 -0.000418198 -0.00195338
v -0.001052431 -0.0005318936 -0.001885232
v -0.001685235 0.0001297238 -0.001838215
v -0.001671266 0.0001847461 -0.001848394
v -0.001660986 0.0002417257 -0.00184949
v -0.001472328 -0.00001005248 -0.001927606
v -0.00147583 0.00008246155 -0.00193321
v -0.001465916 0.0001564264 -0.001930332
v -0.001424988 -0.00001220507 -0.001951222
v -0.001446057 0.0002102488 -0.001917567
v -0.001391367 -0.0002857737 -0.001941738
v -0.001391417 -0.0002458986 -0.001947828
v -0.001374579 -0.0001784498 -0.001955452
v -0.001388046 0.000001379828 -0.001956034
v -0.001396114 0.000220646 -0.001903333
v -0.001427755 -0.0002910225 -0.001911475
v -0.00143357 -0.0001918135 -0.001927191
v -0.001408297 -0.00008396071 -0.00194648
v -0.001451258 0.0002700582 -0.001883418
v -0.001460202 0.0003275246 -0.001845238
v -0.001380907 -0.0003123674 -0.001929507
v -0.001330534 -0.0001157097 -0.001950473
v -0.001337352 0.00001728446 -0.001946341
v -0.00137185 0.0001582339 -0.001929855
v -0.001332762 -0.0003226832 -0.001915243
v -0.001293987 -0.0001576999 -0.001943687
v -0.00138678 -0.0003631761 -0.001893995
v -0.001351044 -0.00004443806 -0.001952384
v -0.001285105 -0.000285436 -0.001906483
v -0.00129159 -0.0002008415 -0.001940896
v -0.001295719 0.00002840365 -0.001918228
v -0.001333649 0.0001249141 -0.001922298
v -0.001166636 -0.000418198 -0.00195338
v -0.001267247 -0.0002308956 -0.001910043
v -0.001291729 0.00008470665 -0.001897078
v -0.001278674 -0.0003352817 -0.001878191
v -0.001294625 -0.00003976216 -0.001926
v -0.001166635 -0.0004181982 -0.00195338
v -0.001166635 -0.0004181979 -0.00195338
v -0.001061274 -0.0005323387 -0.001875462
v -0.001166635 -0.000418198 -0.00195338
v -0.001166635 -0.000418198 -0.001953379
v -0.001163472 -0.00008860332 -0.001818936
v -0.001056297 -0.0005318535 -0.001876381
v -0.001061348 -0.0005282711 -0.00187464
v -0.001056371 -0.0005277859 -0.001875559
v -0.001824746 0.00005296247 -0.001756012
v -0.001840283 0.0001170512 -0.001767447
v -0.001901274 0.0003007664 -0.001730302
v -0.001717465 0.0000884553 -0.001815198
v -0.001729612 0.0001645239 -0.001821968
v -0.001700088 0.0002282727 -0.001834695
v -0.00175945 0.00002664745 -0.001776671
v -0.001778553 0.0001003111 -0.001791907
v -0.001798486 0.0001699013 -0.001793638
v -0.001719736 0.0003643744 -0.001775583
v -0.001677685 0.00009135738 -0.001833135
v -0.00168262 0.0002890525 -0.001825785
v -0.001633939 0.0001217334 -0.001855739
v -0.001623161 0.000217307 -0.001862862
v -0.001632558 0.0002787618 -0.001847936
v -0.001629338 -0.0002329146 -0.00176267
v -0.001637963 -0.0001716639 -0.001770266
v -0.001626368 0.0003512049 -0.001810573
v -0.001484126 -0.0003164078 -0.001859615
v -0.001506773 -0.0002233146 -0.00186624
v -0.001488769 -0.0001139153 -0.001900903
v -0.001543762 -0.00003856314 -0.001877593
v -0.001530949 0.0000514704 -0.001901611
v -0.001520246 0.0001363959 -0.001910398
v -0.001504756 0.0002247787 -0.001898806
v -0.001506747 0.0003100701 -0.001860667
v -0.001555431 -0.0003941406 -0.001765286
v -0.001561198 -0.0003010408 -0.001798289
v -0.001584589 -0.000202571 -0.001805483
v -0.001599493 0.00002778744 -0.001856099
v -0.001571192 0.0001055656 -0.001884822
v -0.001570936 0.000183429 -0.001883812
v -0.001573542 0.0002785412 -0.001861486
v -0.001554023 0.0003552484 -0.001823776
v -0.00144083 -0.0003573353 -0.001875619
v -0.001501278 0.0003717251 -0.001812039
v -0.001420115 -0.0004023357 -0.001859886
v -0.001355761 0.000235639 -0.001870115
v -0.001399743 0.0002967353 -0.001834152
v -0.001449012 0.0003592852 -0.00180378
v -0.001498568 -0.0004587488 -0.00176726
v -0.001481283 -0.0003890664 -0.001824481
v -0.001382841 -0.0004140821 -0.00186235
v -0.001344741 0.0001861178 -0.001902093
v -0.001316899 -0.000408531 -0.001857363
v -0.001269666 -0.0001088546 -0.001918804
v -0.001404208 -0.0004614098 -0.001814004
v -0.001322165 0.0002056434 -0.00186497
v -0.001330319 0.0002486644 -0.00181535
v -0.00122889 -0.0003696801 -0.001829167
v -0.001257175 -0.000167672 -0.001911303
v -0.001250027 -0.0000620148 -0.001892534
v -0.001305142 0.0001533158 -0.001880954
v -0.001232761 -0.0002763543 -0.001851087
v -0.00122743 -0.0001961335 -0.001865037
v -0.001171758 -0.00009490526 -0.001828491
v -0.001243615 0.000008591373 -0.001854623
v -0.001267614 0.0001170824 -0.001836136
v -0.001244702 -0.0006229155 -0.001719023
v -0.001224941 -0.0004568853 -0.001820094
v -0.001205586 -0.0001063151 -0.001846466
v -0.001292694 0.0001878735 -0.001828418
v -0.001167915 -0.00009463152 -0.001807214
v -0.001173166 -0.00008402117 -0.001824957
v -0.001088216 -0.0005267633 -0.001849982
v -0.001165647 -0.00007426455 -0.001800172
v -0.001143907 -0.0004987771 -0.001813803
v -0.001162117 -0.0004152706 -0.001786572
v -0.001188496 -0.00004874005 -0.001811253
v -0.001078464 -0.0005328704 -0.001845298
v -0.001078911 -0.0005130275 -0.001841793
v -0.001064373 -0.0005248275 -0.001854227
v -0.002000805 0.0002071838 -0.001670874
v -0.001857172 0.00001759465 -0.001722437
v -0.001892348 0.00007977557 -0.001723384
v -0.001924882 0.0002999352 -0.001704967
v -0.001955671 0.0001547583 -0.001697931
v -0.001958637 0.0002090704 -0.00170251
v -0.001968232 0.0002532949 -0.00168334
v -0.001813485 2.317183e-7 -0.00173974
v -0.001889706 0.0001475993 -0.001744098
v -0.001902167 0.0002808 -0.001734623
v -0.001896994 0.0003277677 -0.001716073
v -0.001852336 0.0001740424 -0.00176991
v -0.00188179 0.0002958466 -0.001740277
v -0.001791043 0.0004147231 -0.001718946
v -0.001900753 0.0002299433 -0.001737759
v -0.001854112 0.0003563614 -0.001721876
v -0.001777602 -0.00003233885 -0.001742399
v -0.00182968 0.0002207774 -0.001779005
v -0.001792237 0.0003358881 -0.001762039
v -0.00172618 0.0004597379 -0.001715789
v -0.001671073 -0.000245385 -0.001727661
v -0.001691965 -0.0001828502 -0.001731877
v -0.001724681 -0.00003086257 -0.001769379
v -0.001760588 0.000256867 -0.001800402
v -0.001793407 -0.0003036051 -0.001611892
v -0.001744244 -0.00009772894 -0.001730967
v -0.001836358 0.0002821258 -0.001763136
v -0.00172462 0.0005214566 -0.001670759
v -0.00163214 -0.00028473 -0.001746573
v -0.001675526 -0.0001305524 -0.001757285
v -0.001676457 0.00002860244 -0.001814657
v -0.0016602 0.0004266233 -0.001754099
v -0.001607102 -0.0004004042 -0.001721163
v -0.001616424 -0.0003423377 -0.001739562
v -0.001640224 -0.0001260691 -0.001780352
v -0.001636006 -0.00001789042 -0.001820938
v -0.00163829 -0.0004331989 -0.001673116
v -0.001664545 -0.00006840428 -0.001786492
v -0.001567852 -0.0004520846 -0.001721154
v -0.001608489 -0.0001481102 -0.001797941
v -0.001604101 -0.00005608049 -0.001829992
v -0.001566449 0.0004383917 -0.001743116
v -0.001523526 -0.000505072 -0.001714105
v -0.001564758 -0.0001282385 -0.001840209
v -0.00158421 -0.000501409 -0.001665986
v -0.001616228 -0.0001064068 -0.001804671
v -0.001539667 0.0005031232 -0.001661179
v -0.001454763 -0.0005253527 -0.001740313
v -0.001479437 0.0004035552 -0.001759003
v -0.001414742 0.0003660682 -0.001739949
v -0.00137631 -0.0005417783 -0.001761596
v -0.001359687 0.0003038594 -0.001766359
v -0.001267707 -0.0006266921 -0.001711874
v -0.001295287 -0.0005116567 -0.001798954
v -0.001316011 0.0002631617 -0.001737153
v -0.001311137 -0.0005970426 -0.001731
v -0.001366882 0.0004829098 -0.001653011
v -0.001231947 -0.0006280394 -0.001686811
v -0.001254159 -0.0006090039 -0.001735658
v -0.001210891 -0.0005175602 -0.001806015
v -0.001291905 0.0002189012 -0.001776626
v -0.00122335 -0.0006050723 -0.001729583
v -0.001175907 -0.0005346638 -0.001803265
v -0.001167589 -0.0003128347 -0.001753599
v -0.001187511 -0.0001955009 -0.00177758
v -0.001234218 0.000092033 -0.001759584
v -0.001264329 0.0001664972 -0.001772785
v -0.001220954 -0.0005658186 -0.001770128
v -0.001232259 0.0001159195 -0.001685748
v -0.001136366 -0.0005412024 -0.001803369
v -0.001125317 -0.000381598 -0.001724875
v -0.001172212 -0.0001166467 -0.001766717
v -0.001201919 0.00001092834 -0.001763079
v -0.001101363 -0.0004633094 -0.001758198
v -0.001163356 -0.00007940533 -0.001761868
v -0.001173869 -0.00004213906 -0.001758654
v -0.001166926 -0.000572843 -0.001720208
v -0.001133065 -0.0003357352 -0.001700946
v -0.001165372 -0.00009056224 -0.001717117
v -0.001104918 -0.0005332031 -0.001782698
v -0.001076118 -0.000508364 -0.001816942
v -0.001076699 -0.0005236372 -0.001822034
v -0.001088586 -0.0005084124 -0.00177959
v -0.001088901 -0.0004364914 -0.001708557
v -0.002023264 0.0001988625 -0.00165918
v -0.002015314 0.0001778906 -0.001657753
v -0.002026964 0.0002147919 -0.001650472
v -0.00200614 0.0001346076 -0.001648077
v -0.002034348 0.0002555374 -0.001614453
v -0.002090541 -0.0001043619 -0.001504231
v -0.002032639 0.00009484177 -0.001597862
v -0.002033875 0.0002041197 -0.001641382
v -0.00207531 0.0002645339 -0.001561651
v -0.001960743 0.00007598551 -0.001665774
v -0.001977842 0.0003239489 -0.001639702
v -0.00190414 0.00002012001 -0.001688298
v -0.001922537 0.0003836468 -0.001653235
v -0.001986639 -0.000208618 -0.00153263
v -0.001957331 -0.00001036329 -0.001625498
v -0.00197709 0.0003782269 -0.001606631
v -0.00184234 -0.00004517696 -0.001697133
v -0.001856195 0.0004465023 -0.001659254
v -0.001816899 -0.0002963604 -0.001599601
v -0.001806423 -0.0001105303 -0.001688046
v -0.001793949 0.0005106378 -0.001647073
v -0.001823508 -0.0003225807 -0.001585403
v -0.001868096 -0.0001257855 -0.001640174
v -0.001855228 0.0005041064 -0.001616108
v -0.001792443 -0.0003212399 -0.001605596
v -0.001800095 -0.0002829099 -0.001616915
v -0.001768941 -0.0001659624 -0.001688248
v -0.001739679 0.0005691989 -0.001617015
v -0.001699577 -0.0004267903 -0.001624705
v -0.001774951 -0.0003093662 -0.001623967
v -0.0017197 -0.0002272552 -0.001698521
v -0.001693554 0.0005471251 -0.001654545
v -0.001767019 -0.0003680783 -0.001604171
v -0.001784494 -0.0002436517 -0.001647171
v -0.001758932 0.000602159 -0.001570827
v -0.001659226 -0.0004826958 -0.001616498
v -0.001696611 -0.0003865831 -0.001651755
v -0.001686138 -0.0002927895 -0.001701552
v -0.001663162 0.0005002788 -0.001697424
v -0.001608368 -0.0005504065 -0.001596142
v -0.001660579 -0.0003661927 -0.001692338
v -0.001609232 0.0005340557 -0.001652467
v -0.001726472 -0.0003292985 -0.001654629
v -0.001660448 0.0005445281 -0.001657603
v -0.001508886 -0.0005705692 -0.001658877
v -0.001553376 0.0005508201 -0.001595788
v -0.001506335 0.0005108446 -0.001624727
v -0.001553628 -0.0006043396 -0.001586293
v -0.001577575 0.000584569 -0.001551511
v -0.001409794 -0.000589524 -0.00170338
v -0.00147724 0.0004517 -0.001670484
v -0.001364151 -0.0006432754 -0.001666587
v -0.001405199 0.0003877554 -0.00163031
v -0.001366882 0.0004829098 -0.00165301
v -0.001480294 0.0004934921 -0.001610594
v -0.001293386 -0.0006484785 -0.001671315
v -0.001355156 0.0003199 -0.001687315
v -0.001366882 0.0004829096 -0.00165301
v -0.001366882 0.0004829099 -0.00165301
v -0.001238584 0.000110004 -0.001625026
v -0.001305583 0.0002521327 -0.001648096
v -0.001366882 0.0004829098 -0.00165301
v -0.001354235 -0.0008164442 -0.001501079
v -0.001366882 0.0004829098 -0.00165301
v -0.001248454 -0.0006689584 -0.001606792
v -0.001214151 0.00006005364 -0.001688872
v -0.001248435 0.0001535503 -0.001652933
v -0.001277963 0.0002115917 -0.001717906
v -0.001158995 -0.0002289764 -0.001663438
v -0.001173526 -0.0001307818 -0.00167489
v -0.001249423 0.0001575353 -0.001708051
v -0.001283517 -0.0007156496 -0.001568139
v -0.001267278 0.0001937197 -0.0016626
v -0.001185445 -0.0006130409 -0.001628893
v -0.00113863 -0.0003002259 -0.001678292
v -0.001174318 -0.00007196675 -0.001667343
v -0.001188732 -0.000003877241 -0.001696485
v -0.001144135 -0.0005586088 -0.001638591
v -0.001111805 -0.0005039345 -0.001696945
v -0.001117439 -0.0003523568 -0.001646314
v -0.001169741 -0.00005331288 -0.001709448
v -0.00113636 -0.0002784281 -0.001627705
v -0.001185728 -0.00003045872 -0.001652108
v -0.001093269 -0.0004451763 -0.001688848
v -0.00109707 -0.0004115516 -0.001698555
v -0.001087581 -0.0004259769 -0.001689557
v -0.001095258 -0.0004120353 -0.001666459
v -0.002114814 -0.00009956209 -0.00148923
v -0.002100268 0.0001082908 -0.001521038
v -0.002104247 0.0002582883 -0.001516562
v -0.00211626 -0.0001366095 -0.001480468
v -0.002124708 0.00004903897 -0.001486212
v -0.002085353 -0.0001278446 -0.001501516
v -0.002095273 -0.00008399574 -0.001502985
v -0.002051475 0.00002692139 -0.001554261
v -0.002083083 0.0001561497 -0.00155429
v -0.002074161 0.0002333276 -0.001572011
v -0.002075952 0.0003066395 -0.001534437
v -0.002001154 -0.0002039953 -0.001526336
v -0.00206077 -0.0001175931 -0.001516456
v -0.002013534 -0.00002999804 -0.001571659
v -0.002049773 0.0001816128 -0.001606886
v -0.002028888 0.0003659441 -0.001549792
v -0.002083225 -0.0004179918 -0.001424173
v -0.002038026 -0.0001944832 -0.001509049
v -0.002068295 -0.00004956326 -0.00152151
v -0.002090817 0.0002046831 -0.001549544
v -0.002079174 0.0003547263 -0.00149432
v -0.001986058 -0.0002214653 -0.001528712
v -0.001994397 -0.0001954593 -0.001532748
v -0.001970109 -0.00008606387 -0.001584278
v -0.001971716 0.0004284072 -0.001568975
v -0.001867012 -0.0003112116 -0.001563749
v -0.001966155 -0.0002167919 -0.001541182
v -0.001926297 -0.0001411203 -0.001594078
v -0.001911998 0.0004899604 -0.001571865
v -0.001994748 -0.0005159297 -0.001393103
v -0.001940364 -0.0002870004 -0.001531565
v -0.001980402 -0.0001579864 -0.001552186
v -0.00196669 0.0004774338 -0.001524833
v -0.001848046 -0.0003464243 -0.001560636
v -0.001864971 -0.0002851858 -0.00157506
v -0.001885087 -0.0001934433 -0.001600173
v -0.001850245 0.0005509596 -0.001572265
v -0.001817113 -0.0004026851 -0.001551861
v -0.001842201 -0.0002564822 -0.001601035
v -0.001793912 0.0005843802 -0.001574544
v -0.001887057 -0.0003800432 -0.001521581
v -0.001912146 -0.0002329859 -0.001567062
v -0.001837918 0.0006116619 -0.001510837
v -0.001847909 0.0006370054 -0.001475959
v -0.001745735 -0.0004545293 -0.001568076
v -0.001767858 0.0006252713 -0.00151346
v -0.001725543 0.0006052521 -0.001568202
v -0.001686464 -0.0005201441 -0.001559106
v -0.001674981 0.0005778281 -0.0016094
v -0.001613129 -0.0006028445 -0.001535174
v -0.001656549 -0.0005630955 -0.001540438
v -0.001615101 0.00058532 -0.001575468
v -0.001678278 -0.0005901845 -0.001493511
v -0.001702273 -0.0005509492 -0.001515413
v -0.001679144 0.0006209661 -0.001518242
v -0.001680108 0.000641871 -0.001463838
v -0.001541901 -0.0006596777 -0.001532014
v -0.001606682 0.0006057764 -0.001511455
v -0.001495518 -0.0006330108 -0.001601904
v -0.001547473 0.0005701928 -0.001516577
v -0.001435458 -0.0006349543 -0.001642271
v -0.001501465 0.0005240117 -0.001570126
v -0.001374913 -0.0008188381 -0.001477283
v -0.001393426 -0.0006686127 -0.001626652
v -0.001401413 0.0003775536 -0.001515209
v -0.001454541 0.0004634387 -0.001566338
v -0.001435547 -0.0006864532 -0.001579654
v -0.001342253 -0.0008158592 -0.001478099
v -0.001369009 -0.000803685 -0.001506982
v -0.00133681 -0.0006953859 -0.001605753
v -0.001353369 0.0003194204 -0.001591187
v -0.001345982 -0.0008025066 -0.001510051
v -0.001317517 -0.0007349686 -0.001563269
v -0.001267219 0.0001105395 -0.00153454
v -0.00127667 0.0001822115 -0.001592085
v -0.001321478 0.000253661 -0.001550402
v -0.001366084 -0.0007589622 -0.001533834
v -0.001356498 0.0003058558 -0.001515037
v -0.001293376 -0.0007481037 -0.001526443
v -0.001218591 0.00003172437 -0.001606988
v -0.001235344 -0.0007021272 -0.001518132
v -0.00118523 -0.0001599773 -0.001543843
v -0.00120193 -0.00005603471 -0.001582746
v -0.001316723 -0.0007870151 -0.001493141
v -0.001189809 -0.0006408961 -0.001547966
v -0.001151202 -0.0002348643 -0.001585567
v -0.001152884 -0.0005788311 -0.00156162
v -0.00112722 -0.0005056725 -0.001579685
v -0.001109977 -0.0004275565 -0.001615275
v -0.001128632 -0.0003494615 -0.001544659
v -0.001136495 -0.0002857573 -0.001569436
v -0.001160256 -0.0006012987 -0.001496041
v -0.001152651 -0.0002800654 -0.001493596
v -0.001158742 -0.0002323615 -0.001528129
v -0.002399453 -0.0003157198 -0.001323975
v -0.002313633 -0.00007487946 -0.001355455
v -0.002159287 -0.0001340448 -0.001454494
v -0.002178608 0.00006875864 -0.001435748
v -0.002234263 -0.0003782544 -0.001365155
v -0.002222893 -0.0001305505 -0.001412846
v -0.002252152 -0.00002041057 -0.001386801
v -0.002134491 -0.0001794562 -0.001459427
v -0.002157692 -0.0001007058 -0.001459674
v -0.002171512 0.000003982298 -0.001445021
v -0.002169195 0.0001285161 -0.001441818
v -0.002098232 -0.0004160971 -0.001417874
v -0.002089072 -0.0002481049 -0.001467602
v -0.00213432 -0.00006213978 -0.001476754
v -0.002127718 0.0001921784 -0.001491062
v -0.002149717 0.0002673264 -0.001440981
v -0.002116816 0.0003281716 -0.001457466
v -0.002135691 -0.0004108771 -0.001396016
v -0.002188419 -0.0003315623 -0.001399368
v -0.002175491 -0.0002455851 -0.001423761
v -0.002189144 -0.00005922683 -0.001436643
v -0.00216473 0.0003196459 -0.001392897
v -0.002142617 0.0003641571 -0.001388288
v -0.002088237 -0.000428507 -0.001414041
v -0.002088794 -0.0004032702 -0.001425331
v -0.002026713 -0.0002790556 -0.001490749
v -0.002084977 0.000405396 -0.001428992
v -0.002022008 -0.0005119966 -0.001383693
v -0.002061002 -0.0004200743 -0.001427112
v -0.001998921 -0.0003201986 -0.001491199
v -0.002010859 0.0004515129 -0.001489646
v -0.002067164 -0.0004724232 -0.001390644
v -0.002069582 -0.0003472359 -0.001447493
v -0.002000129 -0.0005320164 -0.001375058
v -0.002002364 -0.0004944084 -0.001404747
v -0.001963058 -0.0003663481 -0.001489317
v -0.001963168 0.0005197857 -0.001460122
v -0.001960413 -0.0005193896 -0.001400118
v -0.001916635 -0.0004134931 -0.001490144
v -0.001892918 0.0005701872 -0.001497036
v -0.00186663 0.0006212267 -0.001460483
v -0.001974693 -0.0004451992 -0.001444868
v -0.001849383 -0.0004575108 -0.001498697
v -0.001848809 0.0006410601 -0.001457368
v -0.001825227 0.0006395758 -0.001470803
v -0.001887462 -0.0005659399 -0.001388191
v -0.00189629 -0.0005055723 -0.001438175
v -0.00184289 0.0006316624 -0.001418855
v -0.001755579 -0.0005146095 -0.001511604
v -0.001788775 0.0006405286 -0.00144256
v -0.001718897 -0.0006112862 -0.00144077
v -0.001742614 -0.0005660232 -0.001470749
v -0.001717523 0.0006395017 -0.001440008
v -0.001792353 -0.0005943869 -0.001410552
v -0.001818703 -0.0005346032 -0.001453376
v -0.001780633 0.0006273006 -0.00136775
v -0.001644043 -0.0006483378 -0.001459187
v -0.001678568 0.0006451774 -0.001442815
v -0.001646581 0.0006313525 -0.001454641
v -0.001671851 0.0006372618 -0.001415231
v -0.001572622 -0.0007018837 -0.001458297
v -0.001588394 0.0006016372 -0.001447903
v -0.001538 0.0005619004 -0.001438904
v -0.001481628 -0.0007348661 -0.001494311
v -0.001494718 0.0005194768 -0.001495127
v -0.001412726 -0.0008216338 -0.001434394
v -0.001420483 -0.000793808 -0.001476617
v -0.001382431 0.0003088424 -0.001442623
v -0.001434867 0.0003822653 -0.001398415
v -0.00145559 0.0004552128 -0.001461626
v -0.00146699 -0.0008101618 -0.001410225
v -0.001489812 -0.0007784834 -0.001439892
v -0.00147234 0.0004175726 -0.001342489
v -0.00137181 -0.000826343 -0.001421769
v -0.00134403 0.0002602704 -0.001479746
v -0.001310672 0.0001168683 -0.001432962
v -0.001315336 0.0001911343 -0.001483746
v -0.001349394 0.0001302593 -0.001361442
v -0.00131394 -0.0008044261 -0.001419378
v -0.001264171 0.00002876438 -0.001477796
v -0.001262915 -0.0007534796 -0.001452054
v -0.001215347 -0.0006965077 -0.001435957
v -0.001185902 -0.0006487283 -0.00146717
v -0.001180021 -0.0002770094 -0.001412637
v -0.001187637 -0.0002130565 -0.001454732
v -0.00123861 -0.0001332869 -0.001404721
v -0.001240776 -0.00006447476 -0.001460053
v -0.001269642 -0.0007738823 -0.001380288
v -0.001284188 -0.00009550052 -0.001338233
v -0.001160585 -0.000586938 -0.001426754
v -0.001149384 -0.0003356837 -0.001462921
v -0.001143241 -0.0005283301 -0.001476711
v -0.00113557 -0.0004229844 -0.001491909
v -0.002520608 -0.0002818424 -0.001264009
v -0.002530516 -0.0002192768 -0.00126185
v -0.002411169 -0.0003154721 -0.001318299
v -0.002375981 -0.0000885539 -0.001322757
v -0.002438778 -0.0003138161 -0.001299536
v -0.002454185 -0.0002189503 -0.001296647
v -0.002401382 -0.0003258936 -0.001318179
v -0.002403052 -0.0003056802 -0.001322166
v -0.002347096 -0.0001692941 -0.001346102
v -0.00235758 -0.00003863552 -0.001323654
v -0.002293299 -0.0004002143 -0.001330529
v -0.002381088 -0.0003153206 -0.001327672
v -0.002316701 -0.00001507045 -0.001343168
v -0.002374109 -0.0003679435 -0.001310441
v -0.002381749 -0.0002678655 -0.001330309
v -0.00235609 0.00001752959 -0.001310705
v -0.002362328 0.0000712387 -0.001290302
v -0.002231348 -0.0004376869 -0.001338091
v -0.002297333 -0.0003572454 -0.001346556
v -0.002264455 -0.0002125124 -0.001386314
v -0.002298301 0.00002956255 -0.001345525
v -0.002260078 -0.0003305632 -0.001370142
v -0.002255308 -0.0002783622 -0.001382896
v -0.002244942 0.00008624195 -0.001373721
v -0.002193544 0.0003146252 -0.001354592
v -0.002183557 0.0003473684 -0.001341281
v -0.002324142 -0.0003087594 -0.001348533
v -0.002315628 -0.0002463441 -0.001360163
v -0.002318094 0.00006840077 -0.001321243
v -0.002228911 0.0003019994 -0.0013108
v -0.002209547 0.0003621323 -0.0012836
v -0.002159834 -0.000476844 -0.001345655
v -0.002218117 0.0001705343 -0.001379158
v -0.002191891 0.0002777412 -0.001376012
v -0.002153405 0.0004028064 -0.001319864
v -0.002117124 -0.0005154169 -0.00133555
v -0.002181573 0.0002136796 -0.001412154
v -0.002173006 -0.0005210466 -0.00130687
v -0.002225847 0.0002334952 -0.001349546
v -0.002051889 -0.0005382799 -0.001343952
v -0.002094541 0.000460395 -0.001330455
v -0.002036148 0.0004844691 -0.0013948
v -0.002054858 0.0005028552 -0.001319735
v -0.001977977 -0.0005681266 -0.001345647
v -0.001996344 0.000538368 -0.001336828
v -0.001925451 -0.0006061457 -0.001327844
v -0.001911192 0.0005873454 -0.001397037
v -0.00197925 -0.0006125248 -0.001296432
v -0.001967621 0.0006831558 -0.001252518
v -0.001851554 -0.0006290822 -0.001340501
v -0.001861757 0.0006094832 -0.001333428
v -0.00181417 0.0006031932 -0.001284802
v -0.001744127 -0.0006590434 -0.001373227
v -0.001741867 0.0006011564 -0.001301303
v -0.001689542 0.0006181945 -0.001358111
v -0.001767374 0.0006831558 -0.001252518
v -0.001645927 -0.000714555 -0.001382907
v -0.00163025 0.000616486 -0.001387131
v -0.00165745 -0.0007864521 -0.001281586
v -0.00167282 -0.0007517549 -0.001315869
v -0.001649734 0.0005623899 -0.001282343
v -0.00155409 -0.0007494036 -0.00141917
v -0.001579165 0.0005867638 -0.001384857
v -0.001513207 -0.0008198046 -0.00134641
v -0.001534371 -0.0007911843 -0.001381674
v -0.001501703 0.0004216011 -0.00129978
v -0.001542716 0.000550538 -0.001380425
v -0.001583298 -0.0008068996 -0.00130965
v -0.001607095 -0.0007680052 -0.001349049
v -0.001561977 0.000474657 -0.001274814
v -0.001578674 0.0005297482 -0.001305098
v -0.001584208 0.0005636704 -0.001331664
v -0.001444035 -0.0008327173 -0.001353936
v -0.001468373 0.0003685568 -0.001312721
v -0.001504228 0.0004567395 -0.001326511
v -0.001501673 0.0005123391 -0.001415343
v -0.001387704 0.0001300951 -0.001294538
v -0.001419437 0.000284764 -0.001338976
v -0.001478097 0.000457152 -0.00138011
v -0.001415312 0.0001179223 -0.001242905
v -0.001531534 0.0005086726 -0.00134273
v -0.001364587 -0.0008262894 -0.001325607
v -0.001335502 0.00006942222 -0.001354827
v -0.001374523 0.0001678103 -0.001336925
v -0.001361943 0.000238066 -0.001414069
v -0.001301062 -0.0007989524 -0.001340302
v -0.001325368 -0.00008622347 -0.001277214
v -0.001346727 0.0001747752 -0.00139534
v -0.001357364 -0.00008975605 -0.001228876
v -0.001381387 0.000211824 -0.001353113
v -0.001265601 -0.0007620841 -0.001307848
v -0.001282801 -0.0001388726 -0.00131129
v -0.001306833 -0.000062263 -0.001320214
v -0.001295879 -0.000007795788 -0.001379914
v -0.001231463 -0.0007157837 -0.001358647
v -0.001190827 -0.000632816 -0.001372243
v -0.001208133 -0.0002803633 -0.001340753
v -0.001231035 -0.0002093856 -0.001351938
v -0.001277574 -0.00006469581 -0.001372596
v -0.001222021 -0.0003210962 -0.001284173
v -0.001314032 -0.00003137129 -0.001328265
v -0.00116968 -0.00056024 -0.001358706
v -0.001173056 -0.000356016 -0.00138302
v -0.00115429 -0.000527072 -0.00139514
v -0.001156113 -0.0004562846 -0.001395275
v -0.001174894 -0.0004919511 -0.001329144
v -0.001190052 -0.000406795 -0.001311473
v -0.002579957 -0.0003353676 -0.001226909
v -0.002583659 -0.0002529144 -0.001233263
v -0.002658791 -0.000479768 -0.001144035
v -0.002630176 -0.0004119866 -0.001182814
v -0.002645381 -0.0003004211 -0.001192994
v -0.002633547 -0.0001904724 -0.001202459
v -0.002638039 -0.00008897726 -0.001189807
v -0.002517142 -0.0003472478 -0.001256585
v -0.002567083 -0.0001849889 -0.001241055
v -0.00258415 -0.00049393 -0.001172183
v -0.002559278 -0.000103917 -0.001232729
v -0.002572386 0.000001147503 -0.001201909
v -0.002555053 0.0001077616 -0.001173837
v -0.002556711 0.0001826738 -0.001138953
v -0.002472461 -0.0003904219 -0.001262887
v -0.002508288 -0.0001567327 -0.00126753
v -0.002424164 -0.0004379803 -0.001260447
v -0.002433865 -0.000126364 -0.00129903
v -0.002417857 -0.00004241144 -0.001291308
v -0.002415596 0.00003628609 -0.001270362
v -0.00250992 -0.0005588582 -0.001158169
v -0.002510434 -0.0005073876 -0.00119303
v -0.002509467 -0.0004589547 -0.001220072
v -0.002484342 -0.00008880536 -0.001268183
v -0.002488551 -0.00001830233 -0.00124849
v -0.002470278 0.00008407803 -0.001224359
v -0.002472383 0.0001937065 -0.001174401
v -0.002328985 -0.0004573947 -0.001285081
v -0.002393275 0.00009823567 -0.001262218
v -0.002288164 0.0002763942 -0.001259533
v -0.002267577 0.0003414354 -0.001227461
v -0.00240801 -0.0005822147 -0.001171366
v -0.002430035 -0.0005084923 -0.001218115
v -0.002390178 0.000166034 -0.001235967
v -0.002362061 0.0002736633 -0.001194443
v -0.002236656 -0.0004982175 -0.001297072
v -0.002327305 0.0001278223 -0.00129519
v -0.002265238 0.0002430471 -0.001301385
v -0.002208868 0.0004030181 -0.001220799
v -0.002215917 -0.0005466925 -0.001267386
v -0.002266358 0.0001808563 -0.001326133
v -0.002310085 -0.0005441511 -0.00123327
v -0.002316384 0.0002128067 -0.00126766
v -0.002259381 0.0003839796 -0.001185826
v -0.002135753 -0.0005638662 -0.001283527
v -0.002138755 0.000453159 -0.001246449
v -0.002088821 0.0004896157 -0.001273352
v -0.002185975 -0.0007224847 -0.001094133
v -0.00204829 -0.0005973167 -0.001284127
v -0.002050278 0.0005196647 -0.001264775
v -0.002011546 -0.00063628 -0.001255976
v -0.001967621 0.0006831558 -0.001252517
v -0.002062044 -0.0006377973 -0.001233857
v -0.001935817 -0.0006531367 -0.001271158
v -0.002007937 0.0005449096 -0.001252639
v -0.001967621 0.0006831557 -0.001252517
v -0.001967621 0.000683156 -0.001252517
v -0.001938622 0.0005744421 -0.001269705
v -0.00196762 0.0006831558 -0.001252517
v -0.002001059 0.0005456456 -0.001194027
v -0.001967621 0.0006831558 -0.001252517
v -0.001830661 -0.0006946872 -0.001278265
v -0.001873149 0.0005951537 -0.00126477
v -0.001847392 0.0005846426 -0.001225677
v -0.001767374 0.0006831558 -0.001252517
v -0.00184815 -0.0007436409 -0.001208003
v -0.001897342 0.0005777535 -0.001214548
v -0.001732916 -0.0007214627 -0.001308571
v -0.001774364 0.0005688863 -0.001222483
v -0.001767374 0.0006831557 -0.001252517
v -0.001767374 0.000683156 -0.001252517
v -0.001712723 -0.0007969065 -0.001223497
v -0.001724077 -0.0007642403 -0.001261309
v -0.001708864 0.0005215376 -0.001188209
v -0.00163764 0.0006017986 -0.001327371
v -0.001767373 0.0006831558 -0.001252517
v -0.001787268 -0.0007796986 -0.00119669
v -0.001784115 -0.0007417427 -0.001248841
v -0.001767374 0.0006831558 -0.001252517
v -0.001648146 -0.0008205333 -0.00123001
v -0.001637286 0.0004916688 -0.001214791
v -0.001630741 0.0005910464 -0.001304613
v -0.001610075 0.0005966778 -0.001338933
v -0.001596375 0.0004271321 -0.00119487
v -0.001617852 0.000586197 -0.00131039
v -0.001622744 0.0005980932 -0.001315748
v -0.001545334 -0.0008395647 -0.001257735
v -0.001524674 0.0003907055 -0.001248922
v -0.00144461 0.0001123126 -0.001194978
v -0.001450921 -0.0008480195 -0.001243029
v -0.001395586 0.00007986378 -0.001257384
v -0.001436324 0.0001567983 -0.001229076
v -0.001483409 0.0003175593 -0.00125399
v -0.001393142 -0.00009057167 -0.001178703
v -0.001415496 0.0002016817 -0.001287661
v -0.001453825 0.0002572761 -0.001258472
v -0.001415097 -0.0001093159 -0.001138994
v -0.00146807 0.0002169743 -0.00121188
v -0.001495293 0.0002741761 -0.001206279
v -0.0013802 -0.0008339386 -0.001217856
v -0.001338988 -0.0001307966 -0.001229155
v -0.001372255 -0.00005776367 -0.001225309
v -0.001357179 0.00001408108 -0.00128584
v -0.001315344 -0.0007929771 -0.001243016
v -0.00126074 -0.0003204992 -0.001212075
v -0.001342581 -0.00003894395 -0.001278198
v -0.001349073 -0.0008161901 -0.001190016
v -0.001387393 -0.00001423885 -0.001225002
v -0.001268234 -0.0007442691 -0.001238552
v -0.001227341 -0.0003732232 -0.001244554
v -0.001263869 -0.0002759483 -0.001234495
v -0.001287436 -0.0001904102 -0.001263555
v -0.001240717 -0.0007085825 -0.001266789
v -0.001217543 -0.000642603 -0.001279447
v -0.00120113 -0.0005486832 -0.001279767
v -0.001213121 -0.0004462738 -0.001251785
v -0.001248673 -0.0002491962 -0.001281993
v -0.001255794 -0.0007043658 -0.001205432
v -0.001288332 -0.0002333398 -0.001226901
v -0.002700657 -0.0005018 -0.001109697
v -0.00270681 -0.0004405996 -0.001128187
v -0.00270936 -0.0003526553 -0.001145092
v -0.002709589 -0.0002492033 -0.001154662
v -0.002703083 -0.0001462189 -0.001157304
v -0.002750867 -0.0004814222 -0.001080113
v -0.002765979 -0.000398584 -0.001093556
v -0.002772271 -0.0003007538 -0.001103127
v -0.002768543 -0.0001938511 -0.001110069
v -0.002755149 -0.00007897496 -0.001111035
v -0.00275947 0.00002928755 -0.001085197
v -0.002750845 0.0001209368 -0.001061511
v -0.002653169 -0.000535758 -0.001118027
v -0.002691763 -0.00006841264 -0.001156843
v -0.002596066 -0.0004282444 -0.001203154
v -0.002649137 -0.00002205317 -0.001171906
v -0.002632978 0.00005034895 -0.001158176
v -0.002621756 0.000134911 -0.001130535
v -0.002698898 -0.000001549441 -0.001136745
v -0.002692273 0.00008385508 -0.001113328
v -0.002681777 0.0001690829 -0.001081243
v -0.002593077 -0.0005707944 -0.001122456
v -0.002596134 -0.0004466829 -0.001195278
v -0.002560382 -0.0004093177 -0.001221869
v -0.002607976 0.0002154754 -0.001094871
v -0.002549774 -0.0006078288 -0.001109916
v -0.002569743 -0.0004512632 -0.001204508
v -0.002597521 -0.0006161962 -0.001087519
v -0.002583817 -0.0004360907 -0.001207389
v -0.002480121 -0.000623866 -0.001114889
v -0.002525627 0.0002605293 -0.001106492
v -0.002446741 0.000277716 -0.001137067
v -0.002471241 0.0003186782 -0.001090515
v -0.002386752 -0.0006416916 -0.001124215
v -0.002402989 0.0003366603 -0.001112993
v -0.002323592 -0.0006059287 -0.001176865
v -0.002356888 -0.0006917589 -0.001079454
v -0.002222779 -0.0006021594 -0.00121295
v -0.002312458 0.000373583 -0.001139896
v -0.002212457 -0.0007256011 -0.001081229
v -0.002246232 0.000408445 -0.001156062
v -0.002257703 -0.0007059486 -0.001091096
v -0.002285943 -0.0006542114 -0.001140706
v -0.002266978 0.0004188646 -0.001106505
v -0.002172831 -0.0007420053 -0.001070725
v -0.002196498 -0.0007084705 -0.001108037
v -0.002121453 -0.0006217099 -0.001229302
v -0.002180791 0.0004497158 -0.00112906
v -0.002162433 -0.0007152573 -0.001109831
v -0.002095269 -0.0006534829 -0.001204236
v -0.002098889 0.0004930325 -0.001208415
v -0.002163471 -0.0006745697 -0.001156834
v -0.00203343 -0.0006798294 -0.00119788
v -0.002047269 0.0005252943 -0.001202398
v -0.002038218 0.0005268449 -0.001161575
v -0.002093767 -0.000729692 -0.00111299
v -0.002081666 0.0005002322 -0.001140318
v -0.001922717 -0.0007114361 -0.001209153
v -0.002019349 0.000522138 -0.001115547
v -0.001906913 -0.0007525543 -0.001164367
v -0.001948389 0.0005563539 -0.001170233
v -0.002025561 -0.0007764042 -0.00107302
v -0.001983748 -0.0007402988 -0.001143431
v -0.001952941 0.0005370643 -0.001088379
v -0.001942265 0.0005373672 -0.001058089
v -0.001859732 -0.0007744124 -0.001160582
v -0.001872505 0.000554395 -0.001148372
v -0.001835842 -0.0008012816 -0.001133064
v -0.001921987 -0.0007862875 -0.001107084
v -0.001748333 -0.0008233915 -0.001149541
v -0.001783679 0.0005259349 -0.001140279
v -0.001732807 0.0004999279 -0.001138069
v -0.001760512 0.0004775499 -0.001087861
v -0.001644964 -0.0008529036 -0.00115049
v -0.001679424 0.0004643579 -0.001145441
v -0.001632335 0.0004014097 -0.00113096
v -0.001696691 0.0004194553 -0.001079898
v -0.001541821 -0.0008663258 -0.001145633
v -0.001558496 0.0003370913 -0.001166341
v -0.001427302 -0.0001297833 -0.001109212
v -0.00149284 0.0001114042 -0.001121242
v -0.001493054 0.0001732991 -0.001150455
v -0.001524927 0.000249343 -0.001148282
v -0.001534404 0.0001165803 -0.001062006
v -0.00144335 -0.0008542355 -0.001127507
v -0.001387603 -0.0001382638 -0.001157122
v -0.001445476 -0.00008603998 -0.001109172
v -0.001438313 0.00004304908 -0.001175456
v -0.001376789 -0.0008271565 -0.001149796
v -0.001429261 -0.00003319582 -0.001156449
v -0.001338085 -0.0007857149 -0.001134188
v -0.001338657 -0.0001959746 -0.001182997
v -0.001290619 -0.0007267132 -0.001160906
v -0.001289767 -0.0003186958 -0.001168358
v -0.001304071 -0.0002690059 -0.00117884
v -0.001331195 -0.0003159214 -0.001114516
v -0.001354835 -0.0002421395 -0.001128352
v -0.001265965 -0.0006685829 -0.001155128
v -0.001265153 -0.0003797249 -0.001180266
v -0.001241482 -0.0006532549 -0.001205183
v -0.001236668 -0.0005749271 -0.00119759
v -0.001245639 -0.000479761 -0.001185822
v -0.001266639 -0.000602521 -0.001133253
v -0.001278932 -0.000514318 -0.001116565
v -0.001302179 -0.0004166015 -0.001108865
v -0.002791651 -0.0005284727 -0.001020188
v -0.002802819 -0.0004447568 -0.001047141
v -0.002829819 -0.0003540828 -0.00104119
v -0.002827183 -0.0002415279 -0.001055729
v -0.002822968 -0.0001354217 -0.001057898
v -0.002821702 -0.00002941049 -0.001045861
v -0.002825804 0.0000814825 -0.001015781
v -0.002877655 -0.0002733428 -0.0009977791
v -0.002874441 -0.0001777269 -0.001004199
v -0.002874843 -0.00008148418 -0.0009983293
v -0.002877686 0.00001182219 -0.0009825862
v -0.002879466 0.00007009741 -0.0009687752
v -0.002714145 -0.000555421 -0.001067734
v -0.002790572 0.0001536641 -0.001021835
v -0.002745569 0.0002026603 -0.001022619
v -0.002745766 -0.0005990299 -0.001015831
v -0.002792651 0.0001888273 -0.00100319
v -0.002647947 -0.0005934972 -0.00108237
v -0.002666451 0.0002512664 -0.001037685
v -0.002626976 -0.0006378703 -0.001055439
v -0.002685204 -0.0006248822 -0.001035566
v -0.002636787 0.000322432 -0.000999067
v -0.002557418 -0.0006550915 -0.001063142
v -0.002593087 0.0002894028 -0.001052446
v -0.002530789 0.0003386039 -0.001040733
v -0.002587284 0.0003351724 -0.001018643
v -0.002458716 -0.000684447 -0.001060215
v -0.002449962 0.0003707428 -0.001048334
v -0.002409476 -0.0007237686 -0.001027959
v -0.002469337 -0.0007310574 -0.001004695
v -0.002418116 0.0004190572 -0.0009951082
v -0.002336394 -0.000736476 -0.001030311
v -0.002375552 0.0003934439 -0.001064191
v -0.002316995 0.0004129476 -0.001072609
v -0.002352612 0.0004271661 -0.001017638
v -0.002381186 0.0004391273 -0.0009767606
v -0.002248904 -0.0007505299 -0.001034499
v -0.002277206 0.0004346318 -0.001037569
v -0.002190899 -0.0007737219 -0.001017089
v -0.00220289 0.0004432365 -0.001020322
v -0.002116398 -0.0007771471 -0.001036025
v -0.002101005 0.0004642694 -0.001033324
v -0.002058494 -0.0008033011 -0.001013602
v -0.002004012 0.0004972579 -0.001033396
v -0.001955251 0.0005221744 -0.001038469
v -0.002108349 -0.000809056 -0.0009833941
v -0.002110046 0.0004246272 -0.0009470406
v -0.001981237 -0.0008153688 -0.001024988
v -0.001935477 0.0005324699 -0.001045766
v -0.001914406 0.0005361341 -0.001070469
v -0.001918524 0.0005121735 -0.001027481
v -0.001862821 -0.0008324172 -0.001054882
v -0.001850116 0.0005124307 -0.001070561
v -0.001816599 0.0004698364 -0.001031731
v -0.001873476 0.0004804546 -0.001007487
v -0.001747942 -0.0008624266 -0.001055953
v -0.001763512 0.0004302297 -0.001028412
v -0.001710111 0.0003768723 -0.001023946
v -0.001641636 -0.0008835462 -0.001049734
v -0.001640655 0.000355329 -0.0010799
v -0.001558349 0.00009824493 -0.001023756
v -0.001631751 0.0001940924 -0.0009748713
v -0.001533362 -0.0008902249 -0.001020678
v -0.001512749 0.00006885349 -0.001076787
v -0.001574151 0.0001469938 -0.001021206
v -0.001591065 0.0002845468 -0.001083
v -0.001474716 -0.0001390831 -0.001038175
v -0.001537357 0.0001588571 -0.001076412
v -0.001555114 0.0002161268 -0.00108343
v -0.001567753 -0.0009180924 -0.0009410335
v -0.001580778 0.0001915921 -0.001033237
v -0.001612809 0.0002415748 -0.001023907
v -0.001448932 -0.0008578171 -0.001024424
v -0.001403598 -0.0001860854 -0.001102642
v -0.001492521 -0.00007004277 -0.001051557
v -0.001489487 0.000008526224 -0.00108887
v -0.001389037 -0.0008158108 -0.001060646
v -0.001378568 -0.0003041865 -0.001056228
v -0.001390318 -0.0002572467 -0.001071644
v -0.0014753 -0.00004036178 -0.001089405
v -0.001425406 -0.000293591 -0.001002615
v -0.001438273 -0.0002167053 -0.001036874
v -0.00151436 -0.00002540757 -0.001041038
v -0.001349609 -0.0007654796 -0.001050081
v -0.001362859 -0.0003598201 -0.001045901
v -0.001322952 -0.00072026 -0.001069533
v -0.001301432 -0.000642202 -0.001076273
v -0.001304206 -0.0005541266 -0.001062705
v -0.001340108 -0.0004595253 -0.001030062
v -0.001344934 -0.0007234826 -0.001004482
v -0.001399468 -0.0003816604 -0.0009795759
v -0.00292068 -0.0002958005 -0.0009404841
v -0.002918846 -0.0002019201 -0.0009442511
v -0.002912815 -0.0001208511 -0.0009517147
v -0.002926273 -0.00003088976 -0.0009273494
v -0.002923212 0.0000602691 -0.0009184377
v -0.002967927 -0.0004020823 -0.0008716513
v -0.00296001 -0.0003176338 -0.000885407
v -0.002952738 0.00002790662 -0.0008901148
v -0.002951392 0.00005516851 -0.0008903847
v -0.002883113 -0.0003540069 -0.0009826515
v -0.002880045 0.0001224939 -0.0009441215
v -0.002797839 -0.0006103666 -0.0009676625
v -0.002849909 -0.0005407699 -0.0009610004
v -0.002858666 -0.0004461191 -0.0009875821
v -0.00282797 0.0001649995 -0.0009814709
v -0.002871546 -0.0006873349 -0.0008770449
v -0.002872629 -0.000611387 -0.0009088121
v -0.00291716 -0.0004940539 -0.0009113423
v -0.002919248 -0.0003872881 -0.0009323106
v -0.002864834 0.0002046975 -0.0009101904
v -0.002857999 0.0002624359 -0.0008628484
v -0.002725554 -0.0006603387 -0.0009809507
v -0.002797686 0.0002236082 -0.0009675468
v -0.002726715 0.0002949975 -0.0009533571
v -0.00278723 -0.000705204 -0.0009111157
v -0.002811812 0.0002647234 -0.0009102585
v -0.002634225 -0.0006839918 -0.001004767
v -0.002654043 0.0003641916 -0.0009437753
v -0.002691199 -0.0007874789 -0.000889817
v -0.002689346 -0.0007212468 -0.0009461769
v -0.002623071 0.0004169998 -0.0009060234
v -0.00262332 0.0004455032 -0.0008727923
v -0.002540217 -0.0007132158 -0.00100668
v -0.002584975 0.0003765989 -0.0009742017
v -0.002511098 -0.0007567506 -0.000964998
v -0.002500191 0.0003981038 -0.0009840945
v -0.002604328 -0.000814829 -0.0008860308
v -0.002599983 -0.0007566101 -0.0009434005
v -0.002553659 0.000423694 -0.0009226118
v -0.002593635 0.0004426959 -0.0008840961
v -0.002419551 -0.000771184 -0.0009651064
v -0.002460146 0.0004290217 -0.0009254905
v -0.002406933 0.0004400441 -0.0009563753
v -0.002518819 -0.0008051408 -0.0009076064
v -0.002320567 -0.000774115 -0.0009812081
v -0.002382068 0.0004444294 -0.0009570261
v -0.002347576 0.0004364316 -0.0009660387
v -0.002394085 0.0004377006 -0.0009369387
v -0.002249443 -0.0007961427 -0.0009628286
v -0.002273515 0.0004270862 -0.0009582902
v -0.002269125 -0.0008293844 -0.0008983563
v -0.002167413 -0.0008018704 -0.0009765675
v -0.002182661 0.0004230254 -0.0009498311
v -0.002138285 -0.0008256371 -0.0009395187
v -0.002145331 0.0004005532 -0.0009113546
v -0.002202091 -0.0008267071 -0.0009176789
v -0.002190644 0.0003869556 -0.0008931003
v -0.00206293 -0.0008333946 -0.0009497316
v -0.002098751 0.000393986 -0.0009043808
v -0.002022769 0.0004264991 -0.0009446141
v -0.00196277 0.0004854093 -0.000994491
v -0.001957083 -0.0008521655 -0.0009529883
v -0.001920451 0.0004799558 -0.0009869172
v -0.001893494 0.000451396 -0.0009682908
v -0.001954773 0.0003445742 -0.0008755511
v -0.001954126 0.0004076347 -0.0009229808
v -0.001942629 0.0004459587 -0.0009544882
v -0.001847805 -0.0008725654 -0.0009610783
v -0.00183033 0.0004292588 -0.0009810454
v -0.001861385 0.0002647922 -0.0008492132
v -0.001861001 0.0003342161 -0.0008955779
v -0.001891883 0.0003992644 -0.000930417
v -0.001743034 -0.0008939229 -0.0009619246
v -0.001767126 0.0003906643 -0.0009865786
v -0.001678476 0.0001994239 -0.0009297482
v -0.001732772 0.0003458358 -0.000977669
v -0.001739828 0.0002065329 -0.0008884449
v -0.001796705 0.000291966 -0.0008999683
v -0.001800433 0.0003567646 -0.0009410857
v -0.001643663 -0.0009131171 -0.0009446053
v -0.001663962 0.0001635051 -0.0009292509
v -0.001685723 0.0002290963 -0.0009390435
v -0.001666198 0.0003074317 -0.00101198
v -0.001607607 -0.0009315037 -0.0008824753
v -0.001609134 0.0001221257 -0.000971313
v -0.001662518 0.0002528169 -0.0009752865
v -0.001653305 -0.00006158083 -0.0008469358
v -0.00166942 0.000090578 -0.0008952935
v -0.001724948 0.0002861946 -0.0009439363
v -0.001545436 -0.0009232234 -0.0008875646
v -0.001564964 0.00003620654 -0.0009964934
v -0.001521101 -0.0009084179 -0.0009445
v -0.001485025 -0.0002815219 -0.0009362011
v -0.00148677 -0.0002184169 -0.0009751952
v -0.001542763 -0.0001539871 -0.0009430784
v -0.001545713 -0.00006515054 -0.000980883
v -0.001511692 -0.0003216201 -0.0008750844
v -0.001601937 -0.00009857419 -0.0008957462
v -0.001623637 -0.00001215004 -0.0009024771
v -0.001475954 -0.0008799966 -0.0009517342
v -0.001450358 -0.0003458528 -0.0009331391
v -0.001418065 -0.0008223196 -0.000942897
v -0.001372118 -0.000763511 -0.0009780023
v -0.001423846 -0.0003948655 -0.0009329121
v -0.001498476 -0.0009032854 -0.0008959171
v -0.001451562 -0.0004112882 -0.0008797204
v -0.001362013 -0.0006961751 -0.0009357081
v -0.001394072 -0.0004467324 -0.0009458415
v -0.001337808 -0.0006600998 -0.0009928285
v -0.001351997 -0.0005519534 -0.0009712827
v -0.001404094 -0.0004889083 -0.0008941712
v -0.003012309 -0.0003954548 -0.0008192911
v -0.003001151 -0.0003253059 -0.000828906
v -0.002969242 0.00003375619 -0.0008603294
v -0.002963039 0.00005258382 -0.0008715442
v -0.00303003 -0.0006066386 -0.0007873823
v -0.003041926 -0.0005149933 -0.0007872389
v -0.002991886 -0.000482838 -0.0008392163
v -0.002988813 -0.0002579659 -0.0008405224
v -0.002965627 -0.000006423844 -0.0008625535
v -0.002953402 0.00007623107 -0.0008747148
v -0.002905917 -0.0007025536 -0.0008509547
v -0.002923979 -0.000652757 -0.0008590997
v -0.002948168 -0.0005725455 -0.0008642224
v -0.002958466 -0.0002269805 -0.0008847314
v -0.002960888 -0.0001055754 -0.0008705691
v -0.002939317 0.0001407911 -0.0008502175
v -0.002911014 0.0002278203 -0.0008341558
v -0.002961821 -0.0007080779 -0.0008126567
v -0.002974365 -0.0006219712 -0.000831478
v -0.002999066 -0.0005611907 -0.0008240848
v -0.002997049 -0.0001744864 -0.0008138915
v -0.003003581 -0.00008759173 -0.0007827115
v -0.002977567 0.00002608894 -0.0008361826
v -0.002971614 0.00006527702 -0.0008358078
v -0.002953696 0.000208243 -0.000784828
v -0.002931455 0.0002484731 -0.0007826015
v -0.002860908 -0.000752776 -0.0008494602
v -0.002884841 0.0002754346 -0.000806244
v -0.002869788 -0.0008897247 -0.0007814357
v -0.002905957 -0.0008103753 -0.0008032982
v -0.002776579 -0.0007898036 -0.000863101
v -0.00279328 0.0003151031 -0.0008430137
v -0.002729752 -0.0008424089 -0.0008422268
v -0.002688296 0.0003805573 -0.0008811091
v -0.002648082 0.0004299385 -0.0008706339
v -0.002798941 -0.0009165162 -0.0007854027
v -0.002809951 -0.0008474169 -0.000819289
v -0.002787895 0.0003264697 -0.0007560331
v -0.002643906 -0.0008656954 -0.0008357696
v -0.002633284 0.0004426713 -0.0008544408
v -0.00272491 -0.0009079163 -0.0007993666
v -0.002723044 0.00033677 -0.0007327815
v -0.002693965 0.0003743235 -0.0008037009
v -0.002658898 0.0004187893 -0.0008470978
v -0.002562352 -0.0008503482 -0.0008551478
v -0.002606077 0.0004474302 -0.0008602778
v -0.002551937 0.0004351273 -0.0008700054
v -0.00258635 -0.001025819 -0.0006947023
v -0.00261716 0.000424279 -0.0008331019
v -0.002489349 -0.0008565221 -0.0008481645
v -0.002478756 0.0004191922 -0.0008632939
v -0.002436061 -0.0008217545 -0.0008944809
v -0.002459884 -0.0008966704 -0.0007925075
v -0.002429549 0.0003168493 -0.0007658437
v -0.002344783 -0.0008154931 -0.0009119817
v -0.002375412 0.0004087585 -0.000889592
v -0.002310468 -0.0008565832 -0.0008418313
v -0.002362888 -0.0008970425 -0.000771329
v -0.002401714 -0.0008576839 -0.0008426654
v -0.002376088 0.0002655205 -0.0007389122
v -0.002356938 0.0003141311 -0.0007879538
v -0.002397578 0.0003573973 -0.0008149855
v -0.002235767 -0.0008511351 -0.0008593657
v -0.002258879 0.000393109 -0.0008944322
v -0.002223207 0.000345239 -0.0008454738
v -0.002313133 0.0002263493 -0.0007224058
v -0.00227352 0.000280787 -0.0007790097
v -0.002313259 0.0003512955 -0.0008353159
v -0.002151209 -0.0008540776 -0.0008704476
v -0.002147351 0.0003619198 -0.0008684074
v -0.002046778 -0.0008680675 -0.0008652885
v -0.002068724 0.000344189 -0.0008580388
v -0.002018176 0.0002969615 -0.0008205643
v -0.00207766 0.0002823414 -0.0008004867
v -0.001940588 -0.0008846079 -0.0008645424
v -0.001956817 0.0002623002 -0.0008062926
v -0.00190033 0.0002076884 -0.0007840499
v -0.001834891 -0.0009010451 -0.0008742967
v -0.00182436 0.0001914599 -0.0008171579
v -0.001744301 -0.0009176726 -0.0008746733
v -0.001767804 0.0001277988 -0.000819832
v -0.001701695 -0.00008330875 -0.000785987
v -0.001726692 0.00004916319 -0.0008118175
v -0.001732497 -0.0001143782 -0.0007431769
v -0.001677881 -0.0009329724 -0.0008552303
v -0.001648745 -0.0001291988 -0.0008291861
v -0.001686672 -0.00003413548 -0.0008167065
v -0.001673331 0.0000237265 -0.0008556257
v -0.00164082 -0.0009415686 -0.0008226442
v -0.001563061 -0.0003280337 -0.0008089716
v -0.001664115 -0.00001563571 -0.0008488605
v -0.001688635 -0.0009432812 -0.0007948925
v -0.001693821 0.000002321178 -0.0008220898
v -0.001585381 -0.0009354146 -0.0008155659
v -0.001512923 -0.0003784951 -0.0008244635
v -0.001567882 -0.0002772471 -0.0008439572
v -0.001596205 -0.0001740837 -0.0008705124
v -0.001483143 -0.000448623 -0.0007939549
v -0.001542455 -0.0002358398 -0.0008984248
v -0.001594715 -0.0002313137 -0.0008433044
v -0.001512979 -0.0009108376 -0.0008154348
v -0.001434506 -0.0004749662 -0.0008461377
v -0.001456703 -0.0008656626 -0.0008576957
v -0.001418994 -0.0008039856 -0.0008418958
v -0.001392544 -0.0007391572 -0.0008732331
v -0.001412413 -0.0005077383 -0.0008560237
v -0.001468642 -0.0008785958 -0.00077682
v -0.001428793 -0.0005243468 -0.0008139021
v -0.001381843 -0.0006631576 -0.0008650813
v -0.001390862 -0.0005475871 -0.0008776527
v -0.0013668 -0.000619546 -0.0009103628
v -0.001397693 -0.0005985504 -0.0008342691
v -0.003092989 -0.0006125115 -0.0007293898
v -0.00308221 -0.000540918 -0.0007437591
v -0.00316201 -0.0007133901 -0.000660206
v -0.003150536 -0.0006265199 -0.0006723456
v -0.003128673 -0.0003996265 -0.0006733918
v -0.00304215 -0.0006778867 -0.0007662462
v -0.003090017 -0.0004631889 -0.0007333471
v -0.003022164 -0.0007406648 -0.0007672856
v -0.003046437 -0.0004300622 -0.0007813826
v -0.00304904 -0.0003325377 -0.0007643552
v -0.003025045 -0.0002409124 -0.0007794954
v -0.003039857 -0.0001274928 -0.0007152808
v -0.002973557 0.0002021948 -0.0007351243
v -0.002954863 0.0002372227 -0.000738254
v -0.003105229 -0.0008079638 -0.0006890689
v -0.003090221 -0.0007136228 -0.0007212317
v -0.003084038 -0.0003885719 -0.0007312301
v -0.003096665 -0.0003193852 -0.0006925255
v -0.003064346 -0.0001202221 -0.0006592316
v -0.002975726 -0.0007873668 -0.0007804558
v -0.003019799 -0.00004309936 -0.0007257862
v -0.002972662 0.0001679941 -0.0007690258
v -0.002918929 0.0002697082 -0.0007483517
v -0.00291236 -0.0009274347 -0.0007468656
v -0.002951289 -0.00085822 -0.0007639866
v -0.002991324 0.000008577455 -0.0007829757
v -0.002981144 0.0001088789 -0.0007696412
v -0.002985664 -0.0009895115 -0.0006806586
v -0.00300527 -0.0009075518 -0.0007120764
v -0.003028085 -0.0008053804 -0.0007421893
v -0.003015997 0.00001514245 -0.0006870697
v -0.002940884 0.0002531857 -0.0007026805
v -0.002836224 -0.0009555055 -0.0007544032
v -0.002860592 0.000298721 -0.0007608279
v -0.002844182 0.0003000126 -0.0007088596
v -0.002891302 -0.001234313 -0.0005914404
v -0.002891791 -0.001004967 -0.0007055548
v -0.002898882 0.0002772668 -0.0007012976
v -0.002753155 -0.0009634738 -0.0007607969
v -0.002785062 0.0003060286 -0.0006869403
v -0.002782514 -0.001070073 -0.0006809987
v -0.002787828 -0.001005721 -0.0007272125
v -0.002697775 -0.0009592754 -0.000765293
v -0.002688805 0.0003042867 -0.0006713812
v -0.002608669 -0.001034189 -0.000690132
v -0.00264015 -0.0009393009 -0.000775151
v -0.002643122 0.0003524741 -0.0007477989
v -0.002616355 0.0003908442 -0.0007931402
v -0.002672877 -0.001014393 -0.0007164642
v -0.00257272 -0.001035901 -0.0006718359
v -0.002596962 -0.001013749 -0.00070751
v -0.002550412 -0.0009025156 -0.0007995502
v -0.002545072 0.0004045596 -0.0008172273
v -0.002566264 -0.001013374 -0.0006958598
v -0.002502338 -0.0009275107 -0.0007627399
v -0.002481059 0.0003119693 -0.0007424674
v -0.002549346 -0.0009722391 -0.0007248276
v -0.002551278 0.0003155188 -0.0007188113
v -0.002574271 0.0003694606 -0.0007702842
v -0.002446223 -0.0009351546 -0.0007325959
v -0.002461195 0.0002826234 -0.0007221948
v -0.002485233 0.0003333586 -0.0007591177
v -0.002460339 0.0003885462 -0.0008241062
v -0.002430577 0.0002411308 -0.0006925561
v -0.002456037 0.0003538439 -0.0007883013
v -0.002502978 0.0002519911 -0.0006633792
v -0.002511828 0.0003638465 -0.0007789069
v -0.002357574 -0.0009351573 -0.0006917005
v -0.002373519 0.0002110882 -0.0006846078
v -0.002313856 -0.0009094981 -0.0007324181
v -0.002242908 -0.0008881761 -0.0007725472
v -0.002305982 0.0001785614 -0.0006719027
v -0.002238315 0.000210133 -0.0007218299
v -0.002211597 0.0002514166 -0.0007644825
v -0.002287717 -0.0009187208 -0.0007001724
v -0.002236216 0.0001506588 -0.0006588952
v -0.00226799 0.0002325999 -0.0006517788
v -0.002267993 0.0002326103 -0.0006517799
v -0.002127495 -0.0008832554 -0.0007949107
v -0.002160452 0.0002909609 -0.0008025063
v -0.002108226 0.0002322191 -0.0007539231
v -0.00218679 0.0001239168 -0.0006386314
v -0.002152128 0.000170201 -0.0006915763
v -0.002174421 0.0002296669 -0.0007480273
v -0.002039657 -0.0008988893 -0.000765526
v -0.002031401 0.0002437526 -0.0007722244
v -0.002084523 -0.0009170658 -0.000679682
v -0.001915768 -0.0009126059 -0.0007724448
v -0.001974687 0.0002054815 -0.0007517269
v -0.001929472 0.0001696448 -0.0007384603
v -0.002004787 -0.0009218328 -0.0006851532
v -0.00197924 0.0001634038 -0.0007136035
v -0.001818006 -0.0009203821 -0.0008086941
v -0.001859153 0.0001414178 -0.0007585528
v -0.001762765 -0.0001430837 -0.0006996353
v -0.001844547 -0.00002124412 -0.0006692335
v -0.001752686 -0.0009353941 -0.0007912853
v -0.001699267 -0.0001599181 -0.0007609744
v -0.001768727 -0.00006992339 -0.0007213913
v -0.001799303 0.00007853473 -0.000760563
v -0.001724679 -0.0009470742 -0.0007448071
v -0.001730844 -0.00001564605 -0.0007776929
v -0.001769747 0.00002886709 -0.0007579036
v -0.001779644 -0.0009447404 -0.0007196228
v -0.001732646 -0.0002158168 -0.0006956257
v -0.00178462 -0.000007868119 -0.0007278564
v -0.001820035 0.00003388079 -0.0007157471
v -0.0016579 -0.0009470946 -0.000744271
v -0.0016399 -0.0001995094 -0.0008090974
v -0.001606309 -0.000333849 -0.0007509664
v -0.001619302 -0.0002717416 -0.0007885739
v -0.001672975 -0.000356752 -0.0006425726
v -0.001677729 -0.0002992814 -0.0006970718
v -0.001674967 -0.0002302519 -0.0007525708
v -0.001569199 -0.0009290897 -0.0007142045
v -0.00155281 -0.0003865097 -0.0007624353
v -0.001499642 -0.0009002338 -0.0007336129
v -0.00147107 -0.0005211625 -0.000731864
v -0.001536328 -0.000450453 -0.0007019605
v -0.001612421 -0.0003807353 -0.0006862932
v -0.001464729 -0.0008636468 -0.000705922
v -0.001428313 -0.000580017 -0.0007704445
v -0.001436733 -0.0008246716 -0.0007617145
v -0.001415113 -0.0007501057 -0.0007731582
v -0.001410022 -0.0006605387 -0.0007835894
v -0.003208594 -0.0007092481 -0.0006089939
v -0.003199713 -0.0006428351 -0.0006125425
v -0.003152493 -0.0004007106 -0.0006461801
v -0.003227198 -0.0007459362 -0.0005867784
v -0.003179691 -0.0007742755 -0.0006369831
v -0.003185641 -0.000569661 -0.0006240039
v -0.003154818 -0.0004213288 -0.0006419501
v -0.003152967 -0.0003844668 -0.0006326549
v -0.003142857 -0.000840042 -0.0006513937
v -0.003142511 -0.0005045976 -0.0006685539
v -0.003134248 -0.0003224051 -0.0006227806
v -0.003081054 -0.0001310636 -0.0006130453
v -0.003143963 -0.0008919472 -0.000580899
v -0.003185227 -0.0008208549 -0.0006041084
v -0.003191208 -0.0005055575 -0.000593377
v -0.003161469 -0.0004016591 -0.000627948
v -0.003090026 -0.0008846396 -0.0006739802
v -0.003103025 -0.0002523445 -0.0006480836
v -0.003070682 -0.0001569786 -0.0006680471
v -0.003057819 -0.0000797795 -0.0006356959
v -0.003014162 -0.001002358 -0.0006530709
v -0.003049699 -0.0009503983 -0.0006637002
v -0.003069265 -0.000229747 -0.0007031681
v -0.003035794 -0.00003371089 -0.0006593707
v -0.002966464 0.0002153857 -0.0006816363
v -0.003054257 -0.0009917542 -0.0006027865
v -0.003117987 -0.0008999708 -0.0006335648
v -0.003089751 -0.0001928072 -0.0006422265
v -0.003045908 -0.00002439329 -0.000596407
v -0.002948981 -0.00105739 -0.0006465437
v -0.00301825 0.00003824808 -0.0005962241
v -0.002984704 0.0001626902 -0.0007084871
v -0.002927988 0.0002460834 -0.000651347
v -0.0028961 -0.00123359 -0.0005782107
v -0.002997278 0.00009288541 -0.0006742137
v -0.002954996 -0.00112265 -0.0005783261
v -0.002881327 -0.001243108 -0.0005824676
v -0.002900828 -0.001204528 -0.0005869002
v -0.002860803 -0.001088601 -0.0006626705
v -0.002860007 0.0002721045 -0.0006422465
v -0.002877884 -0.00122481 -0.0005915816
v -0.002813725 -0.001120618 -0.0006477598
v -0.002858616 -0.001163659 -0.0006090079
v -0.002748856 -0.001140157 -0.0006201838
v -0.002779964 0.0002769257 -0.0006153267
v -0.002697011 -0.001086616 -0.0006589146
v -0.00261437 -0.00107239 -0.0006436911
v -0.002711035 0.0002670025 -0.0005917837
v -0.002667112 -0.001121386 -0.0006163163
v -0.002536413 -0.0010501 -0.0006232784
v -0.00261098 0.0002589221 -0.0006113136
v -0.002524598 -0.0010129 -0.0006663809
v -0.002522931 0.0002134747 -0.0005861316
v -0.002440002 -0.0009803612 -0.0006533422
v -0.002442384 0.0002069015 -0.0006388011
v -0.002482397 -0.001022544 -0.0006190217
v -0.002361545 -0.0009618917 -0.000634851
v -0.002375396 0.0001671046 -0.0006217385
v -0.002298201 0.000125698 -0.0006016874
v -0.002267988 0.0002325982 -0.0006517788
v -0.002267992 0.0002326086 -0.0006517798
v -0.002284264 -0.0009463235 -0.0006260366
v -0.002231022 0.0001122115 -0.0006135656
v -0.002267987 0.0002325913 -0.0006517779
v -0.002267992 0.0002326121 -0.0006517802
v -0.002234836 -0.0009172519 -0.0006875427
v -0.002267988 0.000232593 -0.000651778
v -0.002267991 0.0002326034 -0.0006517791
v -0.002267988 0.0002325947 -0.0006517782
v -0.00226799 0.0002326051 -0.0006517795
v -0.002153884 -0.0009079054 -0.0007089982
v -0.002188402 0.00009253318 -0.0005975761
v -0.002141233 -0.000926978 -0.0006377478
v -0.002120367 0.0001047348 -0.0006256411
v -0.002095689 0.0001436947 -0.0006703958
v -0.002200497 -0.0009290011 -0.0006412744
v -0.002079242 -0.0009347479 -0.0006131686
v -0.00205078 0.0001776875 -0.0007101742
v -0.002004766 0.0001357714 -0.0006819941
v -0.002058542 0.00004895513 -0.0005840884
v -0.002059456 0.00009138497 -0.0006254731
v -0.002055908 0.0001237212 -0.000657567
v -0.001979418 -0.0009427316 -0.0006045606
v -0.001936614 0.0001215736 -0.0006980518
v -0.001927207 -0.0009300716 -0.0006868673
v -0.001907458 -0.00001960175 -0.0006173755
v -0.001964403 0.00001938339 -0.0006059073
v -0.002000286 0.00008706529 -0.0006423111
v -0.001844267 -0.0009334314 -0.000727899
v -0.001884154 -0.0000600284 -0.0006151767
v -0.001900342 0.00001645173 -0.0006439725
v -0.001865991 0.00008057133 -0.0007096151
v -0.001828856 -0.0009476872 -0.0006656058
v -0.001810204 -0.0001876988 -0.0006249563
v -0.001832816 -0.0001046236 -0.0006436855
v -0.001868946 0.00003579538 -0.0006777943
v -0.00189147 -0.0009425911 -0.0006497722
v -0.001862328 -0.0001883618 -0.0005661453
v -0.001921816 0.00006167618 -0.0006604192
v -0.001754573 -0.000954478 -0.0006615548
v -0.001764271 -0.0002639554 -0.0006246236
v -0.001694939 -0.0003723936 -0.0005840091
v -0.001726373 -0.0003266959 -0.0006115922
v -0.0016634 -0.0009517607 -0.0006319018
v -0.001645622 -0.000393815 -0.0006163013
v -0.001587056 -0.0009287531 -0.0005918854
v -0.00158993 -0.0004392934 -0.0006155206
v -0.001510354 -0.0008885941 -0.0006438202
v -0.00151329 -0.0005305711 -0.0006185677
v -0.001465818 -0.0008441232 -0.0006416711
v -0.001450026 -0.0006005025 -0.0007006256
v -0.001443017 -0.0008131812 -0.0006749842
v -0.00142883 -0.0007684635 -0.0007030313
v -0.001433531 -0.0006914268 -0.000686453
v -0.001454435 -0.0008042228 -0.0006167799
v -0.001465279 -0.0006251392 -0.0006280983
v -0.003243973 -0.0007469759 -0.0005690402
v -0.003227483 -0.0007734387 -0.0005722708
v -0.003245011 -0.0007256732 -0.000560962
v -0.003150664 -0.0008768427 -0.0005254555
v -0.003196547 -0.0008079906 -0.0005417024
v -0.003234009 -0.0006674692 -0.0005326492
v -0.003216474 -0.0005702281 -0.0005596216
v -0.003235001 -0.0007419375 -0.0005437213
v -0.003249271 -0.000614626 -0.0004628372
v -0.003112748 -0.000937241 -0.0005551793
v -0.003213009 -0.0004824012 -0.0005208872
v -0.003076576 -0.0009804867 -0.000543525
v -0.003172502 -0.0004050061 -0.0005825337
v -0.003151761 -0.0003008245 -0.0005463402
v -0.003114459 -0.00021174 -0.0005707529
v -0.003088483 -0.0001213527 -0.0005401957
v -0.00306521 -0.00006583286 -0.0005665536
v -0.003104975 -0.000928468 -0.0005039735
v -0.003020213 -0.001042789 -0.0005301273
v -0.003036408 -0.000003450273 -0.0005251354
v -0.002970936 -0.001114495 -0.0005295738
v -0.002953421 0.00021183 -0.0006194834
v -0.003063587 -0.0009831951 -0.0005052723
v -0.003069394 -0.0009494428 -0.0004687764
v -0.002948933 -0.00115379 -0.0005440627
v -0.002991793 0.00006632593 -0.0004867433
v -0.002978423 0.0001692729 -0.00063229
v -0.002905663 0.0002265612 -0.0005760494
v -0.002911734 -0.00120479 -0.0005365103
v -0.002975934 0.0001275081 -0.0005552798
v -0.002946931 -0.001148258 -0.0005116718
v -0.002953223 0.000186394 -0.0005737676
v -0.002883648 -0.001242555 -0.000562193
v -0.002837493 0.0002505804 -0.0005706642
v -0.002846963 -0.001241376 -0.0005574777
v -0.002871065 -0.001251812 -0.0005282764
v -0.002758804 -0.001218629 -0.0005447587
v -0.002773043 0.000247323 -0.0005415834
v -0.002794208 -0.001262716 -0.000503364
v -0.0026632 -0.00117172 -0.0005577967
v -0.00268957 0.0002382017 -0.0005291143
v -0.002615829 -0.001124207 -0.0005869058
v -0.002549245 -0.001100497 -0.0005646769
v -0.002603569 0.0002153618 -0.0005221037
v -0.002526687 0.0001791259 -0.0005086187
v -0.002592432 -0.001148355 -0.0005423153
v -0.002479139 -0.00105502 -0.0005647069
v -0.002450926 0.00017039 -0.0005672435
v -0.002433691 -0.001016365 -0.0005846843
v -0.002361993 -0.000989226 -0.0005739913
v -0.00238102 0.0001268035 -0.0005469102
v -0.002312866 0.00008233811 -0.0005190585
v -0.002280275 -0.000976117 -0.0005372057
v -0.002239604 0.0000814726 -0.0005616471
v -0.002183631 -0.0009522181 -0.0005591425
v -0.002157884 0.00004988017 -0.0005449783
v -0.002086583 -0.000002183943 -0.0005107383
v -0.002077504 -0.000954604 -0.0005272547
v -0.002017076 -0.000008866403 -0.0005481413
v -0.001994487 -0.0009596567 -0.0005135108
v -0.001947392 -0.00005595704 -0.0005623088
v -0.001888816 -0.000194312 -0.0005244839
v -0.001936917 -0.0001560548 -0.0004902917
v -0.001968696 -0.0001013822 -0.0005032177
v -0.001879216 -0.0009587244 -0.0005660403
v -0.00183924 -0.0002355656 -0.0005489439
v -0.001896524 -0.0001637405 -0.0005422315
v -0.001890771 -0.00009858923 -0.0005894209
v -0.001869456 -0.0001460848 -0.0005853737
v -0.001918973 -0.0001217372 -0.0005445729
v -0.001762549 -0.0009650033 -0.0005445734
v -0.001788214 -0.0003003365 -0.000552598
v -0.001713734 -0.0003801546 -0.0005270026
v -0.001747548 -0.000348105 -0.0005468767
v -0.001756777 -0.0003601431 -0.0004845953
v -0.001791459 -0.0003268573 -0.0004996846
v -0.001670422 -0.0009537109 -0.0005174724
v -0.001653383 -0.0004136824 -0.0005379933
v -0.001598947 -0.0009227846 -0.0004892689
v -0.001581354 -0.0004692231 -0.0005232712
v -0.00153882 -0.000885361 -0.0005401248
v -0.001486969 -0.0008260129 -0.0005707006
v -0.001494349 -0.0006266633 -0.0005416478
v -0.001538372 -0.0005255233 -0.0005146065
v -0.001557721 -0.0008833961 -0.0004665137
v -0.001563849 -0.0004832165 -0.0004870239
v -0.001462769 -0.0007686646 -0.000576903
v -0.001455409 -0.000681432 -0.0006079044
v -0.001443404 -0.0007506139 -0.0006306026
v -0.001464561 -0.0007135295 -0.0005701427
v -0.003253114 -0.0006145842 -0.0004411646
v -0.003233931 -0.0006397053 -0.0004383622
v -0.00324945 -0.0005955824 -0.0004353512
v -0.003167639 -0.0008136262 -0.0004755759
v -0.00320533 -0.0007280954 -0.000469326
v -0.003235583 -0.0005563957 -0.0004612657
v -0.003247583 -0.000608549 -0.0004250484
v -0.003221573 -0.0004053193 -0.0003557605
v -0.003134788 -0.0008685519 -0.0004763796
v -0.003223315 -0.0004535141 -0.000433836
v -0.003204593 -0.0004103866 -0.0004862685
v -0.00317863 -0.0003332531 -0.0004664787
v -0.003141826 -0.0002483643 -0.0004822883
v -0.003103495 -0.0001590934 -0.0004599494
v -0.003063733 -0.0000668145 -0.0004860247
v -0.003133221 -0.0008305096 -0.000434198
v -0.003145947 -0.0007628503 -0.00039374
v -0.003210088 -0.0003871318 -0.0004235814
v -0.003196231 -0.0003433337 -0.0003766981
v -0.003089367 -0.0008851652 -0.0004298638
v -0.003011733 -0.000001035151 -0.0004237304
v -0.003025543 -0.000998414 -0.0004611334
v -0.003046521 -0.0009404951 -0.0004278366
v -0.003106165 -0.0008176849 -0.0003869533
v -0.003092756 -0.0001591021 -0.00037268
v -0.003057694 -0.00008757682 -0.0003996431
v -0.00296948 -0.001077834 -0.0004601131
v -0.002948232 0.00007363541 -0.0003944878
v -0.002875673 -0.001246207 -0.0004905647
v -0.002892955 -0.001213793 -0.0004702388
v -0.002921809 -0.001161764 -0.000465377
v -0.002933823 0.0001324737 -0.0004427495
v -0.002920255 0.0001813619 -0.0005071288
v -0.002988615 -0.001013473 -0.0004188435
v -0.003005499 -0.0009627152 -0.0003933069
v -0.002858652 -0.001264337 -0.0004967959
v -0.002843659 0.0002170465 -0.0004961437
v -0.002836527 -0.001267125 -0.0005004506
v -0.002842441 -0.00126278 -0.0004549242
v -0.002863296 -0.001237162 -0.0004363341
v -0.002881495 -0.001187364 -0.0004059708
v -0.002904687 0.0001186448 -0.0003747039
v -0.002794716 -0.001276626 -0.0004431057
v -0.002755216 0.0002193638 -0.0004686922
v -0.002728995 -0.001277012 -0.0004573382
v -0.002669658 -0.001237047 -0.0004869807
v -0.00267218 0.0002073653 -0.0004574383
v -0.002657536 -0.001369756 -0.0003365328
v -0.002673252 -0.00131728 -0.000389599
v -0.002668613 -0.001277919 -0.0004397185
v -0.002599004 -0.001193165 -0.0004923859
v -0.002595444 0.0001836772 -0.0004507861
v -0.002545925 -0.001146727 -0.0005038082
v -0.002529693 0.0001486561 -0.0004384689
v -0.002607624 -0.001324168 -0.0003484164
v -0.00260882 -0.001258473 -0.0004214883
v -0.002473328 -0.001105165 -0.0004808303
v -0.002457437 0.0001355392 -0.0004903281
v -0.002407673 -0.001039918 -0.0005152567
v -0.002533032 -0.001244604 -0.0003517358
v -0.002529986 -0.001183671 -0.0004364213
v -0.002327202 -0.001013429 -0.000478173
v -0.002388827 0.00008908479 -0.0004694409
v -0.002321733 0.00004203859 -0.0004405747
v -0.002441442 -0.001144724 -0.0003667423
v -0.002339844 -0.00003010046 -0.0003139158
v -0.002339019 0.000002779946 -0.0003637848
v -0.002389527 0.00005322646 -0.0004067055
v -0.00224352 -0.0009884451 -0.0004615262
v -0.002242158 0.00003848999 -0.0004862148
v -0.002156875 -0.0009736572 -0.0004506288
v -0.002162315 -0.00000838601 -0.0004543224
v -0.002092937 -0.0000384542 -0.0004563431
v -0.002066937 -0.0009704169 -0.000435345
v -0.002027315 -0.0000559766 -0.0004903188
v -0.001966777 -0.0001717237 -0.0004130275
v -0.002010571 -0.000113148 -0.0004376545
v -0.002065904 -0.00007144935 -0.0004317135
v -0.001967106 -0.000971034 -0.0004398515
v -0.001901342 -0.0002131287 -0.0004718757
v -0.00186016 -0.0009735315 -0.0004462197
v -0.001846461 -0.0002775126 -0.0004654558
v -0.001761588 -0.000364476 -0.0004170572
v -0.001806304 -0.000328512 -0.0004338355
v -0.001760733 -0.0009692946 -0.0004322118
v -0.001707599 -0.0003938361 -0.0004649861
v -0.001671819 -0.0009428562 -0.0004005208
v -0.001638176 -0.0004445553 -0.0004186601
v -0.001596155 -0.0008964958 -0.0004082676
v -0.001584887 -0.000465536 -0.0004683712
v -0.001672051 -0.0004242533 -0.0003496489
v -0.001556236 -0.00085422 -0.0004179322
v -0.001569752 -0.0004763466 -0.0004662565
v -0.001524258 -0.0008228073 -0.0004727666
v -0.001492558 -0.0007361473 -0.0005101587
v -0.001521343 -0.0006487025 -0.0004449505
v -0.001537396 -0.0005624424 -0.0004597043
v -0.001558485 -0.0005008861 -0.0004642955
v -0.001545093 -0.0008055565 -0.0003977204
v -0.001557032 -0.0005828326 -0.0003871591
v -0.001577188 -0.0005098004 -0.0004167588
v -0.001583052 -0.0004749776 -0.0004465333
v -0.003226964 -0.0004020631 -0.0003200022
v -0.003217767 -0.0004210926 -0.0003081792
v -0.003225091 -0.0003910948 -0.0003224523
v -0.003223132 -0.0005840606 -0.0003838358
v -0.003219846 -0.0004863008 -0.0003556806
v -0.003208648 -0.0003672485 -0.0003199775
v -0.003220619 -0.0003936185 -0.0003045652
v -0.003172894 -0.0006594819 -0.0003492595
v -0.003186096 -0.0003233047 -0.0003367708
v -0.003120087 -0.0007167032 -0.0003160014
v -0.003143736 -0.0002587676 -0.0003643019
v -0.003185841 -0.0005906906 -0.0003160698
v -0.00318975 -0.0005333767 -0.0002961303
v -0.003178074 -0.0003341675 -0.0002940612
v -0.003088519 -0.0007701152 -0.000321747
v -0.003097172 -0.0001879333 -0.0003314543
v -0.003062065 -0.0008374527 -0.0003506915
v -0.003046991 -0.0001325329 -0.0003078973
v -0.003009357 -0.00004716504 -0.0003475332
v -0.003090034 -0.0007224698 -0.0002804437
v -0.003094102 -0.0002235707 -0.0002826333
v -0.003034537 -0.0008990847 -0.0003729017
v -0.002950316 0.00001253662 -0.0003355745
v -0.002951082 -0.001006013 -0.0003490904
v -0.002985514 -0.0009111263 -0.0003159545
v -0.002875548 0.0001772778 -0.0004305147
v -0.003017928 -0.0008544651 -0.0003101837
v -0.002999878 -0.0001317427 -0.0002393921
v -0.002965828 -0.00006207884 -0.0002737207
v -0.002968851 0.00008241733 -0.0002512876
v -0.002917183 -0.001106608 -0.0003863611
v -0.002873349 0.00007734849 -0.0003257869
v -0.002886451 0.000149815 -0.0003876745
v -0.00280604 0.0001941448 -0.0004163221
v -0.002812998 -0.001243356 -0.0003486311
v -0.002870469 -0.00113046 -0.0003160066
v -0.002861032 0.0001322645 -0.0003513374
v -0.002903918 -0.001056079 -0.0003078209
v -0.002835563 0.0001631614 -0.0003729796
v -0.00274473 -0.00130585 -0.000384217
v -0.002729928 0.0001910829 -0.0004034417
v -0.002676556 -0.001391331 -0.0003167655
v -0.002703325 -0.001356974 -0.0003359488
v -0.00274925 -0.00131924 -0.0003282088
v -0.002787076 0.0001242351 -0.0003279304
v -0.002775668 0.0001702752 -0.0003673971
v -0.002657002 -0.001396334 -0.0003130396
v -0.002651597 0.0001745251 -0.0003970646
v -0.002631901 -0.001374249 -0.0003136262
v -0.002674935 0.00009123357 -0.0003013581
v -0.002706841 0.0001520033 -0.000351754
v -0.002600392 -0.001345558 -0.0003070059
v -0.002587114 0.0001561872 -0.0004000582
v -0.002567174 -0.001306728 -0.0003125776
v -0.002544801 0.0001241979 -0.000383539
v -0.002581737 -0.00132144 -0.0002783227
v -0.002581405 0.00003529594 -0.0002756366
v -0.002599381 0.00008640144 -0.0003117508
v -0.002613437 0.0001275227 -0.0003498638
v -0.002531343 -0.001263274 -0.0002705786
v -0.002466669 0.00009593612 -0.0004095475
v -0.002473397 -0.001203181 -0.0003006631
v -0.002379525 -0.001069503 -0.0004168407
v -0.002365966 -0.00004400603 -0.0002808018
v -0.002386071 -0.00001005357 -0.0003175914
v -0.00242765 0.00003466411 -0.0003511883
v -0.002454697 -0.0000132253 -0.0002792047
v -0.002526965 0.00007331072 -0.0003348357
v -0.002417735 -0.00115124 -0.0002771831
v -0.002382336 -0.001095539 -0.000360413
v -0.002295963 -0.001029817 -0.0003783695
v -0.002305507 -0.0000609446 -0.000280208
v -0.002375761 -0.001104135 -0.0003141401
v -0.002298533 -0.00003492871 -0.0003274676
v -0.002288888 -0.00002012365 -0.0003580128
v -0.002348085 -0.001070529 -0.0003504781
v -0.002336878 -0.00006874405 -0.0002579431
v -0.002217584 -0.0009979381 -0.0003827372
v -0.002251875 -0.000009623606 -0.0003971164
v -0.002250628 -0.00006092736 -0.0003052794
v -0.002261454 -0.00003599544 -0.0003459052
v -0.002148194 -0.0009873068 -0.0003532885
v -0.002178875 -0.00003986295 -0.0003891954
v -0.002183966 -0.00008616628 -0.000295029
v -0.002212424 -0.0000513977 -0.0003457287
v -0.002052337 -0.0009780255 -0.0003375031
v -0.002120555 -0.00005460398 -0.000407834
v -0.001997982 -0.0001767001 -0.0003285497
v -0.002029032 -0.000136255 -0.0003695007
v -0.002077174 -0.00009544054 -0.0003800432
v -0.002092741 -0.0001236515 -0.0002977813
v -0.002144377 -0.00007486867 -0.0003504567
v -0.00194709 -0.0009764757 -0.0003424265
v -0.001921308 -0.0002273235 -0.000386234
v -0.001946114 -0.0002271439 -0.0002858561
v -0.001848739 -0.0009762691 -0.0003459719
v -0.001864016 -0.0002876568 -0.0003526599
v -0.001768037 -0.0003635399 -0.000345367
v -0.001805746 -0.0003360391 -0.0003705984
v -0.001822283 -0.0003273743 -0.0002977062
v -0.001764047 -0.0009649725 -0.0003279073
v -0.001716296 -0.0003935873 -0.0003910351
v -0.001691181 -0.0004094834 -0.0003603787
v -0.001729419 -0.0003876775 -0.0003329038
v -0.00170105 -0.0009377134 -0.0002926067
v -0.001703374 -0.0004078533 -0.0003081759
v -0.001637199 -0.0008991496 -0.0003264124
v -0.00158349 -0.0008317553 -0.0003443599
v -0.001578717 -0.0006205143 -0.0003084605
v -0.001607769 -0.0005174932 -0.0003312334
v -0.001660941 -0.0004473589 -0.0003122744
v -0.001557406 -0.0007624037 -0.0003481295
v -0.001544029 -0.0006562743 -0.000375255
v -0.001529518 -0.0007348046 -0.0004104289
v -0.001556549 -0.0007003549 -0.0003378731
v -0.003197508 -0.0003899076 -0.0002684525
v -0.003188075 -0.000451012 -0.0002639308
v -0.003174284 -0.0003605947 -0.0002455338
v -0.003140001 -0.0005820291 -0.000244852
v -0.003155356 -0.000500565 -0.0002319881
v -0.003133903 -0.0003159371 -0.0002491125
v -0.003094193 -0.0006662389 -0.0002416699
v -0.003088138 -0.0002618482 -0.0002328599
v -0.003056583 -0.0007353305 -0.0002501345
v -0.003039789 -0.0002107004 -0.000218758
v -0.002968852 0.00008241733 -0.0002512875
v -0.003094877 -0.0006075607 -0.0001969797
v -0.003130747 -0.0004144847 -0.0001965992
v -0.003076256 -0.0003094771 -0.000191106
v -0.003034682 -0.0007973472 -0.0002787405
v -0.002986223 -0.0001682708 -0.0001923527
v -0.002968851 0.00008241729 -0.0002512875
v -0.002968851 0.00008241736 -0.0002512875
v -0.002932312 -0.000915368 -0.0002336671
v -0.002979835 -0.0008282216 -0.0002312179
v -0.002951318 -0.0001147045 -0.0002064594
v -0.002911861 -0.00006226762 -0.0002234048
v -0.00296885 0.00008241733 -0.0002512875
v -0.003011609 -0.0007597068 -0.0002139323
v -0.00299433 -0.000215065 -0.0001650208
v -0.002968851 0.00008241733 -0.0002512874
v -0.002909629 -0.0009939319 -0.0002619122
v -0.002875384 -0.000006025371 -0.0002598399
v -0.002752125 -0.001299415 -0.0002743306
v -0.002781246 -0.001218898 -0.0002152842
v -0.002828728 -0.001134551 -0.0002220068
v -0.002871858 -0.001035338 -0.0002197469
v -0.002893959 -0.0009552761 -0.0001963986
v -0.002861571 -0.00005575137 -0.0002035742
v -0.002722924 -0.001349473 -0.0002992771
v -0.002765501 0.00004308841 -0.0002668719
v -0.00269278 -0.001380368 -0.0002983794
v -0.002706381 -0.00134433 -0.0002622945
v -0.002722897 -0.001274167 -0.0001958662
v -0.002784317 -0.00004068176 -0.0002016449
v -0.002669804 -0.001398876 -0.0003004587
v -0.002665234 0.00003340757 -0.0002563215
v -0.002650695 -0.001391955 -0.0002965003
v -0.002626934 -0.001357344 -0.0002755969
v -0.002614274 -0.00000792104 -0.0002331123
v -0.002669371 -0.001377519 -0.0002775146
v -0.002664933 -0.001328164 -0.0002312795
v -0.002689796 -0.0000916288 -0.0001617358
v -0.00268762 -0.00001747535 -0.000217569
v -0.002596649 -0.001294489 -0.0002190264
v -0.002533962 -0.00004042421 -0.0002285116
v -0.002586945 -0.0001416773 -0.0001418306
v -0.002603193 -0.00006675133 -0.0001934501
v -0.002526297 -0.001235037 -0.0001894356
v -0.002444922 -0.00008397913 -0.0002135524
v -0.002466436 -0.001199852 -0.0002345135
v -0.002463765 -0.00118287 -0.0001625679
v -0.002447335 -0.001159989 -0.0001286448
v -0.002511225 -0.0001685021 -0.0001359972
v -0.002507757 -0.0001149746 -0.0001765722
v -0.002409941 -0.001146423 -0.0002036478
v -0.002370694 -0.00007760177 -0.0002350272
v -0.002366244 -0.001106312 -0.0002453846
v -0.002322688 -0.00106446 -0.0002933753
v -0.002304973 -0.00008903517 -0.0002343874
v -0.002243391 -0.001020024 -0.0002839048
v -0.002238862 -0.0000942954 -0.0002424564
v -0.00226483 -0.0001134259 -0.0001977087
v -0.002147723 -0.0009893681 -0.0002431894
v -0.00216529 -0.0001146901 -0.0002378903
v -0.002030646 -0.0009683432 -0.0002177222
v -0.002115419 -0.0001386881 -0.0002098891
v -0.002011813 -0.0009470938 -0.0001404079
v -0.001920603 -0.0009720816 -0.0002663734
v -0.002032344 -0.0001741665 -0.0002268041
v -0.001893162 -0.0002792562 -0.000224812
v -0.001968599 -0.0002198692 -0.0002012226
v -0.001844193 -0.0009667803 -0.0002550602
v -0.001831695 -0.0003270741 -0.0002343203
v -0.001770743 -0.0009510204 -0.0002363027
v -0.001769478 -0.0003708138 -0.0002583179
v -0.001715551 -0.0009184372 -0.0002106726
v -0.001704931 -0.0004250625 -0.0002390932
v -0.001667359 -0.0009000202 -0.0002551698
v -0.00162944 -0.0008409494 -0.0002589278
v -0.001597437 -0.0007265675 -0.0002597559
v -0.001607073 -0.0006193864 -0.0002331234
v -0.001613228 -0.0005568001 -0.000254758
v -0.00165343 -0.0004885489 -0.0002343098
v -0.001674419 -0.0008658173 -0.0001947531
v -0.001645343 -0.0007892708 -0.0001859319
v -0.001635396 -0.0007167332 -0.0001705928
v -0.001698525 -0.0004531998 -0.000178017
v -0.003180727 -0.0003864886 -0.0002260715
v -0.003176191 -0.0004067234 -0.0002220045
v -0.0031629 -0.000378838 -0.0002157509
v -0.003113217 -0.0005148472 -0.0001830698
v -0.003164209 -0.0003994764 -0.0002043396
v -0.003174395 -0.0003938313 -0.0002101087
v -0.003094499 -0.0005709662 -0.0001766065
v -0.003076447 -0.0004732273 -0.000141104
v -0.003047526 -0.0006034565 -0.00014425
v -0.003035165 -0.0003871111 -0.0001201557
v -0.003018225 -0.0002763709 -0.0001512798
v -0.003072016 -0.0005357814 -0.0001417626
v -0.003068974 -0.000418198 -0.00005104062
v -0.003025988 -0.0006946168 -0.0001777412
v -0.00298222 -0.0002445868 -0.0001347918
v -0.002920522 -0.0008190087 -0.0001305382
v -0.002970363 -0.0007429992 -0.000143947
v -0.002937831 -0.0001940843 -0.0001367965
v -0.002895591 -0.0001057176 -0.0001762849
v -0.002983282 -0.0003777704 -0.00007083301
v -0.002972535 -0.0003043169 -0.00009635045
v -0.00289729 -0.0008963839 -0.0001522777
v -0.002831732 -0.00009555204 -0.000160505
v -0.002791862 -0.001127395 -0.000117631
v -0.00283003 -0.001033279 -0.0001188684
v -0.002863877 -0.000937575 -0.0001170721
v -0.002881666 -0.0008590433 -0.00009146712
v -0.002866537 -0.0002089409 -0.00008395956
v -0.002868475 -0.0001472915 -0.0001313565
v -0.002758094 -0.00120215 -0.000139498
v -0.002768876 -0.00009995136 -0.0001490886
v -0.002714369 -0.001208282 -0.00009818035
v -0.002730303 -0.0001388009 -0.0001187081
v -0.002757866 -0.001156986 -0.0000803302
v -0.002801298 -0.0001579213 -0.0001060386
v -0.002660036 -0.001267142 -0.0001576548
v -0.002663072 -0.0001619048 -0.0001101232
v -0.002596332 -0.0002005455 -0.00009437699
v -0.002591348 -0.001236436 -0.0001265244
v -0.002540654 -0.000195798 -0.0001102879
v -0.002520598 -0.001202677 -0.0001210749
v -0.002474984 -0.001171464 -0.0001127731
v -0.002560907 -0.00119931 -0.00007683787
v -0.002439841 -0.001131758 -0.00009365661
v -0.002478113 -0.0002161511 -0.0001008989
v -0.002419206 -0.001143089 -0.0001487456
v -0.002449 -0.0001710285 -0.0001387488
v -0.002431775 -0.0001324529 -0.0001731269
v -0.002455411 -0.0002800227 -0.00005106898
v -0.002391543 -0.001125757 -0.0001696269
v -0.002375253 -0.0001234937 -0.0001831509
v -0.002370658 -0.001109306 -0.0001905829
v -0.002322084 -0.001066734 -0.0002014044
v -0.002378773 -0.001101843 -0.0001395959
v -0.002332523 -0.001056038 -0.0001198296
v -0.002417719 -0.0003361419 -0.000006781358
v -0.002388139 -0.0002900641 -0.00003588772
v -0.002385967 -0.0002232972 -0.00008821341
v -0.002388395 -0.0001635691 -0.0001448629
v -0.002252632 -0.001014379 -0.0001533979
v -0.002314765 -0.0001164909 -0.0001923827
v -0.002270445 -0.0001317972 -0.0001687088
v -0.002307541 -0.0001620671 -0.0001335199
v -0.002153002 -0.0009679513 -0.0001257222
v -0.002198868 -0.0001383001 -0.0001528379
v -0.002071139 -0.0009482546 -0.0001231969
v -0.002126978 -0.0001501223 -0.00008108341
v -0.00203451 -0.0009212897 -0.00007942432
v -0.00209291 -0.0001556005 -0.0001444319
v -0.001984004 -0.0009344069 -0.0001162601
v -0.002072606 -0.0001666932 -0.00007881529
v -0.001930458 -0.0009492511 -0.0001702063
v -0.002018776 -0.0001936744 -0.0001331999
v -0.001915539 -0.0002823526 -0.0001315313
v -0.001957273 -0.0002374796 -0.0001439305
v -0.001954061 -0.0009067035 -0.00007958227
v -0.001955089 -0.0008609699 -0.00002479079
v -0.001964991 -0.000252337 -0.00008512154
v -0.001990434 -0.000219623 -0.000101303
v -0.00183533 -0.0009476376 -0.0001835816
v -0.001844559 -0.0003370681 -0.0001606008
v -0.001777869 -0.0009230167 -0.0001531583
v -0.001759604 -0.0004081395 -0.0001562045
v -0.001723039 -0.0008855245 -0.0001449267
v -0.001692614 -0.000822449 -0.0001322335
v -0.001673426 -0.0007426899 -0.0001235337
v -0.001720158 -0.0004750586 -0.0001152761
v -0.00176061 -0.0008926571 -0.0001090553
v -0.001658662 -0.0006748835 -0.0001287673
v -0.00167429 -0.0004960384 -0.0001630385
v -0.001629543 -0.0006479049 -0.0001782871
v -0.001641841 -0.0005589391 -0.0001830157
v -0.001669791 -0.0006029109 -0.0001219474
v -0.00168139 -0.0005323039 -0.0001259024
v -0.003068975 -0.000418198 -0.00005104061
v -0.003068974 -0.0004181982 -0.00005104061
v -0.003068974 -0.0004181979 -0.00005104061
v -0.002991279 -0.0005772852 -0.00007280608
v -0.003024267 -0.0005046662 -0.00009481139
v -0.003068974 -0.000418198 -0.00005104061
v -0.003068974 -0.000418198 -0.0000510406
v -0.002981782 -0.0006551746 -0.00009603689
v -0.002987131 -0.0004337259 -0.0000617491
v -0.00291085 -0.0007002117 -0.00003619302
v -0.002931358 -0.0003852742 -0.00002783824
v -0.002907534 -0.0002758397 -0.00006184257
v -0.002946648 -0.0006051308 -0.0000346535
v -0.00295376 -0.0005087426 -0.00002711585
v -0.002879704 -0.0007948698 -0.00004428338
v -0.002863099 -0.0002589131 -0.00004410913
v -0.002788629 -0.001024034 -0.00002191856
v -0.002821196 -0.0009354058 -0.00002764517
v -0.002848576 -0.0008521146 -0.00002759256
v -0.002808051 -0.000244806 -0.00003991335
v -0.002875244 -0.0003969945 0.00002519031
v -0.00286033 -0.0003199932 -0.000007119426
v -0.002769676 -0.001101252 -0.00004187118
v -0.002722637 -0.0002035232 -0.00006880826
v -0.002684044 -0.001173937 -0.00003139131
v -0.002729914 -0.001126675 -0.00001916611
v -0.002754539 -0.001058855 0.00001120305
v -0.002735227 -0.0002749532 -0.00001018266
v -0.002656101 -0.001218158 -0.00008068508
v -0.002649864 -0.0002122436 -0.00007256115
v -0.002611535 -0.001194627 -0.00004794093
v -0.00260397 -0.0002474386 -0.00005553444
v -0.002653114 -0.001191708 -0.00003708349
v -0.002678949 -0.0003192704 0.00001519518
v -0.00266186 -0.0002601936 -0.00003233642
v -0.002564192 -0.001173051 -0.0000357839
v -0.002536344 -0.000251294 -0.00006689895
v -0.002509883 -0.001162262 -0.0000631741
v -0.002511646 -0.0002973705 -0.00003547987
v -0.00253748 -0.001136712 -0.000009997842
v -0.002577571 -0.0003197162 -0.000007265658
v -0.002467048 -0.001090308 -0.00001005335
v -0.002484434 -0.0003348536 -0.000009721328
v -0.002388835 -0.001075581 -0.00006755137
v -0.002448039 -0.000379875 0.00002140989
v -0.002509163 -0.0003878444 0.00002923743
v -0.00232304 -0.001020216 -0.00005295416
v -0.002391514 -0.0003897037 0.00003591615
v -0.00235316 -0.0003307228 0.000005418167
v -0.002339144 -0.0002718749 -0.0000335612
v -0.002296168 -0.0002231216 -0.00005736996
v -0.00239278 -0.001043784 -0.00001101007
v -0.002243951 -0.000981392 -0.00006779325
v -0.002240732 -0.0001796694 -0.00008099032
v -0.002175764 -0.0001709688 -0.00004980278
v -0.002230427 -0.0002190649 -0.00002206271
v -0.002197655 -0.0009406648 -0.00003123481
v -0.002127626 -0.0001561811 -0.00003652263
v -0.002116009 -0.0009280242 -0.00005966491
v -0.002149626 -0.0008891778 0.00001172334
v -0.002137509 -0.0008354045 0.00005797339
v -0.002134126 -0.0001820063 -0.000008365854
v -0.002079311 -0.0008937002 -0.00002334966
v -0.002100772 -0.0001539954 -0.00004607199
v -0.002014321 -0.0008751138 -0.00002447657
v -0.001984446 -0.0002654141 -0.0000427335
v -0.002026589 -0.0002153991 -0.00005480031
v -0.002077335 -0.0001740908 -0.00003578905
v -0.002075578 -0.0008474819 0.00002341389
v -0.002027123 -0.0002930156 0.00000842246
v -0.002087248 -0.0002104837 -0.000001816596
v -0.002104642 -0.0001662654 -0.00002064731
v -0.001984393 -0.0008071561 0.00002195517
v -0.001925063 -0.0003232585 -0.00005577854
v -0.001898565 -0.0008662425 -0.00004602228
v -0.001926613 -0.0008345578 -0.00001095827
v -0.001928588 -0.0004816274 0.00004412039
v -0.001967632 -0.0003860156 0.00002450178
v -0.001859444 -0.0009140167 -0.0001103338
v -0.001829426 -0.0003907198 -0.00008001997
v -0.001798861 -0.0008997991 -0.00009816678
v -0.001830181 -0.0008651298 -0.00006148843
v -0.001873942 -0.0007918451 -0.00001004177
v -0.001860718 -0.0006762438 0.00001766713
v -0.001867513 -0.0005661595 0.00002813545
v -0.001853358 -0.0004837149 0.000006643355
v -0.00188275 -0.0004152836 -0.00001107678
v -0.001779838 -0.0008708453 -0.00007810425
v -0.001772092 -0.0004364884 -0.00008496805
v -0.001740749 -0.0008493264 -0.00009419324
v -0.001727382 -0.000773938 -0.00007938005
v -0.001713361 -0.000669388 -0.00007636708
v -0.001727436 -0.000553592 -0.00007136506
v -0.001760686 -0.0004828246 -0.00006019154
v -0.001786034 -0.0008169548 -0.00005351305
v -0.001787041 -0.000725581 -0.0000310389
v -0.00178726 -0.0006172899 -0.00001950615
v -0.001796524 -0.0005221568 -0.00001969234
v -0.001811576 -0.0004507465 -0.00003634492
v -0.002857078 -0.0006575279 0.00004690066
v -0.002891559 -0.0005779233 0.00002512022
v -0.002893183 -0.0004688761 0.00002718317
v -0.002835011 -0.0007473248 0.00004261378
v -0.00284997 -0.0004378288 0.00005473107
v -0.002778655 -0.000924014 0.00004890593
v -0.002802066 -0.0008435556 0.00004746724
v -0.002826492 -0.0003793786 0.00004287458
v -0.002791542 -0.0003169143 0.00001671975
v -0.002812719 -0.0006677356 0.00008675484
v -0.00282368 -0.000594816 0.00008050662
v -0.002841106 -0.0005072839 0.00006692869
v -0.00274525 -0.0009814262 0.00006414722
v -0.002738272 -0.0003271606 0.00002946589
v -0.002678013 -0.001110937 0.00002615168
v -0.00271348 -0.001051743 0.00005062198
v -0.002710252 -0.0003665624 0.00004906237
v -0.002748508 -0.0009152062 0.00009187052
v -0.002743368 -0.0008458761 0.0001067966
v -0.002749987 -0.000635275 0.0001171145
v -0.002772452 -0.0005255239 0.0000942538
v -0.002798059 -0.0004426742 0.00007234795
v -0.002765756 -0.0003759781 0.0000540016
v -0.002643085 -0.001157149 -0.000002537975
v -0.002645373 -0.000384231 0.00004655123
v -0.002589629 -0.001145957 0.000002099149
v -0.002615405 -0.001094927 0.00004551986
v -0.002652372 -0.001037732 0.00008154198
v -0.002680764 -0.0007330466 0.0001397325
v -0.00266678 -0.0006164598 0.0001280658
v -0.002690688 -0.0005391447 0.0001081464
v -0.002715425 -0.0004412368 0.000077891
v -0.002546021 -0.001088975 0.00003532098
v -0.002574627 -0.0004007212 0.00004460734
v -0.00253242 -0.0004451699 0.0000655747
v -0.002559858 -0.001003865 0.00009515058
v -0.002562277 -0.0007948457 0.0001559416
v -0.002557865 -0.0006956739 0.0001469936
v -0.00258854 -0.0006236808 0.0001321116
v -0.002616745 -0.0005541056 0.0001150767
v -0.002613837 -0.0004690368 0.00008324668
v -0.002491105 -0.00103755 0.00005518497
v -0.002449642 -0.0004420246 0.00006213042
v -0.002451569 -0.0009683304 0.00008697019
v -0.002491703 -0.0008827106 0.0001341244
v -0.002454157 -0.0007802059 0.0001484732
v -0.002471477 -0.0007057981 0.000148712
v -0.00248514 -0.0006175012 0.0001327327
v -0.002522408 -0.0005247075 0.000102411
v -0.002422133 -0.001019667 0.00003780019
v -0.002380996 -0.0004390836 0.00006840197
v -0.002358897 -0.001002624 0.00001295548
v -0.002313433 -0.0004004239 0.00006335448
v -0.002280982 -0.0002894467 0.000007271013
v -0.002364336 -0.0009593556 0.00005796279
v -0.002372559 -0.0008905422 0.0001032528
v -0.002371538 -0.000801381 0.0001330435
v -0.002374976 -0.0007074539 0.0001427385
v -0.002398205 -0.000630869 0.0001362993
v -0.002377892 -0.0005186187 0.0001064338
v -0.002287209 -0.0009608543 0.000006423962
v -0.00221644 -0.0002604688 0.00002228782
v -0.002226862 -0.0009115587 0.00002766339
v -0.002206447 -0.0008601434 0.0000647928
v -0.00217676 -0.0002145685 0.000005964776
v -0.002287831 -0.0009015193 0.00006609729
v -0.002265485 -0.0008174054 0.0001064268
v -0.002272318 -0.0007187302 0.0001304859
v -0.002288324 -0.000598036 0.0001304462
v -0.002224397 -0.0004250423 0.00009657266
v -0.00222607 -0.0003302397 0.00005564906
v -0.002168413 -0.0007988953 0.00009344409
v -0.00213543 -0.00022308 0.0000213338
v -0.002086124 -0.0003391528 0.00005987117
v -0.002109837 -0.0002751156 0.00004003673
v -0.002158961 -0.0006397638 0.0001215806
v -0.002188161 -0.0005077135 0.0001166729
v -0.0021669 -0.0004252386 0.0001001599
v -0.002154804 -0.0003519132 0.00007493685
v -0.002169811 -0.0002703891 0.00004227085
v -0.002086231 -0.000776191 0.00007761485
v -0.002038742 -0.0003748854 0.00005675244
v -0.001991875 -0.0005260473 0.00008146988
v -0.00201576 -0.0004523966 0.00007244115
v -0.002070248 -0.0006868622 0.0001023229
v -0.002076683 -0.000617346 0.000110112
v -0.002075906 -0.0005379233 0.0001033108
v -0.002102865 -0.0004243047 0.00008941135
v -0.002012388 -0.0007345843 0.00006968102
v -0.001942573 -0.0005612525 0.0000668595
v -0.001939633 -0.000721143 0.00004466076
v -0.001931717 -0.0006341453 0.00006016765
v -0.001990168 -0.0006767685 0.00007883986
v -0.0020089 -0.0006052839 0.00009167688
v -0.002782973 -0.0007061635 0.0001100717
v -0.002767907 -0.0007608923 0.0001083016
v -0.00274773 -0.0007052243 0.0001333882
v -0.002710437 -0.0009100137 0.000122143
v -0.002690938 -0.0008373361 0.0001434273
v -0.002743633 -0.0007303125 0.000134767
v -0.002764278 -0.0007248584 0.0001289672
v -0.00269083 -0.0009810135 0.0001046332
v -0.002644206 -0.0008202184 0.0001584939
v -0.002615317 -0.0008561324 0.0001634843
v -0.002666916 -0.0009295923 0.0001402363
v -0.00266131 -0.000877397 0.0001545863
v -0.00263187 -0.0009668234 0.0001270468
v -0.002575845 -0.0008757074 0.0001570799
v -0.002578654 -0.0009294059 0.0001410238
v -0.002623979 -0.0009072604 0.0001548746
v -0.00228503 -0.0004781697 0.0001102932
v -0.00229306 -0.0005264505 0.0001245131
v -0.002242651 -0.0004888807 0.0001204511
v -0.002180606 -0.0007403481 0.0001189244
v -0.002254515 -0.0005261326 0.0001284008
v -0.002267372 -0.0005058013 0.0001255816
v -0.00213617 -0.0007577335 0.0001083857
v -0.002130672 -0.0007078508 0.0001192775
v -0.002111251 -0.0007335298 0.0001100176
v -0.002138611 -0.000735593 0.0001189415
f 1 15 18
f 1 2 16
f 15 1 16
f 2 3 17
f 16 2 17
f 17 3 19
f 4 20 30
f 4 5 21
f 20 4 21
f 5 6 22
f 21 5 22
f 18 23 1
f 22 6 31
f 23 32 7
f 23 7 1
f 1 7 2
f 33 24 3
f 33 3 7
f 7 3 2
f 19 3 24
f 4 30 34
f 34 38 8
f 34 8 4
f 4 8 5
f 39 35 6
f 39 6 8
f 8 6 5
f 31 6 35
f 9 7 32
f 40 9 32
f 41 33 7
f 9 41 7
f 10 42 47
f 42 10 48
f 8 38 43
f 39 8 43
f 9 40 44
f 41 9 44
f 11 49 53
f 47 50 10
f 49 11 54
f 48 10 50
f 11 53 55
f 54 11 55
f 12 59 66
f 12 13 60
f 59 12 60
f 13 14 61
f 60 13 61
f 61 14 67
f 12 66 68
f 13 12 68
f 69 13 68
f 14 13 69
f 70 14 69
f 67 14 70
f 25 74 90
f 25 26 75
f 74 25 75
f 26 27 76
f 75 26 76
f 27 18 15
f 27 15 76
f 76 15 77
f 16 78 15
f 15 78 77
f 17 79 16
f 16 79 78
f 19 28 80
f 19 80 17
f 17 80 79
f 28 29 81
f 80 28 81
f 81 29 91
f 36 92 98
f 90 92 36
f 25 90 36
f 25 36 30
f 25 30 20
f 21 25 20
f 26 25 21
f 22 26 21
f 27 26 22
f 31 27 22
f 31 37 27
f 18 27 23
f 23 27 37
f 23 37 32
f 24 99 93
f 33 99 24
f 28 19 24
f 28 24 94
f 94 24 93
f 29 28 94
f 95 29 94
f 91 29 95
f 36 98 100
f 45 100 105
f 34 100 45
f 34 36 100
f 34 30 36
f 34 45 38
f 35 106 101
f 39 106 35
f 31 35 101
f 31 101 46
f 31 46 37
f 107 46 101
f 32 46 40
f 37 46 32
f 33 41 99
f 99 41 108
f 42 51 47
f 45 105 109
f 48 51 42
f 38 45 109
f 38 109 43
f 43 109 110
f 106 39 43
f 106 43 110
f 118 52 111
f 107 112 46
f 111 52 119
f 40 46 112
f 40 112 44
f 44 112 113
f 108 41 44
f 113 108 44
f 49 120 125
f 53 49 125
f 54 126 120
f 54 120 49
f 47 51 50
f 48 50 51
f 52 118 121
f 119 52 121
f 53 125 127
f 55 53 127
f 126 54 55
f 127 126 55
f 56 129 135
f 56 57 130
f 129 56 130
f 130 57 136
f 58 131 137
f 131 58 138
f 62 56 135
f 144 62 135
f 57 56 63
f 63 56 62
f 139 136 57
f 139 57 64
f 64 57 63
f 137 140 58
f 139 64 145
f 141 146 65
f 138 58 140
f 141 65 147
f 71 148 156
f 71 72 149
f 148 71 149
f 144 150 62
f 149 72 157
f 59 158 66
f 59 62 158
f 59 63 62
f 62 150 158
f 60 63 59
f 64 63 60
f 64 151 145
f 64 60 151
f 60 61 151
f 67 73 65
f 67 65 151
f 67 151 61
f 151 65 146
f 159 147 65
f 73 159 65
f 82 160 166
f 82 83 161
f 160 82 161
f 156 161 83
f 156 83 71
f 71 83 84
f 167 162 72
f 167 72 84
f 84 72 71
f 163 168 85
f 157 72 162
f 68 85 86
f 68 158 85
f 68 66 158
f 163 85 158
f 68 87 69
f 86 87 68
f 69 88 70
f 87 88 69
f 70 73 67
f 70 88 73
f 88 89 73
f 169 159 73
f 89 169 73
f 96 170 175
f 166 170 96
f 166 96 82
f 82 96 97
f 74 97 90
f 74 83 97
f 83 82 97
f 75 83 74
f 84 83 75
f 84 171 167
f 84 75 171
f 75 76 171
f 168 77 85
f 168 171 77
f 171 76 77
f 78 85 77
f 86 85 78
f 79 86 78
f 87 86 79
f 80 87 79
f 88 87 80
f 81 88 80
f 89 88 81
f 89 81 91
f 89 91 169
f 169 91 176
f 102 96 175
f 178 102 175
f 92 102 98
f 92 97 102
f 97 96 102
f 90 97 92
f 93 99 103
f 93 104 94
f 103 104 93
f 179 94 104
f 179 177 94
f 177 95 94
f 176 91 95
f 177 176 95
f 114 180 185
f 178 181 102
f 180 114 186
f 115 181 187
f 100 181 115
f 100 102 181
f 100 98 102
f 100 115 105
f 101 106 116
f 101 116 107
f 103 108 117
f 99 108 103
f 188 182 104
f 188 104 117
f 117 104 103
f 179 104 182
f 114 185 189
f 190 197 122
f 186 114 189
f 187 190 122
f 187 122 115
f 115 122 123
f 105 115 123
f 105 123 191
f 105 191 109
f 191 123 198
f 110 109 192
f 109 191 192
f 118 116 199
f 118 111 116
f 199 116 192
f 106 110 116
f 192 116 110
f 119 116 111
f 119 124 116
f 107 116 112
f 112 116 124
f 200 112 124
f 200 193 112
f 193 113 112
f 117 108 113
f 117 113 194
f 194 113 193
f 188 117 194
f 120 122 197
f 120 197 125
f 125 197 207
f 201 123 122
f 201 122 126
f 201 126 208
f 120 126 122
f 198 123 201
f 118 199 202
f 121 118 202
f 124 119 121
f 124 121 203
f 203 121 202
f 200 124 203
f 125 207 209
f 127 125 209
f 208 126 127
f 209 208 127
f 128 212 213
f 212 128 214
f 132 215 221
f 213 215 132
f 213 132 128
f 128 132 133
f 216 214 128
f 216 128 134
f 134 128 133
f 216 134 222
f 129 223 228
f 135 129 228
f 221 130 132
f 221 223 130
f 223 129 130
f 136 132 130
f 136 142 132
f 142 133 132
f 131 142 137
f 131 134 142
f 134 133 142
f 138 143 224
f 131 138 224
f 131 224 222
f 131 222 134
f 224 143 229
f 152 230 236
f 230 152 237
f 153 231 238
f 153 228 231
f 153 144 228
f 144 135 228
f 136 139 142
f 145 142 139
f 145 154 142
f 137 142 140
f 140 142 154
f 140 143 138
f 140 154 143
f 141 143 146
f 146 143 154
f 147 155 232
f 141 147 232
f 141 232 229
f 141 229 143
f 232 155 239
f 164 240 247
f 236 241 152
f 240 164 248
f 249 156 148
f 249 148 242
f 237 152 241
f 238 149 153
f 238 242 149
f 242 148 149
f 157 153 149
f 157 165 153
f 144 153 150
f 150 153 165
f 150 165 158
f 145 151 154
f 146 154 151
f 155 250 243
f 155 147 250
f 147 159 250
f 239 155 243
f 172 251 256
f 247 251 172
f 164 247 172
f 164 172 166
f 164 166 160
f 164 252 248
f 164 160 252
f 160 161 252
f 249 161 156
f 252 161 249
f 162 167 173
f 162 165 157
f 162 173 165
f 163 165 168
f 168 165 173
f 158 165 163
f 253 169 174
f 253 250 169
f 250 159 169
f 253 174 257
f 170 172 256
f 170 256 175
f 175 256 261
f 166 172 170
f 167 171 173
f 168 173 171
f 174 262 258
f 174 169 262
f 169 176 262
f 257 174 258
f 183 263 267
f 183 261 263
f 183 178 261
f 178 175 261
f 177 268 264
f 179 268 177
f 262 176 177
f 262 177 264
f 269 184 265
f 265 184 270
f 180 183 267
f 180 267 185
f 185 267 276
f 186 183 180
f 186 195 183
f 178 183 181
f 181 183 195
f 181 195 187
f 196 277 271
f 271 278 196
f 182 279 272
f 188 279 182
f 268 179 182
f 272 268 182
f 184 269 273
f 270 184 273
f 204 189 185
f 204 185 285
f 285 185 276
f 189 195 186
f 189 204 195
f 190 195 197
f 197 195 204
f 187 195 190
f 191 198 205
f 286 191 205
f 286 280 191
f 280 192 191
f 199 281 206
f 199 192 281
f 192 280 281
f 281 287 206
f 193 277 196
f 193 200 277
f 200 288 277
f 196 278 282
f 196 282 193
f 193 282 194
f 279 188 194
f 282 279 194
f 204 285 289
f 204 207 197
f 204 290 207
f 204 289 290
f 210 207 290
f 210 201 208
f 210 290 201
f 211 201 295
f 295 201 290
f 201 211 296
f 198 201 296
f 198 296 291
f 198 291 205
f 286 205 291
f 199 206 202
f 206 287 292
f 206 292 202
f 202 292 203
f 288 200 203
f 292 288 203
f 207 210 209
f 211 295 297
f 208 209 210
f 296 211 297
f 217 299 304
f 299 217 305
f 218 300 306
f 219 213 212
f 307 300 218
f 214 219 212
f 220 301 308
f 301 220 309
f 225 310 320
f 304 311 217
f 310 225 321
f 312 322 226
f 305 217 311
f 306 312 226
f 218 306 226
f 218 226 221
f 218 221 215
f 218 313 307
f 218 215 313
f 219 313 213
f 213 313 215
f 308 216 220
f 308 313 216
f 214 216 219
f 219 216 313
f 222 227 314
f 216 222 314
f 216 314 309
f 216 309 220
f 314 227 323
f 233 324 332
f 320 325 225
f 324 233 333
f 326 334 234
f 321 225 325
f 322 326 234
f 226 322 234
f 226 234 228
f 226 228 223
f 221 226 223
f 222 224 227
f 229 235 327
f 224 229 327
f 224 327 323
f 224 323 227
f 327 235 335
f 244 336 343
f 332 336 244
f 233 332 244
f 233 244 236
f 233 236 230
f 237 245 337
f 230 237 337
f 230 337 333
f 230 333 233
f 334 337 245
f 234 334 245
f 234 245 238
f 234 238 231
f 228 234 231
f 229 232 235
f 239 246 338
f 232 239 338
f 232 338 335
f 232 335 235
f 338 246 344
f 240 244 343
f 240 343 247
f 247 343 346
f 248 244 240
f 248 254 244
f 236 244 241
f 241 244 254
f 241 245 237
f 241 254 245
f 242 245 249
f 249 245 254
f 238 245 242
f 243 250 255
f 243 255 347
f 239 243 347
f 239 347 345
f 239 345 246
f 344 246 345
f 259 348 355
f 259 256 251
f 259 251 348
f 348 251 349
f 346 251 247
f 349 251 346
f 248 252 254
f 249 254 252
f 250 253 255
f 257 260 350
f 253 257 350
f 253 350 347
f 253 347 255
f 350 260 356
f 259 355 357
f 357 256 259
f 357 359 256
f 359 261 256
f 258 262 266
f 258 266 360
f 257 258 360
f 257 360 358
f 257 358 260
f 356 260 358
f 274 361 366
f 361 274 367
f 263 362 368
f 267 263 368
f 359 263 261
f 362 263 359
f 264 369 363
f 268 369 264
f 275 269 265
f 266 262 364
f 364 262 264
f 364 264 363
f 266 364 360
f 265 270 275
f 274 366 370
f 371 377 283
f 367 274 370
f 283 368 371
f 283 276 368
f 276 267 368
f 271 378 372
f 277 378 271
f 278 373 284
f 278 271 373
f 271 372 373
f 284 272 279
f 284 373 272
f 373 374 272
f 369 268 272
f 374 369 272
f 269 275 273
f 270 273 275
f 283 377 379
f 379 276 283
f 379 383 276
f 383 285 276
f 280 286 293
f 384 280 293
f 384 380 280
f 380 281 280
f 287 381 294
f 287 281 381
f 281 380 381
f 294 381 378
f 294 378 288
f 288 378 277
f 278 284 282
f 279 282 284
f 285 383 385
f 289 285 385
f 290 289 386
f 289 385 386
f 295 387 298
f 295 290 387
f 290 386 387
f 298 291 296
f 298 387 291
f 387 388 291
f 293 286 291
f 293 291 389
f 389 291 388
f 384 293 389
f 287 294 292
f 288 292 294
f 295 298 297
f 296 297 298
f 302 395 400
f 395 302 401
f 303 396 402
f 396 303 403
f 315 404 416
f 404 315 417
f 316 405 418
f 400 405 316
f 302 400 316
f 302 316 304
f 302 304 299
f 305 317 406
f 299 305 406
f 299 406 401
f 299 401 302
f 402 406 317
f 303 402 317
f 303 317 306
f 303 306 300
f 307 318 407
f 300 307 407
f 300 407 403
f 300 403 303
f 318 308 301
f 318 301 407
f 407 301 408
f 309 319 409
f 309 409 301
f 301 409 408
f 409 319 419
f 328 420 426
f 416 421 315
f 420 328 427
f 422 428 329
f 417 315 421
f 418 422 329
f 316 418 329
f 316 329 320
f 316 320 310
f 321 316 310
f 321 330 316
f 304 316 311
f 311 316 330
f 311 317 305
f 311 330 317
f 312 317 322
f 322 317 330
f 306 317 312
f 307 313 318
f 308 318 313
f 309 314 319
f 323 331 423
f 314 323 423
f 314 423 419
f 314 419 319
f 423 331 429
f 328 426 430
f 431 435 339
f 427 328 430
f 428 431 339
f 329 428 339
f 329 339 332
f 329 332 324
f 333 329 324
f 333 340 329
f 320 329 325
f 325 329 340
f 325 330 321
f 325 340 330
f 326 330 334
f 334 330 340
f 322 330 326
f 323 327 331
f 335 341 432
f 327 335 432
f 327 432 429
f 327 429 331
f 341 342 433
f 432 341 433
f 433 342 436
f 336 339 435
f 336 435 343
f 343 435 441
f 332 339 336
f 333 337 340
f 334 340 337
f 335 338 341
f 437 342 341
f 437 341 344
f 437 344 442
f 338 344 341
f 436 342 437
f 351 443 449
f 351 352 444
f 443 351 444
f 352 441 444
f 352 346 441
f 346 343 441
f 345 347 353
f 445 442 344
f 445 344 353
f 445 353 354
f 353 344 345
f 445 354 450
f 348 351 449
f 348 449 355
f 355 449 453
f 349 351 348
f 352 351 349
f 346 352 349
f 347 350 353
f 451 354 353
f 451 353 356
f 451 356 454
f 350 356 353
f 450 354 451
f 365 357 355
f 365 355 456
f 456 355 453
f 357 365 359
f 358 457 455
f 360 457 358
f 454 356 358
f 455 454 358
f 361 458 466
f 366 361 466
f 367 375 459
f 367 459 361
f 361 459 458
f 456 459 375
f 365 456 375
f 365 375 368
f 365 368 362
f 359 365 362
f 376 467 460
f 376 363 369
f 376 460 363
f 460 461 363
f 364 363 462
f 363 461 462
f 457 360 364
f 462 457 364
f 382 370 366
f 382 366 471
f 471 366 466
f 370 375 367
f 370 382 375
f 371 375 377
f 377 375 382
f 368 375 371
f 372 472 468
f 378 472 372
f 373 372 469
f 372 468 469
f 467 376 374
f 467 374 469
f 469 374 373
f 369 374 376
f 382 471 473
f 377 382 473
f 377 473 379
f 379 473 474
f 383 475 390
f 383 379 475
f 379 474 475
f 475 482 390
f 391 483 476
f 391 477 392
f 476 477 391
f 392 380 384
f 392 477 380
f 477 478 380
f 381 380 479
f 380 478 479
f 472 378 381
f 479 472 381
f 383 390 385
f 390 482 484
f 390 484 385
f 385 484 386
f 387 386 485
f 386 484 485
f 483 391 388
f 483 388 485
f 485 388 387
f 389 388 391
f 392 389 391
f 384 389 392
f 393 488 492
f 488 393 493
f 394 489 494
f 489 394 495
f 397 496 503
f 492 497 393
f 496 397 504
f 493 393 497
f 398 394 494
f 505 398 494
f 498 495 394
f 498 394 399
f 399 394 398
f 498 399 506
f 410 397 503
f 517 410 503
f 507 504 397
f 507 397 411
f 411 397 410
f 411 412 508
f 507 411 508
f 505 508 412
f 398 505 412
f 398 412 400
f 398 400 395
f 401 398 395
f 401 413 398
f 413 399 398
f 402 396 509
f 402 509 399
f 402 399 413
f 506 399 509
f 509 396 403
f 518 509 403
f 414 510 519
f 414 415 511
f 510 414 511
f 511 415 520
f 424 521 525
f 517 521 424
f 410 517 424
f 410 424 416
f 410 416 404
f 417 410 404
f 417 425 410
f 425 411 410
f 405 425 418
f 405 412 425
f 412 411 425
f 400 412 405
f 401 406 413
f 402 413 406
f 403 522 518
f 407 522 403
f 519 408 414
f 519 522 408
f 522 407 408
f 409 414 408
f 415 414 409
f 415 409 419
f 415 419 520
f 520 419 526
f 420 424 525
f 420 525 426
f 426 525 529
f 427 424 420
f 427 434 424
f 416 424 421
f 421 424 434
f 421 425 417
f 421 434 425
f 422 425 428
f 428 425 434
f 418 425 422
f 419 527 526
f 423 527 419
f 527 423 429
f 530 527 429
f 438 531 535
f 430 438 439
f 430 529 438
f 430 426 529
f 531 438 529
f 430 434 427
f 430 439 434
f 431 434 435
f 435 434 439
f 428 434 431
f 429 532 530
f 432 532 429
f 440 536 532
f 440 532 433
f 433 532 432
f 433 436 440
f 446 438 535
f 538 446 535
f 439 438 447
f 447 438 446
f 435 447 441
f 439 447 435
f 448 539 537
f 536 448 537
f 440 448 536
f 440 442 448
f 440 437 442
f 436 437 440
f 443 446 538
f 443 538 449
f 449 538 542
f 444 446 443
f 447 446 444
f 441 447 444
f 448 540 539
f 452 543 540
f 445 452 540
f 445 540 448
f 445 448 442
f 445 450 452
f 449 542 453
f 542 547 453
f 451 543 452
f 451 454 543
f 454 548 543
f 450 451 452
f 463 549 558
f 463 464 550
f 549 463 550
f 464 547 550
f 464 456 547
f 456 453 547
f 465 559 551
f 551 560 465
f 455 561 552
f 457 561 455
f 548 454 455
f 552 548 455
f 458 463 558
f 458 558 466
f 466 558 567
f 459 463 458
f 464 463 459
f 456 464 459
f 470 568 562
f 562 569 470
f 460 570 563
f 467 570 460
f 559 465 461
f 559 461 563
f 563 461 460
f 465 560 564
f 465 564 461
f 461 564 462
f 561 457 462
f 564 561 462
f 571 480 471
f 571 471 567
f 567 471 466
f 571 576 480
f 481 577 572
f 572 578 481
f 468 568 470
f 468 472 568
f 472 579 568
f 470 569 573
f 470 573 468
f 468 573 469
f 570 467 469
f 573 570 469
f 471 480 473
f 480 576 580
f 480 580 473
f 473 580 474
f 475 474 581
f 474 580 581
f 581 482 475
f 587 482 581
f 476 588 582
f 483 588 476
f 477 476 583
f 476 582 583
f 577 481 478
f 577 478 583
f 583 478 477
f 481 578 584
f 481 584 478
f 478 584 479
f 579 472 479
f 584 579 479
f 482 587 589
f 484 482 589
f 485 484 590
f 484 589 590
f 588 483 485
f 590 588 485
f 486 593 600
f 486 487 594
f 593 486 594
f 594 487 601
f 490 486 600
f 607 490 600
f 487 486 491
f 491 486 490
f 608 601 487
f 491 608 487
f 499 609 620
f 607 609 499
f 490 607 499
f 490 499 492
f 490 492 488
f 493 490 488
f 493 500 490
f 500 491 490
f 494 489 610
f 494 610 491
f 494 491 500
f 608 491 610
f 495 501 611
f 495 611 489
f 489 611 610
f 501 502 612
f 611 501 612
f 612 502 621
f 496 499 620
f 496 620 503
f 503 620 628
f 504 499 496
f 504 512 499
f 492 499 497
f 497 499 512
f 497 500 493
f 497 512 500
f 512 513 500
f 494 513 505
f 500 513 494
f 495 498 501
f 506 501 498
f 506 514 501
f 514 502 501
f 629 621 502
f 514 629 502
f 515 622 630
f 515 516 623
f 622 515 623
f 623 516 631
f 523 632 637
f 523 628 632
f 523 517 628
f 517 503 628
f 504 507 512
f 508 512 507
f 513 512 508
f 505 513 508
f 506 509 514
f 518 524 633
f 509 518 633
f 509 633 629
f 509 629 514
f 630 633 524
f 515 630 524
f 515 524 519
f 515 519 510
f 511 515 510
f 516 515 511
f 516 511 520
f 516 520 631
f 631 520 638
f 521 523 637
f 521 637 525
f 525 637 641
f 517 523 521
f 518 522 524
f 519 524 522
f 639 526 528
f 639 638 526
f 638 520 526
f 639 528 642
f 533 643 646
f 533 641 643
f 533 529 641
f 529 525 641
f 526 527 528
f 528 527 530
f 528 530 642
f 642 530 647
f 534 644 648
f 644 534 649
f 531 533 646
f 531 646 535
f 535 646 654
f 529 533 531
f 530 650 647
f 532 650 530
f 650 532 536
f 650 536 655
f 651 534 648
f 649 534 651
f 535 654 538
f 654 660 538
f 537 661 656
f 539 661 537
f 655 536 537
f 655 537 656
f 662 541 657
f 657 541 663
f 544 664 672
f 544 545 665
f 664 544 665
f 545 660 665
f 545 542 660
f 542 538 660
f 546 673 666
f 667 546 540
f 667 674 546
f 540 546 539
f 666 661 546
f 539 546 661
f 667 540 543
f 667 543 675
f 668 541 662
f 663 541 668
f 553 544 672
f 679 553 672
f 545 544 554
f 554 544 553
f 542 554 547
f 545 554 542
f 555 680 676
f 673 555 676
f 673 546 555
f 546 556 555
f 677 546 674
f 677 557 546
f 557 556 546
f 557 677 675
f 557 675 548
f 548 675 543
f 549 553 679
f 549 679 558
f 558 679 682
f 550 553 549
f 554 553 550
f 547 554 550
f 565 683 681
f 681 684 565
f 551 680 555
f 551 559 680
f 559 685 680
f 560 551 555
f 560 555 566
f 566 555 556
f 552 561 566
f 552 566 557
f 557 566 556
f 548 552 557
f 558 682 567
f 682 692 567
f 574 693 686
f 686 694 574
f 562 683 565
f 562 568 683
f 568 695 683
f 569 687 575
f 562 687 569
f 562 684 687
f 562 565 684
f 575 563 570
f 575 687 563
f 687 688 563
f 685 559 563
f 688 685 563
f 560 566 564
f 561 564 566
f 567 692 696
f 571 567 696
f 696 576 571
f 701 576 696
f 585 702 697
f 697 703 585
f 572 693 574
f 572 577 693
f 577 704 693
f 578 698 586
f 572 698 578
f 572 694 698
f 572 574 694
f 586 698 695
f 586 695 579
f 579 695 568
f 569 575 573
f 570 573 575
f 576 701 705
f 580 576 705
f 581 580 706
f 580 705 706
f 587 707 591
f 587 581 707
f 581 706 707
f 591 708 592
f 707 708 591
f 702 592 708
f 585 592 702
f 585 588 592
f 585 582 588
f 585 703 709
f 585 709 582
f 582 709 583
f 704 577 583
f 709 704 583
f 578 586 584
f 579 584 586
f 587 591 589
f 590 589 591
f 592 590 591
f 588 590 592
f 595 712 724
f 595 596 713
f 712 595 713
f 596 597 714
f 713 596 714
f 597 598 715
f 714 597 715
f 598 599 716
f 715 598 716
f 716 599 725
f 602 595 724
f 733 602 724
f 734 726 596
f 734 596 602
f 602 596 595
f 593 735 600
f 593 596 735
f 593 597 596
f 596 726 735
f 594 597 593
f 598 597 594
f 601 598 594
f 601 603 598
f 603 599 598
f 727 725 599
f 727 599 604
f 604 599 603
f 604 605 728
f 727 604 728
f 605 606 729
f 728 605 729
f 729 606 736
f 613 737 741
f 733 737 613
f 733 613 602
f 602 613 614
f 738 734 602
f 738 602 615
f 615 602 614
f 615 735 738
f 615 607 735
f 607 600 735
f 603 608 616
f 601 608 603
f 604 603 617
f 617 603 616
f 605 604 618
f 618 604 617
f 606 605 619
f 619 605 618
f 742 736 606
f 619 742 606
f 624 613 741
f 745 624 741
f 614 613 625
f 625 613 624
f 609 625 620
f 609 615 625
f 615 614 625
f 607 615 609
f 608 610 616
f 611 616 610
f 617 616 611
f 612 617 611
f 618 617 612
f 621 618 612
f 621 626 618
f 626 619 618
f 743 742 619
f 743 619 627
f 627 619 626
f 743 627 746
f 624 745 747
f 747 749 634
f 747 634 624
f 624 634 625
f 620 634 628
f 625 634 620
f 626 629 635
f 621 629 626
f 622 635 630
f 622 627 635
f 627 626 635
f 627 622 623
f 627 623 750
f 627 750 746
f 750 623 636
f 623 631 636
f 640 751 756
f 751 640 757
f 632 634 749
f 632 749 637
f 637 749 758
f 628 634 632
f 629 633 635
f 630 635 633
f 636 752 750
f 752 636 631
f 752 631 759
f 759 631 638
f 640 756 760
f 761 764 645
f 757 640 760
f 645 758 761
f 645 641 758
f 641 637 758
f 638 762 759
f 639 762 638
f 762 639 642
f 765 762 642
f 643 645 764
f 643 764 646
f 646 764 769
f 641 645 643
f 652 770 766
f 652 766 765
f 652 765 647
f 647 765 642
f 644 653 648
f 644 649 653
f 658 771 777
f 658 769 771
f 658 654 769
f 654 646 769
f 652 772 770
f 659 778 772
f 650 659 772
f 650 772 652
f 650 652 647
f 651 648 653
f 655 659 650
f 649 651 653
f 669 779 781
f 777 779 669
f 777 669 658
f 658 669 670
f 654 670 660
f 658 670 654
f 656 778 659
f 656 661 778
f 661 782 778
f 655 656 659
f 657 671 662
f 657 663 671
f 664 669 781
f 664 781 672
f 672 781 785
f 665 669 664
f 670 669 665
f 660 670 665
f 666 786 783
f 673 786 666
f 666 783 782
f 666 782 661
f 667 678 674
f 668 662 671
f 675 678 667
f 663 668 671
f 672 785 679
f 785 789 679
f 676 790 787
f 680 790 676
f 786 673 676
f 787 786 676
f 674 678 677
f 675 677 678
f 679 789 682
f 789 796 682
f 689 797 791
f 791 798 689
f 681 799 792
f 683 799 681
f 684 793 690
f 684 681 793
f 681 792 793
f 690 794 691
f 793 794 690
f 691 794 790
f 691 790 685
f 685 790 680
f 800 699 692
f 800 692 796
f 796 692 682
f 800 802 699
f 686 797 689
f 686 693 797
f 693 803 797
f 694 801 700
f 686 801 694
f 686 798 801
f 686 689 798
f 700 801 799
f 700 799 695
f 695 799 683
f 684 690 687
f 688 687 690
f 691 688 690
f 685 688 691
f 692 699 696
f 701 804 710
f 696 804 701
f 696 802 804
f 696 699 802
f 804 809 710
f 697 810 805
f 702 810 697
f 703 806 711
f 703 697 806
f 697 805 806
f 711 806 803
f 711 803 704
f 704 803 693
f 694 700 698
f 695 698 700
f 701 710 705
f 710 809 811
f 710 811 705
f 705 811 706
f 707 706 812
f 706 811 812
f 708 707 813
f 707 812 813
f 810 702 708
f 813 810 708
f 703 711 709
f 704 709 711
f 717 817 829
f 717 718 818
f 817 717 818
f 718 719 819
f 818 718 819
f 719 720 820
f 819 719 820
f 720 721 821
f 820 720 821
f 721 722 822
f 821 721 822
f 722 723 823
f 822 722 823
f 823 723 830
f 712 717 829
f 712 829 724
f 724 829 834
f 713 717 712
f 718 717 713
f 714 718 713
f 719 718 714
f 715 719 714
f 720 719 715
f 716 720 715
f 721 720 716
f 725 721 716
f 725 730 721
f 730 722 721
f 723 722 731
f 731 722 730
f 831 830 723
f 831 723 732
f 732 723 731
f 831 732 835
f 739 836 839
f 739 834 836
f 739 733 834
f 733 724 834
f 726 734 740
f 726 740 735
f 725 727 730
f 728 730 727
f 731 730 728
f 729 731 728
f 732 731 729
f 732 729 736
f 732 736 835
f 835 736 840
f 737 739 839
f 737 839 741
f 741 839 843
f 733 739 737
f 734 738 740
f 735 740 738
f 841 742 744
f 841 840 742
f 840 736 742
f 841 744 844
f 748 845 848
f 748 843 845
f 748 745 843
f 745 741 843
f 742 743 744
f 744 743 746
f 744 746 844
f 844 746 849
f 753 748 848
f 853 753 848
f 745 754 747
f 745 748 754
f 748 753 754
f 747 754 749
f 850 750 755
f 850 849 750
f 849 746 750
f 850 755 854
f 751 753 853
f 751 853 756
f 756 853 855
f 757 753 751
f 757 763 753
f 763 754 753
f 749 763 758
f 754 763 749
f 750 752 755
f 755 752 759
f 755 759 854
f 854 759 856
f 767 760 756
f 767 756 857
f 857 756 855
f 760 763 757
f 760 767 763
f 761 763 764
f 764 763 767
f 758 763 761
f 768 759 762
f 768 858 759
f 858 856 759
f 762 765 768
f 773 859 864
f 857 859 773
f 857 773 767
f 767 773 774
f 764 774 769
f 767 774 764
f 860 770 775
f 860 858 770
f 766 770 768
f 768 770 858
f 775 776 861
f 775 861 860
f 768 765 766
f 861 776 865
f 780 773 864
f 868 780 864
f 771 780 777
f 771 774 780
f 774 773 780
f 769 774 771
f 770 772 775
f 866 776 775
f 866 775 778
f 866 778 869
f 772 778 775
f 865 776 866
f 779 780 868
f 779 868 781
f 781 868 872
f 777 780 779
f 784 873 870
f 784 870 869
f 784 869 782
f 782 869 778
f 781 872 785
f 872 875 785
f 788 876 874
f 873 788 874
f 784 788 873
f 784 786 788
f 784 783 786
f 782 783 784
f 785 875 789
f 875 879 789
f 795 880 877
f 877 881 795
f 787 876 788
f 787 790 876
f 790 882 876
f 786 787 788
f 789 879 796
f 879 889 796
f 791 890 883
f 797 890 791
f 883 798 791
f 891 798 883
f 792 880 795
f 792 799 880
f 799 892 880
f 795 881 884
f 795 884 792
f 792 884 793
f 794 793 885
f 793 884 885
f 882 790 794
f 885 882 794
f 796 889 893
f 800 796 893
f 893 802 800
f 900 802 893
f 807 901 894
f 807 895 808
f 894 895 807
f 808 895 890
f 808 890 803
f 803 890 797
f 798 891 896
f 801 798 896
f 892 799 801
f 896 892 801
f 802 900 902
f 804 802 902
f 809 903 814
f 809 804 903
f 804 902 903
f 814 904 815
f 903 904 814
f 815 905 816
f 904 905 815
f 901 816 905
f 807 816 901
f 807 810 816
f 807 805 810
f 806 805 807
f 808 806 807
f 803 806 808
f 809 814 811
f 812 811 814
f 815 812 814
f 813 812 815
f 816 813 815
f 810 813 816
f 824 908 917
f 824 825 909
f 908 824 909
f 825 826 910
f 909 825 910
f 826 827 911
f 910 826 911
f 827 828 912
f 911 827 912
f 912 828 918
f 832 919 929
f 832 829 817
f 832 817 919
f 919 817 920
f 818 921 817
f 817 921 920
f 917 819 824
f 917 921 819
f 921 818 819
f 820 824 819
f 825 824 820
f 821 825 820
f 826 825 821
f 822 826 821
f 827 826 822
f 823 827 822
f 828 827 823
f 830 833 922
f 823 830 922
f 823 922 918
f 823 918 828
f 922 833 930
f 837 832 929
f 934 837 929
f 829 837 834
f 832 837 829
f 830 831 833
f 835 838 931
f 831 835 931
f 831 931 930
f 831 930 833
f 931 838 935
f 836 837 934
f 836 934 839
f 839 934 940
f 834 837 836
f 838 840 842
f 835 840 838
f 941 935 838
f 842 941 838
f 846 942 948
f 846 940 942
f 846 843 940
f 843 839 940
f 840 841 842
f 844 847 943
f 841 844 943
f 841 943 941
f 841 941 842
f 943 847 949
f 845 846 948
f 845 948 848
f 848 948 952
f 843 846 845
f 847 849 851
f 844 849 847
f 950 949 847
f 950 847 852
f 852 847 851
f 950 852 953
f 848 952 853
f 952 956 853
f 849 850 851
f 954 852 851
f 954 851 854
f 954 854 957
f 850 854 851
f 953 852 954
f 853 956 855
f 956 959 855
f 854 856 957
f 957 856 960
f 862 961 965
f 862 959 961
f 862 857 959
f 857 855 959
f 863 966 962
f 863 962 960
f 863 960 858
f 858 960 856
f 859 862 965
f 859 965 864
f 864 965 969
f 857 862 859
f 863 967 966
f 858 967 863
f 858 860 967
f 860 968 967
f 867 970 968
f 867 968 861
f 861 968 860
f 861 865 867
f 864 969 868
f 969 975 868
f 871 976 971
f 970 871 971
f 867 871 970
f 867 869 871
f 867 866 869
f 865 866 867
f 868 975 872
f 975 980 872
f 870 976 871
f 870 873 976
f 873 981 976
f 869 870 871
f 872 980 875
f 980 987 875
f 878 988 982
f 982 989 878
f 874 990 983
f 876 990 874
f 981 873 874
f 983 981 874
f 886 991 997
f 886 987 991
f 886 879 987
f 879 875 987
f 877 998 992
f 880 998 877
f 881 878 887
f 881 992 878
f 881 877 992
f 992 988 878
f 993 878 989
f 993 888 878
f 888 887 878
f 888 993 990
f 888 990 882
f 882 990 876
f 886 997 999
f 999 879 886
f 999 1007 879
f 1007 889 879
f 897 1008 1000
f 897 1001 898
f 1000 1001 897
f 898 883 890
f 898 1001 883
f 1001 1002 883
f 891 1003 899
f 891 883 1003
f 883 1002 1003
f 899 1003 998
f 899 998 892
f 892 998 880
f 881 887 884
f 885 884 887
f 888 885 887
f 882 885 888
f 889 1007 1009
f 893 889 1009
f 900 1010 906
f 900 893 1010
f 893 1009 1010
f 1010 1014 906
f 907 1015 1011
f 1008 907 1011
f 897 907 1008
f 897 901 907
f 897 894 901
f 895 894 897
f 898 895 897
f 890 895 898
f 891 899 896
f 892 896 899
f 900 906 902
f 906 1014 1016
f 906 1016 902
f 902 1016 903
f 904 903 1017
f 903 1016 1017
f 1015 907 905
f 1015 905 1017
f 1017 905 904
f 901 905 907
f 913 1019 1025
f 913 914 1020
f 1019 913 1020
f 1020 914 1026
f 915 1021 1027
f 915 916 1022
f 1021 915 1022
f 1022 916 1028
f 923 1029 1045
f 923 924 1030
f 1029 923 1030
f 924 925 1031
f 1030 924 1031
f 1025 1031 925
f 1025 925 913
f 913 925 926
f 908 926 917
f 908 914 926
f 914 913 926
f 914 1032 1026
f 914 908 1032
f 908 909 1032
f 910 1033 909
f 909 1033 1032
f 1027 911 915
f 1027 1033 911
f 1033 910 911
f 912 915 911
f 916 915 912
f 918 927 1034
f 912 918 1034
f 912 1034 1028
f 912 1028 916
f 927 928 1035
f 1034 927 1035
f 1035 928 1046
f 932 923 1045
f 1049 932 1045
f 919 932 929
f 919 924 932
f 924 923 932
f 920 924 919
f 925 924 920
f 921 925 920
f 926 925 921
f 917 926 921
f 918 922 927
f 930 927 922
f 930 933 927
f 933 928 927
f 1050 1046 928
f 933 1050 928
f 936 1051 1057
f 1049 1051 936
f 1049 936 932
f 932 936 937
f 929 937 934
f 932 937 929
f 930 931 933
f 935 938 1052
f 931 935 1052
f 931 1052 1050
f 931 1050 933
f 938 939 1053
f 1052 938 1053
f 1053 939 1058
f 944 936 1057
f 1063 944 1057
f 937 936 945
f 945 936 944
f 934 945 940
f 937 945 934
f 938 941 946
f 935 941 938
f 939 938 947
f 947 938 946
f 1064 1058 939
f 947 1064 939
f 951 944 1063
f 1068 951 1063
f 942 951 948
f 942 945 951
f 945 944 951
f 940 945 942
f 941 943 946
f 1065 947 946
f 1065 946 949
f 1065 949 1069
f 943 949 946
f 1064 947 1065
f 951 1068 1070
f 1070 948 951
f 1070 1073 948
f 1073 952 948
f 955 949 950
f 955 1074 949
f 1074 1069 949
f 950 953 955
f 958 1075 1081
f 958 1073 1075
f 958 956 1073
f 956 952 1073
f 954 1074 955
f 954 957 1074
f 957 1082 1074
f 953 954 955
f 963 958 1081
f 1087 963 1081
f 956 963 959
f 958 963 956
f 964 1088 1083
f 964 1083 1082
f 964 1082 960
f 960 1082 957
f 961 963 1087
f 961 1087 965
f 965 1087 1089
f 959 963 961
f 962 1088 964
f 962 966 1088
f 966 1090 1088
f 960 962 964
f 965 1089 969
f 1089 1093 969
f 972 1094 1091
f 967 973 972
f 967 972 1090
f 967 1090 966
f 1091 1090 972
f 967 968 974
f 973 967 974
f 968 970 974
f 969 1093 975
f 1093 1096 975
f 977 1097 1095
f 1094 977 1095
f 1094 972 977
f 972 978 977
f 973 979 972
f 979 978 972
f 971 976 979
f 971 979 974
f 974 979 973
f 970 971 974
f 975 1096 980
f 1096 1098 980
f 984 1097 977
f 1099 1097 984
f 978 985 977
f 985 984 977
f 979 986 978
f 986 985 978
f 976 981 986
f 979 976 986
f 980 1098 987
f 1098 1103 987
f 994 1104 1100
f 1100 1105 994
f 995 1106 1101
f 1099 995 1101
f 984 995 1099
f 984 988 995
f 984 982 988
f 989 982 984
f 989 984 996
f 996 984 985
f 983 990 996
f 983 996 986
f 986 996 985
f 981 983 986
f 991 1107 1112
f 997 991 1112
f 1103 991 987
f 1107 991 1103
f 1004 1113 1108
f 1108 1114 1004
f 1005 1104 994
f 1115 1104 1005
f 1109 994 1105
f 1109 1006 994
f 1006 1005 994
f 1106 1006 1109
f 995 1006 1106
f 995 998 1006
f 995 992 998
f 988 992 995
f 989 996 993
f 990 993 996
f 1012 999 997
f 1012 997 1119
f 1119 997 1112
f 999 1012 1007
f 1013 1120 1116
f 1113 1013 1116
f 1004 1013 1113
f 1004 1008 1013
f 1004 1000 1008
f 1004 1114 1117
f 1004 1117 1000
f 1000 1117 1001
f 1115 1005 1002
f 1115 1002 1117
f 1117 1002 1001
f 1003 1002 1005
f 1006 1003 1005
f 998 1003 1006
f 1012 1119 1121
f 1007 1012 1121
f 1007 1121 1009
f 1009 1121 1122
f 1010 1009 1123
f 1009 1122 1123
f 1123 1014 1010
f 1127 1014 1123
f 1018 1128 1124
f 1120 1018 1124
f 1013 1018 1120
f 1013 1015 1018
f 1013 1011 1015
f 1008 1011 1013
f 1014 1127 1129
f 1016 1014 1129
f 1128 1018 1017
f 1128 1017 1129
f 1129 1017 1016
f 1015 1017 1018
f 1023 1131 1136
f 1023 1024 1132
f 1131 1023 1132
f 1132 1024 1137
f 1036 1138 1150
f 1136 1138 1036
f 1136 1036 1023
f 1023 1036 1037
f 1024 1023 1038
f 1038 1023 1037
f 1025 1019 1139
f 1025 1139 1024
f 1025 1024 1038
f 1137 1024 1139
f 1020 1140 1019
f 1019 1140 1139
f 1026 1039 1141
f 1026 1141 1020
f 1020 1141 1140
f 1039 1040 1142
f 1141 1039 1142
f 1041 1027 1021
f 1151 1142 1040
f 1021 1022 1042
f 1041 1021 1042
f 1028 1042 1022
f 1043 1143 1152
f 1043 1044 1144
f 1143 1043 1144
f 1144 1044 1153
f 1047 1154 1163
f 1047 1048 1155
f 1154 1047 1155
f 1150 1155 1048
f 1036 1150 1048
f 1036 1048 1045
f 1036 1045 1029
f 1030 1036 1029
f 1037 1036 1030
f 1031 1037 1030
f 1038 1037 1031
f 1025 1038 1031
f 1026 1032 1039
f 1033 1039 1032
f 1040 1039 1033
f 1040 1156 1151
f 1040 1033 1156
f 1041 1156 1027
f 1027 1156 1033
f 1042 1156 1041
f 1157 1156 1042
f 1152 1034 1043
f 1152 1157 1034
f 1028 1034 1042
f 1042 1034 1157
f 1035 1043 1034
f 1044 1043 1035
f 1044 1035 1046
f 1044 1046 1153
f 1153 1046 1164
f 1054 1047 1163
f 1169 1054 1163
f 1048 1047 1055
f 1055 1047 1054
f 1045 1055 1049
f 1048 1055 1045
f 1056 1170 1165
f 1056 1165 1164
f 1056 1164 1050
f 1050 1164 1046
f 1059 1054 1169
f 1173 1059 1169
f 1051 1059 1057
f 1051 1055 1059
f 1055 1054 1059
f 1049 1055 1051
f 1060 1170 1056
f 1174 1170 1060
f 1050 1052 1061
f 1050 1061 1056
f 1056 1061 1060
f 1052 1053 1062
f 1061 1052 1062
f 1053 1058 1062
f 1066 1175 1180
f 1173 1176 1059
f 1175 1066 1181
f 1176 1057 1059
f 1176 1182 1057
f 1182 1063 1057
f 1060 1177 1174
f 1061 1177 1060
f 1178 1177 1061
f 1178 1067 1183
f 1178 1061 1067
f 1061 1062 1067
f 1058 1064 1067
f 1062 1058 1067
f 1066 1180 1184
f 1185 1190 1071
f 1181 1066 1184
f 1071 1182 1185
f 1071 1068 1182
f 1068 1063 1182
f 1072 1191 1186
f 1186 1192 1072
f 1065 1183 1067
f 1065 1069 1183
f 1069 1193 1183
f 1064 1065 1067
f 1076 1071 1190
f 1198 1076 1190
f 1068 1077 1070
f 1068 1071 1077
f 1071 1076 1077
f 1070 1077 1073
f 1078 1199 1194
f 1191 1078 1194
f 1191 1072 1078
f 1072 1079 1078
f 1195 1072 1192
f 1195 1080 1072
f 1080 1079 1072
f 1080 1195 1193
f 1080 1193 1074
f 1074 1193 1069
f 1076 1198 1200
f 1075 1201 1081
f 1075 1076 1201
f 1075 1077 1076
f 1076 1200 1201
f 1073 1077 1075
f 1084 1199 1078
f 1202 1199 1084
f 1079 1085 1078
f 1085 1084 1078
f 1080 1086 1079
f 1086 1085 1079
f 1074 1082 1086
f 1080 1074 1086
f 1081 1201 1087
f 1201 1209 1087
f 1084 1203 1202
f 1085 1203 1084
f 1204 1203 1085
f 1083 1088 1210
f 1083 1210 1085
f 1083 1085 1086
f 1085 1210 1204
f 1082 1083 1086
f 1087 1209 1089
f 1209 1215 1089
f 1092 1216 1211
f 1092 1211 1210
f 1092 1210 1090
f 1090 1210 1088
f 1089 1215 1093
f 1215 1218 1093
f 1091 1216 1092
f 1091 1094 1216
f 1094 1219 1216
f 1090 1091 1092
f 1093 1218 1096
f 1218 1223 1096
f 1095 1224 1220
f 1097 1224 1095
f 1219 1094 1095
f 1220 1219 1095
f 1096 1223 1098
f 1223 1227 1098
f 1102 1228 1225
f 1225 1229 1102
f 1097 1099 1224
f 1224 1099 1230
f 1110 1231 1238
f 1110 1227 1231
f 1110 1103 1227
f 1103 1098 1227
f 1100 1228 1102
f 1100 1104 1228
f 1104 1239 1228
f 1105 1232 1111
f 1100 1232 1105
f 1100 1229 1232
f 1100 1102 1229
f 1111 1101 1106
f 1111 1232 1101
f 1232 1233 1101
f 1230 1099 1101
f 1233 1230 1101
f 1107 1110 1238
f 1107 1238 1112
f 1112 1238 1245
f 1103 1110 1107
f 1108 1246 1240
f 1113 1246 1108
f 1114 1241 1118
f 1114 1108 1241
f 1108 1240 1241
f 1118 1241 1239
f 1118 1239 1115
f 1115 1239 1104
f 1105 1111 1109
f 1106 1109 1111
f 1247 1125 1119
f 1247 1119 1245
f 1245 1119 1112
f 1247 1251 1125
f 1126 1252 1248
f 1126 1116 1120
f 1126 1248 1116
f 1248 1249 1116
f 1246 1113 1116
f 1249 1246 1116
f 1114 1118 1117
f 1115 1117 1118
f 1119 1125 1121
f 1125 1251 1253
f 1125 1253 1121
f 1121 1253 1122
f 1123 1122 1254
f 1122 1253 1254
f 1127 1255 1130
f 1127 1123 1255
f 1123 1254 1255
f 1252 1130 1255
f 1126 1130 1252
f 1126 1128 1130
f 1126 1124 1128
f 1120 1124 1126
f 1127 1130 1129
f 1128 1129 1130
f 1133 1256 1260
f 1133 1134 1257
f 1256 1133 1257
f 1257 1134 1261
f 1135 1258 1262
f 1258 1135 1263
f 1145 1264 1272
f 1260 1264 1145
f 1260 1145 1133
f 1133 1145 1146
f 1131 1146 1136
f 1131 1134 1146
f 1134 1133 1146
f 1134 1265 1261
f 1134 1131 1265
f 1131 1132 1265
f 1137 1147 1135
f 1137 1135 1265
f 1137 1265 1132
f 1265 1135 1262
f 1266 1263 1135
f 1266 1135 1148
f 1148 1135 1147
f 1266 1148 1273
f 1149 1267 1274
f 1267 1149 1275
f 1158 1276 1285
f 1158 1159 1277
f 1276 1158 1277
f 1272 1277 1159
f 1272 1159 1145
f 1145 1159 1160
f 1138 1160 1150
f 1138 1146 1160
f 1146 1145 1160
f 1136 1146 1138
f 1137 1139 1147
f 1140 1147 1139
f 1148 1147 1140
f 1148 1278 1273
f 1148 1140 1278
f 1140 1141 1278
f 1274 1142 1149
f 1274 1278 1142
f 1278 1141 1142
f 1151 1161 1279
f 1142 1151 1279
f 1142 1279 1275
f 1142 1275 1149
f 1279 1161 1286
f 1143 1280 1287
f 1152 1143 1287
f 1162 1288 1280
f 1162 1280 1144
f 1144 1280 1143
f 1144 1153 1162
f 1166 1289 1292
f 1289 1166 1293
f 1167 1158 1285
f 1294 1167 1285
f 1154 1167 1163
f 1154 1159 1167
f 1159 1158 1167
f 1155 1159 1154
f 1160 1159 1155
f 1150 1160 1155
f 1151 1156 1161
f 1161 1290 1286
f 1161 1156 1290
f 1156 1157 1290
f 1287 1157 1152
f 1290 1157 1287
f 1168 1288 1162
f 1295 1288 1168
f 1153 1164 1168
f 1162 1153 1168
f 1166 1292 1296
f 1297 1299 1171
f 1293 1166 1296
f 1294 1297 1171
f 1294 1171 1167
f 1167 1171 1172
f 1163 1172 1169
f 1167 1172 1163
f 1165 1295 1168
f 1165 1170 1295
f 1170 1300 1295
f 1164 1165 1168
f 1171 1299 1301
f 1301 1302 1179
f 1301 1179 1171
f 1171 1179 1172
f 1169 1179 1173
f 1172 1179 1169
f 1170 1174 1300
f 1300 1174 1303
f 1175 1179 1302
f 1175 1302 1180
f 1180 1302 1305
f 1181 1179 1175
f 1181 1187 1179
f 1173 1179 1176
f 1176 1179 1187
f 1176 1187 1182
f 1188 1174 1177
f 1188 1306 1174
f 1306 1303 1174
f 1177 1178 1189
f 1188 1177 1189
f 1178 1183 1189
f 1180 1305 1307
f 1184 1180 1307
f 1190 1187 1309
f 1190 1185 1187
f 1309 1187 1307
f 1181 1184 1187
f 1307 1187 1184
f 1182 1187 1185
f 1196 1310 1308
f 1306 1196 1308
f 1188 1196 1306
f 1188 1191 1196
f 1188 1186 1191
f 1192 1186 1188
f 1192 1188 1197
f 1197 1188 1189
f 1183 1193 1197
f 1189 1183 1197
f 1190 1309 1198
f 1309 1312 1198
f 1194 1310 1196
f 1194 1199 1310
f 1199 1313 1310
f 1191 1194 1196
f 1192 1197 1195
f 1193 1195 1197
f 1205 1200 1198
f 1205 1198 1317
f 1317 1198 1312
f 1200 1205 1201
f 1206 1318 1314
f 1315 1319 1207
f 1313 1202 1314
f 1313 1199 1202
f 1202 1206 1314
f 1207 1208 1316
f 1315 1207 1316
f 1316 1208 1320
f 1205 1317 1321
f 1321 1201 1205
f 1321 1326 1201
f 1326 1209 1201
f 1212 1318 1206
f 1327 1318 1212
f 1319 1322 1207
f 1202 1203 1206
f 1206 1203 1213
f 1206 1213 1212
f 1208 1207 1323
f 1207 1322 1323
f 1214 1203 1204
f 1214 1213 1203
f 1208 1323 1320
f 1204 1210 1214
f 1217 1328 1332
f 1217 1326 1328
f 1217 1215 1326
f 1215 1209 1326
f 1212 1329 1327
f 1213 1329 1212
f 1330 1329 1213
f 1211 1216 1333
f 1211 1333 1213
f 1211 1213 1214
f 1213 1333 1330
f 1210 1211 1214
f 1221 1217 1332
f 1338 1221 1332
f 1215 1221 1218
f 1217 1221 1215
f 1222 1339 1334
f 1222 1334 1333
f 1222 1333 1219
f 1219 1333 1216
f 1221 1338 1340
f 1340 1218 1221
f 1340 1344 1218
f 1344 1223 1218
f 1226 1345 1341
f 1341 1346 1226
f 1220 1339 1222
f 1220 1224 1339
f 1224 1347 1339
f 1219 1220 1222
f 1234 1348 1355
f 1234 1344 1348
f 1234 1227 1344
f 1227 1223 1344
f 1235 1356 1349
f 1235 1225 1228
f 1235 1349 1225
f 1349 1350 1225
f 1229 1226 1236
f 1229 1350 1226
f 1229 1225 1350
f 1350 1345 1226
f 1351 1226 1346
f 1351 1237 1226
f 1237 1236 1226
f 1237 1351 1347
f 1237 1347 1230
f 1230 1347 1224
f 1231 1234 1355
f 1231 1355 1238
f 1238 1355 1359
f 1227 1234 1231
f 1242 1360 1357
f 1242 1358 1243
f 1357 1358 1242
f 1356 1243 1358
f 1356 1235 1243
f 1235 1244 1243
f 1228 1239 1244
f 1235 1228 1244
f 1229 1236 1232
f 1233 1232 1236
f 1237 1233 1236
f 1230 1233 1237
f 1238 1359 1245
f 1359 1361 1245
f 1250 1360 1242
f 1362 1360 1250
f 1240 1246 1250
f 1240 1250 1243
f 1243 1250 1242
f 1241 1240 1243
f 1244 1241 1243
f 1239 1241 1244
f 1245 1361 1363
f 1247 1245 1363
f 1363 1251 1247
f 1365 1251 1363
f 1248 1366 1364
f 1252 1366 1248
f 1362 1250 1249
f 1362 1249 1364
f 1364 1249 1248
f 1246 1249 1250
f 1251 1365 1367
f 1253 1251 1367
f 1254 1253 1368
f 1253 1367 1368
f 1255 1254 1369
f 1254 1368 1369
f 1366 1252 1255
f 1369 1366 1255
f 1259 1372 1373
f 1372 1259 1374
f 1268 1375 1381
f 1268 1269 1376
f 1375 1268 1376
f 1373 1376 1269
f 1259 1373 1269
f 1259 1269 1260
f 1259 1260 1256
f 1259 1377 1374
f 1259 1256 1377
f 1256 1257 1377
f 1261 1270 1378
f 1261 1378 1257
f 1257 1378 1377
f 1271 1262 1258
f 1382 1378 1270
f 1258 1263 1271
f 1281 1383 1390
f 1381 1383 1281
f 1381 1281 1268
f 1268 1281 1282
f 1264 1282 1272
f 1264 1269 1282
f 1269 1268 1282
f 1260 1269 1264
f 1261 1265 1270
f 1270 1384 1382
f 1270 1265 1384
f 1271 1384 1262
f 1262 1384 1265
f 1263 1384 1271
f 1263 1266 1384
f 1266 1385 1384
f 1273 1283 1386
f 1273 1386 1266
f 1266 1386 1385
f 1283 1274 1267
f 1283 1267 1386
f 1386 1267 1387
f 1275 1284 1388
f 1275 1388 1267
f 1267 1388 1387
f 1388 1284 1391
f 1291 1392 1396
f 1390 1392 1291
f 1281 1390 1291
f 1281 1291 1285
f 1281 1285 1276
f 1277 1281 1276
f 1282 1281 1277
f 1272 1282 1277
f 1273 1278 1283
f 1274 1283 1278
f 1275 1279 1284
f 1284 1279 1286
f 1284 1286 1391
f 1391 1286 1397
f 1280 1393 1398
f 1287 1280 1398
f 1393 1280 1288
f 1399 1393 1288
f 1289 1400 1404
f 1292 1289 1404
f 1293 1298 1291
f 1293 1291 1400
f 1293 1400 1289
f 1400 1291 1396
f 1285 1298 1294
f 1291 1298 1285
f 1286 1401 1397
f 1290 1401 1286
f 1398 1290 1287
f 1401 1290 1398
f 1288 1295 1399
f 1399 1295 1405
f 1292 1404 1406
f 1296 1292 1406
f 1299 1298 1408
f 1299 1297 1298
f 1408 1298 1406
f 1293 1296 1298
f 1406 1298 1296
f 1294 1298 1297
f 1295 1300 1405
f 1405 1300 1409
f 1304 1301 1299
f 1304 1299 1411
f 1411 1299 1408
f 1301 1304 1302
f 1300 1303 1409
f 1409 1303 1412
f 1304 1411 1413
f 1413 1302 1304
f 1413 1414 1302
f 1414 1305 1302
f 1303 1306 1412
f 1412 1306 1415
f 1311 1307 1305
f 1311 1305 1418
f 1418 1305 1414
f 1307 1311 1309
f 1308 1419 1416
f 1310 1419 1308
f 1415 1306 1308
f 1416 1415 1308
f 1311 1418 1420
f 1420 1309 1311
f 1420 1421 1309
f 1421 1312 1309
f 1310 1313 1419
f 1419 1313 1422
f 1312 1421 1317
f 1421 1424 1317
f 1314 1425 1423
f 1318 1425 1314
f 1314 1423 1422
f 1314 1422 1313
f 1315 1324 1319
f 1315 1316 1325
f 1324 1315 1325
f 1316 1320 1325
f 1331 1321 1317
f 1331 1317 1426
f 1426 1317 1424
f 1321 1331 1326
f 1318 1327 1425
f 1425 1327 1427
f 1319 1324 1322
f 1323 1322 1324
f 1325 1323 1324
f 1320 1323 1325
f 1328 1331 1426
f 1328 1426 1332
f 1332 1426 1429
f 1326 1331 1328
f 1335 1430 1428
f 1329 1336 1335
f 1329 1335 1427
f 1329 1427 1327
f 1428 1427 1335
f 1329 1330 1337
f 1336 1329 1337
f 1330 1333 1337
f 1332 1429 1338
f 1429 1431 1338
f 1342 1430 1335
f 1432 1430 1342
f 1336 1343 1335
f 1343 1342 1335
f 1334 1339 1343
f 1334 1343 1337
f 1337 1343 1336
f 1333 1334 1337
f 1352 1340 1338
f 1352 1338 1436
f 1436 1338 1431
f 1340 1352 1344
f 1353 1437 1433
f 1433 1438 1353
f 1341 1432 1342
f 1341 1345 1432
f 1345 1439 1432
f 1346 1341 1342
f 1346 1342 1354
f 1354 1342 1343
f 1339 1347 1354
f 1343 1339 1354
f 1348 1352 1436
f 1348 1436 1355
f 1355 1436 1442
f 1344 1352 1348
f 1349 1437 1353
f 1349 1356 1437
f 1356 1443 1437
f 1353 1438 1440
f 1353 1440 1349
f 1349 1440 1350
f 1439 1345 1350
f 1440 1439 1350
f 1346 1354 1351
f 1347 1351 1354
f 1355 1442 1359
f 1442 1448 1359
f 1357 1449 1444
f 1360 1449 1357
f 1358 1357 1445
f 1357 1444 1445
f 1443 1356 1358
f 1445 1443 1358
f 1359 1448 1361
f 1448 1450 1361
f 1360 1362 1449
f 1449 1362 1451
f 1361 1450 1452
f 1363 1361 1452
f 1365 1453 1370
f 1365 1363 1453
f 1363 1452 1453
f 1453 1458 1370
f 1371 1459 1454
f 1371 1364 1366
f 1371 1454 1364
f 1454 1455 1364
f 1451 1362 1364
f 1455 1451 1364
f 1365 1370 1367
f 1370 1458 1460
f 1370 1460 1367
f 1367 1460 1368
f 1459 1371 1369
f 1459 1369 1460
f 1460 1369 1368
f 1366 1369 1371
f 1372 1379 1373
f 1374 1379 1372
f 1380 1462 1463
f 1462 1380 1464
f 1375 1389 1381
f 1470 1389 1375
f 1470 1375 1465
f 1465 1375 1376
f 1379 1376 1373
f 1379 1466 1376
f 1466 1465 1376
f 1463 1377 1380
f 1463 1466 1377
f 1374 1377 1379
f 1379 1377 1466
f 1380 1467 1464
f 1380 1377 1467
f 1377 1378 1467
f 1467 1378 1382
f 1471 1467 1382
f 1383 1394 1390
f 1383 1381 1389
f 1383 1389 1394
f 1394 1389 1395
f 1481 1389 1470
f 1395 1389 1481
f 1382 1472 1471
f 1384 1472 1382
f 1385 1473 1384
f 1384 1473 1472
f 1386 1474 1385
f 1385 1474 1473
f 1387 1475 1386
f 1386 1475 1474
f 1388 1476 1387
f 1387 1476 1475
f 1476 1388 1391
f 1482 1476 1391
f 1392 1402 1396
f 1392 1488 1402
f 1390 1488 1392
f 1390 1483 1488
f 1390 1394 1483
f 1395 1483 1394
f 1484 1483 1395
f 1481 1484 1395
f 1391 1397 1482
f 1482 1397 1489
f 1393 1403 1398
f 1393 1399 1403
f 1407 1490 1497
f 1407 1404 1400
f 1407 1400 1490
f 1490 1400 1491
f 1402 1400 1396
f 1402 1492 1400
f 1492 1491 1400
f 1488 1492 1402
f 1397 1493 1489
f 1401 1493 1397
f 1403 1401 1398
f 1403 1494 1401
f 1494 1493 1401
f 1494 1403 1399
f 1494 1399 1498
f 1498 1399 1405
f 1407 1497 1499
f 1410 1499 1504
f 1406 1499 1410
f 1406 1407 1499
f 1406 1404 1407
f 1406 1410 1408
f 1405 1409 1498
f 1498 1409 1505
f 1410 1504 1506
f 1506 1408 1410
f 1506 1507 1408
f 1507 1411 1408
f 1409 1412 1505
f 1505 1412 1508
f 1417 1413 1411
f 1417 1411 1512
f 1512 1411 1507
f 1413 1417 1414
f 1412 1415 1508
f 1508 1415 1513
f 1417 1512 1514
f 1514 1414 1417
f 1514 1518 1414
f 1518 1418 1414
f 1416 1519 1515
f 1419 1519 1416
f 1513 1415 1416
f 1515 1513 1416
f 1418 1518 1520
f 1420 1418 1520
f 1520 1421 1420
f 1523 1421 1520
f 1419 1422 1519
f 1519 1422 1524
f 1421 1523 1424
f 1523 1530 1424
f 1423 1531 1525
f 1425 1531 1423
f 1524 1422 1423
f 1525 1524 1423
f 1424 1530 1426
f 1530 1532 1426
f 1425 1427 1531
f 1531 1427 1533
f 1426 1532 1429
f 1532 1535 1429
f 1428 1536 1534
f 1430 1536 1428
f 1533 1427 1428
f 1534 1533 1428
f 1429 1535 1431
f 1535 1540 1431
f 1434 1541 1537
f 1434 1538 1435
f 1537 1538 1434
f 1435 1538 1536
f 1435 1536 1432
f 1432 1536 1430
f 1431 1540 1436
f 1540 1542 1436
f 1433 1541 1434
f 1433 1437 1541
f 1437 1543 1541
f 1438 1433 1434
f 1438 1434 1441
f 1441 1434 1435
f 1432 1439 1441
f 1435 1432 1441
f 1436 1542 1442
f 1542 1546 1442
f 1446 1547 1544
f 1446 1545 1447
f 1544 1545 1446
f 1447 1545 1543
f 1447 1543 1443
f 1443 1543 1437
f 1438 1441 1440
f 1439 1440 1441
f 1442 1546 1448
f 1546 1548 1448
f 1444 1547 1446
f 1444 1449 1547
f 1449 1549 1547
f 1445 1444 1446
f 1447 1445 1446
f 1443 1445 1447
f 1550 1456 1450
f 1550 1450 1548
f 1548 1450 1448
f 1550 1553 1456
f 1551 1451 1457
f 1551 1549 1451
f 1549 1449 1451
f 1551 1457 1554
f 1450 1456 1452
f 1456 1553 1555
f 1456 1555 1452
f 1452 1555 1453
f 1458 1556 1461
f 1458 1453 1556
f 1453 1555 1556
f 1461 1454 1459
f 1461 1556 1454
f 1556 1557 1454
f 1455 1454 1558
f 1454 1557 1558
f 1457 1451 1455
f 1457 1455 1559
f 1559 1455 1558
f 1554 1457 1559
f 1458 1461 1460
f 1459 1460 1461
f 1462 1468 1463
f 1462 1464 1468
f 1469 1564 1565
f 1564 1469 1566
f 1465 1477 1470
f 1465 1466 1478
f 1477 1465 1478
f 1466 1571 1478
f 1463 1571 1466
f 1463 1567 1571
f 1463 1468 1567
f 1464 1567 1468
f 1464 1467 1567
f 1467 1568 1567
f 1471 1479 1469
f 1471 1469 1568
f 1471 1568 1467
f 1568 1469 1565
f 1569 1566 1469
f 1569 1469 1480
f 1480 1469 1479
f 1569 1480 1572
f 1477 1485 1481
f 1470 1477 1481
f 1578 1478 1573
f 1578 1485 1478
f 1485 1477 1478
f 1571 1573 1478
f 1471 1472 1479
f 1473 1479 1472
f 1480 1479 1473
f 1480 1574 1572
f 1480 1473 1574
f 1473 1474 1574
f 1486 1579 1574
f 1486 1574 1475
f 1475 1574 1474
f 1475 1476 1487
f 1486 1475 1487
f 1476 1482 1487
f 1483 1495 1488
f 1483 1484 1496
f 1495 1483 1496
f 1484 1585 1496
f 1481 1585 1484
f 1481 1580 1585
f 1481 1485 1580
f 1578 1580 1485
f 1486 1581 1579
f 1487 1581 1486
f 1582 1581 1487
f 1582 1487 1482
f 1582 1482 1586
f 1586 1482 1489
f 1490 1500 1497
f 1490 1491 1501
f 1500 1490 1501
f 1491 1492 1502
f 1501 1491 1502
f 1492 1594 1502
f 1488 1594 1492
f 1488 1587 1594
f 1488 1495 1587
f 1496 1587 1495
f 1588 1587 1496
f 1585 1588 1496
f 1503 1489 1493
f 1503 1595 1489
f 1595 1586 1489
f 1596 1503 1493
f 1596 1493 1589
f 1589 1493 1494
f 1589 1494 1498
f 1597 1589 1498
f 1497 1500 1499
f 1598 1500 1501
f 1598 1504 1500
f 1598 1603 1504
f 1499 1500 1504
f 1502 1598 1501
f 1599 1598 1502
f 1594 1599 1502
f 1503 1600 1595
f 1596 1600 1503
f 1498 1505 1597
f 1597 1505 1604
f 1509 1605 1610
f 1509 1510 1606
f 1605 1509 1606
f 1506 1510 1511
f 1506 1603 1510
f 1506 1504 1603
f 1606 1510 1603
f 1506 1511 1507
f 1505 1508 1604
f 1604 1508 1611
f 1509 1610 1612
f 1612 1615 1516
f 1612 1516 1509
f 1509 1516 1510
f 1511 1510 1517
f 1517 1510 1516
f 1507 1517 1512
f 1511 1517 1507
f 1508 1513 1611
f 1611 1513 1616
f 1516 1615 1617
f 1617 1623 1521
f 1617 1521 1516
f 1516 1521 1517
f 1512 1522 1514
f 1512 1517 1522
f 1517 1521 1522
f 1514 1522 1518
f 1515 1624 1618
f 1519 1624 1515
f 1616 1513 1515
f 1618 1616 1515
f 1521 1623 1625
f 1625 1632 1526
f 1625 1526 1521
f 1521 1526 1522
f 1518 1522 1526
f 1518 1526 1626
f 1518 1626 1520
f 1626 1526 1633
f 1626 1523 1520
f 1634 1523 1626
f 1527 1635 1627
f 1527 1628 1528
f 1627 1628 1527
f 1528 1629 1529
f 1628 1629 1528
f 1529 1629 1624
f 1529 1624 1524
f 1524 1624 1519
f 1526 1632 1636
f 1633 1526 1636
f 1523 1634 1530
f 1634 1641 1530
f 1527 1637 1635
f 1528 1637 1527
f 1638 1637 1528
f 1525 1531 1642
f 1525 1642 1528
f 1525 1528 1529
f 1528 1642 1638
f 1524 1525 1529
f 1530 1641 1532
f 1641 1645 1532
f 1531 1533 1642
f 1642 1533 1646
f 1532 1645 1535
f 1645 1649 1535
f 1534 1536 1539
f 1534 1539 1650
f 1534 1650 1533
f 1533 1650 1646
f 1535 1649 1540
f 1649 1656 1540
f 1537 1657 1651
f 1541 1657 1537
f 1538 1537 1652
f 1537 1651 1652
f 1539 1536 1538
f 1539 1538 1653
f 1653 1538 1652
f 1650 1539 1653
f 1540 1656 1542
f 1656 1659 1542
f 1541 1543 1657
f 1657 1543 1660
f 1542 1659 1546
f 1659 1664 1546
f 1544 1665 1661
f 1547 1665 1544
f 1545 1544 1662
f 1544 1661 1662
f 1660 1543 1545
f 1662 1660 1545
f 1546 1664 1548
f 1664 1668 1548
f 1666 1549 1552
f 1666 1665 1549
f 1665 1547 1549
f 1666 1552 1669
f 1548 1668 1670
f 1550 1548 1670
f 1553 1671 1560
f 1553 1550 1671
f 1550 1670 1671
f 1671 1675 1560
f 1561 1676 1672
f 1561 1673 1562
f 1672 1673 1561
f 1674 1549 1673
f 1674 1552 1549
f 1673 1549 1562
f 1551 1563 1549
f 1562 1549 1563
f 1552 1674 1669
f 1551 1554 1563
f 1553 1560 1555
f 1560 1675 1677
f 1560 1677 1555
f 1555 1677 1556
f 1676 1561 1557
f 1676 1557 1677
f 1677 1557 1556
f 1558 1557 1561
f 1562 1558 1561
f 1559 1558 1562
f 1563 1559 1562
f 1554 1559 1563
f 1564 1570 1565
f 1564 1566 1570
f 1567 1575 1571
f 1567 1568 1576
f 1575 1567 1576
f 1568 1680 1576
f 1565 1680 1568
f 1565 1679 1680
f 1565 1570 1679
f 1577 1681 1679
f 1569 1577 1679
f 1569 1679 1570
f 1569 1570 1566
f 1569 1572 1577
f 1573 1583 1578
f 1573 1685 1583
f 1571 1685 1573
f 1571 1682 1685
f 1571 1575 1682
f 1576 1682 1575
f 1683 1682 1576
f 1680 1683 1576
f 1577 1684 1681
f 1584 1686 1684
f 1574 1584 1684
f 1574 1684 1577
f 1574 1577 1572
f 1574 1579 1584
f 1580 1590 1585
f 1580 1693 1590
f 1578 1693 1580
f 1578 1687 1693
f 1578 1583 1687
f 1685 1687 1583
f 1584 1688 1686
f 1591 1694 1688
f 1581 1591 1688
f 1581 1688 1584
f 1581 1584 1579
f 1581 1582 1592
f 1591 1581 1592
f 1586 1592 1582
f 1593 1689 1695
f 1689 1593 1696
f 1587 1601 1594
f 1705 1601 1587
f 1705 1587 1697
f 1697 1587 1588
f 1590 1588 1585
f 1590 1698 1588
f 1698 1697 1588
f 1693 1698 1590
f 1591 1699 1694
f 1592 1699 1591
f 1700 1699 1592
f 1593 1695 1701
f 1586 1706 1592
f 1586 1595 1706
f 1706 1700 1592
f 1589 1602 1596
f 1593 1701 1696
f 1589 1597 1602
f 1607 1707 1713
f 1607 1603 1598
f 1607 1598 1707
f 1707 1598 1708
f 1599 1709 1598
f 1598 1709 1708
f 1601 1599 1594
f 1601 1710 1599
f 1710 1709 1599
f 1705 1710 1601
f 1608 1595 1600
f 1608 1714 1595
f 1714 1706 1595
f 1600 1596 1602
f 1600 1602 1608
f 1608 1602 1609
f 1597 1604 1609
f 1602 1597 1609
f 1605 1715 1719
f 1610 1605 1719
f 1713 1606 1607
f 1713 1715 1606
f 1715 1605 1606
f 1603 1607 1606
f 1613 1714 1608
f 1720 1714 1613
f 1609 1614 1608
f 1614 1613 1608
f 1604 1611 1614
f 1609 1604 1614
f 1610 1719 1721
f 1612 1610 1721
f 1615 1722 1619
f 1615 1612 1722
f 1612 1721 1722
f 1722 1728 1619
f 1620 1729 1723
f 1720 1620 1723
f 1720 1613 1620
f 1613 1621 1620
f 1614 1622 1613
f 1622 1621 1613
f 1611 1616 1622
f 1614 1611 1622
f 1615 1619 1617
f 1619 1623 1617
f 1619 1728 1623
f 1728 1732 1623
f 1630 1729 1620
f 1733 1729 1630
f 1621 1631 1620
f 1631 1630 1620
f 1618 1624 1631
f 1618 1631 1622
f 1622 1631 1621
f 1616 1618 1622
f 1623 1732 1734
f 1625 1623 1734
f 1734 1632 1625
f 1739 1632 1734
f 1626 1633 1639
f 1626 1639 1634
f 1627 1635 1640
f 1630 1740 1733
f 1630 1627 1740
f 1630 1628 1627
f 1640 1740 1627
f 1629 1628 1630
f 1631 1629 1630
f 1624 1629 1631
f 1632 1739 1741
f 1636 1632 1741
f 1639 1633 1636
f 1639 1636 1742
f 1742 1636 1741
f 1742 1634 1639
f 1742 1744 1634
f 1744 1641 1634
f 1643 1635 1637
f 1643 1745 1635
f 1640 1635 1743
f 1743 1635 1745
f 1637 1638 1644
f 1637 1644 1643
f 1743 1740 1640
f 1638 1642 1644
f 1641 1744 1645
f 1744 1747 1645
f 1647 1745 1643
f 1748 1745 1647
f 1644 1648 1643
f 1648 1647 1643
f 1642 1646 1648
f 1644 1642 1648
f 1645 1747 1649
f 1747 1749 1649
f 1654 1748 1647
f 1750 1748 1654
f 1648 1655 1647
f 1655 1654 1647
f 1646 1650 1655
f 1648 1646 1655
f 1649 1749 1656
f 1749 1752 1656
f 1651 1657 1658
f 1654 1753 1750
f 1654 1651 1753
f 1654 1652 1651
f 1658 1753 1651
f 1653 1652 1654
f 1655 1653 1654
f 1650 1653 1655
f 1656 1752 1659
f 1752 1756 1659
f 1663 1757 1754
f 1658 1754 1755
f 1658 1660 1754
f 1658 1657 1660
f 1660 1663 1754
f 1753 1658 1755
f 1659 1756 1664
f 1756 1758 1664
f 1661 1665 1667
f 1663 1759 1757
f 1663 1661 1759
f 1663 1662 1661
f 1667 1759 1661
f 1660 1662 1663
f 1664 1758 1668
f 1758 1760 1668
f 1665 1666 1667
f 1667 1666 1669
f 1667 1669 1759
f 1759 1669 1761
f 1668 1760 1762
f 1670 1668 1762
f 1671 1670 1763
f 1670 1762 1763
f 1675 1764 1678
f 1675 1671 1764
f 1671 1763 1764
f 1678 1672 1676
f 1678 1764 1672
f 1764 1765 1672
f 1673 1672 1766
f 1672 1765 1766
f 1674 1673 1767
f 1673 1766 1767
f 1761 1669 1674
f 1767 1761 1674
f 1675 1678 1677
f 1676 1677 1678
f 1679 1772 1773
f 1680 1679 1773
f 1772 1679 1681
f 1774 1772 1681
f 1682 1690 1685
f 1778 1690 1682
f 1778 1682 1775
f 1775 1682 1683
f 1773 1691 1680
f 1773 1776 1691
f 1680 1691 1683
f 1779 1775 1691
f 1683 1691 1775
f 1684 1692 1691
f 1684 1691 1774
f 1684 1774 1681
f 1776 1774 1691
f 1684 1686 1692
f 1687 1702 1693
f 1687 1785 1702
f 1685 1785 1687
f 1685 1780 1785
f 1685 1690 1780
f 1778 1780 1690
f 1691 1781 1779
f 1692 1781 1691
f 1782 1781 1692
f 1703 1786 1782
f 1688 1703 1782
f 1688 1782 1692
f 1688 1692 1686
f 1688 1694 1703
f 1689 1704 1695
f 1689 1696 1704
f 1697 1711 1705
f 1793 1711 1697
f 1793 1697 1787
f 1787 1697 1698
f 1702 1698 1693
f 1702 1788 1698
f 1788 1787 1698
f 1785 1788 1702
f 1703 1789 1786
f 1694 1789 1703
f 1694 1699 1789
f 1699 1790 1789
f 1712 1794 1790
f 1712 1790 1700
f 1700 1790 1699
f 1701 1695 1704
f 1706 1712 1700
f 1696 1701 1704
f 1707 1716 1713
f 1707 1708 1717
f 1716 1707 1717
f 1801 1717 1708
f 1801 1708 1795
f 1795 1708 1709
f 1710 1796 1709
f 1709 1796 1795
f 1711 1710 1705
f 1711 1797 1710
f 1797 1796 1710
f 1793 1797 1711
f 1718 1794 1712
f 1802 1794 1718
f 1706 1714 1718
f 1712 1706 1718
f 1715 1724 1719
f 1715 1713 1716
f 1715 1716 1724
f 1724 1716 1725
f 1807 1717 1803
f 1807 1725 1717
f 1725 1716 1717
f 1801 1803 1717
f 1726 1808 1804
f 1802 1726 1804
f 1802 1718 1726
f 1718 1727 1726
f 1714 1720 1727
f 1718 1714 1727
f 1719 1724 1721
f 1722 1721 1724
f 1725 1722 1724
f 1725 1728 1722
f 1725 1807 1728
f 1807 1810 1728
f 1730 1811 1809
f 1808 1730 1809
f 1808 1726 1730
f 1726 1731 1730
f 1723 1729 1731
f 1723 1731 1727
f 1727 1731 1726
f 1720 1723 1727
f 1812 1735 1732
f 1812 1732 1810
f 1810 1732 1728
f 1735 1813 1736
f 1812 1813 1735
f 1813 1815 1736
f 1737 1811 1730
f 1816 1811 1737
f 1731 1738 1730
f 1738 1737 1730
f 1729 1733 1738
f 1731 1729 1738
f 1732 1735 1734
f 1817 1735 1736
f 1817 1739 1735
f 1817 1821 1739
f 1734 1735 1739
f 1815 1817 1736
f 1737 1818 1816
f 1738 1818 1737
f 1819 1818 1738
f 1819 1738 1733
f 1819 1733 1822
f 1822 1733 1740
f 1739 1821 1823
f 1741 1739 1823
f 1742 1741 1824
f 1741 1823 1824
f 1824 1744 1742
f 1831 1744 1824
f 1743 1745 1746
f 1743 1746 1832
f 1743 1832 1740
f 1740 1832 1822
f 1744 1831 1747
f 1831 1835 1747
f 1746 1836 1833
f 1746 1745 1836
f 1745 1748 1836
f 1832 1746 1833
f 1837 1751 1749
f 1837 1749 1835
f 1835 1749 1747
f 1837 1839 1751
f 1748 1750 1836
f 1836 1750 1840
f 1751 1841 1843
f 1751 1843 1749
f 1749 1843 1752
f 1839 1841 1751
f 1750 1753 1840
f 1840 1753 1844
f 1752 1843 1756
f 1843 1851 1756
f 1754 1852 1845
f 1757 1852 1754
f 1755 1754 1846
f 1754 1845 1846
f 1844 1753 1755
f 1846 1844 1755
f 1756 1851 1758
f 1851 1853 1758
f 1757 1759 1852
f 1852 1759 1854
f 1855 1768 1760
f 1855 1760 1853
f 1853 1760 1758
f 1768 1856 1769
f 1855 1856 1768
f 1769 1857 1770
f 1856 1857 1769
f 1857 1860 1770
f 1771 1861 1858
f 1771 1858 1854
f 1771 1854 1761
f 1761 1854 1759
f 1760 1768 1762
f 1763 1762 1768
f 1769 1763 1768
f 1764 1763 1769
f 1770 1764 1769
f 1770 1860 1862
f 1770 1862 1764
f 1764 1862 1765
f 1766 1765 1863
f 1765 1862 1863
f 1861 1771 1767
f 1861 1767 1863
f 1863 1767 1766
f 1761 1767 1771
f 1772 1777 1773
f 1772 1774 1777
f 1775 1783 1778
f 1773 1777 1776
f 1779 1783 1775
f 1866 1867 1784
f 1776 1777 1774
f 1784 1868 1866
f 1780 1869 1873
f 1785 1780 1873
f 1783 1780 1778
f 1783 1870 1780
f 1870 1869 1780
f 1781 1791 1874
f 1781 1874 1870
f 1781 1870 1779
f 1783 1779 1870
f 1784 1867 1871
f 1781 1782 1792
f 1781 1792 1791
f 1871 1868 1784
f 1782 1786 1792
f 1787 1798 1793
f 1880 1798 1787
f 1880 1787 1875
f 1875 1787 1788
f 1873 1788 1785
f 1875 1788 1873
f 1791 1876 1874
f 1792 1876 1791
f 1877 1876 1792
f 1799 1881 1877
f 1789 1799 1877
f 1789 1877 1792
f 1789 1792 1786
f 1789 1790 1800
f 1799 1789 1800
f 1790 1794 1800
f 1795 1805 1801
f 1888 1805 1795
f 1888 1795 1882
f 1882 1795 1796
f 1797 1883 1796
f 1796 1883 1882
f 1798 1797 1793
f 1798 1884 1797
f 1884 1883 1797
f 1880 1884 1798
f 1799 1885 1881
f 1885 1806 1889
f 1885 1799 1806
f 1799 1800 1806
f 1794 1802 1806
f 1800 1794 1806
f 1803 1890 1894
f 1807 1803 1894
f 1805 1803 1801
f 1805 1891 1803
f 1891 1890 1803
f 1888 1891 1805
f 1804 1889 1806
f 1804 1808 1889
f 1808 1895 1889
f 1802 1804 1806
f 1896 1814 1810
f 1896 1810 1894
f 1894 1810 1807
f 1896 1901 1814
f 1809 1902 1897
f 1811 1902 1809
f 1895 1808 1809
f 1897 1895 1809
f 1810 1814 1812
f 1814 1901 1903
f 1814 1903 1812
f 1812 1903 1813
f 1903 1815 1813
f 1907 1815 1903
f 1820 1908 1904
f 1820 1904 1902
f 1820 1902 1816
f 1816 1902 1811
f 1817 1825 1821
f 1909 1815 1907
f 1909 1825 1815
f 1909 1826 1825
f 1825 1817 1815
f 1909 1912 1826
f 1827 1913 1910
f 1908 1827 1910
f 1908 1820 1827
f 1820 1828 1827
f 1816 1818 1829
f 1816 1829 1820
f 1820 1829 1828
f 1818 1819 1830
f 1829 1818 1830
f 1819 1822 1830
f 1821 1825 1823
f 1824 1823 1825
f 1826 1824 1825
f 1826 1831 1824
f 1826 1912 1831
f 1912 1918 1831
f 1827 1914 1913
f 1828 1914 1827
f 1915 1914 1828
f 1829 1915 1828
f 1916 1915 1829
f 1916 1834 1919
f 1916 1829 1834
f 1829 1830 1834
f 1822 1832 1834
f 1830 1822 1834
f 1831 1918 1835
f 1918 1922 1835
f 1920 1836 1838
f 1920 1919 1836
f 1833 1836 1834
f 1834 1836 1919
f 1833 1834 1832
f 1838 1923 1920
f 1835 1922 1924
f 1837 1835 1924
f 1924 1839 1837
f 1928 1839 1924
f 1838 1840 1842
f 1836 1840 1838
f 1929 1923 1838
f 1842 1929 1838
f 1841 1847 1843
f 1930 1839 1928
f 1930 1847 1839
f 1930 1848 1847
f 1847 1841 1839
f 1930 1938 1848
f 1849 1939 1931
f 1849 1932 1850
f 1931 1932 1849
f 1842 1932 1933
f 1842 1844 1932
f 1842 1840 1844
f 1844 1850 1932
f 1929 1842 1933
f 1847 1940 1944
f 1847 1944 1843
f 1843 1944 1851
f 1848 1940 1847
f 1941 1940 1848
f 1938 1941 1848
f 1845 1939 1849
f 1845 1852 1939
f 1852 1945 1939
f 1846 1845 1849
f 1850 1846 1849
f 1844 1846 1850
f 1946 1859 1853
f 1946 1853 1944
f 1944 1853 1851
f 1946 1953 1859
f 1852 1854 1945
f 1945 1854 1954
f 1853 1859 1855
f 1859 1953 1955
f 1859 1955 1855
f 1855 1955 1856
f 1857 1856 1956
f 1856 1955 1956
f 1860 1957 1864
f 1860 1857 1957
f 1857 1956 1957
f 1864 1958 1865
f 1957 1958 1864
f 1865 1858 1861
f 1865 1958 1858
f 1958 1959 1858
f 1954 1854 1858
f 1959 1954 1858
f 1860 1864 1862
f 1863 1862 1864
f 1865 1863 1864
f 1861 1863 1865
f 1866 1872 1867
f 1866 1868 1872
f 1869 1878 1873
f 1869 1870 1879
f 1878 1869 1879
f 1871 1867 1872
f 1874 1879 1870
f 1868 1871 1872
f 1875 1965 1968
f 1880 1875 1968
f 1878 1875 1873
f 1878 1966 1875
f 1966 1965 1875
f 1879 1966 1878
f 1967 1966 1879
f 1886 1969 1967
f 1876 1886 1967
f 1876 1967 1879
f 1876 1879 1874
f 1876 1877 1887
f 1886 1876 1887
f 1877 1881 1887
f 1882 1892 1888
f 1977 1892 1882
f 1977 1882 1970
f 1970 1882 1883
f 1884 1971 1883
f 1883 1971 1970
f 1968 1884 1880
f 1971 1884 1968
f 1886 1972 1969
f 1887 1972 1886
f 1973 1972 1887
f 1893 1978 1973
f 1885 1893 1973
f 1885 1973 1887
f 1885 1887 1881
f 1885 1889 1893
f 1890 1898 1894
f 1988 1898 1890
f 1988 1890 1979
f 1979 1890 1891
f 1892 1891 1888
f 1892 1980 1891
f 1980 1979 1891
f 1977 1980 1892
f 1899 1989 1981
f 1978 1899 1981
f 1978 1893 1899
f 1893 1900 1899
f 1889 1895 1900
f 1893 1889 1900
f 1894 1898 1896
f 1901 1990 1905
f 1896 1990 1901
f 1896 1988 1990
f 1896 1898 1988
f 1990 1997 1905
f 1906 1989 1899
f 1998 1989 1906
f 1897 1902 1906
f 1897 1906 1900
f 1900 1906 1899
f 1895 1897 1900
f 1901 1905 1903
f 1905 1907 1903
f 1905 1997 1907
f 1997 2006 1907
f 1911 2007 1999
f 1998 1911 1999
f 1906 1911 1998
f 1906 1908 1911
f 1906 1904 1908
f 1902 1904 1906
f 1917 1909 1907
f 1917 1907 2014
f 2014 1907 2006
f 1909 1917 1912
f 1910 2007 1911
f 1910 1913 2007
f 1913 2015 2007
f 1908 1910 1911
f 1917 2014 2016
f 2016 1912 1917
f 2016 2025 1912
f 2025 1918 1912
f 1913 2017 2015
f 1914 2017 1913
f 1915 2018 1914
f 1914 2018 2017
f 1921 2026 2018
f 1921 2018 1916
f 1916 2018 1915
f 1916 1919 1921
f 2027 1925 1922
f 2027 1922 2025
f 2025 1922 1918
f 1925 2028 1926
f 2027 2028 1925
f 2028 2036 1926
f 1921 2029 2026
f 1927 2037 2029
f 1920 1927 2029
f 1920 2029 1921
f 1920 1921 1919
f 1920 1923 1927
f 1922 1925 1924
f 1928 1924 1925
f 1928 1925 1934
f 1934 1925 1926
f 2045 1926 2036
f 1934 1926 2045
f 1935 2046 2038
f 1935 2039 1936
f 2038 2039 1935
f 2037 1936 2039
f 2037 1927 1936
f 1927 1937 1936
f 1923 1929 1937
f 1927 1923 1937
f 1928 1934 1930
f 1934 1938 1930
f 1934 2045 1938
f 2045 2053 1938
f 1942 2054 2047
f 1942 2048 1943
f 2047 2048 1942
f 2046 1943 2048
f 1935 1943 2046
f 1935 1939 1943
f 1935 1931 1939
f 1932 1931 1935
f 1936 1932 1935
f 1933 1932 1936
f 1937 1933 1936
f 1929 1933 1937
f 1940 1947 1944
f 1940 1941 1948
f 1947 1940 1948
f 2055 1938 2053
f 2055 1948 1938
f 2055 1949 1948
f 1948 1941 1938
f 1949 2056 1950
f 2055 2056 1949
f 2054 1950 2056
f 2054 1942 1950
f 1942 1951 1950
f 1943 1952 1942
f 1952 1951 1942
f 1939 1945 1952
f 1943 1939 1952
f 1944 1947 1946
f 1953 1946 1947
f 1953 1947 1960
f 1960 1947 1948
f 1949 1961 1948
f 1961 1960 1948
f 1950 1962 1949
f 1962 1961 1949
f 1951 1963 1950
f 1963 1962 1950
f 1952 1964 1951
f 1964 1963 1951
f 1945 1954 1964
f 1952 1945 1964
f 1953 1960 1955
f 1956 1955 1960
f 1961 1956 1960
f 1957 1956 1961
f 1962 1957 1961
f 1958 1957 1962
f 1963 1958 1962
f 1959 1958 1963
f 1964 1959 1963
f 1954 1959 1964
f 1965 1974 1968
f 1965 1966 1975
f 1974 1965 1975
f 1966 1967 1976
f 1975 1966 1976
f 1967 1969 1976
f 1970 1982 1977
f 1970 1971 1983
f 1982 1970 1983
f 1971 2060 1983
f 1968 2060 1971
f 1968 2059 2060
f 1968 1974 2059
f 2059 1984 2061
f 2059 1974 1984
f 1974 1975 1984
f 1976 1985 1975
f 1985 1984 1975
f 1969 1972 1986
f 1969 1986 1976
f 1976 1986 1985
f 1972 1973 1987
f 1986 1972 1987
f 1973 1978 1987
f 1979 1991 1988
f 1979 1980 1992
f 1991 1979 1992
f 1980 2066 1992
f 1977 2066 1980
f 1977 2062 2066
f 1977 1982 2062
f 1983 2062 1982
f 2063 2062 1983
f 2063 1993 2067
f 2063 1983 1993
f 2064 1993 2060
f 2060 1993 1983
f 2061 1993 2064
f 2061 1984 1993
f 1984 1994 1993
f 1985 1995 1984
f 1995 1994 1984
f 1986 1996 1985
f 1996 1995 1985
f 1981 1989 1996
f 1981 1996 1987
f 1987 1996 1986
f 1978 1981 1987
f 1988 1991 1990
f 1997 1990 1991
f 1997 1991 2000
f 2000 1991 1992
f 2071 1992 2066
f 2000 1992 2071
f 2001 2072 2068
f 2067 2001 2068
f 2067 1993 2001
f 1993 2002 2001
f 1994 2003 1993
f 2003 2002 1993
f 1995 2004 1994
f 2004 2003 1994
f 1996 2005 1995
f 2005 2004 1995
f 1989 1998 2005
f 1996 1989 2005
f 2000 2008 2006
f 1997 2000 2006
f 2073 2000 2071
f 2073 2009 2000
f 2009 2008 2000
f 2072 2009 2073
f 2072 2001 2009
f 2001 2010 2009
f 2002 2011 2001
f 2011 2010 2001
f 2003 2012 2002
f 2012 2011 2002
f 2004 2013 2003
f 2013 2012 2003
f 1999 2007 2013
f 1999 2013 2005
f 2005 2013 2004
f 1998 1999 2005
f 2008 2019 2014
f 2006 2008 2014
f 2009 2020 2008
f 2020 2019 2008
f 2010 2021 2009
f 2021 2020 2009
f 2011 2022 2010
f 2022 2021 2010
f 2012 2023 2011
f 2023 2022 2011
f 2013 2024 2012
f 2024 2023 2012
f 2007 2015 2024
f 2013 2007 2024
f 2014 2019 2016
f 2025 2016 2019
f 2025 2019 2030
f 2030 2019 2020
f 2021 2031 2020
f 2031 2030 2020
f 2022 2032 2021
f 2032 2031 2021
f 2023 2033 2022
f 2033 2032 2022
f 2076 2024 2075
f 2076 2033 2024
f 2033 2023 2024
f 2034 2077 2075
f 2017 2034 2075
f 2017 2075 2024
f 2017 2024 2015
f 2017 2018 2035
f 2034 2017 2035
f 2018 2026 2035
f 2025 2030 2027
f 2028 2027 2030
f 2031 2028 2030
f 2078 2031 2032
f 2078 2036 2031
f 2078 2081 2036
f 2028 2031 2036
f 2078 2040 2082
f 2078 2032 2040
f 2032 2033 2040
f 2079 2033 2076
f 2079 2041 2033
f 2041 2040 2033
f 2077 2041 2079
f 2077 2034 2041
f 2034 2042 2041
f 2035 2043 2034
f 2043 2042 2034
f 2026 2029 2044
f 2026 2044 2035
f 2035 2044 2043
f 2029 2037 2044
f 2083 2049 2045
f 2083 2045 2081
f 2081 2045 2036
f 2082 2049 2083
f 2082 2040 2049
f 2040 2050 2049
f 2041 2051 2040
f 2051 2050 2040
f 2042 2052 2041
f 2052 2051 2041
f 2038 2046 2052
f 2038 2052 2043
f 2043 2052 2042
f 2039 2038 2043
f 2044 2039 2043
f 2037 2039 2044
f 2049 2057 2053
f 2045 2049 2053
f 2050 2058 2049
f 2058 2057 2049
f 2047 2054 2058
f 2047 2058 2051
f 2051 2058 2050
f 2048 2047 2051
f 2052 2048 2051
f 2046 2048 2052
f 2053 2057 2055
f 2056 2055 2057
f 2058 2056 2057
f 2054 2056 2058
f 2059 2065 2060
f 2059 2061 2065
f 2062 2069 2066
f 2062 2063 2070
f 2069 2062 2070
f 2064 2060 2065
f 2067 2070 2063
f 2061 2064 2065
f 2069 2074 2071
f 2066 2069 2071
f 2068 2072 2074
f 2068 2074 2070
f 2070 2074 2069
f 2067 2068 2070
f 2071 2074 2073
f 2072 2073 2074
f 2075 2080 2076
f 2075 2077 2080
f 2078 2084 2081
f 2078 2082 2084
f 2076 2080 2079
f 2077 2079 2080
f 2081 2084 2083
f 2082 2083 2084
