v -0.003419731 -0.0002553544 -0.003975859
v -0.003422781 -0.0001663218 -0.003975124
v -0.003419532 -0.00007660545 -0.003967101
v -0.00335337 -0.0002733171 -0.003984775
v -0.003347896 -0.0001898546 -0.003994672
v -0.003343998 -0.00009673721 -0.003993572
v -0.003342515 0.000001704709 -0.003980373
v -0.00327474 -0.0002159271 -0.003995524
v -0.003264438 -0.0001181513 -0.00400405
v -0.003259036 -0.00002171927 -0.004001978
v -0.003251217 0.00007490998 -0.003990049
v -0.003181438 -0.0001384439 -0.003996138
v -0.003178059 -0.00004037852 -0.004004786
v -0.003173002 0.00005016193 -0.004001966
v -0.003166213 0.0001334415 -0.003989026
v -0.003108219 -0.0001309459 -0.003980308
v -0.003089219 -0.00004691256 -0.003989974
v -0.003107499 0.00002993299 -0.004000066
v -0.003082311 0.0001184268 -0.0039911
v -0.003025058 0.00006029106 -0.003986103
v -0.003476092 -0.0003128921 -0.003952483
v -0.003491552 -0.0002356382 -0.003949889
v -0.003502005 -0.0001293283 -0.003932212
v -0.003549402 -0.0004781125 -0.003893791
v -0.003570701 -0.0004133685 -0.003906644
v -0.003552451 -0.0003213757 -0.003920166
v -0.003563287 -0.0002120211 -0.003907627
v -0.003565449 -0.0001455873 -0.003894181
v -0.003414351 -0.0003361649 -0.003959655
v -0.00346757 -0.00005633391 -0.003941106
v -0.003426637 5.850544e-8 -0.003945226
v -0.003476842 -0.0004881032 -0.003890771
v -0.003491225 -0.0003993923 -0.003926014
v -0.003472015 -0.00002143455 -0.003928268
v -0.003349682 -0.0003350561 -0.003964044
v -0.003371226 0.00006024981 -0.003952828
v -0.003304627 -0.0002895006 -0.003980356
v -0.003317345 0.00008084044 -0.003970253
v -0.003383921 -0.0004193584 -0.003917677
v -0.003340845 0.0001415848 -0.003931545
v -0.003325514 0.0002393005 -0.003890739
v -0.003255751 -0.0002691671 -0.003979243
v -0.003276444 0.0001305071 -0.003967822
v -0.00321214 -0.0002191266 -0.003986015
v -0.003223098 0.0001491345 -0.003977092
v -0.003288062 -0.0004189014 -0.003893839
v -0.003284259 -0.0003391976 -0.003947602
v -0.003247592 0.0002078151 -0.003941565
v -0.003249412 0.0003135833 -0.00388575
v -0.003149301 -0.0001943528 -0.003973418
v -0.003174833 0.0001966234 -0.003967891
v -0.003199382 -0.0003497076 -0.003902477
v -0.003200597 -0.0002698437 -0.003957754
v -0.003141987 0.0002833277 -0.003931804
v -0.003158926 0.000387752 -0.00387385
v -0.003096648 -0.0001673819 -0.003963416
v -0.003098546 0.0002035575 -0.003971535
v -0.003032538 -0.0001077858 -0.003955034
v -0.00300641 -0.000008104603 -0.003973473
v -0.003021871 0.0001939108 -0.003972823
v -0.003101859 -0.0002348557 -0.003927408
v -0.003013733 0.0002827374 -0.003943552
v -0.003055431 0.0003792396 -0.003900048
v -0.002957503 0.0000545505 -0.003967278
v -0.002999257 0.0001422712 -0.003979245
v -0.002953978 0.0001162108 -0.003969279
v -0.002936272 -0.00008966444 -0.003920155
v -0.002942184 -0.000008618733 -0.003948253
v -0.002928836 0.0002083788 -0.00395285
v -0.002915367 0.0003096561 -0.003930817
v -0.002950057 0.0003794401 -0.003907019
v -0.00286126 -0.00001064414 -0.003911895
v -0.002877227 0.0001020236 -0.003938686
v -0.002834985 0.0002072934 -0.003927217
v -0.002843464 0.0002875299 -0.003921414
v -0.002858332 0.0003708216 -0.003901767
v -0.00279239 0.00006774018 -0.003896564
v -0.002778538 0.0001635752 -0.003901123
v -0.002770394 0.000259593 -0.003896707
v -0.002780665 0.000346338 -0.00388618
v -0.003832728 -0.0006620127 -0.003779637
v -0.003832346 -0.0005753522 -0.003788627
v -0.00383565 -0.0004738801 -0.003781962
v -0.003834368 -0.0003751136 -0.003763481
v -0.003757635 -0.0006198388 -0.003803751
v -0.003761732 -0.0005152876 -0.00381942
v -0.00376759 -0.0004117422 -0.003813143
v -0.003772467 -0.0003026944 -0.003785364
v -0.003594575 -0.0005321166 -0.003864142
v -0.003620419 -0.0004701139 -0.003879481
v -0.003629758 -0.0003810773 -0.003884688
v -0.003630633 -0.0002747811 -0.003873443
v -0.003627463 -0.0001519078 -0.00384468
v -0.003677833 -0.0006329172 -0.003804863
v -0.003672742 -0.0005488653 -0.003840353
v -0.003693741 -0.0004476151 -0.003852344
v -0.003700519 -0.000342895 -0.003841985
v -0.003702959 -0.0002266328 -0.00381091
v -0.003687624 -0.0001498558 -0.003795322
v -0.003530488 -0.0005423168 -0.003861523
v -0.003562978 -0.00008126082 -0.003873612
v -0.003507014 -0.00004243905 -0.003906911
v -0.003590569 -0.0006027398 -0.003817086
v -0.003547885 0.00002456568 -0.003839146
v -0.003549968 0.000126016 -0.003783146
v -0.003478312 -0.0005399151 -0.003859504
v -0.003478725 0.00002265881 -0.00390081
v -0.003416502 -0.0005233722 -0.003853783
v -0.003422049 0.00008524606 -0.003909947
v -0.003419916 0.0001951295 -0.003852067
v -0.003483161 -0.0005877114 -0.003811549
v -0.0034872 0.0001031605 -0.003850629
v -0.003499077 0.0001756213 -0.003800079
v -0.003336432 -0.0004818038 -0.00386261
v -0.00337034 0.0002764936 -0.003845239
v -0.003321368 0.0003059212 -0.003859732
v -0.00335106 -0.0005352489 -0.003815947
v -0.003358417 0.0003471744 -0.003811407
v -0.003354979 0.0004069375 -0.003772238
v -0.003285948 -0.0004641336 -0.003857644
v -0.003299399 0.0003553473 -0.003842248
v -0.003229138 -0.0004358391 -0.003847473
v -0.003247549 0.0004125241 -0.003824707
v -0.003283532 -0.0005033971 -0.003810175
v -0.00331516 0.0003960622 -0.003806347
v -0.003174786 -0.0003891998 -0.003857489
v -0.003169672 0.0004618905 -0.003822223
v -0.003109548 -0.0003397788 -0.003855573
v -0.003154705 -0.0004191606 -0.003809549
v -0.003125247 0.0005227855 -0.003791221
v -0.003034402 -0.0002607955 -0.003873593
v -0.003087426 0.0004622207 -0.003847657
v -0.002994659 -0.0001781581 -0.003905168
v -0.003016963 -0.0003162907 -0.003815113
v -0.003026941 0.0005368409 -0.003805193
v -0.002920818 -0.0001449025 -0.003886401
v -0.002986633 0.0004598054 -0.003863615
v -0.002878187 -0.00008870575 -0.003892855
v -0.002937028 -0.0002964824 -0.003781402
v -0.002946537 -0.0002257423 -0.003846963
v -0.002921619 0.0005218514 -0.003821291
v -0.002955502 0.0005800828 -0.003768522
v -0.002828529 -0.00005885559 -0.003878333
v -0.002886682 0.0004485339 -0.003868464
v -0.002795631 -0.000003739506 -0.00388103
v -0.002866581 -0.0002324914 -0.003792633
v -0.002853943 -0.000138327 -0.003849249
v -0.002824561 0.0004999083 -0.003821328
v -0.002861774 0.0005643773 -0.003771555
v -0.002747102 0.00003324352 -0.003859948
v -0.002799082 0.000425258 -0.003862003
v -0.002720747 0.0001142745 -0.003858897
v -0.00270688 0.0002165047 -0.003858039
v -0.002712038 0.0003159643 -0.003852881
v -0.002734558 0.0003919569 -0.003847151
v -0.002779943 -0.0001572978 -0.003783051
v -0.002766614 -0.00005208909 -0.003836341
v -0.002741054 0.0004600559 -0.003812378
v -0.002763454 0.0005371966 -0.003761746
v -0.002701874 -0.00007336026 -0.003767363
v -0.002682705 0.00003767437 -0.003802122
v -0.002650888 0.0001592437 -0.003803726
v -0.002648194 0.0002716944 -0.003801281
v -0.002672909 0.0003867667 -0.003793446
v -0.002690239 0.0004812014 -0.003757564
v -0.003878761 -0.0007103749 -0.003752716
v -0.003894138 -0.0006344563 -0.003758648
v -0.003900461 -0.0005345679 -0.003751334
v -0.003908045 -0.0004196658 -0.003719977
v -0.003958128 -0.0008814828 -0.003682887
v -0.003966821 -0.0008107094 -0.00370363
v -0.003948577 -0.0007157281 -0.003723524
v -0.003961316 -0.0005992627 -0.003719595
v -0.003960683 -0.0004961539 -0.003703219
v -0.003959117 -0.0004349156 -0.003686471
v -0.003833719 -0.0007265006 -0.003759198
v -0.003877588 -0.000340911 -0.003718725
v -0.003788272 -0.0006931607 -0.003777793
v -0.00383981 -0.0002901108 -0.003728689
v -0.00387737 -0.000804356 -0.003712478
v -0.003880064 -0.0002994662 -0.003698107
v -0.003724603 -0.0006935057 -0.003772621
v -0.003799351 -0.0002411016 -0.003741462
v -0.00376068 -0.0002179929 -0.00376336
v -0.003739413 -0.0001354171 -0.003742243
v -0.003780634 -0.0008197342 -0.003691459
v -0.003784298 -0.0007522414 -0.003743073
v -0.003790554 -0.0001763901 -0.0037169
v -0.003784205 -0.0001261484 -0.003695784
v -0.003636161 -0.0006845614 -0.003761125
v -0.003680262 -0.00008095686 -0.003769745
v -0.003620048 -0.00003201273 -0.00380078
v -0.003621963 0.00008703396 -0.00373775
v -0.003696162 -0.0007625525 -0.003709521
v -0.003675864 0.0000166884 -0.003724391
v -0.003675381 0.00007836278 -0.003692128
v -0.003530277 -0.0006655848 -0.003737796
v -0.003590348 0.0001630497 -0.003725386
v -0.003549975 0.0002084948 -0.003735782
v -0.00359434 -0.000732318 -0.003692028
v -0.003592218 0.0002034213 -0.003700392
v -0.003433838 -0.0006311241 -0.003732406
v -0.003485454 0.0002503923 -0.003767781
v -0.003395684 -0.0005795542 -0.003785133
v -0.003422637 0.0002986627 -0.003791672
v -0.003417044 0.000388879 -0.003734292
v -0.003478733 0.0003332462 -0.003720569
v -0.003473392 0.0003839153 -0.003688807
v -0.003317129 -0.0005659727 -0.003747787
v -0.003367506 0.0004414007 -0.003731019
v -0.003368534 -0.0006082442 -0.003724904
v -0.003341843 0.0004862263 -0.003694826
v -0.003249054 -0.0005314549 -0.003739547
v -0.003308078 0.0004529076 -0.003759976
v -0.003205952 -0.0004812488 -0.003774383
v -0.003222481 0.0005070362 -0.003751194
v -0.003291445 0.0005001457 -0.00371536
v -0.003122176 -0.000459899 -0.003724139
v -0.003149563 0.0005612473 -0.003740658
v -0.003075703 -0.000390677 -0.003778289
v -0.003114803 0.0005969852 -0.003705301
v -0.002990221 -0.0003690979 -0.003734734
v -0.003085225 0.0005761547 -0.003756732
v -0.00302501 0.0005902816 -0.003757081
v -0.003049211 -0.000422831 -0.003712015
v -0.003057407 0.0006066685 -0.003722239
v -0.002909485 -0.0003310865 -0.003719205
v -0.002994112 0.0006120901 -0.003716943
v -0.002884898 -0.0002870495 -0.003758468
v -0.002853771 -0.0002660198 -0.003758007
v -0.002906734 0.0006058111 -0.003717905
v -0.002808886 -0.0002387296 -0.003742559
v -0.002852407 -0.0002930114 -0.003721844
v -0.002761773 -0.0001965477 -0.003740065
v -0.00281633 0.0005907778 -0.003715964
v -0.002713435 -0.0001554664 -0.003720117
v -0.002743902 0.0005727843 -0.003703453
v -0.00275216 -0.0002237831 -0.003695785
v -0.00266067 -0.00009110841 -0.003708723
v -0.002705103 0.0005346921 -0.003723855
v -0.002633501 -0.00001353869 -0.003722986
v -0.002598094 0.00009675564 -0.00372849
v -0.002592574 0.0002119662 -0.003740753
v -0.002601968 0.0003242646 -0.00372684
v -0.002637357 0.0004298566 -0.003721212
v -0.002666572 0.0004990384 -0.003709158
v -0.002662787 -0.0001345521 -0.00366677
v -0.002552504 0.00009499522 -0.003659696
v -0.002552501 0.0001646855 -0.003677306
v -0.002557516 0.0002497591 -0.003678893
v -0.004415149 -0.001181714 -0.003586057
v -0.004342145 -0.001189884 -0.003590064
v -0.004356973 -0.001092595 -0.003597559
v -0.004343827 -0.0009710038 -0.003585171
v -0.0043332 -0.0008634803 -0.003559504
v -0.004271917 -0.001205204 -0.003580851
v -0.004267294 -0.001118386 -0.003605986
v -0.004264301 -0.001010793 -0.003615786
v -0.00425961 -0.0008959718 -0.003605783
v -0.004258385 -0.0007776144 -0.003571287
v -0.004189005 -0.001150061 -0.003586857
v -0.004179137 -0.001042397 -0.003622333
v -0.004176531 -0.0009302723 -0.00363626
v -0.004177646 -0.0008141209 -0.003627169
v -0.004172456 -0.0006887291 -0.003596196
v -0.004142444 -0.0005819406 -0.003574962
v -0.004004836 -0.0009313654 -0.003662861
v -0.004022262 -0.0008692183 -0.003680381
v -0.004027315 -0.0007756934 -0.003690785
v -0.004027409 -0.000666288 -0.003686018
v -0.004027565 -0.0005428905 -0.003659728
v -0.003997934 -0.0004411601 -0.003648033
v -0.004099112 -0.00107045 -0.003604205
v -0.00408181 -0.0009583312 -0.003646747
v -0.004097397 -0.0008487845 -0.003661916
v -0.004099829 -0.0007369036 -0.003654996
v -0.004094348 -0.0006235311 -0.003633288
v -0.00409137 -0.0005247656 -0.003595033
v -0.003967755 -0.0009370432 -0.003658265
v -0.003963589 -0.0003798347 -0.003652649
v -0.003913362 -0.0009258145 -0.003647173
v -0.00392207 -0.0003108245 -0.003657342
v -0.003999285 -0.001001439 -0.003619071
v -0.003969113 -0.0003249586 -0.003613778
v -0.00382949 -0.0008795304 -0.003657412
v -0.00387888 -0.0002481655 -0.00366847
v -0.003834522 -0.0002091975 -0.003691933
v -0.003827277 -0.000119534 -0.003646832
v -0.003851936 -0.000943458 -0.003604931
v -0.003871668 -0.0001688755 -0.003627391
v -0.003866151 -0.0001162819 -0.003600909
v -0.00377725 -0.0008641109 -0.003653266
v -0.003780419 -0.00006869229 -0.003666962
v -0.003721252 -0.0008421637 -0.003639806
v -0.003729924 -0.00002847602 -0.003695679
v -0.003724627 0.00007752949 -0.003642424
v -0.003781899 -0.0009056367 -0.003603342
v -0.003776503 0.00002146528 -0.003619338
v -0.003773578 0.00008281729 -0.003586729
v -0.003633182 -0.0007964482 -0.003628571
v -0.003676072 0.0001313034 -0.003661811
v -0.003635054 0.0001907482 -0.003666685
v -0.003671546 -0.0008454975 -0.003589737
v -0.003678804 0.0001810156 -0.003630687
v -0.003552524 -0.0007548532 -0.003619511
v -0.0035909 0.0002495359 -0.003672568
v -0.003523164 -0.0007148137 -0.003666779
v -0.003537779 0.0002912857 -0.003694108
v -0.003527655 0.00037632 -0.003635585
v -0.0035863 0.0003201946 -0.003627004
v -0.003584077 0.0003670965 -0.003586785
v -0.003452332 -0.0006832097 -0.003650777
v -0.003462252 0.000425324 -0.00365808
v -0.003404197 0.00045701 -0.003679223
v -0.003493992 -0.0007257729 -0.003612793
v -0.00343955 0.0004717721 -0.003621017
v -0.003374793 -0.0006405895 -0.003660368
v -0.003380518 0.0005024509 -0.003625004
v -0.003322076 -0.0006053834 -0.003681315
v -0.003246248 -0.0005720268 -0.003653774
v -0.003281603 0.0005363212 -0.003645515
v -0.003187499 -0.0005179949 -0.003696334
v -0.003186113 0.0005717772 -0.003685234
v -0.003122663 -0.000505966 -0.003640745
v -0.003135311 0.0006031524 -0.003652391
v -0.003173077 -0.0005413357 -0.003629525
v -0.003047997 -0.0004618269 -0.003638369
v -0.003056767 0.0006163652 -0.003664447
v -0.003000788 -0.0004180446 -0.003670967
v -0.002930632 -0.0003864713 -0.003645296
v -0.002957027 0.0006194178 -0.003659596
v -0.002978964 -0.0004341335 -0.003612178
v -0.002855148 -0.0003333269 -0.003654088
v -0.002862119 0.000611738 -0.003662619
v -0.00279965 -0.0002803596 -0.003676501
v -0.00274356 -0.0002576056 -0.003624948
v -0.00278118 0.0005964574 -0.003666071
v -0.002698411 -0.0001944806 -0.003646605
v -0.002734642 0.0005801124 -0.003668607
v -0.00273901 0.0005714949 -0.003629254
v -0.002648764 -0.0001501007 -0.003596483
v -0.002695887 0.0005438108 -0.003673792
v -0.002617389 -0.00006884459 -0.003642874
v -0.002578683 0.00002531089 -0.003659398
v -0.002600373 0.0003863411 -0.003664428
v -0.002643364 0.0004722605 -0.003657379
v -0.002684648 0.000521873 -0.003618834
v -0.002545384 0.00006273888 -0.003602459
v -0.002569129 0.0003157545 -0.003661447
v -0.002534247 0.0001316665 -0.003613601
v -0.002538068 0.0002060127 -0.00362119
v -0.002550438 0.0002727388 -0.003627609
v -0.004727101 -0.00148157 -0.003478845
v -0.004665913 -0.001500702 -0.003474936
v -0.004668851 -0.001403102 -0.003491146
v -0.004647487 -0.001285824 -0.003489133
v -0.004630955 -0.001177 -0.003466748
v -0.004468661 -0.001233984 -0.003563717
v -0.00457625 -0.001435837 -0.003483807
v -0.004587963 -0.001335385 -0.003512455
v -0.004546315 -0.001217138 -0.003528163
v -0.004562938 -0.00108647 -0.003483053
v -0.004407604 -0.00125809 -0.003564407
v -0.004472886 -0.001174859 -0.003569669
v -0.004433829 -0.001121014 -0.003581196
v -0.004424035 -0.001036235 -0.003564923
v -0.004417093 -0.0009180432 -0.003525228
v -0.004471409 -0.001412891 -0.00347441
v -0.004493601 -0.001322046 -0.003527902
v -0.004490585 -0.001107201 -0.003547102
v -0.004490278 -0.0009995193 -0.003508622
v -0.004470835 -0.0009320936 -0.003493993
v -0.004330571 -0.001261328 -0.003559221
v -0.004377769 -0.0008361682 -0.003516078
v -0.004334448 -0.000779406 -0.003515041
v -0.004390988 -0.001336626 -0.003511142
v -0.004377362 -0.0007991907 -0.003492551
v -0.004279392 -0.001254168 -0.003555567
v -0.004287333 -0.0007204711 -0.003517526
v -0.004225573 -0.001234113 -0.00354564
v -0.004238211 -0.0006781627 -0.003535669
v -0.00419216 -0.0006079706 -0.00353672
v -0.004292504 -0.001299284 -0.003509643
v -0.004275492 -0.0006684643 -0.00348841
v -0.004171835 -0.001196112 -0.003554677
v -0.004165618 -0.0005497102 -0.003529451
v -0.004115348 -0.001159113 -0.003550766
v -0.004134099 -0.0005017357 -0.00352882
v -0.004163686 -0.001225473 -0.003512515
v -0.004164396 -0.0005173625 -0.003501284
v -0.00403833 -0.001093582 -0.003565547
v -0.004092747 -0.0004551222 -0.003548793
v -0.004050665 -0.0004490451 -0.003594894
v -0.004016928 -0.0003438476 -0.003560174
v -0.004055278 -0.001149709 -0.003514493
v -0.004069544 -0.0003921216 -0.003529179
v -0.004056935 -0.0003438242 -0.003502659
v -0.003983941 -0.001057128 -0.003567451
v -0.003968823 -0.0002632749 -0.003567254
v -0.00391745 -0.001017094 -0.003558718
v -0.003922779 -0.000199343 -0.003583111
v -0.003897556 -0.0001110015 -0.003556195
v -0.003989001 -0.001103158 -0.00350724
v -0.00396709 -0.0001832112 -0.003507757
v -0.00382574 -0.0009753329 -0.00353366
v -0.003865151 -0.00006034939 -0.003565246
v -0.00382324 -0.00002030836 -0.003591423
v -0.00381924 0.0000839342 -0.003529215
v -0.003870947 -0.001029453 -0.00349217
v -0.00386241 0.00002221167 -0.00351569
v -0.003860905 0.000076857 -0.003480909
v -0.003761967 -0.0009312901 -0.003533009
v -0.003765448 0.0001439457 -0.003556202
v -0.003717692 -0.0008855023 -0.003567978
v -0.003713569 0.0001683781 -0.003600974
v -0.003739129 0.000237821 -0.003522628
v -0.003724979 0.0003196674 -0.003469973
v -0.003666387 -0.0008648854 -0.00352805
v -0.003683771 0.0002276704 -0.003594785
v -0.003630231 -0.0008287541 -0.003563058
v -0.003636874 0.0002745355 -0.003610359
v -0.003627161 0.0003436199 -0.003562541
v -0.003683898 0.000298697 -0.00354097
v -0.003667967 0.0003638472 -0.003490965
v -0.00357874 -0.0007951185 -0.003555144
v -0.003582803 0.0004102791 -0.003523084
v -0.003496066 0.0004486019 -0.003581662
v -0.003504561 -0.0007530987 -0.003538212
v -0.003438158 0.0004970171 -0.003557598
v -0.003448996 -0.0007130126 -0.003571073
v -0.003372753 -0.0006736919 -0.003549096
v -0.003356603 0.0005300894 -0.003547711
v -0.003306357 -0.0006244837 -0.003604724
v -0.003238941 -0.0006036245 -0.003546562
v -0.003253127 0.0005579849 -0.003530045
v -0.003191799 0.0005841644 -0.003608388
v -0.003292659 -0.0006384858 -0.003522049
v -0.003177895 -0.0005656768 -0.00356373
v -0.003108792 0.0006050286 -0.003597305
v -0.00313055 -0.0005346584 -0.003581759
v -0.003161922 0.0005829013 -0.003543209
v -0.003070848 -0.0005064358 -0.00356094
v -0.003011407 0.0006085793 -0.003594252
v -0.003074066 0.0005823501 -0.003528197
v -0.002985386 -0.0004659845 -0.003532545
v -0.002906425 0.0006044286 -0.0036003
v -0.002928144 -0.0004216376 -0.003564286
v -0.002951859 0.0005693162 -0.003524679
v -0.002848515 -0.0003720103 -0.003546209
v -0.002814527 0.0005950873 -0.0036147
v -0.002792105 -0.0003128382 -0.003600164
v -0.002771288 0.0005647709 -0.003582906
v -0.002852287 0.0005123356 -0.003489098
v -0.002840735 0.0005672888 -0.003555754
v -0.00274287 -0.0002845233 -0.003559581
v -0.002723301 0.0005399304 -0.003586763
v -0.002693273 -0.0002261465 -0.003556968
v -0.002689954 0.0004959122 -0.003574079
v -0.002775646 -0.0003229772 -0.003529826
v -0.002762221 0.0004456749 -0.003480091
v -0.00275413 0.0005110769 -0.003540512
v -0.002645325 -0.0001668129 -0.003509966
v -0.002653155 0.0004686768 -0.00359847
v -0.002609431 -0.00009185017 -0.003545101
v -0.002574208 -0.00001090329 -0.00357862
v -0.002620524 0.0004187853 -0.003611036
v -0.002661646 0.000411121 -0.003538236
v -0.002553053 0.00004519883 -0.003532266
v -0.002584051 0.0003385389 -0.00359951
v -0.002535543 0.000100961 -0.003560337
v -0.002541119 0.0001689377 -0.00354967
v -0.002553361 0.0002522746 -0.003570953
v -0.002568718 0.0002267986 -0.00350662
v -0.002595347 0.0003029612 -0.003525161
v -0.004924012 -0.001679774 -0.003390304
v -0.004930387 -0.001594436 -0.003398309
v -0.004776147 -0.001525138 -0.003457701
v -0.004847588 -0.001691839 -0.003388984
v -0.004870343 -0.001617301 -0.003412314
v -0.004853101 -0.001506146 -0.003420312
v -0.004849195 -0.001382171 -0.003391018
v -0.004723107 -0.001552164 -0.003459145
v -0.004779298 -0.001469812 -0.003463609
v -0.004740311 -0.001422334 -0.003476578
v -0.004726169 -0.001343659 -0.003463737
v -0.004713051 -0.001232698 -0.00342459
v -0.004764762 -0.001688303 -0.003380669
v -0.004791003 -0.001603425 -0.0034267
v -0.004790775 -0.001405816 -0.003444919
v -0.004784699 -0.001309694 -0.003410067
v -0.004765347 -0.001249441 -0.00338922
v -0.004676519 -0.001559939 -0.003453526
v -0.004671752 -0.001151644 -0.003418444
v -0.004618914 -0.001549714 -0.003433607
v -0.004631525 -0.001091091 -0.003414112
v -0.00469706 -0.001620179 -0.00341446
v -0.004670443 -0.001116068 -0.003387764
v -0.004523898 -0.001501523 -0.003416392
v -0.004588458 -0.001028823 -0.003422859
v -0.00454645 -0.0009893656 -0.003445836
v -0.004503465 -0.0009316622 -0.003454015
v -0.004570632 -0.001570981 -0.003382222
v -0.004576554 -0.0009783672 -0.003393239
v -0.004441739 -0.001453707 -0.003410392
v -0.004462761 -0.0008850124 -0.003464447
v -0.004404724 -0.001403344 -0.003454197
v -0.004417629 -0.0008240968 -0.003458797
v -0.004459823 -0.0008447712 -0.003424503
v -0.004339315 -0.001370296 -0.003438665
v -0.004372059 -0.0007620377 -0.003458846
v -0.004324719 -0.00070089 -0.00345034
v -0.004386113 -0.001422132 -0.003405639
v -0.004366341 -0.0007246317 -0.003416706
v -0.00427031 -0.001328474 -0.003437599
v -0.004283281 -0.0006397794 -0.003442638
v -0.004219614 -0.001279661 -0.003476961
v -0.004238724 -0.0006077874 -0.003471989
v -0.004191345 -0.0005465869 -0.003482616
v -0.004265289 -0.0005951451 -0.003404125
v -0.004158279 -0.001256438 -0.003436354
v -0.004163518 -0.0004790273 -0.00344763
v -0.004103191 -0.001201951 -0.003480035
v -0.004112494 -0.0004164503 -0.003474121
v -0.004080144 -0.0003551548 -0.003470257
v -0.004042074 -0.001170509 -0.003445872
v -0.004056017 -0.0002914265 -0.003436513
v -0.004007367 -0.000215067 -0.003460208
v -0.003980735 -0.001131881 -0.00340711
v -0.003982948 -0.0001353532 -0.003440041
v -0.003921988 -0.001074363 -0.003461519
v -0.003946044 -0.000102251 -0.003476747
v -0.003905758 -0.00001352744 -0.003473526
v -0.003884449 0.00006305598 -0.00345352
v -0.00397795 -0.00007380702 -0.003395587
v -0.003870005 -0.001049636 -0.003424701
v -0.003863377 0.0001319364 -0.003427638
v -0.003832034 -0.001011304 -0.003462963
v -0.003804707 0.0002008062 -0.00345844
v -0.003768981 0.000280394 -0.003443969
v -0.003779771 -0.0009662908 -0.003451667
v -0.003750367 0.0003357563 -0.003400189
v -0.003716414 -0.0009099209 -0.003489033
v -0.003706739 0.0003687356 -0.003429657
v -0.003664176 -0.0008750711 -0.003442989
v -0.003652027 0.0004070695 -0.003427357
v -0.003614109 -0.000833552 -0.003495407
v -0.003553964 -0.0007951293 -0.003466506
v -0.003568857 0.0004518144 -0.003412696
v -0.003504695 0.0004754698 -0.00349498
v -0.003489305 -0.0007574718 -0.003433438
v -0.003427692 0.0005118785 -0.003478609
v -0.003434757 -0.0007209081 -0.003490192
v -0.003487811 0.0004891352 -0.003425445
v -0.00338153 -0.0006959808 -0.003442827
v -0.003334137 0.0005305358 -0.003455572
v -0.003418484 0.0005020048 -0.003402643
v -0.003310859 -0.000659594 -0.003431605
v -0.003255272 0.0005438073 -0.003460134
v -0.003246943 -0.0006239822 -0.003467995
v -0.003174833 -0.0005873848 -0.003454751
v -0.003162323 0.0005433118 -0.003462191
v -0.003110378 -0.0005447019 -0.003504225
v -0.003170026 0.0004948194 -0.003392741
v -0.003031836 -0.0005118414 -0.0034582
v -0.003029336 0.0005350695 -0.003463066
v -0.003071877 0.0004779914 -0.00339944
v -0.002947011 -0.0004730092 -0.003407238
v -0.002938774 0.0005205013 -0.003463777
v -0.002901836 -0.00043038 -0.003479272
v -0.002890784 0.0004792179 -0.00344095
v -0.002972439 0.0004042457 -0.003370818
v -0.002962996 0.0004761164 -0.003420443
v -0.002837803 -0.0003916775 -0.003431625
v -0.002830312 0.000453174 -0.003445699
v -0.002783248 0.000399016 -0.003433581
v -0.002881589 -0.000432614 -0.003394423
v -0.002878437 0.0003324149 -0.003361391
v -0.002867552 0.000410433 -0.003406425
v -0.002784157 -0.0003410003 -0.003460639
v -0.00270823 0.0003655209 -0.003458212
v -0.002727769 -0.0002809301 -0.003482922
v -0.002679555 -0.0002215858 -0.003474787
v -0.002759595 0.0003080009 -0.00339939
v -0.002655834 -0.0001777736 -0.003433417
v -0.002642194 0.0003271287 -0.00348242
v -0.002622961 -0.0001133452 -0.003459506
v -0.002590767 -0.0000251745 -0.003482744
v -0.002591476 0.0002131455 -0.003464049
v -0.002610894 0.0002600869 -0.003469044
v -0.00264551 0.0002009822 -0.003418776
v -0.00266744 0.0002925191 -0.003441117
v -0.002574377 0.00005053229 -0.003470022
v -0.002573567 0.0001692416 -0.003477225
v -0.002552715 0.0001054455 -0.003503005
v -0.002594354 0.0001089316 -0.003440132
v -0.005612878 -0.002288998 -0.003274082
v -0.005554438 -0.002294492 -0.003280506
v -0.005561814 -0.002235248 -0.003284576
v -0.005474996 -0.002221585 -0.003288167
v -0.005382771 -0.002216584 -0.00327702
v -0.005378703 -0.00212142 -0.003293762
v -0.005286111 -0.002142695 -0.003273966
v -0.005280115 -0.0020136 -0.003295337
v -0.005253359 -0.001881083 -0.003292624
v -0.005235035 -0.001771932 -0.003280538
v -0.005169952 -0.002041247 -0.003279895
v -0.005174731 -0.001922415 -0.003310975
v -0.005165355 -0.001809511 -0.003315818
v -0.005159094 -0.001690921 -0.003297442
v -0.005139269 -0.001580723 -0.003264075
v -0.004981978 -0.001738107 -0.003367182
v -0.004993801 -0.001657297 -0.003373379
v -0.005061692 -0.002010474 -0.003268224
v -0.005083315 -0.00193504 -0.003309884
v -0.005099474 -0.001849893 -0.003330186
v -0.005067769 -0.001741755 -0.00334254
v -0.005062155 -0.001607705 -0.003329177
v -0.00507094 -0.001501342 -0.003274359
v -0.004914653 -0.00176703 -0.003357678
v -0.004988333 -0.001578407 -0.003370487
v -0.004943274 -0.00152311 -0.003380561
v -0.004932064 -0.001428197 -0.003343437
v -0.004992725 -0.001939188 -0.003290053
v -0.005006651 -0.001835751 -0.00333537
v -0.005002894 -0.001512168 -0.003337759
v -0.005008124 -0.001446501 -0.003293221
v -0.004819663 -0.00177426 -0.003322472
v -0.004884701 -0.00134838 -0.003338557
v -0.004837743 -0.001304904 -0.003352476
v -0.004796467 -0.001260084 -0.003360413
v -0.004909151 -0.001863491 -0.003298323
v -0.004873804 -0.001300817 -0.003299369
v -0.00473053 -0.001729832 -0.003319352
v -0.004759259 -0.001204131 -0.003339326
v -0.004706442 -0.00168253 -0.003370139
v -0.004702679 -0.001150348 -0.003368289
v -0.004673857 -0.001660009 -0.00337453
v -0.004668022 -0.001080945 -0.003329283
v -0.004625082 -0.001628329 -0.003358884
v -0.004613412 -0.00101167 -0.003351301
v -0.004672224 -0.001688161 -0.003328872
v -0.0045673 -0.001598593 -0.003331711
v -0.004580371 -0.0009538981 -0.003344306
v -0.004525529 -0.001554621 -0.003341489
v -0.004542358 -0.0009257615 -0.003380465
v -0.004492851 -0.0008731564 -0.003399912
v -0.004586158 -0.001629147 -0.003290968
v -0.004562088 -0.0009171611 -0.003305739
v -0.004470404 -0.00150408 -0.00334524
v -0.00445579 -0.0008093706 -0.003359041
v -0.004400311 -0.000755139 -0.003392342
v -0.004402884 -0.001453958 -0.0033339
v -0.004360324 -0.0006905379 -0.003351239
v -0.00435091 -0.001408763 -0.003366855
v -0.004306276 -0.0006351994 -0.003378933
v -0.004291038 -0.001363505 -0.003349557
v -0.004273331 -0.0005761979 -0.003327764
v -0.004218844 -0.001307572 -0.003390551
v -0.004219194 -0.0005284231 -0.003384359
v -0.004160085 -0.0012724 -0.003340727
v -0.00417699 -0.0004547091 -0.003361143
v -0.004098706 -0.001224194 -0.003394121
v -0.004140564 -0.0004054123 -0.003377191
v -0.004099935 -0.0003434513 -0.003391885
v -0.004161103 -0.0004119287 -0.003306397
v -0.004041176 -0.001185009 -0.003350055
v -0.004079662 -0.000263517 -0.003310979
v -0.004041799 -0.0001890547 -0.00334044
v -0.004006774 -0.0001058413 -0.003353602
v -0.003987121 -0.001141105 -0.003302337
v -0.003987292 -0.00003169414 -0.003333332
v -0.003919173 -0.001089599 -0.003357491
v -0.00395451 -7.136275e-7 -0.003373132
v -0.003911609 0.00008928742 -0.003373291
v -0.003979353 0.0000229398 -0.003292296
v -0.003865239 -0.001050834 -0.003360022
v -0.003885113 0.0001691766 -0.003345086
v -0.003826633 -0.001016681 -0.003395849
v -0.003845707 0.0002187246 -0.003362161
v -0.003797225 0.0002818989 -0.003376532
v -0.003839056 -0.001023764 -0.00332666
v -0.00387059 0.0002177986 -0.003295187
v -0.003789317 -0.0009752007 -0.003335
v -0.003757871 0.0003404992 -0.003324323
v -0.003723982 -0.0009224635 -0.00339247
v -0.003707524 0.0003837833 -0.003369112
v -0.003671999 -0.0008753997 -0.003339881
v -0.003643431 0.0004207983 -0.003351005
v -0.003608304 -0.0008339456 -0.003401353
v -0.003546695 -0.0007912026 -0.003364432
v -0.003578893 0.0004413472 -0.003333118
v -0.003484368 -0.000753889 -0.003338872
v -0.003495688 0.0004648907 -0.003351622
v -0.003430255 -0.0007257799 -0.003395044
v -0.003435792 -0.0007271147 -0.003319051
v -0.003375018 -0.0006953943 -0.003341033
v -0.003396647 0.0004680222 -0.003338952
v -0.003343243 0.0005009903 -0.003384357
v -0.003359155 0.0004160796 -0.003289639
v -0.003297307 -0.0006574158 -0.003311404
v -0.003256113 0.0005123494 -0.003404089
v -0.003231554 -0.0006248722 -0.00337654
v -0.00321198 0.0004680523 -0.003358656
v -0.003266511 0.0003801162 -0.003285608
v -0.003292486 0.0004560729 -0.003337037
v -0.003149837 -0.0005869074 -0.003316957
v -0.003134556 0.0004419344 -0.00335445
v -0.003087009 -0.0005512097 -0.003397335
v -0.003160733 0.0003122467 -0.003276587
v -0.003194493 0.0004074169 -0.003319484
v -0.003006147 -0.0005136694 -0.003342849
v -0.003057681 0.0004134348 -0.00335341
v -0.003013598 0.0003625471 -0.003335632
v -0.003069671 -0.0005490926 -0.003303338
v -0.003052723 0.0002257471 -0.003267356
v -0.003074605 0.0002978502 -0.003291246
v -0.00309063 0.0003627194 -0.003318039
v -0.002948928 -0.0004826825 -0.003329559
v -0.002952324 0.0003348844 -0.003338436
v -0.00290604 0.0002810193 -0.003328105
v -0.002953425 0.0001441155 -0.003262537
v -0.002971901 0.000214212 -0.003283502
v -0.002993697 0.0002859674 -0.003306676
v -0.002901395 -0.0004468962 -0.003317852
v -0.002821083 0.0002468494 -0.003343478
v -0.00284365 -0.0003979286 -0.003343808
v -0.002838791 0.00008943039 -0.00327958
v -0.002891995 0.0002011789 -0.00330184
v -0.002793444 -0.0003469357 -0.003374659
v -0.002734101 0.0002095033 -0.003365577
v -0.002748405 -0.0003019937 -0.003408207
v -0.002704845 -0.0002364692 -0.00340095
v -0.002694024 0.000145926 -0.003363111
v -0.002759891 -0.0002807776 -0.00333765
v -0.002729426 -0.0001892217 -0.003320337
v -0.002736784 -0.00009408271 -0.003296352
v -0.002762239 0.000005637417 -0.003291006
v -0.002764352 0.00007640942 -0.003304738
v -0.002773704 0.0001474482 -0.003324542
v -0.002676082 -0.0001742795 -0.003376266
v -0.002644831 0.0001089535 -0.00338902
v -0.00264615 -0.0001332228 -0.003400016
v -0.002633454 -0.00006795239 -0.003402584
v -0.002624149 0.00002826915 -0.003405524
v -0.002677464 -0.0001178274 -0.003351064
v -0.002682772 -0.00003175356 -0.003342794
v -0.002700779 0.00006738828 -0.00334103
v -0.005931044 -0.002507422 -0.003156825
v -0.005884462 -0.002569887 -0.003166693
v -0.005861797 -0.002476036 -0.003178633
v -0.005662424 -0.00232501 -0.003251185
v -0.00578037 -0.002517356 -0.003179046
v -0.005794176 -0.00240576 -0.003194062
v -0.005726407 -0.00229321 -0.003211942
v -0.005719345 -0.002178768 -0.003178317
v -0.005610561 -0.002350661 -0.003257365
v -0.005656052 -0.002271044 -0.003256118
v -0.005615024 -0.002238681 -0.003271233
v -0.005667532 -0.002504002 -0.003177452
v -0.00569082 -0.002405694 -0.003219537
v -0.005647355 -0.002196328 -0.003236412
v -0.005649923 -0.002090543 -0.003178455
v -0.005550092 -0.0023479 -0.003261282
v -0.005582917 -0.00218924 -0.003270107
v -0.0055044 -0.002303521 -0.003275071
v -0.005577846 -0.002421097 -0.003213767
v -0.005561118 -0.002103935 -0.003243241
v -0.005562027 -0.001998197 -0.003180443
v -0.00544204 -0.002285686 -0.003266522
v -0.005518709 -0.002162877 -0.003282155
v -0.005452124 -0.002134629 -0.003292612
v -0.005479857 -0.00240573 -0.003192788
v -0.005494132 -0.002352542 -0.003244449
v -0.005473838 -0.002083163 -0.00327619
v -0.005482861 -0.002004864 -0.003237257
v -0.005478241 -0.00191235 -0.003177899
v -0.005389057 -0.002271932 -0.003257354
v -0.005415597 -0.00207776 -0.003291927
v -0.005327685 -0.002243879 -0.00324239
v -0.005364459 -0.002034744 -0.003292695
v -0.005340063 -0.001947702 -0.003277692
v -0.005325675 -0.001823949 -0.003237549
v -0.005404418 -0.002331567 -0.003217095
v -0.005413292 -0.002011841 -0.003274685
v -0.005407483 -0.001924036 -0.003238219
v -0.005405831 -0.001851097 -0.003192441
v -0.005266991 -0.002195246 -0.003246295
v -0.005272942 -0.001734439 -0.003241111
v -0.005203295 -0.002155725 -0.003235246
v -0.005227747 -0.001699 -0.003262323
v -0.005204848 -0.001634632 -0.003243935
v -0.00525489 -0.002230616 -0.003206114
v -0.005257139 -0.001672111 -0.003219864
v -0.005237799 -0.001618044 -0.003196055
v -0.00510854 -0.00209715 -0.003215878
v -0.005192658 -0.001561045 -0.003192042
v -0.005131081 -0.001503995 -0.00321525
v -0.005153174 -0.002163089 -0.003195334
v -0.005023921 -0.00203963 -0.003212384
v -0.005091169 -0.001457905 -0.00321946
v -0.005001078 -0.00199448 -0.003257861
v -0.005045093 -0.001423027 -0.003226344
v -0.005081859 -0.001430278 -0.00319256
v -0.004970043 -0.001971224 -0.003261416
v -0.00497822 -0.001385146 -0.0032603
v -0.004927853 -0.001941475 -0.003247799
v -0.004920238 -0.00134204 -0.003283083
v -0.004966762 -0.001994818 -0.003221562
v -0.004948874 -0.001332122 -0.003217609
v -0.004882476 -0.001900513 -0.003251165
v -0.004890264 -0.001282033 -0.003218972
v -0.004830683 -0.001858449 -0.003236274
v -0.004825358 -0.001246183 -0.003286766
v -0.004871659 -0.00192026 -0.003198288
v -0.004749636 -0.001788912 -0.003231954
v -0.004776331 -0.001178229 -0.00323599
v -0.004722184 -0.00113151 -0.003281669
v -0.004779044 -0.001841498 -0.003171825
v -0.004681487 -0.001725387 -0.003248608
v -0.004684568 -0.001071601 -0.00322416
v -0.004627832 -0.001671133 -0.003269895
v -0.004638248 -0.001015546 -0.003254565
v -0.004595888 -0.0009577941 -0.003276483
v -0.004583254 -0.001637385 -0.003214684
v -0.00456251 -0.0009074442 -0.003223984
v -0.004539766 -0.001588018 -0.003263041
v -0.004493291 -0.001540331 -0.003284627
v -0.004517107 -0.0008638531 -0.003295865
v -0.004447016 -0.001497597 -0.003261232
v -0.00446842 -0.0007926682 -0.003234622
v -0.004415847 -0.0007387351 -0.003291742
v -0.00439319 -0.001451625 -0.003237877
v -0.004372505 -0.0006773217 -0.003233166
v -0.004345944 -0.001413882 -0.003288847
v -0.004321581 -0.0006246448 -0.003282547
v -0.004351966 -0.001415512 -0.003213515
v -0.004299904 -0.001368848 -0.003222949
v -0.004279271 -0.0005676618 -0.003227945
v -0.004228047 -0.001318299 -0.003282662
v -0.004240347 -0.0005252245 -0.003280519
v -0.004196825 -0.0004644974 -0.003278812
v -0.004169038 -0.001270117 -0.003234482
v -0.004163019 -0.0004067045 -0.003239913
v -0.004103509 -0.001230613 -0.003293636
v -0.004124473 -0.0003449533 -0.003266851
v -0.0041839 -0.0004416748 -0.003191896
v -0.004051491 -0.001183163 -0.003243982
v -0.004088224 -0.0002523389 -0.003194729
v -0.00405927 -0.0001759563 -0.003227115
v -0.004030749 -0.0000965421 -0.003247959
v -0.004002876 -0.00001391829 -0.003255921
v -0.004003049 -0.001134571 -0.00320091
v -0.003982695 0.00005409849 -0.003235261
v -0.003943216 -0.001094836 -0.003246538
v -0.003884478 -0.001053394 -0.003285273
v -0.003950794 0.00008817433 -0.003272523
v -0.003906645 0.000163776 -0.00327824
v -0.003967372 -0.001092093 -0.003166506
v -0.003966987 0.00009716319 -0.003193881
v -0.003841887 -0.001004205 -0.003250953
v -0.003866832 0.000226736 -0.003221494
v -0.003817824 0.0002785066 -0.003283402
v -0.003792975 -0.0009533483 -0.003233338
v -0.003738921 0.0003334396 -0.003236492
v -0.003736883 -0.0009193005 -0.003287489
v -0.00369515 0.0003844252 -0.003297573
v -0.003757234 -0.0009118514 -0.00320551
v -0.003696876 -0.0008664256 -0.003220553
v -0.003621508 0.000408687 -0.003284348
v -0.003614933 -0.000826349 -0.003292868
v -0.003663307 0.0003710409 -0.003240443
v -0.003545242 -0.0007756389 -0.003251784
v -0.003537818 0.000421375 -0.003283042
v -0.003475557 -0.0007425292 -0.00326965
v -0.003576774 0.0003665815 -0.003222931
v -0.003428016 -0.0007150265 -0.003251083
v -0.003448875 0.0004278813 -0.00328927
v -0.00340451 0.0003834516 -0.003254586
v -0.003482514 0.0003072581 -0.003187763
v -0.003477432 0.0003768053 -0.003239366
v -0.003362728 -0.0006812422 -0.00323283
v -0.003329469 0.0003511077 -0.003251301
v -0.003366832 0.0002309684 -0.003177443
v -0.00339383 0.0003228098 -0.003219218
v -0.003293282 -0.0006500178 -0.003212953
v -0.003251896 0.000316871 -0.003253277
v -0.003229455 -0.0006260098 -0.003269707
v -0.003207213 0.000262836 -0.003240637
v -0.00324207 -0.0006266449 -0.003192315
v -0.003266327 0.0001420445 -0.003168756
v -0.003278592 0.0002058638 -0.003193729
v -0.003289278 0.0002686154 -0.003219733
v -0.003183603 -0.000598786 -0.003205647
v -0.003141566 0.0002315235 -0.00324594
v -0.00309676 0.0001748994 -0.003235301
v -0.003157077 0.00007522981 -0.003175745
v -0.003188707 0.0001814859 -0.003211181
v -0.003099701 -0.000555249 -0.003208793
v -0.003031301 0.0001446137 -0.003241307
v -0.003028493 -0.0005233168 -0.00325245
v -0.00298681 0.00008826416 -0.003232036
v -0.00305776 -0.000009454772 -0.003172786
v -0.003069883 0.00009434867 -0.003210804
v -0.002962511 -0.0004806589 -0.003256069
v -0.002910709 0.00005018976 -0.003241046
v -0.002948205 -0.00009520598 -0.00318177
v -0.002974829 0.0000140083 -0.003208745
v -0.002905194 -0.0004275365 -0.003233862
v -0.002837735 0.000007669043 -0.003253555
v -0.002862025 -0.0004011691 -0.00327655
v -0.002820818 -0.0003383962 -0.003285228
v -0.002799683 -0.0002450359 -0.003263145
v -0.002794836 -0.0001522388 -0.00325347
v -0.002808124 -0.0000649698 -0.003251375
v -0.002872468 -0.0003702524 -0.003220511
v -0.00285992 -0.0002936427 -0.003210454
v -0.002869617 -0.0001932061 -0.003201687
v -0.002857278 -0.0001103243 -0.003218133
v -0.002886367 -0.00003481088 -0.003222687
v -0.00613737 -0.002670143 -0.003073174
v -0.006139903 -0.002601018 -0.003066235
v -0.006004252 -0.002521951 -0.003116964
v -0.006069032 -0.002694339 -0.003097039
v -0.006088911 -0.00263419 -0.003098458
v -0.006076894 -0.002568189 -0.003091109
v -0.005953355 -0.002573366 -0.003151853
v -0.005962864 -0.002454184 -0.003124014
v -0.005933138 -0.002622433 -0.003151664
v -0.006002568 -0.002710329 -0.003106017
v -0.006007917 -0.002629458 -0.003124839
v -0.005944536 -0.002379841 -0.00309932
v -0.005893465 -0.002632551 -0.003152381
v -0.005910498 -0.002433974 -0.003153373
v -0.0058319 -0.002633608 -0.003138105
v -0.005860022 -0.002404036 -0.00317276
v -0.005831201 -0.002322367 -0.003156691
v -0.00578378 -0.002226107 -0.003148132
v -0.005922917 -0.002686681 -0.003120765
v -0.005890782 -0.002371648 -0.003142974
v -0.005895257 -0.002313005 -0.003098886
v -0.005722968 -0.002601613 -0.003125108
v -0.005761608 -0.002160768 -0.003134642
v -0.005724766 -0.002106967 -0.003126017
v -0.005778516 -0.002673204 -0.003097981
v -0.00576483 -0.00213176 -0.003105142
v -0.005630995 -0.002557342 -0.003124251
v -0.005681347 -0.002051853 -0.003124636
v -0.005595028 -0.002500286 -0.003161574
v -0.005632979 -0.002004836 -0.003122406
v -0.005674281 -0.002020923 -0.003096485
v -0.005522786 -0.002473975 -0.00314133
v -0.005580475 -0.001954988 -0.003127344
v -0.005538349 -0.001927182 -0.003140407
v -0.005571597 -0.002528231 -0.003119622
v -0.005558206 -0.001913796 -0.003098194
v -0.005455139 -0.002437825 -0.003137296
v -0.005506982 -0.001869232 -0.003095313
v -0.005421619 -0.002396298 -0.003166156
v -0.005440214 -0.001826435 -0.003128147
v -0.005367053 -0.002369379 -0.003144633
v -0.005375178 -0.001779632 -0.003157267
v -0.00531421 -0.002302171 -0.003172808
v -0.005310883 -0.001714915 -0.003178589
v -0.00527372 -0.00164606 -0.003167671
v -0.005354285 -0.001717478 -0.003108385
v -0.005231697 -0.00226647 -0.003120576
v -0.005245282 -0.001590749 -0.003135161
v -0.005191956 -0.002204924 -0.003181009
v -0.005154181 -0.002186849 -0.003167324
v -0.005206189 -0.001529304 -0.003114507
v -0.005114966 -0.002157418 -0.003144674
v -0.005161769 -0.001493187 -0.003147378
v -0.005113276 -0.001452474 -0.003169099
v -0.005162413 -0.002210226 -0.003124025
v -0.005177957 -0.001487326 -0.003097359
v -0.005044214 -0.00209343 -0.003130103
v -0.005066549 -0.00140672 -0.003142865
v -0.005000548 -0.001364512 -0.003177256
v -0.00507621 -0.002142862 -0.003081209
v -0.004973847 -0.002027063 -0.003143739
v -0.004942405 -0.001310281 -0.003139279
v -0.004918037 -0.001971635 -0.003169199
v -0.004866938 -0.001935349 -0.003112012
v -0.004875168 -0.001254582 -0.003116612
v -0.00482131 -0.001886037 -0.003145295
v -0.00482922 -0.001218178 -0.003182014
v -0.004775558 -0.001846024 -0.003096491
v -0.004778938 -0.001166973 -0.003140846
v -0.004735025 -0.001802906 -0.003135377
v -0.004731561 -0.001122049 -0.003180659
v -0.00469086 -0.001753967 -0.003163723
v -0.004686413 -0.001071944 -0.003129748
v -0.004634633 -0.001689559 -0.003158552
v -0.004650642 -0.001026167 -0.00316895
v -0.004605538 -0.0009666321 -0.003172981
v -0.004667557 -0.001729623 -0.00311522
v -0.004583614 -0.001632483 -0.003137336
v -0.004562698 -0.0009129585 -0.003136517
v -0.004545168 -0.001589807 -0.003163158
v -0.00449557 -0.001539625 -0.00320075
v -0.004516846 -0.00085259 -0.003161284
v -0.004563223 -0.00159509 -0.003093875
v -0.004584492 -0.0009510175 -0.00309168
v -0.004440754 -0.001476773 -0.003157855
v -0.004465513 -0.0007862602 -0.003128146
v -0.004384634 -0.001434035 -0.003170909
v -0.004421724 -0.000732153 -0.003177997
v -0.004347856 -0.001394836 -0.003150325
v -0.004374055 -0.0006797852 -0.003127296
v -0.004326379 -0.0006227819 -0.003174934
v -0.004306371 -0.001350328 -0.00312673
v -0.004277061 -0.0005727322 -0.00312563
v -0.00424433 -0.001303716 -0.00315218
v -0.004227554 -0.0005064685 -0.003180716
v -0.004285994 -0.001322419 -0.0031006
v -0.004176618 -0.001250432 -0.00314694
v -0.004182978 -0.0004599751 -0.003109066
v -0.004116996 -0.001221258 -0.003191401
v -0.004145107 -0.0003866969 -0.003151918
v -0.004110591 -0.0003131168 -0.00315221
v -0.00414334 -0.00120958 -0.003110807
v -0.004072936 -0.001159914 -0.003124315
v -0.004083732 -0.0002562963 -0.003090376
v -0.004010753 -0.001112218 -0.00312594
v -0.00406204 -0.0001765175 -0.003119944
v -0.004040427 -0.00009608239 -0.003149278
v -0.004016984 -0.00001899048 -0.003165957
v -0.003992045 0.00005049998 -0.003174696
v -0.003977925 -0.001067679 -0.00310088
v -0.003963143 0.0001048621 -0.003124828
v -0.003912611 -0.001034252 -0.003165817
v -0.003921456 0.0001559025 -0.00317897
v -0.003844884 -0.0009680697 -0.003161392
v -0.003845356 0.0002192095 -0.003125089
v -0.003797248 -0.0009295236 -0.003165528
v -0.003802449 0.0002790165 -0.003189677
v -0.003827861 -0.0009242835 -0.003109547
v -0.003768029 -0.0008841 -0.00312897
v -0.003737061 0.0003006455 -0.003166
v -0.003772848 0.000264607 -0.003129217
v -0.003705206 -0.0008309935 -0.003117066
v -0.003656276 0.0003232396 -0.003179894
v -0.003631896 -0.000809762 -0.003183187
v -0.003653879 -0.0007916967 -0.003099488
v -0.003688498 0.0002617229 -0.003114555
v -0.00357967 -0.0007627449 -0.003130433
v -0.003568281 0.0003123293 -0.003171549
v -0.003495736 -0.0007375726 -0.003191555
v -0.003520055 0.0002706209 -0.003150392
v -0.003591882 0.0001990113 -0.003083043
v -0.003589146 0.000266982 -0.003133498
v -0.003437149 -0.0007008956 -0.003156703
v -0.003456199 0.0002433086 -0.003153183
v -0.003410834 0.0001919134 -0.003140744
v -0.003483987 0.0001193604 -0.003072496
v -0.00349265 0.000204058 -0.003119211
v -0.003360737 -0.0006605164 -0.003126353
v -0.003347095 0.0001566333 -0.0031466
v -0.003284745 -0.0006366677 -0.003146182
v -0.003302063 0.00009913523 -0.003135295
v -0.003379881 0.00003326633 -0.003067457
v -0.003386696 0.0001196461 -0.003112367
v -0.003235624 -0.0006090471 -0.003128555
v -0.003221307 0.00004957803 -0.003141511
v -0.003269594 -0.00005888279 -0.003064047
v -0.003288626 0.00003207646 -0.003105948
v -0.00316813 -0.000571085 -0.003120702
v -0.003140181 0.000001419602 -0.003148478
v -0.003093248 -0.00005583731 -0.003139254
v -0.003156864 -0.0001377218 -0.003072985
v -0.003175759 -0.00004424704 -0.003112515
v -0.003100534 -0.0005330517 -0.003113245
v -0.003030244 -0.00008838132 -0.003149204
v -0.003031259 -0.0004985418 -0.003158406
v -0.002993122 -0.0001422997 -0.003143443
v -0.003068752 -0.0005088404 -0.00310091
v -0.003067657 -0.0002216083 -0.003079421
v -0.003070084 -0.0001299257 -0.003115788
v -0.002958407 -0.0004409963 -0.003173857
v -0.002940773 -0.0001809009 -0.003158208
v -0.002915306 -0.000396079 -0.003180119
v -0.002913001 -0.000336377 -0.003163482
v -0.002921461 -0.0002545679 -0.003157049
v -0.002962307 -0.0003818107 -0.003130634
v -0.002985405 -0.0002973491 -0.003109529
v -0.002992264 -0.0002068249 -0.003124153
v -0.006181113 -0.00270749 -0.003044687
v -0.006204372 -0.002635017 -0.003024911
v -0.006249214 -0.002793957 -0.00298468
v -0.006241839 -0.002711453 -0.003005057
v -0.006252981 -0.002656107 -0.002992939
v -0.006120901 -0.002741107 -0.003061509
v -0.006176623 -0.002570925 -0.003029966
v -0.006134721 -0.002530728 -0.003035606
v -0.006182984 -0.002855449 -0.002976485
v -0.006182025 -0.002774099 -0.003021914
v -0.006176565 -0.002537711 -0.003007236
v -0.006043192 -0.002761282 -0.003071185
v -0.006070118 -0.002489897 -0.003059441
v -0.006014385 -0.002422732 -0.003057437
v -0.006095693 -0.002820545 -0.003016731
v -0.006066542 -0.002440918 -0.003023317
v -0.005964136 -0.002757489 -0.003078611
v -0.005979247 -0.002355509 -0.003041954
v -0.00594264 -0.002308335 -0.003035331
v -0.005997835 -0.002815612 -0.003025481
v -0.005976613 -0.002323852 -0.003007222
v -0.005908355 -0.002745762 -0.003081491
v -0.005898703 -0.002262108 -0.003045016
v -0.005839619 -0.002724514 -0.003074077
v -0.005846943 -0.002236373 -0.00308317
v -0.005794603 -0.002166976 -0.003091447
v -0.005907925 -0.002793188 -0.003027902
v -0.005876306 -0.002215651 -0.003011215
v -0.005777213 -0.002707074 -0.003067641
v -0.005761454 -0.002100717 -0.003051989
v -0.005723665 -0.002679399 -0.00305502
v -0.005707226 -0.002047761 -0.0030772
v -0.005770993 -0.002735066 -0.00302224
v -0.005646914 -0.002621775 -0.003059148
v -0.005661893 -0.001990772 -0.003045676
v -0.005602019 -0.001944012 -0.003072584
v -0.005666651 -0.002672867 -0.003004363
v -0.005579911 -0.002569094 -0.003066733
v -0.005555621 -0.00188855 -0.003035615
v -0.005527911 -0.002524366 -0.003076089
v -0.005449747 -0.002475648 -0.003048673
v -0.005507529 -0.001834303 -0.003013959
v -0.005402403 -0.002418689 -0.003111163
v -0.005462706 -0.001803323 -0.003048619
v -0.005406484 -0.00176033 -0.003075793
v -0.005475556 -0.001794497 -0.002994103
v -0.005359063 -0.002393126 -0.00309749
v -0.005365124 -0.001699517 -0.003027568
v -0.005305001 -0.002351952 -0.003072215
v -0.005302635 -0.001649356 -0.003090234
v -0.005366413 -0.002415962 -0.003044403
v -0.005230878 -0.002301194 -0.003015917
v -0.005237906 -0.00156162 -0.003034102
v -0.005198976 -0.001506165 -0.003069016
v -0.00526854 -0.002346314 -0.002981803
v -0.005173115 -0.002240061 -0.003038435
v -0.005174848 -0.001480004 -0.003068877
v -0.005118402 -0.002185695 -0.003062537
v -0.005128592 -0.001450289 -0.003080198
v -0.005177926 -0.001494725 -0.003026902
v -0.005074523 -0.002148622 -0.003008407
v -0.005069321 -0.001401957 -0.003075921
v -0.00504022 -0.002110575 -0.00304461
v -0.005005238 -0.001358734 -0.003068454
v -0.005062924 -0.001411646 -0.003013749
v -0.00498787 -0.002054401 -0.003039307
v -0.004916997 -0.001296991 -0.003039671
v -0.004918503 -0.001985081 -0.003065903
v -0.004959701 -0.001336645 -0.002997227
v -0.004868155 -0.001936644 -0.003039248
v -0.004840031 -0.001239926 -0.003035542
v -0.004824613 -0.001886252 -0.003041301
v -0.004815863 -0.001202861 -0.00309654
v -0.004855888 -0.001915967 -0.003002534
v -0.004777336 -0.001832844 -0.00302635
v -0.004778238 -0.001168899 -0.003084872
v -0.004739457 -0.001799691 -0.003055564
v -0.004698114 -0.001758554 -0.003086798
v -0.004730278 -0.001129099 -0.003078806
v -0.004757676 -0.001793287 -0.002994014
v -0.004779271 -0.00118643 -0.003039535
v -0.004661798 -0.001699357 -0.003055636
v -0.004681517 -0.001077144 -0.003071099
v -0.004607434 -0.001633626 -0.003065145
v -0.004629368 -0.001020004 -0.003072705
v -0.004672638 -0.001094227 -0.00302232
v -0.004571926 -0.001578789 -0.003044091
v -0.004581706 -0.0009638147 -0.003049346
v -0.004522261 -0.001527545 -0.003076931
v -0.004531461 -0.0009048929 -0.003049005
v -0.004489902 -0.0008285699 -0.003080524
v -0.004567446 -0.001549326 -0.003018347
v -0.004572066 -0.0009866253 -0.003006353
v -0.004457423 -0.001451342 -0.00306727
v -0.004460892 -0.0007922315 -0.003069011
v -0.004400312 -0.001419504 -0.003103883
v -0.004416008 -0.0007441108 -0.003068496
v -0.004425316 -0.00138262 -0.003020072
v -0.00441954 -0.0013124 -0.002960586
v -0.004478649 -0.0008898212 -0.002978567
v -0.004458842 -0.0008238353 -0.00302014
v -0.004356232 -0.00136737 -0.003077991
v -0.004370322 -0.0006881604 -0.003064616
v -0.004315413 -0.001331964 -0.003073337
v -0.004320657 -0.0006378854 -0.003066649
v -0.004350909 -0.001316371 -0.003018054
v -0.004359516 -0.001258649 -0.002961071
v -0.004358996 -0.0007045724 -0.003016431
v -0.004284915 -0.001295827 -0.003063689
v -0.00427354 -0.0005853105 -0.003061949
v -0.004220403 -0.001231086 -0.003056031
v -0.004224658 -0.0005370283 -0.003058385
v -0.004300636 -0.001259703 -0.003007014
v -0.004264656 -0.0006056542 -0.003013295
v -0.004139894 -0.00116976 -0.003049439
v -0.004171836 -0.0004824557 -0.003032585
v -0.004139345 -0.0004212461 -0.003047971
v -0.004105173 -0.0003372014 -0.003057705
v -0.00412596 -0.001120744 -0.003000228
v -0.004179345 -0.0005244214 -0.0029927
v -0.004092148 -0.001131335 -0.003042702
v -0.004073529 -0.0002757556 -0.003012026
v -0.004042723 -0.001091031 -0.003049194
v -0.004050848 -0.0001958952 -0.003012273
v -0.004034 -0.00010111 -0.003053929
v -0.004020229 -0.00003197119 -0.003091486
v -0.003992341 0.0000434409 -0.003091281
v -0.004086963 -0.001104003 -0.003012904
v -0.004076845 -0.0003258729 -0.002979397
v -0.003993221 -0.001042139 -0.003043372
v -0.003962422 0.00009716821 -0.003071545
v -0.003950954 -0.001020106 -0.003073109
v -0.003904068 -0.0009531426 -0.003055883
v -0.003911374 0.000139145 -0.003063
v -0.003972854 -0.00099636 -0.003018646
v -0.003960062 -0.0009596471 -0.00299956
v -0.003960286 0.00006832119 -0.003025124
v -0.003827721 -0.0008832845 -0.003051628
v -0.003838053 0.00018826 -0.003051416
v -0.003813667 -0.000830152 -0.002998652
v -0.003849462 0.0001421113 -0.002999777
v -0.00376662 -0.0008383198 -0.003052994
v -0.003765088 0.0002195754 -0.003070985
v -0.003713924 -0.0007927403 -0.003035323
v -0.003768106 -0.0008088734 -0.003009157
v -0.00377912 0.0001255793 -0.002972986
v -0.003792461 0.0001759155 -0.003019328
v -0.00363759 -0.0007589234 -0.003047408
v -0.003679703 0.0002079847 -0.003063583
v -0.003630287 0.0001657496 -0.003043605
v -0.003609862 -0.0007214234 -0.003000905
v -0.003685007 0.00009160256 -0.002972103
v -0.003707378 0.0001616842 -0.003019641
v -0.003578481 -0.0007361721 -0.003058495
v -0.003564826 0.0001363529 -0.00304853
v -0.00351711 -0.0007223941 -0.003100019
v -0.003515117 0.00008261346 -0.003035976
v -0.003546701 -0.0007084694 -0.003030892
v -0.003596576 0.00003293787 -0.002967355
v -0.003597507 0.00009938375 -0.003012149
v -0.003467628 -0.0006792325 -0.00304869
v -0.003453718 0.00004969686 -0.003043805
v -0.003417126 0.00001100981 -0.003037515
v -0.003474238 -6.308756e-7 -0.003003193
v -0.003387947 -0.0006354766 -0.003022846
v -0.003363777 -0.00003836343 -0.003032516
v -0.003305672 -0.0006234105 -0.003075495
v -0.003301422 -0.00009389393 -0.003028701
v -0.003330512 -0.0006009264 -0.003003229
v -0.003348173 -0.0001192026 -0.002990614
v -0.00324909 -0.000577323 -0.003039341
v -0.003231842 -0.0001566209 -0.003026864
v -0.003256728 -0.0002246863 -0.002977739
v -0.003165082 -0.0005284562 -0.003041299
v -0.003141735 -0.0002067988 -0.003045406
v -0.003100834 -0.0005075071 -0.003066985
v -0.003102437 -0.0002621898 -0.003043069
v -0.003131188 -0.0004660962 -0.003019602
v -0.003150305 -0.0003868967 -0.002992679
v -0.003188631 -0.0003076711 -0.002981669
v -0.003167151 -0.0002489937 -0.003014557
v -0.003064706 -0.0004759136 -0.003079076
v -0.003052411 -0.0002966458 -0.003063492
v -0.003013808 -0.0004330443 -0.003106613
v -0.003026755 -0.0003616914 -0.003076376
v -0.0030764 -0.000412481 -0.003045962
v -0.003104361 -0.0003277385 -0.003027362
v -0.00630013 -0.002818533 -0.002951417
v -0.006309081 -0.00274125 -0.002951477
v -0.006283844 -0.002674163 -0.00296671
v -0.006374677 -0.002889713 -0.002890388
v -0.006362658 -0.002809632 -0.002907239
v -0.006366341 -0.002727024 -0.002896873
v -0.006256166 -0.00285443 -0.002960186
v -0.00626386 -0.002611646 -0.002949587
v -0.006228182 -0.002903434 -0.002934481
v -0.006208504 -0.002561697 -0.002983248
v -0.006304152 -0.002888815 -0.002919258
v -0.006146744 -0.002930886 -0.002911096
v -0.006171691 -0.002500026 -0.00295692
v -0.006105276 -0.00288597 -0.002960982
v -0.006108417 -0.002462112 -0.002994552
v -0.006024772 -0.002878199 -0.002955855
v -0.006062886 -0.002397465 -0.002961687
v -0.006006264 -0.002350408 -0.00298899
v -0.006070181 -0.002920229 -0.00291784
v -0.005948602 -0.002849316 -0.002969621
v -0.005968478 -0.002289836 -0.002950019
v -0.005917594 -0.002245881 -0.002979586
v -0.005876253 -0.002836642 -0.002940439
v -0.005877413 -0.00218858 -0.002934824
v -0.005824827 -0.002783888 -0.002990893
v -0.005824971 -0.002157225 -0.003001993
v -0.005759677 -0.002770702 -0.002945721
v -0.005769026 -0.002080841 -0.002944356
v -0.005709056 -0.002719596 -0.002972947
v -0.005717045 -0.002032773 -0.002997107
v -0.00563868 -0.002683351 -0.002921573
v -0.005668125 -0.001977985 -0.002948352
v -0.005621544 -0.002644646 -0.002991253
v -0.005609611 -0.001929741 -0.002985268
v -0.005587099 -0.002606483 -0.003011485
v -0.005538817 -0.00186016 -0.002933347
v -0.005517616 -0.002558088 -0.002979887
v -0.005496272 -0.001811137 -0.002966658
v -0.005575226 -0.002624198 -0.002938747
v -0.005437989 -0.002502577 -0.002921025
v -0.005472143 -0.001786326 -0.002964617
v -0.005430794 -0.001755955 -0.002972137
v -0.005474813 -0.002546004 -0.002881559
v -0.005478538 -0.00179875 -0.002925091
v -0.005376785 -0.002442668 -0.002946125
v -0.005370743 -0.001696653 -0.002947866
v -0.005315192 -0.002387872 -0.002969603
v -0.005309648 -0.001639859 -0.002968139
v -0.005392775 -0.001725141 -0.002897206
v -0.005269908 -0.002351377 -0.002904949
v -0.005248443 -0.001585657 -0.002932667
v -0.005234154 -0.002315872 -0.002937175
v -0.00518606 -0.002260721 -0.002931111
v -0.005183838 -0.001530773 -0.002937601
v -0.005121936 -0.002192653 -0.002960615
v -0.005119923 -0.00146714 -0.00297596
v -0.005074437 -0.002142264 -0.002940149
v -0.005036731 -0.001441608 -0.002921387
v -0.005031506 -0.002094654 -0.002955986
v -0.004996548 -0.001378086 -0.002973599
v -0.005060818 -0.002117008 -0.002907662
v -0.004983359 -0.002042314 -0.0029542
v -0.00494523 -0.001350237 -0.002951818
v -0.004944555 -0.002001742 -0.002974763
v -0.004893575 -0.001941498 -0.002975315
v -0.004916678 -0.001318836 -0.002972792
v -0.00496615 -0.002008053 -0.002916842
v -0.004948858 -0.001394361 -0.002913254
v -0.004852916 -0.001885916 -0.00296025
v -0.004857094 -0.001285977 -0.002972641
v -0.00481016 -0.001821098 -0.002952823
v -0.00485465 -0.001850811 -0.002915523
v -0.004853715 -0.001405005 -0.002881548
v -0.004887255 -0.001340656 -0.002928635
v -0.004764607 -0.001757123 -0.002948381
v -0.00477911 -0.001229125 -0.002976237
v -0.004717803 -0.001740927 -0.003002721
v -0.004718076 -0.001160651 -0.002996408
v -0.0047443 -0.001681073 -0.002924061
v -0.0047501 -0.001581299 -0.002886088
v -0.004768904 -0.001473669 -0.002872035
v -0.004749116 -0.00137645 -0.002885532
v -0.004784512 -0.001305124 -0.002918143
v -0.004686606 -0.001677542 -0.002980592
v -0.004653558 -0.001125027 -0.002966408
v -0.004646497 -0.001642546 -0.003002132
v -0.004612492 -0.00157805 -0.002991181
v -0.004611121 -0.0010589 -0.002985124
v -0.004680404 -0.001613152 -0.00294451
v -0.004659019 -0.001511367 -0.002922626
v -0.004663509 -0.001400434 -0.002896247
v -0.004669148 -0.001302169 -0.002900153
v -0.004680594 -0.001205378 -0.002934317
v -0.004572131 -0.001506579 -0.002984397
v -0.004551408 -0.00102253 -0.002954461
v -0.004506356 -0.00144322 -0.002999959
v -0.004492429 -0.0013623 -0.002951367
v -0.004513067 -0.0009545833 -0.002967269
v -0.004574854 -0.001423712 -0.002936512
v -0.004558067 -0.001316103 -0.002909561
v -0.004570161 -0.001210657 -0.002906413
v -0.004574844 -0.001106311 -0.002930918
v -0.004470358 -0.001293782 -0.002924192
v -0.0044548 -0.0009202564 -0.002938643
v -0.004417965 -0.001258925 -0.002929015
v -0.004420408 -0.0008500726 -0.002953847
v -0.004392432 -0.0007730089 -0.002985816
v -0.004460111 -0.001218426 -0.002908381
v -0.004468017 -0.00111334 -0.002904939
v -0.004474204 -0.001004994 -0.002921432
v -0.004376602 -0.001210505 -0.002927597
v -0.004336139 -0.0007300044 -0.002963343
v -0.004301531 -0.0006697601 -0.002985498
v -0.004351036 -0.001123345 -0.002912772
v -0.004366956 -0.001012504 -0.002899501
v -0.00437408 -0.0009016306 -0.002911707
v -0.004346281 -0.0007961733 -0.002933258
v -0.004290603 -0.001191427 -0.002963437
v -0.004246769 -0.0006383672 -0.002959382
v -0.004193738 -0.00115199 -0.002988495
v -0.004210107 -0.000579652 -0.002976933
v -0.004232347 -0.001099034 -0.002936178
v -0.004255123 -0.001014642 -0.002903629
v -0.004268609 -0.000913973 -0.002891561
v -0.00427097 -0.0008123046 -0.002899602
v -0.004268439 -0.0007139682 -0.002929507
v -0.004157358 -0.001091895 -0.002960688
v -0.004156872 -0.0005517174 -0.002945564
v -0.004128113 -0.0004787885 -0.002968091
v -0.004096897 -0.0003920505 -0.002979409
v -0.004144746 -0.001017332 -0.002930487
v -0.004160881 -0.0009200574 -0.002897614
v -0.004174122 -0.0008220474 -0.002884029
v -0.004182979 -0.0007272799 -0.002891736
v -0.004180564 -0.0006300815 -0.00291977
v -0.004092006 -0.001066078 -0.00298063
v -0.004059114 -0.0003572673 -0.00292914
v -0.004027569 -0.001028876 -0.002997722
v -0.004005396 -0.0009716802 -0.002972717
v -0.004039358 -0.0002704058 -0.002931265
v -0.004029287 -0.0001912221 -0.002942334
v -0.004010856 -0.0001172983 -0.00295572
v -0.003995866 -0.0000144807 -0.003012926
v -0.00406379 -0.001002101 -0.002955505
v -0.004050373 -0.0009263034 -0.002928374
v -0.00406697 -0.0008273168 -0.002891287
v -0.004086896 -0.0007329441 -0.002874509
v -0.004108781 -0.0006545328 -0.002881478
v -0.004081081 -0.0005497197 -0.002891766
v -0.004064291 -0.0004352005 -0.002909449
v -0.003959173 -0.0009181047 -0.002972473
v -0.003960257 0.00002897208 -0.002976978
v -0.003885259 -0.0008700434 -0.002987435
v -0.003904903 0.00006776176 -0.002963108
v -0.003949462 -0.0008308594 -0.002924346
v -0.003975654 -0.0007346757 -0.002877662
v -0.004007731 -0.0006332382 -0.002857344
v -0.003976168 -0.0001202171 -0.002886729
v -0.003956417 -0.00003534126 -0.002926416
v -0.003855297 -0.0008079031 -0.00295084
v -0.003838586 0.0001030712 -0.002953523
v -0.003803363 0.00009148703 -0.002938672
v -0.003849998 -0.0007360838 -0.002902069
v -0.003889782 -0.0006486952 -0.002850281
v -0.003829453 0.00004696296 -0.002911966
v -0.00377469 -0.0007752056 -0.002966537
v -0.003746987 0.00005959727 -0.002928688
v -0.003686247 -0.0007432899 -0.002981822
v -0.003729895 -0.0007078848 -0.002919761
v -0.003772132 -0.000647227 -0.002861079
v -0.003760874 -0.00001273342 -0.002874993
v -0.003646976 -0.0006990639 -0.002946668
v -0.00366662 0.00003839898 -0.002940143
v -0.003615229 -0.000006642522 -0.002931533
v -0.003647145 -0.000641659 -0.002889157
v -0.003675016 -0.00008141845 -0.002857528
v -0.003678625 -0.000007693871 -0.002904525
v -0.003560044 -0.0006739641 -0.002964312
v -0.003534721 -0.00004340089 -0.002945756
v -0.003534185 -0.0006159976 -0.002902541
v -0.003577363 -0.0001568801 -0.002854816
v -0.003594371 -0.00006957359 -0.00290041
v -0.003469402 -0.0006366548 -0.002961446
v -0.003445813 -0.00009012359 -0.002959395
v -0.003403598 -0.0005926704 -0.002941497
v -0.003395393 -0.0001536184 -0.002945003
v -0.003469666 -0.0006043456 -0.002914719
v -0.003470903 -0.0002320946 -0.002865561
v -0.003483629 -0.0001378382 -0.002911413
v -0.003318003 -0.0005563163 -0.00295517
v -0.003332857 -0.0001950935 -0.002952341
v -0.003300596 -0.0002498127 -0.002940294
v -0.003313015 -0.0004892453 -0.002909033
v -0.00338207 -0.0003186624 -0.002873079
v -0.003377946 -0.0002278661 -0.002913363
v -0.00324349 -0.0005227644 -0.00297339
v -0.003251103 -0.0002906165 -0.002950144
v -0.003193163 -0.0004884342 -0.002982291
v -0.00320252 -0.0004321744 -0.002959868
v -0.003227234 -0.0003569299 -0.002947263
v -0.003245276 -0.0004709049 -0.002940865
v -0.003294834 -0.0004031251 -0.002904951
v -0.003301735 -0.0003087962 -0.00291829
v -0.00654709 -0.003038187 -0.002766729
v -0.006545058 -0.002957925 -0.00277805
v -0.006539389 -0.002877869 -0.002775762
v -0.006414041 -0.002929617 -0.00286089
v -0.006428925 -0.002853647 -0.002859937
v -0.00642674 -0.002751398 -0.002837298
v -0.006482598 -0.003077628 -0.002787472
v -0.006499252 -0.003004933 -0.002803132
v -0.006481072 -0.002923342 -0.002822042
v -0.006489733 -0.002819016 -0.002804737
v -0.006476288 -0.002759774 -0.002792258
v -0.006346867 -0.002960587 -0.002870257
v -0.006382164 -0.002684413 -0.002857539
v -0.00632873 -0.002661511 -0.002904403
v -0.006405502 -0.003107246 -0.002787833
v -0.006422613 -0.003011823 -0.002827171
v -0.00636088 -0.002635034 -0.00283481
v -0.006240031 -0.002971336 -0.002872754
v -0.006304656 -0.002581419 -0.002840514
v -0.006234601 -0.002534435 -0.002897898
v -0.006313037 -0.003056281 -0.002809244
v -0.006137146 -0.002993238 -0.002829309
v -0.006188473 -0.002468251 -0.002846987
v -0.006127142 -0.002430539 -0.002901977
v -0.006198088 -0.003043663 -0.002792389
v -0.006057785 -0.002957358 -0.002848453
v -0.00607773 -0.002368148 -0.002845712
v -0.006015385 -0.002922917 -0.00289118
v -0.006021126 -0.002327142 -0.002896648
v -0.00593898 -0.002893498 -0.002878269
v -0.005971676 -0.002266049 -0.002840346
v -0.005924889 -0.002226155 -0.002890178
v -0.005988279 -0.002938221 -0.002838914
v -0.00584249 -0.002853242 -0.002845488
v -0.005877956 -0.002174379 -0.002839139
v -0.005802882 -0.002812907 -0.002910897
v -0.005824232 -0.002130308 -0.002883342
v -0.005756844 -0.002791725 -0.00289175
v -0.005752428 -0.002065153 -0.002823505
v -0.005704715 -0.002753867 -0.002865411
v -0.005713087 -0.002018837 -0.002904417
v -0.005768821 -0.002810327 -0.00283439
v -0.005631064 -0.002700124 -0.00281353
v -0.005672385 -0.001979534 -0.002886361
v -0.005616199 -0.001937459 -0.002867194
v -0.005669912 -0.002739489 -0.002769688
v -0.005680155 -0.00199811 -0.00282837
v -0.005576646 -0.002644604 -0.002841559
v -0.005542836 -0.001881153 -0.002825559
v -0.005521368 -0.002589348 -0.002866541
v -0.005574499 -0.001924619 -0.002780429
v -0.005474033 -0.002548877 -0.002798374
v -0.00548742 -0.001827767 -0.002848366
v -0.005437661 -0.002512799 -0.002832834
v -0.005433427 -0.001772933 -0.002870537
v -0.005387161 -0.002456577 -0.002824963
v -0.005374447 -0.0017369 -0.002826386
v -0.005319667 -0.002391259 -0.002856941
v -0.005340553 -0.001682835 -0.002882352
v -0.005278226 -0.001632291 -0.002873367
v -0.005271108 -0.002341976 -0.002834002
v -0.005214259 -0.001586006 -0.002865094
v -0.005229479 -0.002296552 -0.002849362
v -0.005258517 -0.002315246 -0.00280063
v -0.005237828 -0.001634815 -0.002815304
v -0.005184603 -0.00224485 -0.002847813
v -0.005155159 -0.001550784 -0.002859391
v -0.005147653 -0.002204061 -0.002869382
v -0.005097846 -0.002139972 -0.002874515
v -0.005108135 -0.001501627 -0.002891583
v -0.005169777 -0.00220797 -0.002812066
v -0.005162897 -0.001609209 -0.002801787
v -0.005051705 -0.002077732 -0.002870091
v -0.005043099 -0.001497166 -0.002856761
v -0.005003436 -0.002036542 -0.002894382
v -0.005029813 -0.001994743 -0.002820758
v -0.005028162 -0.001901301 -0.002773286
v -0.005063874 -0.001619569 -0.002780039
v -0.00509251 -0.001549287 -0.002827777
v -0.004978202 -0.001986496 -0.002870871
v -0.004957017 -0.001470363 -0.002858271
v -0.004938886 -0.001959859 -0.002907413
v -0.004902506 -0.001884415 -0.002891715
v -0.004970256 -0.001924165 -0.002838755
v -0.004964492 -0.0018142 -0.002802614
v -0.004987301 -0.001688548 -0.002779248
v -0.004978083 -0.001601107 -0.002793907
v -0.005010886 -0.001543381 -0.002815671
v -0.00486889 -0.001805413 -0.002875015
v -0.004869225 -0.001488514 -0.002846947
v -0.004813011 -0.001739639 -0.002891822
v -0.004821086 -0.00165028 -0.002856946
v -0.004838957 -0.001559112 -0.002841294
v -0.004890491 -0.001719431 -0.002829349
v -0.004905333 -0.001625099 -0.002812501
v -0.004926307 -0.001545144 -0.002820418
v -0.004003969 -0.0004687547 -0.002848072
v -0.004007872 -0.0003628487 -0.002863245
v -0.003992586 -0.0002713042 -0.002855635
v -0.003999595 -0.0001903536 -0.002886693
v -0.003990883 -0.0005440602 -0.00284136
v -0.003966611 -0.0001589554 -0.002852414
v -0.003919846 -0.0001184958 -0.002840658
v -0.003886725 -0.00001526379 -0.002885085
v -0.003941169 -0.0004979535 -0.002813372
v -0.003931308 -0.000416015 -0.002798783
v -0.00394792 -0.0003170827 -0.002804569
v -0.003949387 -0.0002183669 -0.002820189
v -0.00391745 -0.0005651905 -0.002821421
v -0.003828923 -0.00001596771 -0.002864836
v -0.003795657 -0.00005506792 -0.002839166
v -0.003859182 -0.0004874535 -0.00278455
v -0.003845891 -0.0001522416 -0.002790628
v -0.003846906 -0.0000749744 -0.002832691
v -0.00381526 -0.0005715124 -0.002814004
v -0.003745658 -0.00007485269 -0.002836344
v -0.003706955 -0.0001246717 -0.002819293
v -0.003754059 -0.0004999558 -0.002777953
v -0.003783351 -0.0002001315 -0.002765169
v -0.003775103 -0.000123646 -0.0028056
v -0.003702364 -0.0005705447 -0.002822658
v -0.003651161 -0.0001501057 -0.002824932
v -0.00361556 -0.0001903818 -0.00281839
v -0.003645133 -0.0004871058 -0.002785522
v -0.003680001 -0.0002113295 -0.002787453
v -0.003588374 -0.0005637882 -0.002842637
v -0.003557276 -0.0002515822 -0.002817879
v -0.003535244 -0.0004936748 -0.002816712
v -0.003581468 -0.0004116078 -0.002780134
v -0.003606838 -0.0003152238 -0.002777533
v -0.003477886 -0.0005589085 -0.002873528
v -0.00346358 -0.0003040622 -0.002837011
v -0.003386229 -0.0005307809 -0.002892305
v -0.00342318 -0.0003598512 -0.00283843
v -0.003444752 -0.0004895358 -0.002843262
v -0.003492752 -0.0004370955 -0.002811348
v -0.003502585 -0.0003581878 -0.002809141
v -0.003378892 -0.0004773308 -0.002864374
v -0.003369664 -0.0003904749 -0.00285956
v -0.003350875 -0.0004392105 -0.002869445
v -0.003419047 -0.0004235173 -0.002836684
v -0.006593691 -0.003058481 -0.0027235
v -0.006592919 -0.0029849 -0.002729764
v -0.006582185 -0.002908081 -0.002734626
v -0.006621743 -0.003115871 -0.002683613
v -0.006544639 -0.003124199 -0.002739534
v -0.006569356 -0.002850672 -0.00273432
v -0.006537645 -0.002810944 -0.002749691
v -0.006503948 -0.002768222 -0.002761593
v -0.006578055 -0.003189588 -0.002696204
v -0.006565507 -0.002809994 -0.002704092
v -0.006461721 -0.003152341 -0.002758393
v -0.006465277 -0.002713499 -0.002749362
v -0.006406374 -0.002666921 -0.002793583
v -0.006505379 -0.003203345 -0.002715372
v -0.00640688 -0.003161163 -0.002759262
v -0.006362629 -0.002603815 -0.002761789
v -0.006342148 -0.00315631 -0.002743904
v -0.00641846 -0.003207702 -0.002720134
v -0.006235218 -0.003118474 -0.002725125
v -0.006307451 -0.002546002 -0.002726087
v -0.006249414 -0.002508318 -0.002788582
v -0.006282395 -0.003182153 -0.002693739
v -0.006145619 -0.003072337 -0.002719229
v -0.00619386 -0.002451599 -0.00273394
v -0.006124471 -0.003033298 -0.002767139
v -0.006136111 -0.002409135 -0.002790179
v -0.006060541 -0.00300275 -0.002756471
v -0.006078594 -0.002355892 -0.002732427
v -0.006023296 -0.002309508 -0.002785715
v -0.006090703 -0.003041974 -0.00271789
v -0.005992232 -0.002962054 -0.002770171
v -0.005955937 -0.002251816 -0.002724692
v -0.005943837 -0.002929799 -0.002794526
v -0.005919018 -0.002210827 -0.002797267
v -0.005882402 -0.002894779 -0.00276938
v -0.005879846 -0.002174681 -0.002777198
v -0.005824688 -0.002135286 -0.002759458
v -0.005886177 -0.002191127 -0.002721894
v -0.005797837 -0.002839068 -0.002727895
v -0.005747765 -0.002083428 -0.002717158
v -0.005722388 -0.002781576 -0.002753208
v -0.005779552 -0.002122337 -0.002675549
v -0.005676171 -0.002740455 -0.002687149
v -0.005687686 -0.002032984 -0.002740028
v -0.005629574 -0.0027004 -0.002721502
v -0.005622537 -0.001975306 -0.002760269
v -0.005583503 -0.002656285 -0.002749454
v -0.005548578 -0.00194734 -0.00270726
v -0.005526742 -0.00259405 -0.002747168
v -0.005530912 -0.001896988 -0.002759126
v -0.00556162 -0.002626129 -0.002700467
v -0.005473749 -0.002539092 -0.002724513
v -0.005495362 -0.001858665 -0.002781098
v -0.005432299 -0.002490958 -0.002735451
v -0.005422135 -0.001814827 -0.002770418
v -0.005460279 -0.002513336 -0.002689731
v -0.005482357 -0.001887613 -0.002722498
v -0.005386225 -0.00243354 -0.00272817
v -0.005343005 -0.001757579 -0.00276192
v -0.005346025 -0.002394353 -0.002756367
v -0.005296059 -0.002333106 -0.002765687
v -0.005298641 -0.0016909 -0.002802527
v -0.005370351 -0.002391209 -0.002688783
v -0.005332283 -0.001820699 -0.002705402
v -0.00525226 -0.002272832 -0.002763605
v -0.005221449 -0.001677932 -0.002763219
v -0.005205792 -0.002235088 -0.002789367
v -0.005235292 -0.002185272 -0.002718262
v -0.005236938 -0.002082005 -0.002678979
v -0.005242683 -0.001980905 -0.002664888
v -0.005263661 -0.001878856 -0.002672615
v -0.005252201 -0.0017949 -0.002697906
v -0.005276374 -0.001742856 -0.002734705
v -0.005182975 -0.002182854 -0.002767904
v -0.005141552 -0.001677239 -0.002747461
v -0.005143608 -0.002155988 -0.002804525
v -0.005105635 -0.002067979 -0.002790131
v -0.005093594 -0.001961509 -0.002746742
v -0.005175848 -0.002116882 -0.002739549
v -0.005167197 -0.002018929 -0.00271269
v -0.005161688 -0.001906054 -0.002697189
v -0.005184496 -0.00181131 -0.002695489
v -0.005200776 -0.0017381 -0.002718837
v -0.005084428 -0.001883214 -0.00272754
v -0.005072363 -0.001695759 -0.002746187
v -0.005043854 -0.001834798 -0.002744531
v -0.005048065 -0.001764197 -0.00274326
v -0.005106304 -0.001821702 -0.002713477
v -0.005124939 -0.001747729 -0.002719634
v -0.003888366 -0.0003529859 -0.002760969
v -0.003899368 -0.000278181 -0.00276777
v -0.003887741 -0.0002047459 -0.002779769
v -0.003860521 -0.0004139037 -0.002759511
v -0.003837337 -0.0002115774 -0.002757291
v -0.003803714 -0.0002491245 -0.002741767
v -0.003825494 -0.0003695292 -0.002738407
v -0.00385341 -0.0003153577 -0.002741026
v -0.003848897 -0.0002611486 -0.002745464
v -0.003794787 -0.0004334669 -0.002749978
v -0.003744035 -0.0002666179 -0.002745691
v -0.003757362 -0.0003805245 -0.002732731
v -0.00379425 -0.0003114181 -0.002732245
v -0.003715751 -0.0004366362 -0.002749136
v -0.003679847 -0.000297645 -0.002752862
v -0.00365633 -0.0004186824 -0.00275352
v -0.003654739 -0.0003618114 -0.002749423
v -0.003698749 -0.0003879597 -0.002736795
v -0.003720377 -0.0003349081 -0.002734549
v -0.006672368 -0.003147144 -0.002618686
v -0.006624 -0.003187161 -0.00266607
v -0.006668885 -0.003066885 -0.00263351
v -0.006599363 -0.003222259 -0.002670787
v -0.006638843 -0.003013387 -0.002668591
v -0.006619436 -0.002923538 -0.002674639
v -0.006593498 -0.002854448 -0.002686394
v -0.006628332 -0.003237791 -0.002631785
v -0.006678844 -0.00300553 -0.002608173
v -0.006553654 -0.003252245 -0.002664887
v -0.00657337 -0.002793375 -0.002640031
v -0.006525392 -0.002754307 -0.002693642
v -0.006582752 -0.003304375 -0.002605549
v -0.006466417 -0.003258566 -0.002675124
v -0.006470367 -0.002682148 -0.002644232
v -0.006415979 -0.002640178 -0.002703184
v -0.006501072 -0.003307657 -0.002617826
v -0.006408177 -0.003252678 -0.002676882
v -0.006359898 -0.002581408 -0.002661814
v -0.006340839 -0.003230643 -0.002668835
v -0.006410985 -0.003291355 -0.002621449
v -0.006278119 -0.003209007 -0.002659794
v -0.006301385 -0.002532762 -0.002621777
v -0.006227114 -0.003178994 -0.002644408
v -0.006249913 -0.00249368 -0.002677433
v -0.006272567 -0.003230677 -0.00261249
v -0.006152008 -0.003119599 -0.002636445
v -0.006189393 -0.002450075 -0.002623026
v -0.006133588 -0.00240288 -0.002676808
v -0.006174706 -0.003166351 -0.002586987
v -0.006087842 -0.003064333 -0.002651694
v -0.006065876 -0.002358342 -0.002622939
v -0.006048104 -0.0030266 -0.002678881
v -0.006016561 -0.002307666 -0.002678596
v -0.005987989 -0.002983426 -0.002663484
v -0.005960383 -0.002272969 -0.002633711
v -0.005927042 -0.002935455 -0.002708265
v -0.005858036 -0.002887222 -0.002655667
v -0.005892712 -0.002226216 -0.002630721
v -0.005827514 -0.002166447 -0.002659179
v -0.005796173 -0.00283371 -0.002605339
v -0.005753198 -0.002142922 -0.002608877
v -0.005733651 -0.002779156 -0.002627776
v -0.005733295 -0.002098729 -0.002653593
v -0.005765061 -0.00280042 -0.002571057
v -0.00567989 -0.00272594 -0.002611825
v -0.005694855 -0.002065007 -0.002672814
v -0.005640695 -0.002691763 -0.00263711
v -0.005595567 -0.002651458 -0.002667992
v -0.005614615 -0.002030243 -0.002659536
v -0.005659783 -0.002686946 -0.002574675
v -0.005681581 -0.002095053 -0.002617058
v -0.005555842 -0.002590129 -0.00263915
v -0.005528232 -0.001994254 -0.002642183
v -0.005497284 -0.002532505 -0.002657895
v -0.00553491 -0.002055877 -0.002598785
v -0.005456701 -0.002479348 -0.00265024
v -0.005473999 -0.001942522 -0.002662276
v -0.005418347 -0.002418221 -0.002647932
v -0.005411494 -0.001882484 -0.002686915
v -0.005457935 -0.00244139 -0.002608734
v -0.005454862 -0.002103007 -0.002578003
v -0.005463681 -0.002009468 -0.002614621
v -0.005382353 -0.002357391 -0.002642454
v -0.005347586 -0.001895984 -0.002661277
v -0.005342583 -0.00233881 -0.002688227
v -0.005309742 -0.002251995 -0.002680857
v -0.00530461 -0.002142772 -0.002646163
v -0.005308965 -0.002047638 -0.002633571
v -0.005324955 -0.001961149 -0.002639355
v -0.005377166 -0.002290088 -0.002621714
v -0.005384963 -0.002189682 -0.002600131
v -0.005366313 -0.002100493 -0.002606213
v -0.005386269 -0.002026525 -0.002610801
v -0.005401924 -0.001950439 -0.002638633
v -0.006694542 -0.003226046 -0.002572155
v -0.006730713 -0.003132016 -0.002541755
v -0.006706447 -0.003046928 -0.002566161
v -0.006767834 -0.003363835 -0.002469264
v -0.006781251 -0.003292572 -0.002480135
v -0.006762896 -0.003209625 -0.00250163
v -0.006770997 -0.003118268 -0.002485098
v -0.006648086 -0.003290831 -0.002583391
v -0.006693859 -0.002972101 -0.002559935
v -0.006618771 -0.00334085 -0.002555576
v -0.006658481 -0.002931721 -0.002595184
v -0.00661637 -0.002852764 -0.002609892
v -0.006703313 -0.003402056 -0.002471399
v -0.006701994 -0.00332 -0.002521965
v -0.006683794 -0.002919373 -0.002521107
v -0.006536002 -0.003361581 -0.00254559
v -0.00658088 -0.002781199 -0.002544239
v -0.006525991 -0.002727817 -0.00258887
v -0.006616695 -0.003399465 -0.002492319
v -0.006455041 -0.003341058 -0.002562879
v -0.006455511 -0.002662217 -0.002523602
v -0.006409435 -0.002620308 -0.002600308
v -0.006384936 -0.003331003 -0.002534486
v -0.006345521 -0.002569931 -0.002556576
v -0.006328804 -0.003279197 -0.002580615
v -0.006390631 -0.002609612 -0.002513298
v -0.006262006 -0.00325756 -0.002530516
v -0.006288392 -0.002530808 -0.00254002
v -0.006214234 -0.003208327 -0.002564904
v -0.00624312 -0.002495142 -0.002573249
v -0.006161973 -0.003176796 -0.002516377
v -0.006180083 -0.002463732 -0.002519999
v -0.006133202 -0.003137833 -0.002555073
v -0.006120307 -0.002412508 -0.002565325
v -0.00608093 -0.003085111 -0.002547439
v -0.006031396 -0.002373865 -0.002513572
v -0.006027942 -0.003029057 -0.002594421
v -0.005995537 -0.002316177 -0.002585147
v -0.005966932 -0.002976256 -0.002537223
v -0.005924706 -0.002277761 -0.002565335
v -0.00591349 -0.002929659 -0.002593143
v -0.005954267 -0.002324713 -0.002517087
v -0.00584918 -0.002864708 -0.002532362
v -0.005860202 -0.002245273 -0.002554372
v -0.005792642 -0.002807286 -0.002523761
v -0.005813818 -0.002198597 -0.002582517
v -0.005866956 -0.002299168 -0.002496426
v -0.005751133 -0.002766566 -0.002533585
v -0.005746054 -0.002188768 -0.002550427
v -0.005706209 -0.002713779 -0.00253793
v -0.005743987 -0.002731218 -0.002494975
v -0.005759486 -0.002297362 -0.0024727
v -0.005790548 -0.002239528 -0.002521596
v -0.00566586 -0.002664015 -0.002532499
v -0.005678566 -0.002151306 -0.002559986
v -0.005624281 -0.002625283 -0.002565065
v -0.005607136 -0.00210032 -0.002581018
v -0.005660827 -0.002634657 -0.002513508
v -0.005650587 -0.002313351 -0.002476399
v -0.005688231 -0.00222663 -0.002509179
v -0.00557798 -0.002556195 -0.00256135
v -0.005539478 -0.002115231 -0.002558805
v -0.005536312 -0.002528528 -0.00259022
v -0.005503309 -0.002466414 -0.002583411
v -0.005511933 -0.002159022 -0.002541667
v -0.005569426 -0.002490429 -0.002530685
v -0.005564657 -0.002390251 -0.002509106
v -0.005563742 -0.002297354 -0.002501643
v -0.005601412 -0.002245388 -0.002500925
v -0.005591697 -0.002172606 -0.002531986
v -0.005473065 -0.002396004 -0.00257337
v -0.005460357 -0.002186297 -0.002553961
v -0.005426663 -0.002340009 -0.002591383
v -0.005440725 -0.002258233 -0.002564098
v -0.005494638 -0.002317725 -0.002536649
v -0.005521054 -0.002231469 -0.002525028
v -0.006815624 -0.003387569 -0.002429726
v -0.006826051 -0.003323704 -0.002441817
v -0.006828551 -0.003231363 -0.002433963
v -0.006804408 -0.003138805 -0.002439048
v -0.006864711 -0.003360998 -0.002399559
v -0.006873187 -0.003287912 -0.002398124
v -0.006874889 -0.003221116 -0.002376796
v -0.006758995 -0.003430497 -0.002429065
v -0.006785612 -0.003074837 -0.002442978
v -0.006750225 -0.003042683 -0.002480275
v -0.006714521 -0.002968161 -0.002496466
v -0.006775582 -0.003022394 -0.002410887
v -0.006661344 -0.003470195 -0.00241203
v -0.006686592 -0.002893022 -0.0024409
v -0.006638933 -0.002848917 -0.002505146
v -0.006689365 -0.003520463 -0.002360758
v -0.006560836 -0.003451238 -0.002423811
v -0.006577809 -0.002770019 -0.002434282
v -0.006530141 -0.003411411 -0.002477062
v -0.006522732 -0.0027181 -0.002482109
v -0.006446968 -0.00338491 -0.002473229
v -0.006462624 -0.00267658 -0.002424905
v -0.006494544 -0.003431984 -0.002428426
v -0.006364158 -0.003351516 -0.002455098
v -0.006382423 -0.002628129 -0.002415119
v -0.00631454 -0.003307714 -0.002491874
v -0.006346927 -0.002584045 -0.002477024
v -0.00625318 -0.003274901 -0.002436301
v -0.006305348 -0.002552618 -0.002490002
v -0.006204001 -0.003223925 -0.002477207
v -0.006235922 -0.002517198 -0.002467278
v -0.00629952 -0.002573855 -0.002419726
v -0.006151509 -0.003178963 -0.002423438
v -0.006172529 -0.002479619 -0.002455869
v -0.00611208 -0.003131616 -0.002474605
v -0.006104063 -0.0024446 -0.002451102
v -0.006160314 -0.002503917 -0.002398569
v -0.006061116 -0.00307402 -0.002426577
v -0.006020372 -0.002410842 -0.002432985
v -0.006015891 -0.003024589 -0.002482366
v -0.006041503 -0.002448022 -0.002390794
v -0.005966325 -0.002963857 -0.00242824
v -0.005937905 -0.00237267 -0.002447598
v -0.005911572 -0.002909646 -0.002467484
v -0.005973479 -0.002433527 -0.002386377
v -0.005867596 -0.002851956 -0.002442125
v -0.005827217 -0.002359883 -0.002435739
v -0.005829342 -0.0028099 -0.00245472
v -0.005785665 -0.002749318 -0.002460337
v -0.005861667 -0.002813135 -0.002399353
v -0.005876026 -0.002432458 -0.00238995
v -0.00574659 -0.002686497 -0.002461507
v -0.005731477 -0.002365548 -0.002439006
v -0.00569641 -0.002649456 -0.002488294
v -0.005748129 -0.002596904 -0.002426076
v -0.005788891 -0.002492822 -0.002395255
v -0.005786918 -0.0024141 -0.002410124
v -0.005671324 -0.00259462 -0.002485009
v -0.005656518 -0.002390824 -0.002457071
v -0.005624815 -0.002540906 -0.002504031
v -0.005633978 -0.002460007 -0.002471806
v -0.005693993 -0.002518997 -0.002444912
v -0.005713426 -0.002437608 -0.002428588
v -0.006891736 -0.003384782 -0.002364503
v -0.006912644 -0.003325964 -0.002349927
v -0.006904289 -0.003256202 -0.002351209
v -0.006928372 -0.003402757 -0.002310033
v -0.006951701 -0.003323647 -0.002295591
v -0.006841184 -0.003437103 -0.002374025
v -0.006898448 -0.00319088 -0.002314289
v -0.00684779 -0.003141408 -0.002361838
v -0.006806346 -0.003066316 -0.002384358
v -0.006885168 -0.003485676 -0.002307438
v -0.006749278 -0.003491056 -0.002377707
v -0.006778994 -0.002993047 -0.002337554
v -0.006730778 -0.003537456 -0.002330531
v -0.006736166 -0.002954591 -0.002399315
v -0.006803945 -0.003517867 -0.002323428
v -0.006667268 -0.003554078 -0.002305459
v -0.006684388 -0.002872101 -0.002335865
v -0.006638249 -0.003522282 -0.002351084
v -0.006632345 -0.002821531 -0.002384044
v -0.006572039 -0.003501 -0.002345494
v -0.006556222 -0.002761064 -0.002313661
v -0.006508663 -0.002715821 -0.002378939
v -0.006606838 -0.003540133 -0.002308174
v -0.006497 -0.003461718 -0.002361385
v -0.006427331 -0.002677711 -0.00233159
v -0.006446565 -0.003424932 -0.002388965
v -0.00648325 -0.002716481 -0.002295448
v -0.006377114 -0.003383956 -0.002365691
v -0.006363703 -0.002647976 -0.002325455
v -0.006307777 -0.003326991 -0.002396774
v -0.006248251 -0.003282394 -0.002331635
v -0.00629371 -0.002618375 -0.00232238
v -0.00619747 -0.00322947 -0.00237667
v -0.006221064 -0.002558497 -0.002363357
v -0.006148457 -0.003172294 -0.002317118
v -0.006131194 -0.002551572 -0.002315125
v -0.006103464 -0.003122519 -0.002369945
v -0.006084608 -0.002490071 -0.002363441
v -0.006062129 -0.003060221 -0.002322472
v -0.006012918 -0.002480619 -0.002346177
v -0.006014748 -0.003003481 -0.002364279
v -0.006045834 -0.002534008 -0.002310081
v -0.005974112 -0.002941057 -0.002349962
v -0.00594037 -0.002481438 -0.002346566
v -0.005939112 -0.002911143 -0.002383663
v -0.005905325 -0.002849941 -0.002375836
v -0.005959163 -0.002878715 -0.002316865
v -0.005942027 -0.002786027 -0.002300235
v -0.005959583 -0.002685461 -0.002280862
v -0.00598745 -0.002591307 -0.002288475
v -0.005981911 -0.002522253 -0.002316444
v -0.005883945 -0.002786227 -0.002354825
v -0.00587278 -0.002500541 -0.002356486
v -0.005841074 -0.002759172 -0.002393323
v -0.005818606 -0.002672187 -0.00238835
v -0.005839939 -0.00256998 -0.002361977
v -0.005887927 -0.002718939 -0.002333712
v -0.005900446 -0.002628128 -0.002322779
v -0.005920067 -0.002545157 -0.002324956
v -0.006984191 -0.003428424 -0.002226141
v -0.006979952 -0.003344756 -0.00224729
v -0.006936663 -0.00347201 -0.002273634
v -0.006971236 -0.003287707 -0.002256206
v -0.006912171 -0.003509766 -0.00227195
v -0.006938198 -0.003255695 -0.002292044
v -0.006945629 -0.003515756 -0.002227773
v -0.006965778 -0.003239541 -0.002228381
v -0.006861285 -0.003547907 -0.002258624
v -0.006927394 -0.00317304 -0.002220384
v -0.006871306 -0.00310818 -0.002260629
v -0.006822145 -0.003047804 -0.002298506
v -0.006904897 -0.003585132 -0.002191602
v -0.006740653 -0.003576664 -0.002258684
v -0.006777973 -0.002972431 -0.002239137
v -0.006731701 -0.002921727 -0.002286706
v -0.006812296 -0.003610098 -0.002194832
v -0.006665185 -0.003579931 -0.002252857
v -0.006670041 -0.002859283 -0.002229768
v -0.006622238 -0.002812679 -0.002277505
v -0.00660673 -0.003566633 -0.002245489
v -0.006561981 -0.002778636 -0.002225848
v -0.006560017 -0.003533613 -0.002274566
v -0.006493071 -0.003494718 -0.00226094
v -0.006479621 -0.002744304 -0.002210955
v -0.006428297 -0.003438713 -0.002302798
v -0.006428773 -0.00270381 -0.002253232
v -0.006358785 -0.003393218 -0.002240804
v -0.006343799 -0.002680264 -0.002244792
v -0.006303611 -0.003337431 -0.002288608
v -0.006398481 -0.0027188 -0.002198255
v -0.006247137 -0.003279458 -0.002218563
v -0.006239613 -0.002657228 -0.002233205
v -0.006196497 -0.00322456 -0.002266526
v -0.006196254 -0.00260313 -0.002281213
v -0.006155444 -0.003158772 -0.002210143
v -0.006131 -0.002603266 -0.002258614
v -0.00610739 -0.003099555 -0.002255667
v -0.006157475 -0.002648448 -0.002225549
v -0.006071095 -0.003037049 -0.002247408
v -0.006071688 -0.002592169 -0.002268483
v -0.006040448 -0.003005113 -0.002281516
v -0.006012982 -0.00293499 -0.00227618
v -0.006006893 -0.002838406 -0.002245883
v -0.006016509 -0.002743239 -0.002236913
v -0.006037225 -0.00265634 -0.002244721
v -0.006064404 -0.002974408 -0.002213502
v -0.006063073 -0.002887832 -0.002192907
v -0.006072247 -0.002795701 -0.002188265
v -0.006099301 -0.002704577 -0.002202344
v -0.006098388 -0.002637825 -0.002233257
v -0.007004398 -0.003486814 -0.002177195
v -0.007035663 -0.003420237 -0.002145182
v -0.007016034 -0.003345873 -0.002173041
v -0.006992353 -0.003280797 -0.002199533
v -0.007047451 -0.00350502 -0.00210389
v -0.00707008 -0.003414822 -0.00208547
v -0.006979042 -0.003553977 -0.002162826
v -0.006973288 -0.003211573 -0.002158554
v -0.006941651 -0.003612877 -0.002141143
v -0.006999713 -0.003596707 -0.002108607
v -0.006867303 -0.003641966 -0.002136483
v -0.006931871 -0.003138469 -0.002113066
v -0.006880418 -0.003086416 -0.002157677
v -0.00682721 -0.0030286 -0.002197399
v -0.0067608 -0.003656919 -0.002116163
v -0.006766707 -0.002962348 -0.002133629
v -0.006729665 -0.003621884 -0.002181458
v -0.006717111 -0.002908967 -0.002180498
v -0.006651481 -0.003603653 -0.002187389
v -0.006636392 -0.002857482 -0.002122166
v -0.006602273 -0.002813515 -0.002185057
v -0.006685203 -0.003638236 -0.002132367
v -0.006577956 -0.003580353 -0.002170716
v -0.006530321 -0.002785227 -0.002153702
v -0.006534541 -0.003544795 -0.002198714
v -0.006568114 -0.002817425 -0.002115896
v -0.006466141 -0.003506186 -0.002141232
v -0.006451322 -0.00277565 -0.00212101
v -0.006412925 -0.003449386 -0.002188481
v -0.00649912 -0.002809212 -0.002082324
v -0.006348743 -0.003391666 -0.002121883
v -0.006404752 -0.002747921 -0.002150185
v -0.006298489 -0.003336312 -0.002172941
v -0.006328068 -0.002735538 -0.002150589
v -0.006252966 -0.00327135 -0.002107347
v -0.006261986 -0.00270829 -0.002174637
v -0.006202487 -0.003204572 -0.002145027
v -0.006262752 -0.002789042 -0.002095699
v -0.006265505 -0.002742646 -0.002133675
v -0.00616651 -0.003138923 -0.002128387
v -0.006184638 -0.002702542 -0.002181433
v -0.006137135 -0.003092992 -0.002156025
v -0.006104774 -0.003029792 -0.002178563
v -0.006123618 -0.002936886 -0.002130215
v -0.006125974 -0.002840322 -0.002137328
v -0.006143959 -0.002763478 -0.002153492
v -0.006163887 -0.003091833 -0.002089989
v -0.006193391 -0.002861389 -0.002082002
v -0.006184842 -0.002799002 -0.002114612
v -0.006215054 -0.002748519 -0.002136168
v -0.007098548 -0.003533805 -0.002017432
v -0.007095051 -0.003438666 -0.002035413
v -0.007049816 -0.003583458 -0.002068413
v -0.007086199 -0.003375122 -0.002043178
v -0.007014489 -0.003638322 -0.002064595
v -0.007053399 -0.003340753 -0.002085812
v -0.007013211 -0.00326741 -0.002116323
v -0.007073074 -0.003676616 -0.001986329
v -0.007063739 -0.003628135 -0.002024277
v -0.00707647 -0.003324322 -0.002013922
v -0.006938619 -0.003663576 -0.002082414
v -0.006977858 -0.003188592 -0.002060484
v -0.00700113 -0.003698218 -0.002013341
v -0.00683364 -0.003693478 -0.002065291
v -0.006925881 -0.003119127 -0.002016155
v -0.006878686 -0.003072979 -0.002056588
v -0.006821128 -0.003018819 -0.002090702
v -0.006894706 -0.003729681 -0.002011856
v -0.006875657 -0.003072379 -0.0019789
v -0.006739156 -0.003701351 -0.002025525
v -0.006738045 -0.002961993 -0.002019629
v -0.006694706 -0.002910148 -0.002079521
v -0.006799834 -0.003738727 -0.001991677
v -0.006660733 -0.003658632 -0.002051063
v -0.006619812 -0.002882016 -0.002030469
v -0.006631238 -0.003628128 -0.00211154
v -0.006666249 -0.002916343 -0.002004284
v -0.00658982 -0.00360266 -0.002123855
v -0.006554833 -0.00284561 -0.002052461
v -0.006521327 -0.003564689 -0.002088982
v -0.006581269 -0.003617159 -0.002052651
v -0.006453633 -0.003511919 -0.002047088
v -0.006453394 -0.002850157 -0.002012723
v -0.006400175 -0.003450768 -0.002059298
v -0.006423141 -0.002807928 -0.002062368
v -0.006473481 -0.003539969 -0.001994611
v -0.006342396 -0.00337618 -0.002010058
v -0.006360466 -0.002783675 -0.002090478
v -0.006298469 -0.003325167 -0.002061663
v -0.006307301 -0.002812568 -0.002059428
v -0.006348426 -0.002840696 -0.002029235
v -0.0062648 -0.003259692 -0.002011518
v -0.006265505 -0.002848295 -0.002045273
v -0.006230341 -0.003206076 -0.00204176
v -0.006199226 -0.003132521 -0.002052841
v -0.006227086 -0.002887756 -0.002039656
v -0.006273896 -0.00291153 -0.002001964
v -0.00618935 -0.003061925 -0.00203976
v -0.006193374 -0.002935413 -0.002053939
v -0.00615572 -0.003021995 -0.002090187
v -0.006217322 -0.002994911 -0.00201378
v -0.007103089 -0.003682192 -0.001955157
v -0.007119345 -0.003616272 -0.001964572
v -0.007148067 -0.003516464 -0.001936466
v -0.007126515 -0.003440256 -0.001961248
v -0.007102913 -0.003369755 -0.001984361
v -0.00714479 -0.003682694 -0.001901002
v -0.007170526 -0.003574495 -0.001896777
v -0.007179108 -0.003501028 -0.001880719
v -0.007060183 -0.003735801 -0.001945742
v -0.007076349 -0.003298846 -0.001939917
v -0.007031209 -0.003254498 -0.002007966
v -0.007106697 -0.003778945 -0.001888387
v -0.006946152 -0.003780838 -0.001938678
v -0.00696042 -0.003161974 -0.001942707
v -0.006902984 -0.003101541 -0.001941132
v -0.007030246 -0.003814311 -0.001895124
v -0.006846947 -0.003773612 -0.00194789
v -0.006837658 -0.003060895 -0.001900354
v -0.006811802 -0.003024123 -0.001980514
v -0.00676353 -0.003772659 -0.001911199
v -0.006729559 -0.002986535 -0.001925502
v -0.006729379 -0.003735104 -0.001960256
v -0.006774777 -0.003020087 -0.001898331
v -0.006660391 -0.003699573 -0.001946139
v -0.006650176 -0.00294511 -0.001936512
v -0.006611037 -0.002905584 -0.001970649
v -0.006696641 -0.003743446 -0.001906882
v -0.006583266 -0.003640306 -0.001955651
v -0.006535627 -0.002885874 -0.001974614
v -0.006519557 -0.003585614 -0.001977054
v -0.006569901 -0.002922434 -0.001927093
v -0.006466447 -0.003538965 -0.001909132
v -0.006442821 -0.002898118 -0.001951426
v -0.006423477 -0.003481182 -0.00195219
v -0.006376546 -0.003416808 -0.001957547
v -0.00648732 -0.002930566 -0.001910125
v -0.006346126 -0.003357068 -0.001914331
v -0.006366828 -0.002893637 -0.001971775
v -0.006305879 -0.003299663 -0.001953675
v -0.006321269 -0.002930733 -0.001955002
v -0.006375523 -0.002952369 -0.001915651
v -0.006277114 -0.00323643 -0.001943292
v -0.006284861 -0.002977661 -0.001955154
v -0.006252289 -0.003207226 -0.001974493
v -0.006240983 -0.003149107 -0.001974123
v -0.006240583 -0.003063231 -0.001973623
v -0.006275956 -0.003178577 -0.001917068
v -0.006283369 -0.003103329 -0.001907597
v -0.006311194 -0.003026122 -0.001906015
v -0.007198886 -0.003683833 -0.001829111
v -0.007200067 -0.003603715 -0.001835722
v -0.007198792 -0.003521553 -0.00183785
v -0.007222878 -0.003738238 -0.001779412
v -0.007166968 -0.003757092 -0.00184908
v -0.007188721 -0.00346477 -0.001840429
v -0.007135889 -0.00380662 -0.001854336
v -0.007158699 -0.003433513 -0.001877261
v -0.007117676 -0.003359437 -0.001901022
v -0.007171643 -0.003823579 -0.001807117
v -0.007176095 -0.003418188 -0.001809402
v -0.00708875 -0.00384264 -0.001847896
v -0.007073106 -0.003283319 -0.001837662
v -0.007019461 -0.00322554 -0.001887407
v -0.007119186 -0.003882253 -0.00178756
v -0.007024196 -0.003856826 -0.001856737
v -0.006937593 -0.003160024 -0.001815178
v -0.006953258 -0.003854014 -0.001856607
v -0.006892883 -0.00310991 -0.001867422
v -0.007026656 -0.003890531 -0.001803663
v -0.006837863 -0.003822966 -0.001860149
v -0.006823829 -0.003080369 -0.001814225
v -0.006884605 -0.003873955 -0.001814854
v -0.006869082 -0.003113835 -0.001794205
v -0.00675672 -0.003799285 -0.001846079
v -0.006754728 -0.003040059 -0.001828672
v -0.00672343 -0.003005663 -0.00186573
v -0.006696709 -0.003767596 -0.001834241
v -0.006660455 -0.002985153 -0.00186665
v -0.006649524 -0.003723865 -0.00186445
v -0.006684679 -0.003014501 -0.001823153
v -0.006585453 -0.003667488 -0.001839659
v -0.006558752 -0.002968963 -0.00186651
v -0.006512335 -0.003590486 -0.001859705
v -0.006606139 -0.003014829 -0.00180427
v -0.006461492 -0.003532907 -0.001829962
v -0.006445848 -0.002983635 -0.001857878
v -0.006430098 -0.003482704 -0.001845844
v -0.006388423 -0.003405392 -0.001859363
v -0.00644323 -0.003495006 -0.001778964
v -0.006492688 -0.003033287 -0.001797062
v -0.006357593 -0.003332984 -0.001842314
v -0.006371915 -0.003008853 -0.001865814
v -0.006330437 -0.003299353 -0.001876575
v -0.006313303 -0.003231361 -0.001874881
v -0.0063245 -0.003143643 -0.001851637
v -0.006344161 -0.003066609 -0.001852639
v -0.006353152 -0.003270373 -0.001812987
v -0.00636447 -0.003190765 -0.001795203
v -0.006401725 -0.003100934 -0.001791919
v -0.006406646 -0.003034597 -0.001827097
v -0.007261318 -0.003767523 -0.001713586
v -0.007224102 -0.003806268 -0.001763479
v -0.007268971 -0.003683846 -0.001702667
v -0.007207663 -0.003840267 -0.001768644
v -0.007236538 -0.003624353 -0.001755281
v -0.007219041 -0.003530743 -0.001769844
v -0.00719953 -0.003461482 -0.001785725
v -0.007235972 -0.003839653 -0.001721801
v -0.007184344 -0.00386989 -0.001760095
v -0.007172041 -0.003396175 -0.00173918
v -0.007151006 -0.003905565 -0.001738663
v -0.007130532 -0.003351981 -0.001796721
v -0.007203482 -0.003892309 -0.001704999
v -0.007085754 -0.00392224 -0.001735372
v -0.007055018 -0.003270632 -0.001719141
v -0.007005045 -0.00321875 -0.001778041
v -0.006987122 -0.00393304 -0.001716002
v -0.006931572 -0.003179999 -0.00171572
v -0.00693481 -0.00389866 -0.001788415
v -0.006984287 -0.003217265 -0.001694094
v -0.006882016 -0.003894914 -0.001779447
v -0.006853617 -0.003134957 -0.001724234
v -0.006831134 -0.003874796 -0.001765148
v -0.006818852 -0.003099314 -0.001756249
v -0.006892024 -0.003913335 -0.001731085
v -0.006742293 -0.003818696 -0.001761568
v -0.006749932 -0.003076409 -0.001748431
v -0.006776065 -0.00386637 -0.001702073
v -0.006783722 -0.003106211 -0.001710727
v -0.006667031 -0.003766921 -0.001743435
v -0.006671208 -0.003045885 -0.00176796
v -0.006626914 -0.003723086 -0.00178158
v -0.006570828 -0.003667119 -0.001716103
v -0.006570941 -0.003066986 -0.001731847
v -0.006522284 -0.003602099 -0.00174554
v -0.006474981 -0.003540643 -0.001762701
v -0.00658574 -0.003103314 -0.001672046
v -0.006449786 -0.003479521 -0.001710838
v -0.006479823 -0.003094035 -0.001739263
v -0.006420848 -0.003425577 -0.001756173
v -0.0063928 -0.003327286 -0.001763865
v -0.0063918 -0.003241409 -0.001748916
v -0.006436429 -0.003167368 -0.001720391
v -0.006518636 -0.003122655 -0.001684491
v -0.007288222 -0.003804128 -0.001643519
v -0.007297385 -0.003718739 -0.001643067
v -0.007252665 -0.003866316 -0.001664087
v -0.007293602 -0.003651633 -0.001639246
v -0.007224024 -0.003910362 -0.001637049
v -0.007270184 -0.00360131 -0.00166191
v -0.007238929 -0.003528739 -0.001682084
v -0.00720638 -0.003454817 -0.001706293
v -0.007291973 -0.003602627 -0.001597341
v -0.007153509 -0.003929629 -0.001681178
v -0.00716554 -0.003384028 -0.001644204
v -0.007119904 -0.003330761 -0.001686948
v -0.00707656 -0.003954899 -0.001657815
v -0.007061032 -0.003284315 -0.001630122
v -0.006999479 -0.00396665 -0.001631086
v -0.006977641 -0.003238287 -0.001610732
v -0.006932157 -0.003198621 -0.001650055
v -0.006908633 -0.003946588 -0.00163575
v -0.006854964 -0.003172369 -0.001639069
v -0.006829198 -0.003904165 -0.001676976
v -0.006897736 -0.003204047 -0.001596957
v -0.006767174 -0.003877554 -0.001623837
v -0.006760036 -0.003136017 -0.001651787
v -0.00672991 -0.003838728 -0.001664838
v -0.00672761 -0.003100713 -0.001687479
v -0.006672782 -0.003783593 -0.001647345
v -0.006658558 -0.003085827 -0.001695539
v -0.006616176 -0.003723702 -0.001679454
v -0.006627249 -0.003118856 -0.001643906
v -0.006684002 -0.003117243 -0.001650239
v -0.0065704 -0.003663394 -0.001610421
v -0.00656805 -0.003144983 -0.001633062
v -0.006529891 -0.003601163 -0.001638666
v -0.006486759 -0.003525496 -0.001661276
v -0.0064607 -0.003455817 -0.001645742
v -0.006496143 -0.003185646 -0.001646492
v -0.00644042 -0.003422687 -0.001677658
v -0.006433082 -0.003355993 -0.001678439
v -0.006439712 -0.003259239 -0.001676666
v -0.006463057 -0.003393088 -0.001616607
v -0.006473471 -0.003311494 -0.001607102
v -0.006493038 -0.003242029 -0.001609651
v -0.007316979 -0.003811181 -0.001580355
v -0.007326439 -0.003746343 -0.001562087
v -0.007312452 -0.00365958 -0.001575903
v -0.00734078 -0.003824519 -0.001510446
v -0.007354 -0.00374567 -0.001482929
v -0.007288581 -0.003865516 -0.001592553
v -0.007298691 -0.003586355 -0.0015202
v -0.007253738 -0.003923127 -0.001568465
v -0.007259611 -0.003528382 -0.001578236
v -0.007210337 -0.003448886 -0.001608414
v -0.007305617 -0.00390049 -0.00152077
v -0.007169697 -0.003957985 -0.001589035
v -0.007150128 -0.003375624 -0.001531002
v -0.007105125 -0.003324443 -0.001590995
v -0.007064978 -0.003986514 -0.001572698
v -0.007027362 -0.003279761 -0.001544461
v -0.007082599 -0.003319665 -0.001510589
v -0.006969123 -0.003986996 -0.001556839
v -0.006961171 -0.003251511 -0.001535474
v -0.006882297 -0.003967915 -0.001532397
v -0.006879343 -0.003232899 -0.001522958
v -0.006822684 -0.003923024 -0.001582395
v -0.00683624 -0.003197022 -0.001570622
v -0.006757358 -0.003881915 -0.001524165
v -0.006762018 -0.003181299 -0.001579582
v -0.006710049 -0.00383021 -0.001574389
v -0.006785864 -0.003213625 -0.001527202
v -0.006656591 -0.003765898 -0.001522539
v -0.006652291 -0.003165102 -0.001595904
v -0.006613776 -0.003716001 -0.001571296
v -0.006688323 -0.003227351 -0.001514486
v -0.006575265 -0.003650945 -0.001516096
v -0.006551889 -0.003201641 -0.001591535
v -0.00654308 -0.00360011 -0.001546025
v -0.006514877 -0.003530419 -0.001563277
v -0.00648956 -0.00345352 -0.001581473
v -0.006514451 -0.003362468 -0.00153791
v -0.006531933 -0.003270076 -0.001557014
v -0.0065933 -0.00329667 -0.001488261
v -0.006598922 -0.003227909 -0.001543736
v -0.007372851 -0.00385137 -0.001413579
v -0.00737126 -0.003782303 -0.001438974
v -0.007341082 -0.00388831 -0.001471322
v -0.007368085 -0.003717354 -0.001413674
v -0.007316608 -0.003923655 -0.001477891
v -0.007334999 -0.003664498 -0.0014783
v -0.00733764 -0.00393238 -0.001421872
v -0.00725822 -0.003962418 -0.001487842
v -0.007304631 -0.003573831 -0.001418475
v -0.007261526 -0.003509762 -0.001464228
v -0.007213217 -0.003446216 -0.001504064
v -0.00729689 -0.003997033 -0.001396346
v -0.007141589 -0.004004903 -0.001496383
v -0.007163823 -0.003395828 -0.001440848
v -0.007209058 -0.00402886 -0.001411305
v -0.007035966 -0.004018008 -0.001487662
v -0.007083583 -0.003342035 -0.001419342
v -0.007031217 -0.003298867 -0.001469944
v -0.007103822 -0.004047508 -0.001413955
v -0.006936611 -0.004009326 -0.001464416
v -0.006953418 -0.003271607 -0.001468281
v -0.007005987 -0.0040454 -0.00140604
v -0.006998391 -0.003302868 -0.00141122
v -0.006863055 -0.003980051 -0.00145479
v -0.00685056 -0.003269555 -0.001425798
v -0.006812635 -0.003937592 -0.001483299
v -0.006919656 -0.003295258 -0.001377
v -0.006754796 -0.003889194 -0.001415865
v -0.006770305 -0.003249843 -0.00146447
v -0.006697472 -0.003812783 -0.001450793
v -0.006651066 -0.003744915 -0.00143526
v -0.006679257 -0.003286575 -0.001434184
v -0.006614802 -0.003686761 -0.001452175
v -0.006618026 -0.003353684 -0.001406088
v -0.006637455 -0.00370968 -0.001398616
v -0.006578961 -0.003621875 -0.00144784
v -0.006559933 -0.003374373 -0.001463022
v -0.006556421 -0.003597741 -0.001480576
v -0.006541058 -0.003540082 -0.001483402
v -0.006531022 -0.003452169 -0.001490427
v -0.006567711 -0.003562848 -0.001426197
v -0.006565263 -0.003488617 -0.001418762
v -0.006572971 -0.00341927 -0.001420242
v -0.007387182 -0.003912239 -0.001327389
v -0.007397038 -0.003838077 -0.001346118
v -0.007391059 -0.003776795 -0.001363659
v -0.00734859 -0.003972308 -0.001362504
v -0.00738005 -0.00370701 -0.00134545
v -0.007327945 -0.00401323 -0.001341588
v -0.007347086 -0.003640385 -0.001362416
v -0.00736384 -0.0039884 -0.001313747
v -0.007396993 -0.003738103 -0.001303183
v -0.007270768 -0.004047584 -0.001338314
v -0.007303843 -0.003560431 -0.001320678
v -0.007260093 -0.003503282 -0.001361152
v -0.007210718 -0.00344494 -0.001401121
v -0.007167443 -0.004085187 -0.001319626
v -0.007145315 -0.003392479 -0.001351756
v -0.007204273 -0.004120328 -0.001251676
v -0.007062301 -0.004074071 -0.00134717
v -0.007079398 -0.003357849 -0.001319425
v -0.006973504 -0.004063907 -0.001318767
v -0.006997832 -0.00332801 -0.001327132
v -0.006934297 -0.004033044 -0.001388676
v -0.006883917 -0.004004882 -0.001406088
v -0.006884613 -0.003326767 -0.001286081
v -0.006816205 -0.003961121 -0.001374553
v -0.006835311 -0.003298903 -0.001353382
v -0.006885414 -0.00402089 -0.001334927
v -0.006755151 -0.003899418 -0.00132815
v -0.006754023 -0.003294617 -0.001382137
v -0.006710487 -0.003820597 -0.001322075
v -0.006664715 -0.00373296 -0.001353197
v -0.006777405 -0.003936372 -0.001283979
v -0.006778915 -0.003330787 -0.001307874
v -0.006631915 -0.003662174 -0.001357988
v -0.006679415 -0.003322468 -0.001376684
v -0.006602256 -0.003597978 -0.001378973
v -0.006591821 -0.003521978 -0.001371994
v -0.006620412 -0.003436943 -0.001349562
v -0.006661147 -0.003363253 -0.001346688
v -0.006631553 -0.003596495 -0.001311039
v -0.006704551 -0.003386813 -0.001287518
v -0.006710773 -0.003335256 -0.001336288
v -0.007392939 -0.00398627 -0.001240859
v -0.007422394 -0.003901363 -0.001231562
v -0.0074131 -0.003810837 -0.001271986
v -0.007333586 -0.004037884 -0.001284875
v -0.007403051 -0.003730774 -0.001250116
v -0.007375385 -0.003673783 -0.001277318
v -0.007337072 -0.003606698 -0.00127624
v -0.007390987 -0.003689528 -0.001207121
v -0.00726807 -0.004092458 -0.001260684
v -0.007297022 -0.003552472 -0.001229285
v -0.007242457 -0.004129038 -0.001215996
v -0.007260938 -0.003506624 -0.001276387
v -0.00720147 -0.003447416 -0.001288077
v -0.007289947 -0.004116701 -0.001196036
v -0.007190486 -0.004141219 -0.001199687
v -0.007116391 -0.003391792 -0.001248437
v -0.007148515 -0.00412356 -0.001247886
v -0.007168108 -0.003432137 -0.001199558
v -0.007065939 -0.004104482 -0.001264009
v -0.007042845 -0.003355836 -0.001257403
v -0.006979038 -0.004089924 -0.001235474
v -0.006969332 -0.003345981 -0.001229885
v -0.006898832 -0.004048309 -0.001236141
v -0.006894864 -0.003351264 -0.00120234
v -0.006825544 -0.003988972 -0.001269509
v -0.006774473 -0.003941069 -0.001202164
v -0.006805142 -0.003369613 -0.001220241
v -0.006735261 -0.003870923 -0.001234509
v -0.006705194 -0.0037913 -0.00121978
v -0.006685864 -0.003725495 -0.001245438
v -0.006661764 -0.003636766 -0.001265662
v -0.006723642 -0.003443131 -0.001204615
v -0.006653141 -0.003558974 -0.001259128
v -0.006664387 -0.003455854 -0.001274497
v -0.006628569 -0.003523536 -0.001308576
v -0.006668712 -0.003502144 -0.001242525
v -0.007410774 -0.004020628 -0.001161884
v -0.007442812 -0.003947437 -0.001152251
v -0.007445832 -0.003841467 -0.001155816
v -0.007418516 -0.003750426 -0.001184193
v -0.007474113 -0.003894494 -0.001082681
v -0.007470483 -0.00382866 -0.0010738
v -0.007349731 -0.004068858 -0.001199399
v -0.007392785 -0.003682174 -0.001129133
v -0.007324539 -0.004118374 -0.001133396
v -0.00734878 -0.003621491 -0.001189695
v -0.00725243 -0.00414232 -0.001157793
v -0.007288012 -0.003551036 -0.001128583
v -0.007230238 -0.003486872 -0.001186401
v -0.007178342 -0.004156902 -0.001117714
v -0.007161728 -0.003444323 -0.001119865
v -0.007115619 -0.00413828 -0.001189863
v -0.007117813 -0.003407489 -0.001163994
v -0.007025039 -0.004121367 -0.001169462
v -0.007042491 -0.003376704 -0.001170944
v -0.007091896 -0.004149111 -0.001123237
v -0.006945372 -0.00408845 -0.001175018
v -0.006950073 -0.003364886 -0.001147724
v -0.006883107 -0.004054596 -0.001130283
v -0.006869765 -0.00337396 -0.001139975
v -0.006824007 -0.004000371 -0.001170442
v -0.006772024 -0.003944898 -0.001109951
v -0.00679932 -0.003408028 -0.00113392
v -0.006738637 -0.003879845 -0.001132693
v -0.00671467 -0.003803093 -0.001142657
v -0.006700378 -0.003723857 -0.001151888
v -0.006695756 -0.003637388 -0.001162961
v -0.006696029 -0.003539751 -0.001183946
v -0.006756002 -0.00346611 -0.001113535
v -0.006802987 -0.003425641 -0.001076564
v -0.007490302 -0.003925547 -0.001002748
v -0.007487912 -0.003857299 -0.001026755
v -0.007467992 -0.003961495 -0.001075352
v -0.007475229 -0.003797276 -0.001013334
v -0.007441695 -0.004007759 -0.001105222
v -0.007439625 -0.003756539 -0.001082691
v -0.00745753 -0.004018998 -0.00102641
v -0.0073984 -0.004069697 -0.001102129
v -0.007397023 -0.003675315 -0.001028029
v -0.007357571 -0.004121223 -0.001063558
v -0.007343003 -0.003613013 -0.001077757
v -0.007411879 -0.004092797 -0.001013028
v -0.007280633 -0.004152313 -0.001068465
v -0.007278767 -0.003552318 -0.001020036
v -0.007218472 -0.003495804 -0.001072061
v -0.00720716 -0.004170587 -0.001030257
v -0.007133581 -0.003452136 -0.001017541
v -0.007087802 -0.003410713 -0.001092067
v -0.007111441 -0.004162615 -0.001036359
v -0.007000721 -0.003390067 -0.001073027
v -0.007036967 -0.004140014 -0.001088807
v -0.00705743 -0.003416397 -0.00102234
v -0.006956795 -0.004105249 -0.001089952
v -0.006921621 -0.00338131 -0.001085492
v -0.006881167 -0.00406054 -0.001034143
v -0.006856197 -0.003400988 -0.001067055
v -0.006815205 -0.003997869 -0.001060974
v -0.006824514 -0.003423154 -0.001042608
v -0.006855613 -0.003431719 -0.0009981855
v -0.006766772 -0.003938887 -0.001036379
v -0.006794482 -0.003458213 -0.001041268
v -0.006741808 -0.003886622 -0.001047467
v -0.006722767 -0.00381174 -0.001052686
v -0.006714371 -0.003726995 -0.001062079
v -0.006713645 -0.003652866 -0.001081581
v -0.006742607 -0.00354871 -0.001059131
v -0.006749813 -0.003898769 -0.0009868701
v -0.006806195 -0.00348621 -0.0009759092
v -0.007492026 -0.003987928 -0.0009225446
v -0.007507128 -0.003907275 -0.0009226811
v -0.007496777 -0.003842922 -0.0009539752
v -0.00745577 -0.004059857 -0.0009550454
v -0.007477101 -0.003776099 -0.0009492017
v -0.00741752 -0.004111809 -0.0009311628
v -0.007445537 -0.003732497 -0.0009852246
v -0.007455079 -0.003732856 -0.0009128
v -0.007353804 -0.004140562 -0.000992406
v -0.007403355 -0.003671929 -0.0009186211
v -0.007339712 -0.003610221 -0.0009703219
v -0.00727761 -0.004170595 -0.0009697195
v -0.007266762 -0.003553616 -0.0009070053
v -0.007206778 -0.003504227 -0.0009692195
v -0.007186145 -0.004180661 -0.0009475672
v -0.007137899 -0.00347615 -0.000918731
v -0.007196393 -0.003509962 -0.000889926
v -0.007077097 -0.004166787 -0.0009171647
v -0.007051935 -0.003439794 -0.0009451717
v -0.007011055 -0.004137418 -0.001010934
v -0.007004656 -0.003409848 -0.0009983472
v -0.006936587 -0.004102512 -0.001001785
v -0.00693303 -0.003403981 -0.001014365
v -0.006919612 -0.003429726 -0.0009482907
v -0.006962065 -0.004119521 -0.0009143266
v -0.00697551 -0.003422979 -0.0009525076
v -0.006887802 -0.00406794 -0.0009458823
v -0.00687177 -0.003461014 -0.0009202558
v -0.006830284 -0.004009197 -0.0009617356
v -0.006780493 -0.003947035 -0.0009710495
v -0.006820496 -0.003505684 -0.0009000176
v -0.006846291 -0.004021823 -0.0008886874
v -0.006754402 -0.003879879 -0.000915369
v -0.006774842 -0.003543635 -0.000954701
v -0.006732841 -0.003826222 -0.0009622545
v -0.006726719 -0.003735983 -0.0009690977
v -0.006739397 -0.003632292 -0.0009792765
v -0.007503036 -0.004001247 -0.0008181276
v -0.007512524 -0.003920408 -0.0008492875
v -0.007508319 -0.003858159 -0.0008800108
v -0.007486017 -0.003786836 -0.0008748045
v -0.007468759 -0.004064221 -0.0008774867
v -0.007441547 -0.003710965 -0.0008318037
v -0.007427486 -0.004122887 -0.0008432304
v -0.007479185 -0.003764481 -0.0007952652
v -0.007356279 -0.004156387 -0.0008999633
v -0.007386354 -0.003651172 -0.0008281295
v -0.007338045 -0.003609408 -0.0008707949
v -0.007270842 -0.004186227 -0.0008686506
v -0.007286001 -0.003572862 -0.0008219237
v -0.007172232 -0.00419442 -0.0008489194
v -0.007213695 -0.003531656 -0.0008136325
v -0.007152125 -0.003495751 -0.0008496883
v -0.007096011 -0.004186451 -0.0008238466
v -0.007080073 -0.003472499 -0.0008545425
v -0.007011138 -0.004153151 -0.000817447
v -0.0069684 -0.003457228 -0.0008724224
v -0.006938162 -0.00410903 -0.0008261718
v -0.006891792 -0.004069137 -0.0008602234
v -0.00684473 -0.004007312 -0.0008070993
v -0.006876712 -0.003489867 -0.0008457398
v -0.006796481 -0.003936925 -0.0008598494
v -0.006829358 -0.003518695 -0.0008488342
v -0.00684893 -0.003533986 -0.0007886906
v -0.006759072 -0.003851032 -0.0008419701
v -0.006789237 -0.003567334 -0.0008727931
v -0.006740921 -0.00380669 -0.0008719275
v -0.006734059 -0.003753171 -0.000896191
v -0.006751711 -0.003667026 -0.000869634
v -0.006752491 -0.003795143 -0.000807791
v -0.006796148 -0.003601936 -0.0007875579
v -0.007508215 -0.004017967 -0.000712219
v -0.007516696 -0.003926473 -0.0007533383
v -0.00750558 -0.0038386 -0.0007952229
v -0.007478002 -0.004075462 -0.000790505
v -0.00748433 -0.003775495 -0.00072175
v -0.007443451 -0.004127032 -0.0007681838
v -0.007454162 -0.003723622 -0.0007518892
v -0.007478168 -0.004094358 -0.0007198636
v -0.007368502 -0.00417046 -0.0007867469
v -0.00740081 -0.003666032 -0.0007394461
v -0.007336958 -0.003611008 -0.0007806561
v -0.007253676 -0.004211497 -0.0007472005
v -0.007270426 -0.003569577 -0.000742227
v -0.00729791 -0.004232868 -0.0006643788
v -0.007150067 -0.004205268 -0.0007727047
v -0.007190975 -0.003534152 -0.0007135697
v -0.007129908 -0.003501856 -0.0007819397
v -0.007075743 -0.004189732 -0.0007465071
v -0.007039601 -0.003485755 -0.0007744231
v -0.006995854 -0.004151987 -0.0007109967
v -0.00694183 -0.003496371 -0.0007622669
v -0.006948247 -0.004116933 -0.0007590831
v -0.006891429 -0.004064445 -0.0007643683
v -0.006898951 -0.003531273 -0.0007016287
v -0.006849491 -0.004003519 -0.0007306376
v -0.006842146 -0.003570532 -0.0007217147
v -0.006815346 -0.003926687 -0.0007300385
v -0.006779173 -0.003831744 -0.0007599834
v -0.006809258 -0.003635829 -0.0007066949
v -0.006871119 -0.004031843 -0.000690036
v -0.006764383 -0.003755754 -0.0007578374
v -0.006769471 -0.003664104 -0.0007822688
v -0.006748794 -0.003732825 -0.0008163226
v -0.006772134 -0.003700182 -0.000744411
v -0.007493191 -0.004083144 -0.0006284477
v -0.007520584 -0.003997725 -0.0006182124
v -0.007521417 -0.003929198 -0.000653569
v -0.007509374 -0.003848351 -0.0006899408
v -0.007436718 -0.004146952 -0.0006960781
v -0.0074832 -0.003776596 -0.0006277321
v -0.007445804 -0.003715417 -0.0006728666
v -0.007363582 -0.004204315 -0.0006740446
v -0.007391309 -0.003657701 -0.0006299507
v -0.007337717 -0.004236589 -0.0006221124
v -0.00733241 -0.00361148 -0.0006860456
v -0.007383696 -0.00422255 -0.000597437
v -0.007284275 -0.004249405 -0.0006057162
v -0.007259102 -0.003570056 -0.0006457945
v -0.007240224 -0.004237379 -0.0006615524
v -0.007155383 -0.004220947 -0.0006810578
v -0.007169001 -0.003538245 -0.0006103995
v -0.007103895 -0.003509614 -0.0006982585
v -0.00705592 -0.004193048 -0.0006509541
v -0.00702036 -0.003502094 -0.0006916826
v -0.007078642 -0.003517003 -0.0006298402
v -0.006981006 -0.004147495 -0.0006097505
v -0.006959762 -0.00351124 -0.0006796267
v -0.006917879 -0.004083132 -0.0006600274
v -0.006942648 -0.003532776 -0.0006350306
v -0.00701038 -0.003520205 -0.0006187771
v -0.006870122 -0.004017884 -0.0006310329
v -0.006882975 -0.003576129 -0.0006373622
v -0.006841895 -0.003968631 -0.0006549025
v -0.006820349 -0.003894222 -0.0006379063
v -0.006804587 -0.003828635 -0.0006599296
v -0.006799298 -0.003727135 -0.0006718933
v -0.006842403 -0.003641035 -0.0006202004
v -0.006853679 -0.003973885 -0.0005895888
v -0.00750142 -0.004108575 -0.0005172486
v -0.007523424 -0.00401742 -0.0005368784
v -0.00752583 -0.003930947 -0.0005578618
v -0.007511032 -0.003850513 -0.0005898779
v -0.007441826 -0.004172836 -0.0005923396
v -0.007481943 -0.003773288 -0.0005257366
v -0.007411329 -0.004224359 -0.0005312153
v -0.007440373 -0.003709044 -0.0005731716
v -0.007345262 -0.00424762 -0.0005592324
v -0.007386676 -0.003650578 -0.0005319515
v -0.00732826 -0.003609195 -0.0005871322
v -0.007269999 -0.004263508 -0.0005170945
v -0.007260331 -0.003572819 -0.0005468047
v -0.007206538 -0.00424783 -0.0005955602
v -0.00711144 -0.004228598 -0.0005689706
v -0.007195544 -0.003551302 -0.0005126332
v -0.007181149 -0.004257291 -0.0005203318
v -0.007030272 -0.004190352 -0.0005644358
v -0.007096378 -0.003535304 -0.0005398311
v -0.006976919 -0.004149693 -0.0005097174
v -0.00697898 -0.003552192 -0.0005484609
v -0.006927447 -0.004086486 -0.0005397203
v -0.006880859 -0.00401018 -0.0005533263
v -0.006854177 -0.00394549 -0.0005350914
v -0.006898685 -0.003606231 -0.0005442546
v -0.006836712 -0.003908383 -0.0005712054
v -0.00682316 -0.003830096 -0.0005771341
v -0.006818776 -0.003762027 -0.0005915673
v -0.006847885 -0.003681943 -0.0005529271
v -0.006847552 -0.003894823 -0.000503344
v -0.006896275 -0.003633292 -0.0004799796
v -0.007514842 -0.004135621 -0.0004104093
v -0.007533741 -0.004033 -0.0004352584
v -0.007531635 -0.003936954 -0.0004600588
v -0.007513797 -0.003850431 -0.0004892334
v -0.007468182 -0.004184428 -0.0004922564
v -0.007485229 -0.003769274 -0.0004223778
v -0.007435585 -0.004228173 -0.000466319
v -0.007434027 -0.003695614 -0.0004632574
v -0.007473779 -0.004204101 -0.0004269798
v -0.007369167 -0.004256287 -0.0004706271
v -0.007380847 -0.00363965 -0.0004586322
v -0.007331113 -0.003607566 -0.0004960787
v -0.007345743 -0.003611833 -0.0004266275
v -0.007300491 -0.004275809 -0.0004292189
v -0.007273631 -0.003577216 -0.0004431701
v -0.007201225 -0.004272082 -0.0004222804
v -0.007176689 -0.003549855 -0.0004337597
v -0.007125608 -0.004248284 -0.0004813611
v -0.007042575 -0.004207091 -0.0004618551
v -0.007073013 -0.003548029 -0.0004376736
v -0.007107866 -0.004249609 -0.000414673
v -0.006971426 -0.004147136 -0.0004213541
v -0.006969841 -0.003582899 -0.0004391337
v -0.006931693 -0.004088143 -0.0004384626
v -0.006896263 -0.00401109 -0.000450691
v -0.00686775 -0.003924226 -0.0004588977
v -0.006915885 -0.00364052 -0.0004016183
v -0.006855359 -0.003850589 -0.000451544
v -0.006870891 -0.00367876 -0.0004720995
v -0.006840692 -0.003835529 -0.0005053871
v -0.006843518 -0.00375099 -0.0005066853
v -0.006861044 -0.003776195 -0.0004327863
v -0.0068738 -0.003706631 -0.0004304116
v -0.007491672 -0.004201122 -0.0003547817
v -0.00754162 -0.004139882 -0.0003086542
v -0.007556101 -0.004044484 -0.0003248204
v -0.007543624 -0.003938747 -0.0003546444
v -0.007519844 -0.003846938 -0.0003860692
v -0.007576426 -0.004085198 -0.0002558389
v -0.007581705 -0.004021107 -0.0002474368
v -0.007434058 -0.004241257 -0.0004033692
v -0.007492267 -0.003762285 -0.0003242994
v -0.007447236 -0.003699268 -0.0003597449
v -0.007393943 -0.003645892 -0.0003920575
v -0.007369454 -0.004271109 -0.0003770433
v -0.007337265 -0.00360303 -0.0003601034
v -0.007290873 -0.004286064 -0.0003501078
v -0.007257698 -0.003566258 -0.0003451118
v -0.007220076 -0.004286485 -0.0003200605
v -0.007161306 -0.003545274 -0.0003353752
v -0.007131709 -0.004264084 -0.0003233397
v -0.007062306 -0.003552345 -0.0003377487
v -0.007059175 -0.004228717 -0.0003656724
v -0.006991906 -0.004171403 -0.0003356116
v -0.006985461 -0.003585055 -0.0003346356
v -0.006936966 -0.004093219 -0.0003427582
v -0.006905161 -0.004012611 -0.000350551
v -0.006885465 -0.003921991 -0.0003565335
v -0.006877781 -0.003818885 -0.000365414
v -0.006899299 -0.003703127 -0.0003499774
v -0.006943293 -0.003627203 -0.0003178249
v -0.007589152 -0.004096187 -0.0001887448
v -0.007594013 -0.004044589 -0.0002067371
v -0.007563107 -0.004141413 -0.0002382901
v -0.00759229 -0.003982332 -0.000188422
v -0.007514562 -0.004201022 -0.0002524706
v -0.007565625 -0.003936949 -0.0002455228
v -0.007528242 -0.003829866 -0.0002726202
v -0.007441303 -0.004248425 -0.0003163652
v -0.007495006 -0.003746303 -0.0002491849
v -0.00745718 -0.003695972 -0.0002711172
v -0.007400974 -0.003643233 -0.0003053951
v -0.00747243 -0.003701896 -0.0002055434
v -0.007368984 -0.004280156 -0.0002852975
v -0.007335884 -0.003593399 -0.0002675722
v -0.007287678 -0.004293138 -0.0002577905
v -0.007250151 -0.003552453 -0.0002439298
v -0.007201566 -0.004286696 -0.000236424
v -0.007144791 -0.00353201 -0.0002207495
v -0.007135235 -0.003513446 -0.0001421334
v -0.007115182 -0.004261005 -0.000208907
v -0.007047045 -0.003554517 -0.0002631072
v -0.007047642 -0.004223644 -0.0002726716
v -0.006983377 -0.004166082 -0.0002152696
v -0.006991144 -0.003587249 -0.0002543046
v -0.006940207 -0.004097432 -0.0002427209
v -0.006910196 -0.00401519 -0.0002519257
v -0.006894755 -0.003925285 -0.0002568478
v -0.006892961 -0.003829187 -0.0002604476
v -0.006908525 -0.003730694 -0.0002600843
v -0.006942297 -0.003646256 -0.0002558588
v -0.007597181 -0.004098874 -0.0001053462
v -0.00760451 -0.004023878 -0.0001346587
v -0.007564357 -0.004159064 -0.0001705573
v -0.007600137 -0.003953958 -0.0001277849
v -0.007515836 -0.004217976 -0.0001471307
v -0.007581148 -0.003905799 -0.0001499203
v -0.007547894 -0.003832769 -0.0001699395
v -0.007508533 -0.003755207 -0.0001860012
v -0.00759372 -0.00390312 -0.00008774919
v -0.007446675 -0.004256157 -0.0002181083
v -0.007470018 -0.003686911 -0.0001343956
v -0.007415351 -0.003641668 -0.0002028483
v -0.007368222 -0.004285894 -0.000187413
v -0.007336585 -0.003577173 -0.0001642597
v -0.00728144 -0.00429474 -0.0001608994
v -0.007252116 -0.003529217 -0.0001380619
v -0.007187168 -0.003509217 -0.0001351709
v -0.007224324 -0.003503717 -0.00009025395
v -0.00719225 -0.004284093 -0.0001355222
v -0.007172074 -0.003498737 -0.00007836072
v -0.007111077 -0.003513292 -0.0001004445
v -0.007108653 -0.004255709 -0.0001029687
v -0.007059356 -0.003546569 -0.0001691665
v -0.007038947 -0.004217696 -0.0001634739
v -0.007067438 -0.003534323 -0.00007992602
v -0.006979035 -0.00416034 -0.0001126625
v -0.006985744 -0.003599851 -0.000189602
v -0.006939359 -0.004096449 -0.0001411433
v -0.006912768 -0.00401643 -0.0001530682
v -0.006899643 -0.003927272 -0.0001596505
v -0.006899515 -0.003836764 -0.0001664798
v -0.006914546 -0.003745671 -0.0001687761
v -0.006946854 -0.003659355 -0.0001729749
v -0.00760392 -0.004100838 -0.000007043115
v -0.007613979 -0.004024031 -0.00003789466
v -0.007608117 -0.003953038 -0.00006421631
v -0.007568796 -0.004166902 -0.00007598211
v -0.007595337 -0.003878674 -0.0000179673
v -0.007518297 -0.004223927 -0.00004307901
v -0.007565523 -0.003828841 -0.00006988654
v -0.007518803 -0.003750145 -0.00009745806
v -0.007448204 -0.004262783 -0.0001152039
v -0.00747466 -0.003674639 -0.00003785606
v -0.007411699 -0.003619383 -0.00009349621
v -0.007366776 -0.00428757 -0.00008504871
v -0.007336313 -0.003553967 -0.00005064647
v -0.007269061 -0.003514302 -0.00006096967
v -0.007277546 -0.004292201 -0.00005868781
v -0.007230675 -0.00349743 -0.00003176358
v -0.007187969 -0.004278484 -0.00003433724
v -0.007186078 -0.003492532 -0.00001050253
v -0.007110544 -0.004252613 -0.00001263857
v -0.007123065 -0.003506874 -0.00002487516
v -0.00703548 -0.004208475 -0.00004447066
v -0.00704745 -0.003548182 -7.17502e-7
v -0.007071604 -0.004232597 0.000009461103
v -0.006973515 -0.004149697 -0.0000366475
v -0.007003455 -0.003589238 -0.000100166
v -0.006941196 -0.004096713 -0.00005058338
v -0.006915778 -0.004017787 -0.00005456798
v -0.00690318 -0.003927007 -0.00006150895
v -0.006904622 -0.003835294 -0.00007276369
v -0.006914816 -0.00376209 -0.00009306757
v -0.006947412 -0.003672803 -0.00007438156
v -0.006951518 -0.004107278 0.00001355084
v -0.006988631 -0.003604397 -0.000019203
v -0.007607984 -0.004102007 0.00009701605
v -0.007621007 -0.0040236 0.00006373251
v -0.007613824 -0.003934717 0.00003514556
v -0.007572399 -0.004169564 0.00002760244
v -0.007597207 -0.003856854 0.00005357631
v -0.007518917 -0.004224622 0.00006411254
v -0.007571353 -0.00380599 0.00003129483
v -0.007528508 -0.003740729 0.000002905662
v -0.00758199 -0.003810075 0.0001007224
v -0.007448622 -0.004264314 -0.000009519505
v -0.007482971 -0.003666506 0.00006633744
v -0.007418517 -0.003606996 0.00001457337
v -0.00736524 -0.00428498 0.00002032597
v -0.007357105 -0.003549551 0.00007224714
v -0.007289007 -0.003515276 0.000009532185
v -0.007274682 -0.004285639 0.00004539592
v -0.007232199 -0.003496025 0.00004989733
v -0.007294749 -0.003512344 0.00008209239
v -0.007179878 -0.004267313 0.00006750749
v -0.007168064 -0.00349482 0.00004305825
v -0.007104433 -0.004244298 0.00004612382
v -0.007054692 -0.004207794 0.00006299994
v -0.007112248 -0.003511152 0.00006485191
v -0.006991045 -0.004155613 0.00003202527
v -0.006999352 -0.003591256 0.00005840999
v -0.007052514 -0.003541128 0.00009766001
v -0.007102747 -0.003512912 0.0001364903
v -0.006956936 -0.004090451 0.00009362448
v -0.006960893 -0.003646609 0.0000142783
v -0.006924918 -0.004026777 0.00004832321
v -0.006907133 -0.003926923 0.00003983636
v -0.006908699 -0.003830778 0.00002767024
v -0.006927748 -0.003731607 0.000003626483
v -0.007607774 -0.004102712 0.0002021218
v -0.007625115 -0.004027675 0.0001660363
v -0.007622093 -0.00394582 0.0001381926
v -0.007604715 -0.003867233 0.0001199908
v -0.007572555 -0.004169464 0.0001351391
v -0.007578932 -0.003797671 0.0001800491
v -0.007515354 -0.004222281 0.0001732979
v -0.007540827 -0.003738541 0.0001154202
v -0.007446858 -0.004261839 0.00009828531
v -0.007487836 -0.003657882 0.0001707478
v -0.007431472 -0.003603433 0.0001190259
v -0.007362589 -0.004279004 0.0001265914
v -0.007388724 -0.003562518 0.0001664825
v -0.007274163 -0.004276461 0.0001495861
v -0.007324325 -0.003524088 0.0001595545
v -0.007261964 -0.003501639 0.0001223235
v -0.0072669 -0.003503035 0.0001799006
v -0.007196991 -0.004259801 0.0001690283
v -0.00718618 -0.003497186 0.0001457355
v -0.007124177 -0.004239808 0.0001170536
v -0.007109392 -0.0035082 0.0002108933
v -0.007145683 -0.004237121 0.0001904013
v -0.007079721 -0.004199185 0.0001771339
v -0.007060889 -0.003531851 0.0001689193
v -0.007007667 -0.004148354 0.0001277435
v -0.007005673 -0.003581741 0.0001594903
v -0.006969214 -0.004079587 0.0001952181
v -0.006958965 -0.003653929 0.00009206987
v -0.006930794 -0.00400765 0.0001658852
v -0.006911301 -0.003922342 0.0001460906
v -0.006910195 -0.00382864 0.0001321493
v -0.006926732 -0.003737197 0.000113074
v -0.00760296 -0.00410056 0.0003057561
v -0.007624576 -0.004031698 0.0002635871
v -0.007625359 -0.003954545 0.0002356657
v -0.007608643 -0.00387291 0.0002125109
v -0.007567309 -0.004167081 0.0002456468
v -0.007581989 -0.003800641 0.0002808203
v -0.007505525 -0.00421829 0.0002817819
v -0.007534264 -0.003715713 0.0002445593
v -0.007440739 -0.004256736 0.000206529
v -0.007483671 -0.003643946 0.0002538216
v -0.007439196 -0.003601091 0.0002123881
v -0.007449654 -0.003605901 0.0002898331
v -0.007356644 -0.004270754 0.0002296648
v -0.007381433 -0.003554048 0.0002633612
v -0.007308515 -0.003515445 0.0002310273
v -0.007269517 -0.00426363 0.0002527439
v -0.007249795 -0.003498933 0.0002458227
v -0.007193538 -0.004248212 0.0002361719
v -0.007142911 -0.004220698 0.0002562747
v -0.007173944 -0.003492561 0.0002722613
v -0.007097003 -0.003503343 0.0003065252
v -0.007082551 -0.004179204 0.0002743716
v -0.007045202 -0.003537437 0.0002420039
v -0.007023213 -0.004139474 0.0002269949
v -0.006988765 -0.003588356 0.0002601935
v -0.007037926 -0.004137564 0.0003012828
v -0.006987662 -0.004077299 0.0003043294
v -0.006955116 -0.003654809 0.0001900513
v -0.00694015 -0.003999183 0.0002723115
v -0.006915704 -0.003914248 0.0002532491
v -0.006911412 -0.003821169 0.0002391394
v -0.006924949 -0.003732656 0.0002177186
v -0.007599593 -0.004092996 0.0003938439
v -0.007618845 -0.004029303 0.0003562082
v -0.007624834 -0.003968532 0.0003161013
v -0.007610638 -0.003885121 0.0003182525
v -0.007554643 -0.004160572 0.0003696909
v -0.007586128 -0.003810446 0.0003651797
v -0.007489099 -0.004217199 0.0003662179
v -0.007550843 -0.003738499 0.000357056
v -0.007496273 -0.003655398 0.0003410047
v -0.007581008 -0.004123861 0.0004242267
v -0.00759916 -0.003857274 0.0004073275
v -0.00742709 -0.004250031 0.0003157014
v -0.007438013 -0.003589974 0.0003696576
v -0.007443252 -0.004232901 0.0003989992
v -0.0074819 -0.00362962 0.0004141197
v -0.007347271 -0.004262711 0.0003113953
v -0.00737537 -0.003543516 0.0003628927
v -0.007315269 -0.00351635 0.000308587
v -0.007294802 -0.004252566 0.0003498131
v -0.007246692 -0.003493047 0.0003443046
v -0.007215546 -0.004239981 0.0003089305
v -0.007150609 -0.004200401 0.0003524757
v -0.007159997 -0.003478954 0.0003889928
v -0.007079092 -0.004161061 0.0003422063
v -0.007081028 -0.003492136 0.000384788
v -0.00703706 -0.004117913 0.0003712285
v -0.007025236 -0.003533346 0.0003460312
v -0.00697364 -0.003590624 0.0003309396
v -0.007049301 -0.003497692 0.0004101332
v -0.006991409 -0.004056574 0.0004102102
v -0.006948513 -0.003648754 0.000284231
v -0.006949204 -0.003993105 0.0003740187
v -0.00692138 -0.003910389 0.000355699
v -0.006912406 -0.003816039 0.0003452481
v -0.006924822 -0.003710702 0.0003340887
v -0.006948876 -0.00362557 0.0003590606
v -0.007606307 -0.004029828 0.0004499247
v -0.007613645 -0.00394264 0.0004057909
v -0.007590459 -0.004093014 0.0004519763
v -0.007594347 -0.003872973 0.0004863507
v -0.007550587 -0.004131018 0.0004761034
v -0.007568454 -0.003781264 0.0004562018
v -0.007519447 -0.003682137 0.0004442888
v -0.0074847 -0.004193422 0.0004498097
v -0.00748663 -0.00362973 0.0004640573
v -0.007416607 -0.004224563 0.0004523401
v -0.007458319 -0.003600184 0.0004421387
v -0.007464573 -0.003602294 0.0004904338
v -0.007373492 -0.004247485 0.000392063
v -0.007410303 -0.003557488 0.0004638835
v -0.007325068 -0.003512745 0.0004061457
v -0.007350719 -0.004226377 0.0004699491
v -0.007310417 -0.004241026 0.0004178732
v -0.007256774 -0.003479418 0.0004508577
v -0.007242419 -0.004229323 0.0003959053
v -0.007281163 -0.004222224 0.0004618982
v -0.007199985 -0.004192023 0.0004677934
v -0.007187868 -0.003452432 0.0004973347
v -0.007103514 -0.004155806 0.00041897
v -0.007145783 -0.003428926 0.0005459285
v -0.007048042 -0.004101738 0.0004636425
v -0.007087371 -0.003465566 0.0004773641
v -0.007017155 -0.003513972 0.0004349334
v -0.007101943 -0.003431045 0.0005496591
v -0.0069989 -0.004042382 0.0004990883
v -0.00697659 -0.003568562 0.0003969373
v -0.006958147 -0.003989051 0.0004652569
v -0.00692952 -0.0039119 0.0004518874
v -0.006914998 -0.003818614 0.0004455767
v -0.00691872 -0.003718301 0.000441428
v -0.006943407 -0.003618131 0.0004390934
v -0.006968903 -0.003991067 0.0005302785
v -0.006977316 -0.003545166 0.0004641143
v -0.007594226 -0.004011741 0.0005241904
v -0.007601829 -0.003954343 0.000502354
v -0.007579838 -0.004067834 0.0005104691
v -0.007586984 -0.003896737 0.0005623529
v -0.007527703 -0.004089458 0.0005811958
v -0.007567727 -0.003806132 0.0005783637
v -0.007535726 -0.003710494 0.0005445112
v -0.007497349 -0.00364149 0.0005195924
v -0.007570679 -0.004029249 0.000573173
v -0.00758184 -0.003963856 0.0005815416
v -0.007489448 -0.004154471 0.0005328344
v -0.007458883 -0.003589082 0.0005535138
v -0.007409303 -0.004191593 0.0005307655
v -0.007406605 -0.003534024 0.0005697809
v -0.007340901 -0.00350276 0.0005077056
v -0.007358423 -0.003491436 0.0005879198
v -0.007297076 -0.004196532 0.0005400069
v -0.007280361 -0.003455231 0.0005672395
v -0.007204832 -0.003428729 0.0005645219
v -0.007207509 -0.004168058 0.0005721489
v -0.007179312 -0.003410752 0.0005992062
v -0.007124233 -0.004140764 0.0005192737
v -0.007058677 -0.00407576 0.0005724529
v -0.007127346 -0.003410679 0.0006014933
v -0.006998515 -0.004019008 0.0005669675
v -0.00706042 -0.003437084 0.0005823666
v -0.006971421 -0.003966452 0.0005909937
v -0.007011493 -0.003493875 0.0005148458
v -0.006943392 -0.003922338 0.0005421476
v -0.006922623 -0.003827329 0.0005396827
v -0.006917753 -0.003724915 0.0005416216
v -0.006930814 -0.003626524 0.0005367805
v -0.006962114 -0.003546702 0.0005304955
v -0.007475358 -0.004076136 0.0006874673
v -0.007539522 -0.003995971 0.0006640194
v -0.007564226 -0.003881188 0.0006588593
v -0.007555969 -0.003784678 0.0006820469
v -0.007538724 -0.003715059 0.0006486102
v -0.007502517 -0.003641813 0.0006086084
v -0.007447221 -0.00413907 0.0006131303
v -0.007455892 -0.003564548 0.0006575464
v -0.007400678 -0.003508539 0.0006403793
v -0.007401912 -0.004124428 0.0006985153
v -0.007351882 -0.004165609 0.0006323652
v -0.007353446 -0.003467182 0.0006518168
v -0.007340014 -0.004143487 0.0007091854
v -0.007270626 -0.004172225 0.0006209289
v -0.007299674 -0.003428359 0.0006613861
v -0.007235841 -0.003415607 0.0006234769
v -0.0072608 -0.003401819 0.0006862839
v -0.007215171 -0.004151332 0.0006528022
v -0.007190292 -0.003390993 0.0006725517
v -0.007144864 -0.004126093 0.0006178054
v -0.007173538 -0.004121726 0.0006887718
v -0.007105955 -0.004071056 0.000693664
v -0.007102476 -0.003392711 0.0006729686
v -0.007018677 -0.004001406 0.0006525683
v -0.007028218 -0.003419677 0.0006692556
v -0.006974557 -0.003936611 0.0006529501
v -0.006992535 -0.003478211 0.0006009063
v -0.006952005 -0.003910676 0.0006142949
v -0.006935319 -0.003845048 0.0006177936
v -0.006923443 -0.003738333 0.0006450572
v -0.006925728 -0.003626885 0.0006395371
v -0.006948899 -0.003538454 0.0006224029
v -0.006955546 -0.003873527 0.0006773937
v -0.006937606 -0.003794786 0.0006964934
v -0.006928429 -0.003724553 0.000730696
v -0.007483876 -0.004002843 0.0007881317
v -0.007533884 -0.003905036 0.000771853
v -0.007548419 -0.003804815 0.0007652724
v -0.007538212 -0.003713833 0.0007514086
v -0.007508372 -0.003635206 0.0007145272
v -0.007421444 -0.004076322 0.0007707677
v -0.007475574 -0.003558015 0.0007728228
v -0.007414334 -0.003494439 0.0007274519
v -0.007427536 -0.004038948 0.0008378844
v -0.007353297 -0.00411361 0.0007637802
v -0.007352406 -0.003439427 0.0007227153
v -0.007302104 -0.004133361 0.0007454962
v -0.00730529 -0.003409376 0.0007197601
v -0.007334384 -0.003410625 0.0007695674
v -0.007279888 -0.004152844 0.0006910973
v -0.00726787 -0.00338262 0.0007601905
v -0.007221652 -0.0041362 0.0007101148
v -0.00725418 -0.004129668 0.0007448951
v -0.007190836 -0.004099336 0.0007596246
v -0.007163974 -0.003351916 0.0007780323
v -0.007144041 -0.003313599 0.0008487016
v -0.007121878 -0.004044947 0.0007989763
v -0.00706217 -0.003373993 0.0007453093
v -0.007055433 -0.003998323 0.0007611294
v -0.00699381 -0.003919826 0.0007380502
v -0.006958103 -0.003829199 0.0007531793
v -0.006939552 -0.003763177 0.0007602728
v -0.007004265 -0.00340558 0.0007330885
v -0.00707997 -0.003998339 0.0008373932
v -0.006930346 -0.003702708 0.0008019514
v -0.006975229 -0.003459739 0.0006870109
v -0.006922333 -0.003634197 0.000752555
v -0.006939047 -0.0035151 0.0007366934
v -0.006970268 -0.003429213 0.0007611212
v -0.007502647 -0.003913228 0.0008843389
v -0.007532442 -0.003817377 0.0008671847
v -0.007535851 -0.003721058 0.0008525705
v -0.007514433 -0.003623218 0.0008324089
v -0.00745038 -0.003985697 0.0008973606
v -0.007486446 -0.003545645 0.0008558517
v -0.007398419 -0.004033938 0.0008899313
v -0.007447021 -0.003495085 0.0008309099
v -0.007388818 -0.003442924 0.0008015725
v -0.00747748 -0.003938069 0.0009324756
v -0.007469764 -0.003503741 0.0009024777
v -0.007361567 -0.004071781 0.0008409385
v -0.007341655 -0.003394148 0.0008412694
v -0.007351014 -0.004044848 0.0009108838
v -0.007277286 -0.004100002 0.00080464
v -0.007266624 -0.003344409 0.0008599847
v -0.007197837 -0.003317246 0.0008595366
v -0.007237252 -0.003307221 0.0009067146
v -0.007193078 -0.004057262 0.0008626714
v -0.007171893 -0.003287167 0.0009161212
v -0.007123019 -0.004020456 0.0008726884
v -0.007103385 -0.003298316 0.0008819305
v -0.007083192 -0.003975966 0.0009044242
v -0.00708522 -0.003332708 0.0008209368
v -0.007031897 -0.003935463 0.0008457805
v -0.006982465 -0.003853158 0.0008295202
v -0.006950804 -0.003773274 0.0008228468
v -0.00704164 -0.003314319 0.0008776449
v -0.006934755 -0.003709302 0.0008838135
v -0.007009787 -0.003369791 0.0008072225
v -0.006915802 -0.003625949 0.0008660344
v -0.006915992 -0.003525357 0.0008507213
v -0.006948418 -0.00341879 0.0008446611
v -0.006986028 -0.003345574 0.0008778883
v -0.007512986 -0.003823 0.0009727228
v -0.007528808 -0.003729091 0.0009514462
v -0.007522287 -0.003638914 0.0009355104
v -0.007499902 -0.003558953 0.0009225921
v -0.007489341 -0.003899156 0.0009615328
v -0.007470781 -0.003492152 0.000978164
v -0.00744621 -0.00393897 0.0009890583
v -0.007418316 -0.003440302 0.0009070506
v -0.007382649 -0.004003114 0.0009609709
v -0.00735171 -0.003363099 0.0009459683
v -0.007317415 -0.00403065 0.0009583547
v -0.0072884 -0.00331869 0.0009368602
v -0.007282307 -0.004058134 0.0009005039
v -0.007249492 -0.003284977 0.0009721656
v -0.007255234 -0.004026646 0.0009787033
v -0.007216193 -0.00403858 0.0009370947
v -0.007185103 -0.003249626 0.001003663
v -0.007150977 -0.004005761 0.0009530373
v -0.007205032 -0.004019665 0.0009814909
v -0.007124789 -0.003210884 0.00104213
v -0.007087722 -0.003957772 0.0009694014
v -0.007080663 -0.003262979 0.0009599783
v -0.007043129 -0.003919175 0.0009411588
v -0.007004169 -0.003869709 0.0009073507
v -0.006966633 -0.003790729 0.0009131054
v -0.00706087 -0.003917659 0.001007787
v -0.007051816 -0.003214428 0.001033413
v -0.006938587 -0.003722409 0.0009521343
v -0.007002943 -0.003300892 0.0009316838
v -0.006913786 -0.003651477 0.0009534236
v -0.00689161 -0.003546606 0.0009606457
v -0.006902257 -0.003429186 0.0009497228
v -0.006948915 -0.003344245 0.0009369911
v -0.006958107 -0.003765081 0.0009935979
v -0.006864778 -0.00353107 0.001045271
v -0.006865493 -0.003460799 0.001027972
v -0.007501281 -0.003794701 0.001067701
v -0.007517935 -0.003728701 0.001043612
v -0.007519419 -0.003645734 0.001027366
v -0.007503884 -0.003563912 0.001009246
v -0.007480225 -0.003866273 0.001031692
v -0.007476731 -0.003491772 0.00107487
v -0.00742621 -0.003892126 0.001098465
v -0.007424198 -0.003411818 0.001032457
v -0.007473748 -0.003831071 0.001102743
v -0.007383765 -0.003958493 0.001043667
v -0.00737301 -0.003344998 0.001035356
v -0.007319106 -0.003309407 0.001006406
v -0.007348795 -0.003306599 0.001076711
v -0.007307886 -0.003993182 0.001035592
v -0.007277853 -0.003255738 0.001076751
v -0.007197544 -0.003213863 0.001073265
v -0.007203185 -0.003987207 0.001049115
v -0.007157627 -0.003180845 0.001101877
v -0.007114555 -0.003954328 0.001032402
v -0.007065749 -0.003897757 0.00108142
v -0.007076291 -0.003162018 0.00110269
v -0.007006865 -0.003845983 0.001006834
v -0.007011906 -0.003197172 0.001062246
v -0.007072264 -0.003122927 0.001149339
v -0.006960585 -0.003765909 0.00107683
v -0.006976164 -0.003256016 0.001017621
v -0.006926191 -0.003700084 0.001023237
v -0.006887642 -0.003611266 0.001045093
v -0.006906263 -0.003335395 0.001011663
v -0.006977191 -0.003202944 0.001067991
v -0.006857425 -0.003555899 0.00109668
v -0.006872887 -0.003389602 0.001027476
v -0.006841789 -0.003478668 0.001109522
v -0.006848525 -0.003393191 0.00108906
v -0.006870424 -0.003606193 0.001125721
v -0.006869616 -0.003336793 0.00106921
v -0.007503428 -0.00372718 0.001122519
v -0.00750958 -0.003651337 0.001112813
v -0.007502408 -0.003570498 0.001096639
v -0.007487007 -0.003781462 0.001131988
v -0.00748171 -0.00350689 0.001155253
v -0.007381662 -0.003874309 0.001204386
v -0.007447941 -0.003806099 0.001184539
v -0.007446353 -0.003422959 0.001158355
v -0.007396948 -0.00334929 0.001112402
v -0.007481973 -0.00373816 0.001181473
v -0.007490816 -0.003664639 0.001192452
v -0.007492166 -0.003576634 0.001182487
v -0.007338624 -0.003939257 0.001132514
v -0.007354169 -0.003287767 0.001153769
v -0.007323706 -0.003911276 0.001219367
v -0.007264018 -0.003967799 0.001116894
v -0.007307957 -0.003229228 0.001184641
v -0.007233008 -0.003185767 0.0011583
v -0.007284598 -0.003192784 0.001212996
v -0.007202517 -0.003952145 0.001156026
v -0.007151719 -0.003145964 0.001151747
v -0.007133914 -0.003936565 0.001120506
v -0.007104141 -0.003124502 0.00115498
v -0.007137579 -0.003112665 0.001192785
v -0.007080742 -0.003882243 0.001179402
v -0.007084112 -0.003096037 0.001198826
v -0.007013967 -0.003830992 0.00112965
v -0.007029313 -0.003123863 0.00115718
v -0.006962857 -0.00376192 0.001182766
v -0.006994542 -0.003168317 0.00110665
v -0.00691097 -0.003683253 0.00112818
v -0.006943346 -0.003204864 0.001097829
v -0.006951385 -0.003141723 0.00117221
v -0.0068724 -0.003625361 0.001200097
v -0.006900259 -0.003271586 0.001081249
v -0.00684229 -0.003544235 0.001173002
v -0.006822219 -0.003464248 0.001187106
v -0.006825196 -0.003393526 0.00116676
v -0.006849736 -0.00330252 0.001146864
v -0.006890504 -0.003209762 0.001157722
v -0.00689132 -0.003148194 0.001219593
v -0.007395492 -0.003799297 0.001297468
v -0.007453993 -0.003703761 0.001272682
v -0.007472142 -0.003590326 0.001274144
v -0.007465877 -0.003485467 0.001249156
v -0.007438803 -0.003396373 0.001256384
v -0.007406013 -0.003339347 0.001210564
v -0.007334088 -0.003867459 0.001288035
v -0.007361205 -0.003262368 0.00126151
v -0.007285811 -0.003907495 0.001262212
v -0.007313799 -0.003205244 0.001251423
v -0.007353048 -0.003826001 0.001337109
v -0.007265156 -0.003937745 0.001200029
v -0.007269133 -0.003160017 0.001264056
v -0.007195985 -0.003127905 0.001222432
v -0.007230934 -0.00391174 0.001270207
v -0.007204183 -0.003931177 0.0012235
v -0.007148057 -0.003085213 0.001254451
v -0.007149794 -0.003918197 0.001207333
v -0.007175762 -0.003906338 0.001265434
v -0.007112838 -0.003869736 0.001277186
v -0.007089978 -0.003053771 0.001273603
v -0.007025157 -0.003816719 0.001243572
v -0.007044611 -0.003022316 0.00131314
v -0.006968237 -0.003760654 0.001262062
v -0.007011979 -0.003075739 0.001235435
v -0.006919908 -0.00369836 0.001256254
v -0.006956407 -0.003738964 0.001302237
v -0.006971519 -0.003033379 0.001304055
v -0.006872269 -0.003630991 0.001273724
v -0.006930193 -0.003089318 0.001251552
v -0.006843288 -0.003570714 0.001258887
v -0.006818804 -0.003490399 0.001253705
v -0.006807044 -0.003404691 0.001245539
v -0.006813994 -0.003314581 0.001235882
v -0.006841287 -0.003208135 0.00124236
v -0.00687063 -0.003110719 0.00128623
v -0.00685495 -0.003594462 0.001322172
v -0.006911289 -0.003052481 0.001308709
v -0.007407287 -0.003707526 0.001393782
v -0.007444156 -0.003607654 0.001377591
v -0.007454359 -0.003506194 0.001359525
v -0.00744162 -0.003413195 0.001340544
v -0.007411437 -0.003333934 0.001311726
v -0.007356027 -0.003780734 0.001393627
v -0.007379457 -0.003265172 0.001377275
v -0.007309156 -0.003836429 0.001362244
v -0.007326674 -0.003193385 0.001337479
v -0.007374234 -0.00373326 0.001437645
v -0.007265948 -0.003878349 0.001319575
v -0.007282584 -0.003137347 0.001345417
v -0.007223548 -0.003094897 0.001330218
v -0.007238733 -0.003839583 0.001386639
v -0.007271063 -0.00311078 0.001384247
v -0.007186947 -0.003873308 0.001328691
v -0.007149682 -0.003046418 0.001326469
v -0.007101675 -0.003020931 0.001331251
v -0.007164301 -0.003828177 0.001400567
v -0.007135297 -0.003011523 0.001375666
v -0.007124031 -0.003843729 0.001352322
v -0.007085128 -0.002990776 0.001379927
v -0.007064369 -0.00381637 0.001337298
v -0.006998293 -0.003771533 0.001322296
v -0.007102344 -0.003810268 0.001396425
v -0.006957512 -0.003712411 0.001366378
v -0.007012809 -0.002985401 0.001371989
v -0.006893287 -0.003648116 0.001341927
v -0.006863227 -0.00358609 0.00140043
v -0.006935924 -0.003002389 0.001361834
v -0.006825408 -0.003518486 0.00134632
v -0.006799426 -0.003424076 0.0013261
v -0.006791586 -0.003333007 0.00131592
v -0.006801203 -0.003247836 0.001308623
v -0.006810983 -0.00314 0.001355729
v -0.006869798 -0.003048656 0.001354602
v -0.006766644 -0.003152516 0.00142646
v -0.004103463 0.0003032996 0.001408332
v -0.004120535 0.000410673 0.001402769
v -0.004131645 0.0005173084 0.001404296
v -0.004136837 0.00061889 0.001413892
v -0.004131022 0.0007130204 0.001433965
v -0.004114513 0.0007868386 0.001457396
v -0.004058195 0.0002277568 0.001417687
v -0.00403391 0.0002958995 0.001405274
v -0.0040464 0.0003772138 0.001401296
v -0.004059104 0.0004811759 0.001401231
v -0.004070583 0.0005846621 0.001405386
v -0.004081555 0.0006667303 0.001414397
v -0.004058511 0.0007451701 0.001436507
v -0.004008167 0.0001921443 0.001433545
v -0.003987712 0.0002505814 0.001423916
v -0.003977932 0.0003412762 0.001422039
v -0.003986254 0.0004474437 0.001424769
v -0.004002259 0.0005571803 0.001426195
v -0.004017933 0.000666125 0.001430264
v -0.007406934 -0.003613891 0.001492538
v -0.007435545 -0.003518625 0.001463659
v -0.007435884 -0.003427315 0.001439864
v -0.007416097 -0.003342352 0.001412957
v -0.007378841 -0.003693146 0.001475281
v -0.007388418 -0.003273764 0.001483419
v -0.007331306 -0.003736799 0.001480927
v -0.007349272 -0.003200303 0.001447752
v -0.007304513 -0.003140618 0.001413155
v -0.007287079 -0.0037956 0.001432855
v -0.007259402 -0.003081236 0.00144919
v -0.007189329 -0.003033785 0.001406753
v -0.007210778 -0.003796946 0.001453218
v -0.00714166 -0.002984421 0.001443702
v -0.007127858 -0.00378078 0.00145943
v -0.007070222 -0.002944054 0.001458322
v -0.007043428 -0.003764537 0.001411427
v -0.007074791 -0.003741206 0.001490618
v -0.007021386 -0.002891807 0.001509067
v -0.00700276 -0.003697544 0.00148584
v -0.00697584 -0.002944802 0.001432682
v -0.006919763 -0.003645651 0.001439557
v -0.006928415 -0.002891959 0.00149744
v -0.006882102 -0.003578776 0.001502475
v -0.006892263 -0.002974942 0.001418774
v -0.00683112 -0.003511582 0.001458164
v -0.006797064 -0.003431105 0.001418718
v -0.006782017 -0.003355241 0.001387118
v -0.006772971 -0.003248766 0.001401701
v -0.006823682 -0.003033638 0.001414853
v -0.006837348 -0.002948466 0.001474339
v -0.006845189 -0.002855343 0.001539956
v -0.006747681 -0.003186303 0.001465657
v -0.006779768 -0.003088058 0.001429921
v -0.006742627 -0.00310526 0.001490678
v -0.006747402 -0.00324375 0.001486876
v -0.006776507 -0.003017674 0.001476746
v -0.006776041 -0.002931072 0.001525164
v -0.004161618 0.0002638158 0.001435041
v -0.004181057 0.000346382 0.001427878
v -0.004195372 0.0004523937 0.001424986
v -0.004202139 0.0005604567 0.001430911
v -0.004201602 0.0006673001 0.001448886
v -0.004195516 0.0007817561 0.00148611
v -0.004251014 0.0002049503 0.001506259
v -0.00423598 0.0002775374 0.00147319
v -0.004256995 0.0003899345 0.001463713
v -0.004266475 0.0004993271 0.001463937
v -0.004268778 0.0006082555 0.001475714
v -0.004265957 0.0007135265 0.00149953
v -0.004262672 0.0007797322 0.00151985
v -0.00411771 0.0002298275 0.001426236
v -0.004132835 0.000842384 0.001491683
v -0.00409977 0.0001958898 0.001434654
v -0.004162024 0.0001850682 0.001472412
v -0.004107705 0.0008963755 0.001524522
v -0.004060837 0.0001647878 0.001452049
v -0.004061792 0.0008371805 0.001481167
v -0.004017649 0.0007889699 0.001457481
v -0.004100028 0.0001156795 0.001506554
v -0.004063855 0.0008952125 0.001521094
v -0.004001492 0.000160114 0.001453933
v -0.004005646 0.0007424721 0.001445243
v -0.003943234 0.0001875643 0.001465117
v -0.003918227 0.0002874343 0.001456887
v -0.003907457 0.0004070655 0.00147782
v -0.003935821 0.0005293275 0.00147675
v -0.003957522 0.0006355613 0.001474972
v -0.003971727 0.0007242194 0.001474295
v -0.004004144 0.0001220179 0.001499467
v -0.003985683 0.0007788182 0.001472393
v -0.003877062 0.0001700845 0.001506836
v -0.003864759 0.0002336361 0.00149937
v -0.003851119 0.0003246757 0.001509064
v -0.007380807 -0.003579726 0.001598754
v -0.007413087 -0.003518276 0.001563925
v -0.007423803 -0.003437487 0.001537488
v -0.007414438 -0.00335403 0.001512389
v -0.007343139 -0.003658093 0.001562242
v -0.007389392 -0.003287253 0.001583261
v -0.007287015 -0.003713235 0.001545404
v -0.007358245 -0.0032079 0.001555223
v -0.007315883 -0.003136773 0.001512039
v -0.00734897 -0.00360682 0.001626617
v -0.007256552 -0.003757208 0.001501404
v -0.007277352 -0.003068273 0.001575527
v -0.007209786 -0.003004152 0.001522425
v -0.007220997 -0.003721753 0.001560175
v -0.007183806 -0.003757498 0.001513078
v -0.007146321 -0.00294335 0.00152863
v -0.007125098 -0.003744629 0.001520016
v -0.007099998 -0.002892551 0.001560087
v -0.00715698 -0.003725194 0.001557318
v -0.007149916 -0.002912076 0.001586731
v -0.007087015 -0.003704893 0.00155755
v -0.007051312 -0.002853698 0.001569967
v -0.007036642 -0.002814493 0.001611371
v -0.007015426 -0.003662057 0.001580265
v -0.006996252 -0.002841352 0.001557066
v -0.006947039 -0.003632516 0.001540204
v -0.006936554 -0.00280587 0.00158153
v -0.00697408 -0.003622585 0.001613965
v -0.006995177 -0.002804254 0.001598621
v -0.006913296 -0.003571762 0.001613818
v -0.00686752 -0.002780887 0.001589778
v -0.006844929 -0.003507761 0.00156569
v -0.006798944 -0.003431045 0.001523275
v -0.006768347 -0.003333858 0.001480352
v -0.006815933 -0.002797442 0.001577203
v -0.006826581 -0.002737328 0.001617915
v -0.006737581 -0.003265023 0.001562392
v -0.00676652 -0.002845204 0.001571361
v -0.006727106 -0.003182543 0.001532713
v -0.006704868 -0.003104639 0.001574723
v -0.006723511 -0.003008343 0.001548692
v -0.006727913 -0.002918748 0.001568543
v -0.006781324 -0.002777888 0.00159584
v -0.006773671 -0.002737744 0.00162111
v -0.00667756 -0.003105303 0.001643186
v -0.006678477 -0.003033652 0.00162126
v -0.006687087 -0.002947225 0.001610646
v -0.004428472 0.0002951421 0.001611363
v -0.0044386 0.0005136044 0.001615566
v -0.004440413 0.0006311772 0.00164064
v -0.0042917 0.0001931277 0.001536807
v -0.004304595 0.0002448661 0.001526178
v -0.004317617 0.0003365326 0.00151418
v -0.004328054 0.0004423284 0.001509705
v -0.004329888 0.0005487462 0.001513895
v -0.004330259 0.0006580237 0.001534957
v -0.004322127 0.0007756238 0.00156909
v -0.004351837 0.0001929953 0.001584874
v -0.004363135 0.0002892267 0.001559606
v -0.004398682 0.0003939366 0.001573392
v -0.004379571 0.0004966356 0.001553712
v -0.004387545 0.0005918604 0.001573796
v -0.004389554 0.0007065031 0.00160744
v -0.004374167 0.0007767914 0.001616849
v -0.004249995 0.0001490973 0.001541243
v -0.004257564 0.0008372663 0.001548296
v -0.004190334 0.0008905716 0.001546858
v -0.004297009 0.0001069556 0.001603331
v -0.004252921 0.0008908221 0.001577754
v -0.00417323 0.0001158043 0.00152739
v -0.004137032 0.0009413571 0.001570174
v -0.004139865 0.00007761157 0.001557832
v -0.004212405 0.0000833733 0.001581144
v -0.004131815 0.000985333 0.001620348
v -0.004065256 0.00006925224 0.001565543
v -0.004074415 0.0009436355 0.001577517
v -0.00402757 0.0008856772 0.001529765
v -0.004092681 0.0009916025 0.001632945
v -0.003962629 0.00007478175 0.001586057
v -0.004000893 0.0008286317 0.001495333
v -0.00391597 0.0001293921 0.001519791
v -0.003872267 0.0005113483 0.001556063
v -0.003907553 0.000617851 0.001549932
v -0.003933117 0.0007143847 0.001540848
v -0.003961059 0.0007987436 0.00153028
v -0.003986188 0.000864084 0.001546383
v -0.003866367 0.0001438759 0.001533011
v -0.003833931 0.0004158214 0.001558828
v -0.003824839 0.0001830087 0.001561296
v -0.003808139 0.000271568 0.001550075
v -0.003804528 0.000341518 0.001560782
v -0.003873431 0.0001163228 0.001577976
v -0.003835759 0.0004786932 0.001591762
v -0.003777424 0.0001867237 0.001633903
v -0.003771448 0.0002438883 0.0016106
v -0.003772207 0.0003135017 0.001604573
v -0.00738681 -0.003510476 0.001650784
v -0.007404571 -0.003443451 0.001628291
v -0.00740565 -0.003366418 0.001604559
v -0.007342802 -0.003556728 0.001682347
v -0.007384875 -0.003308058 0.001661898
v -0.007300861 -0.003620781 0.00165203
v -0.007359288 -0.003225541 0.001669576
v -0.007324697 -0.003139219 0.001624664
v -0.007361971 -0.003502983 0.001708054
v -0.007374124 -0.003451595 0.001708604
v -0.0073857 -0.003374607 0.001691034
v -0.007260365 -0.003675367 0.001605195
v -0.007290282 -0.003067894 0.001692984
v -0.007242351 -0.002998232 0.001647159
v -0.007188464 -0.002941858 0.001608541
v -0.007218119 -0.00363553 0.001675643
v -0.007166055 -0.003683294 0.001613877
v -0.007151109 -0.002882307 0.001654465
v -0.007090762 -0.002840621 0.00162903
v -0.007130613 -0.003637529 0.001684234
v -0.007078825 -0.003661706 0.001629468
v -0.007067526 -0.002796359 0.00167351
v -0.007021288 -0.003636919 0.001640746
v -0.007059684 -0.00362818 0.001680952
v -0.006991665 -0.003595592 0.001687489
v -0.007004164 -0.002763341 0.001662248
v -0.006915153 -0.002718485 0.001660323
v -0.006977826 -0.002713215 0.001702669
v -0.006921365 -0.003542781 0.001715339
v -0.006845998 -0.002676343 0.001668684
v -0.006861182 -0.00350229 0.001669309
v -0.006808104 -0.003435526 0.001631967
v -0.006766296 -0.003353734 0.001592394
v -0.006877425 -0.003498883 0.001745533
v -0.006810344 -0.002627292 0.001702533
v -0.006732258 -0.003281754 0.001663285
v -0.0067898 -0.002688307 0.00165257
v -0.006703008 -0.003186276 0.001629242
v -0.006733047 -0.00278149 0.001619988
v -0.006744529 -0.002715611 0.001647176
v -0.00674016 -0.00265265 0.001691442
v -0.00666838 -0.003135446 0.001710406
v -0.006706171 -0.002864029 0.00160989
v -0.006652515 -0.003055726 0.001693588
v -0.006650959 -0.002971677 0.001675661
v -0.006661748 -0.002883721 0.00166262
v -0.006683686 -0.002811345 0.001652953
v -0.006693772 -0.002731396 0.001676982
v -0.006682461 -0.002662769 0.001714556
v -0.004497012 0.00028092 0.001672313
v -0.004499602 0.0004765551 0.001675282
v -0.004488986 0.0005877389 0.001688558
v -0.004548198 0.0001735304 0.001730337
v -0.00454342 0.0002389056 0.001715891
v -0.004436194 0.000217751 0.001636082
v -0.004480455 0.0003436472 0.001647571
v -0.004457661 0.0004282288 0.001624514
v -0.00447884 0.0006698816 0.00170035
v -0.004410928 0.0001580823 0.001640175
v -0.004452888 0.0003693629 0.001619467
v -0.004445113 0.0007212341 0.001678675
v -0.004407893 0.0007865544 0.001664656
v -0.004495239 0.0001115465 0.001718241
v -0.004480039 0.0001794003 0.001682063
v -0.004485654 0.0003986735 0.00165015
v -0.004483486 0.0007293329 0.001733866
v -0.004363338 0.0001219153 0.001629659
v -0.00436504 0.0008319474 0.001640202
v -0.00433555 0.00007599481 0.001651842
v -0.004308401 0.0008837652 0.001621524
v -0.004411879 0.00009874478 0.001679232
v -0.00435883 0.0008819397 0.001668475
v -0.004260375 0.00004984789 0.001646296
v -0.004246687 0.0009340639 0.001612288
v -0.004188552 0.0009638133 0.001610177
v -0.00423706 0.0009843928 0.001661049
v -0.004150957 0.00003712431 0.001630641
v -0.004187796 0.00101296 0.001677053
v -0.004045542 0.00002915365 0.001644764
v -0.004123165 0.001022393 0.001683385
v -0.004056254 0.0009907411 0.001670405
v -0.003971881 0.00003382835 0.001667799
v -0.004010282 0.0009204909 0.00159841
v -0.003867425 0.0006046027 0.001653754
v -0.003901361 0.0007060936 0.001634052
v -0.003929826 0.0007945616 0.001618778
v -0.003963531 0.0008690585 0.00160959
v -0.003890828 0.00007072457 0.001671291
v -0.003840252 0.0005208498 0.001627404
v -0.003817413 0.0001327585 0.001640829
v -0.003809597 0.0004613412 0.001646363
v -0.003767782 0.0001649764 0.001703776
v -0.003786143 0.0003822266 0.001615518
v -0.003746805 0.0002273364 0.001683361
v -0.003746428 0.000292619 0.001667277
v -0.003757629 0.0003488484 0.001657791
v -0.007314843 -0.003484467 0.001778877
v -0.007349727 -0.003385942 0.001778431
v -0.007360436 -0.003293352 0.001750279
v -0.007343692 -0.003212194 0.001764651
v -0.007325156 -0.003145231 0.001733704
v -0.007255767 -0.003572452 0.001740293
v -0.007293536 -0.003077049 0.001803748
v -0.007256528 -0.002996278 0.001765969
v -0.007209385 -0.002929194 0.001714417
v -0.007239398 -0.003523082 0.001821684
v -0.007173059 -0.003603191 0.001735445
v -0.007174853 -0.002860776 0.001769953
v -0.00711954 -0.002818829 0.001719634
v -0.007082569 -0.003593073 0.001748569
v -0.007071907 -0.002755214 0.001759383
v -0.007015279 -0.00271408 0.001742461
v -0.006989391 -0.003551217 0.001786439
v -0.006968406 -0.002664015 0.001762424
v -0.00691937 -0.003517441 0.001785278
v -0.006884907 -0.002623238 0.001737467
v -0.006879678 -0.003475912 0.001811506
v -0.006829632 -0.002569467 0.001756017
v -0.006828211 -0.003440178 0.001745711
v -0.006772752 -0.003363737 0.001701662
v -0.006802864 -0.002501437 0.001806801
v -0.006736538 -0.003293016 0.001770647
v -0.006767755 -0.002572766 0.001741618
v -0.006697241 -0.003215594 0.001733643
v -0.006722501 -0.002514221 0.001784828
v -0.006749914 -0.002441097 0.001837929
v -0.006663652 -0.00315495 0.001801493
v -0.006698329 -0.002594349 0.001741453
v -0.006638705 -0.003078352 0.001774043
v -0.006626057 -0.00299531 0.001751368
v -0.0066266 -0.00290536 0.001731231
v -0.006641505 -0.002801779 0.001715718
v -0.006648534 -0.002711301 0.001728244
v -0.006640994 -0.002641523 0.001758341
v -0.006641914 -0.002546472 0.001790877
v -0.00667358 -0.00245427 0.001826648
v -0.006590314 -0.002622963 0.001807979
v -0.006578642 -0.002549706 0.001827024
v -0.006600079 -0.002477031 0.001833151
v -0.004591831 0.0001597359 0.001765035
v -0.004611218 0.0002495161 0.001773967
v -0.004650409 0.00009517992 0.001823883
v -0.004649059 0.0001764634 0.001809374
v -0.004665637 0.0002485614 0.001820121
v -0.004550715 0.0001190016 0.001746316
v -0.004567062 0.0003237236 0.00173442
v -0.004519729 0.00007323055 0.00175265
v -0.004525265 0.0003870524 0.001693918
v -0.004547757 0.0004735727 0.001730037
v -0.004538042 0.0005595418 0.001741704
v -0.004526683 0.0006821846 0.001775886
v -0.004600514 0.00003180635 0.001821794
v -0.004584623 0.0000926569 0.001783756
v -0.0045829 0.0004267743 0.001763078
v -0.004583179 0.000525539 0.00178866
v -0.004571632 0.0006180711 0.001808177
v -0.004565584 0.0006761877 0.001826459
v -0.004446549 0.00004694169 0.001737942
v -0.00450023 0.0007698528 0.001784501
v -0.004456725 0.0008024192 0.00174385
v -0.004399628 0.0008717621 0.001717787
v -0.004509443 0.00001403523 0.00179517
v -0.004490959 0.0008306919 0.00181674
v -0.004338252 0.00002700731 0.001712249
v -0.004348757 0.0009267876 0.001702713
v -0.004291524 0.0009606669 0.001679011
v -0.004394195 -0.00001842269 0.001788322
v -0.0043286 0.0009827652 0.001747488
v -0.004224332 8.538552e-7 0.001713696
v -0.004263898 0.001021431 0.001741628
v -0.004288093 -0.00003287976 0.001784676
v -0.004113578 -0.000008110358 0.001728767
v -0.00418503 0.001062401 0.001766267
v -0.004194808 -0.00003876348 0.001792055
v -0.004149608 0.001096115 0.001831184
v -0.004022906 0.000006016759 0.001715137
v -0.004102974 0.001052234 0.001757649
v -0.004035577 0.001021315 0.001785044
v -0.004092516 0.001078829 0.001830095
v -0.003955648 0.00002071432 0.00174522
v -0.003990402 0.0009421036 0.001689339
v -0.003855278 0.0006216999 0.001779503
v -0.003883977 0.0007036626 0.001744328
v -0.003911202 0.0007913313 0.001720692
v -0.003943644 0.000872932 0.001703361
v -0.003878426 0.00005438854 0.001785118
v -0.003829756 0.0005403062 0.001711171
v -0.003814597 0.0001065317 0.001734205
v -0.003794637 0.00047419 0.001752994
v -0.003763482 0.0001508845 0.001793031
v -0.003770801 0.0004048002 0.001695307
v -0.003736607 0.0002110541 0.001765084
v -0.003731638 0.0002779226 0.00174592
v -0.003744308 0.000345007 0.001726442
v -0.007297385 -0.003394914 0.001877263
v -0.007328815 -0.003310713 0.001847451
v -0.007335785 -0.003241426 0.001823406
v -0.007316582 -0.003163191 0.001837194
v -0.007245112 -0.003466543 0.001886031
v -0.007289128 -0.003095018 0.001891807
v -0.007190581 -0.003514077 0.001872227
v -0.007260585 -0.003008688 0.001892569
v -0.007220386 -0.002914035 0.001838759
v -0.007258221 -0.003417889 0.001926282
v -0.007293683 -0.003149975 0.001924097
v -0.007164724 -0.003558517 0.001809357
v -0.007185981 -0.002845527 0.001852463
v -0.00714119 -0.002793123 0.001839953
v -0.00712211 -0.003523543 0.001884472
v -0.007176253 -0.002819929 0.001892106
v -0.007069467 -0.003550618 0.001833651
v -0.007094014 -0.002732536 0.001850568
v -0.007042168 -0.002683684 0.001842314
v -0.007049009 -0.003519458 0.001894399
v -0.007084508 -0.002705277 0.001894245
v -0.007009883 -0.003531183 0.001856924
v -0.006990511 -0.002622631 0.001849999
v -0.00694952 -0.003500481 0.001862518
v -0.006938454 -0.002585685 0.001828383
v -0.006875112 -0.00253867 0.001817677
v -0.007001953 -0.003511747 0.001892137
v -0.006973881 -0.002573396 0.001900547
v -0.006889179 -0.003456665 0.001876384
v -0.006857472 -0.002464167 0.001879741
v -0.006841599 -0.003421412 0.001850055
v -0.006787681 -0.003363632 0.001813268
v -0.006806985 -0.002434378 0.001866559
v -0.006871244 -0.003418008 0.001918705
v -0.006750925 -0.00329163 0.001882242
v -0.006777633 -0.002392143 0.001890932
v -0.00670056 -0.003226006 0.001837609
v -0.006665985 -0.003162263 0.001898954
v -0.006709032 -0.002373045 0.001887421
v -0.006633353 -0.003093961 0.001863235
v -0.006612082 -0.003017291 0.001833844
v -0.006601026 -0.002930188 0.001810586
v -0.006603843 -0.002844159 0.001785009
v -0.006597906 -0.002732219 0.001795415
v -0.0066389 -0.002320306 0.00191992
v -0.006564481 -0.002672048 0.001834226
v -0.006620294 -0.002398232 0.001866898
v -0.006534287 -0.002614562 0.001872161
v -0.006539472 -0.002505201 0.00186322
v -0.006558079 -0.002431607 0.001868749
v -0.006547892 -0.002726922 0.001877696
v -0.006547748 -0.002353926 0.001911116
v -0.006484681 -0.002613796 0.001939888
v -0.0064888 -0.002536464 0.001912419
v -0.006494549 -0.002439792 0.001909355
v -0.006472541 -0.002362188 0.001940847
v -0.004687247 0.00009128571 0.001850261
v -0.004700349 0.0001479465 0.001854323
v -0.004715715 0.0002541393 0.001871355
v -0.004723825 0.00008484369 0.001890677
v -0.00475409 0.0001941571 0.001904413
v -0.004762366 0.0002582209 0.0019161
v -0.004659798 0.00004505415 0.001849061
v -0.004673684 0.0003187635 0.00183963
v -0.00462172 0.000001690701 0.001848549
v -0.004627282 0.0003706666 0.00180257
v -0.004634217 0.0004882331 0.001843529
v -0.004614326 0.0005922519 0.001860553
v -0.004592937 0.0006745803 0.001871391
v -0.004655634 -0.0000186251 0.001884904
v -0.004680164 0.0004234761 0.001876779
v -0.004680664 0.000506964 0.001911576
v -0.004560383 -0.00003809245 0.001855552
v -0.004565077 0.0007291821 0.001860458
v -0.004532753 0.0008001913 0.001862614
v -0.004585425 -0.00009383589 0.001907189
v -0.004566729 0.000779691 0.001899987
v -0.004446943 -0.0000628655 0.001851654
v -0.004500193 0.0008737915 0.001873647
v -0.004451872 0.0008977521 0.001824712
v -0.004385495 0.0009547819 0.001790372
v -0.004492256 -0.0001112877 0.001907873
v -0.004482088 0.0009297825 0.001909104
v -0.004330962 -0.00007776702 0.001864053
v -0.004338116 0.001024221 0.00182738
v -0.004392202 -0.0001202518 0.001918266
v -0.00424508 -0.00006558531 0.00184804
v -0.004268112 0.001079704 0.001844259
v -0.004207798 0.001103073 0.001846251
v -0.004244305 0.001116346 0.001895476
v -0.004175706 -0.00006386492 0.001869168
v -0.00419501 0.001122843 0.001901806
v -0.004124256 -0.00003914589 0.001815473
v -0.004040118 -0.00001641733 0.001805965
v -0.004130651 0.001111407 0.001899788
v -0.004008716 0.001016066 0.001886145
v -0.004067078 0.001075817 0.001891038
v -0.003951221 0.00001159521 0.001848469
v -0.003972378 0.0009489052 0.001792172
v -0.003854295 0.0006220167 0.001894178
v -0.003880303 0.0007016547 0.00185924
v -0.00390431 0.0007859042 0.001830175
v -0.003932079 0.0008701919 0.001807695
v -0.003877023 0.00005370411 0.001896145
v -0.003823568 0.0005477689 0.001822033
v -0.003811739 0.00009961617 0.001838451
v -0.003789851 0.0004725106 0.001862286
v -0.003763185 0.0001513277 0.001885294
v -0.00376117 0.0004057789 0.001789935
v -0.003734357 0.0002003764 0.001849001
v -0.00372589 0.0002621482 0.001830949
v -0.003736407 0.0003335559 0.001815905
v -0.007290578 -0.003313758 0.001932144
v -0.007305691 -0.003230805 0.001907407
v -0.007251465 -0.003367988 0.001965921
v -0.007273979 -0.003179852 0.001981511
v -0.007215366 -0.003428241 0.001958091
v -0.007260715 -0.003083952 0.001993684
v -0.00724659 -0.002987868 0.001992527
v -0.007229429 -0.002923297 0.001950954
v -0.007199815 -0.002856799 0.001917735
v -0.007260468 -0.003312332 0.001985442
v -0.007265688 -0.003254558 0.001990606
v -0.007161461 -0.003476771 0.001935895
v -0.00716478 -0.002798418 0.001954588
v -0.007117127 -0.002738022 0.001921996
v -0.007159145 -0.003432273 0.001990955
v -0.007086561 -0.003493691 0.001933976
v -0.007075235 -0.002676918 0.001965601
v -0.007018908 -0.002615143 0.001930375
v -0.00700799 -0.003477609 0.001941443
v -0.006986003 -0.002548435 0.00198305
v -0.006926144 -0.00344965 0.00193262
v -0.006925151 -0.002503993 0.001923679
v -0.006960967 -0.003431981 0.001987166
v -0.006900091 -0.003390274 0.001994794
v -0.006884103 -0.002433564 0.001945737
v -0.006821375 -0.003355429 0.001932496
v -0.006836754 -0.002389668 0.001941629
v -0.006878154 -0.002400242 0.001979378
v -0.006772161 -0.003274164 0.001996276
v -0.006775761 -0.002339014 0.001946807
v -0.006711539 -0.003221729 0.001945551
v -0.006720279 -0.002289527 0.001966664
v -0.006774472 -0.002296332 0.00199085
v -0.006673938 -0.003158266 0.001995937
v -0.006654199 -0.00225488 0.001973518
v -0.00663581 -0.003101632 0.001954259
v -0.006606887 -0.003031499 0.001922103
v -0.006590299 -0.00295893 0.001887434
v -0.006571387 -0.002850698 0.001882332
v -0.006617817 -0.002202712 0.00200644
v -0.006533655 -0.002791284 0.001943735
v -0.006580063 -0.00226747 0.001955455
v -0.006504575 -0.002705167 0.001956726
v -0.006545362 -0.002861078 0.001978648
v -0.006539756 -0.002207973 0.001992
v -0.006461476 -0.002650003 0.002006238
v -0.006482333 -0.002274952 0.001971274
v -0.006449671 -0.002565144 0.001977608
v -0.006450254 -0.002489854 0.001951855
v -0.006427646 -0.002414619 0.001971272
v -0.006426266 -0.002336615 0.001979645
v -0.006488157 -0.002208214 0.001994863
v -0.006383936 -0.002422585 0.002027374
v -0.006384381 -0.002360835 0.002015889
v -0.004775824 0.00006133896 0.001940854
v -0.004804337 0.000160886 0.001957375
v -0.004797425 0.0002618282 0.001958947
v -0.004841069 -0.00002826117 0.002009669
v -0.004843206 0.0000803834 0.001998009
v -0.00486566 0.0001843753 0.002017979
v -0.004726865 0.000009115351 0.001916455
v -0.004769284 0.0003229732 0.001943501
v -0.004699258 -0.00004872411 0.001924845
v -0.004725273 0.00037085 0.001911205
v -0.00472725 0.000487215 0.001966809
v -0.0047775 -0.0001130503 0.002001736
v -0.004766582 -0.00002334909 0.001960906
v -0.004770924 0.0004189166 0.001985623
v -0.004766469 0.0004802261 0.00201317
v -0.004649559 -0.00008445381 0.001920385
v -0.004695297 0.0005601664 0.001963133
v -0.004613461 -0.0001304916 0.001944135
v -0.004658417 0.0005752816 0.001917514
v -0.004636532 0.0006717221 0.001947067
v -0.004595278 0.000756676 0.001938121
v -0.004701187 -0.0001807166 0.002012911
v -0.004688329 -0.0001126719 0.001961873
v -0.004680826 0.0006301279 0.001989729
v -0.004667511 0.0006970968 0.002023919
v -0.004537816 -0.0001549434 0.001955609
v -0.004565469 0.000825749 0.001943665
v -0.004527976 0.0008965421 0.001955137
v -0.004606528 -0.0001856816 0.001997174
v -0.004563779 0.0008707866 0.001993667
v -0.004433537 -0.0001703331 0.001981996
v -0.004487023 0.0009625378 0.00196397
v -0.004425019 0.0009989042 0.001922459
v -0.004503218 -0.0002095496 0.002021003
v -0.004472599 0.0009953049 0.001994821
v -0.004341816 -0.0001529391 0.001985948
v -0.004339639 0.001072747 0.001916549
v -0.004315319 -0.0001201351 0.001935565
v -0.004288352 0.001108678 0.001919822
v -0.004320478 0.001108348 0.001972311
v -0.00423786 -0.00009701615 0.001935613
v -0.004258981 0.001128606 0.001967579
v -0.004281651 -0.0001334897 0.001983616
v -0.004154873 -0.00007407636 0.001940572
v -0.004185524 0.001132856 0.001977787
v -0.00410124 -0.00004882745 0.001887255
v -0.004024806 -0.00002340557 0.001916222
v -0.004114779 0.0011133 0.001978352
v -0.003999849 0.001002569 0.001984308
v -0.004051827 0.001069085 0.001979617
v -0.003950053 0.00001337138 0.001958495
v -0.003961914 0.0009416433 0.001895073
v -0.003859296 0.0006154926 0.001999309
v -0.003884045 0.0006918127 0.001968249
v -0.003906902 0.000775123 0.00194061
v -0.00393008 0.0008600715 0.001913242
v -0.003885219 0.00006269807 0.00200779
v -0.003824655 0.0005445456 0.001934233
v -0.003812318 0.000115516 0.001954811
v -0.003791843 0.0004575936 0.001980259
v -0.003762973 0.0001688663 0.001958801
v -0.003757838 0.0003942767 0.00189036
v -0.00373838 0.0002025376 0.001926067
v -0.003726939 0.0002456854 0.001899294
v -0.003735555 0.0003137576 0.001912983
v -0.003749847 0.0002101198 0.001988135
v -0.003758767 0.0003761221 0.001972422
v -0.007212238 -0.003302793 0.002039155
v -0.007220103 -0.003177331 0.002080451
v -0.00722967 -0.003074294 0.002098877
v -0.007236004 -0.003004107 0.00207109
v -0.007225 -0.002929871 0.002044399
v -0.007200919 -0.002860884 0.002009223
v -0.007187048 -0.00338387 0.002014271
v -0.007168894 -0.002805052 0.002066051
v -0.007126515 -0.003403138 0.002030433
v -0.007127353 -0.002739724 0.002027033
v -0.007132284 -0.003345273 0.002072608
v -0.007135949 -0.00325709 0.002137417
v -0.007088231 -0.003447373 0.001990522
v -0.007087737 -0.002677205 0.002095707
v -0.007014817 -0.003431041 0.002008167
v -0.007033738 -0.00259755 0.002051261
v -0.007053315 -0.003385632 0.002058954
v -0.007061631 -0.003316303 0.002127702
v -0.006969262 -0.003391735 0.00204145
v -0.00699506 -0.002528911 0.002064621
v -0.006958212 -0.002483348 0.002038053
v -0.00691022 -0.002421654 0.00201822
v -0.006977521 -0.003336782 0.002109434
v -0.006979044 -0.002487559 0.002114311
v -0.006921187 -0.00335295 0.002066959
v -0.006870836 -0.002365589 0.002021453
v -0.006855753 -0.003309264 0.002065942
v -0.006822512 -0.002310015 0.00203043
v -0.006917194 -0.003321569 0.00210588
v -0.006865228 -0.002328026 0.00207236
v -0.006788125 -0.003250078 0.002082718
v -0.006768557 -0.00225621 0.002035345
v -0.006729484 -0.003203125 0.002063181
v -0.006706584 -0.002202996 0.002048933
v -0.006773056 -0.003220789 0.002117102
v -0.00676475 -0.002213811 0.002084655
v -0.006680164 -0.003145641 0.002070672
v -0.006643536 -0.002145258 0.002063953
v -0.006644166 -0.003100801 0.002042091
v -0.006613405 -0.003046647 0.002004449
v -0.006578919 -0.002954574 0.001991313
v -0.006664854 -0.003106378 0.00211284
v -0.006611326 -0.002073961 0.002108555
v -0.006544231 -0.002891758 0.00204763
v -0.006573076 -0.002144131 0.002039001
v -0.006514265 -0.002808164 0.002032574
v -0.006475773 -0.002728277 0.002048361
v -0.00656788 -0.002945765 0.00209757
v -0.006519495 -0.00208311 0.002071743
v -0.006544836 -0.002008687 0.002126506
v -0.006446842 -0.00267839 0.002073403
v -0.006497084 -0.002156649 0.002023722
v -0.006423208 -0.002602571 0.002066111
v -0.006408664 -0.002498527 0.00202261
v -0.006438057 -0.00219778 0.002018875
v -0.006456432 -0.002726289 0.00211431
v -0.006425884 -0.00210521 0.002061921
v -0.006458648 -0.002017556 0.002101718
v -0.006365219 -0.00245689 0.002087401
v -0.006382783 -0.002277175 0.002033956
v -0.006353643 -0.002384103 0.002068052
v -0.006357183 -0.002335323 0.002051652
v -0.00636508 -0.002172537 0.002064796
v -0.006348044 -0.002098454 0.002087836
v -0.006365999 -0.002023173 0.002104074
v -0.006314073 -0.002226404 0.00210625
v -0.006302621 -0.002140094 0.002112447
v -0.006297955 -0.002062839 0.00212263
v -0.006298508 -0.001990511 0.002134349
v -0.005012925 -0.0002051402 0.002119916
v -0.00489276 -0.00005089831 0.002043586
v -0.00490774 0.00003986439 0.002049668
v -0.004923841 0.0001697765 0.002075444
v -0.004952433 -0.0002669783 0.002120472
v -0.004949972 -0.0001935856 0.002093978
v -0.004983734 -0.0001282233 0.002099235
v -0.004961055 -0.00002778751 0.002087424
v -0.004972293 0.00009659518 0.002106857
v -0.004976784 0.0001717135 0.002125058
v -0.004847716 -0.00009751395 0.002026909
v -0.004894656 0.0002481402 0.002060196
v -0.004822722 -0.0001518612 0.002035078
v -0.004849006 0.0002605818 0.00201623
v -0.004827572 0.0003726656 0.002035999
v -0.004798029 0.0004767042 0.002057266
v -0.004861781 -0.0002874642 0.002118884
v -0.004896806 -0.0002228171 0.002089131
v -0.004897829 -0.0001377142 0.002064005
v -0.004888525 0.000331837 0.002086002
v -0.004880664 0.0004133177 0.00212153
v -0.004768467 -0.0001829806 0.002032411
v -0.004763831 0.0005355522 0.002050707
v -0.00472242 -0.0002373736 0.002062452
v -0.004722641 0.00059838 0.002037903
v -0.004696751 0.0006717332 0.002055966
v -0.004757283 -0.0002979346 0.00212041
v -0.004818269 -0.0002192203 0.002070397
v -0.004760197 0.0006063044 0.002108113
v -0.004646891 -0.0002326386 0.002047193
v -0.004680246 0.000735174 0.002092785
v -0.004635562 0.0007681752 0.002037599
v -0.004590682 0.000835132 0.002013901
v -0.004564834 -0.0002481937 0.002068512
v -0.004558264 0.000912044 0.002058669
v -0.004506693 0.0009690326 0.002027688
v -0.004467262 -0.0002513445 0.002100252
v -0.004453651 0.001029581 0.002053901
v -0.004427797 -0.0002162681 0.002049229
v -0.004378982 0.001076149 0.002005427
v -0.004357666 -0.0001928755 0.002062554
v -0.004321927 0.001117656 0.002043823
v -0.004397996 -0.0002310896 0.002101427
v -0.004286137 -0.0001548961 0.002049377
v -0.004249503 0.001136241 0.002057801
v -0.004238164 -0.0001242516 0.002019739
v -0.004170708 -0.00009073757 0.002032027
v -0.004172754 0.0011331 0.002063495
v -0.004093661 -0.00005460217 0.001981339
v -0.004022722 -0.00001941907 0.0020252
v -0.004103301 0.00110726 0.00206408
v -0.003999024 0.0009742733 0.002076021
v -0.004048427 0.001055234 0.002079514
v -0.004097256 0.00109951 0.002130552
v -0.00395536 0.00002612989 0.002070001
v -0.003961402 0.0009249239 0.001992644
v -0.003870049 0.000611416 0.002095591
v -0.003888084 0.0006734849 0.002054914
v -0.003916213 0.0007556136 0.0020562
v -0.003936633 0.0008449669 0.00201482
v -0.003953813 0.0008374185 0.002110911
v -0.003966946 0.0009029476 0.002072401
v -0.003898734 0.00007859988 0.00211214
v -0.003833512 0.0005424521 0.002039095
v -0.00384069 0.0001222406 0.002067488
v -0.003785993 0.0001883221 0.002040508
v -0.00378293 0.0003859657 0.002068001
v -0.00381341 0.0004788434 0.002077973
v -0.003862911 0.0001275282 0.002146276
v -0.003758607 0.0002477542 0.00203604
v -0.003749071 0.0003270972 0.001996893
v -0.003738383 0.0002617626 0.001973712
v -0.003758428 0.0003012821 0.002042807
v -0.007196974 -0.003094771 0.002171898
v -0.007209843 -0.00300971 0.002162935
v -0.0072162 -0.002946209 0.002118932
v -0.007195598 -0.002872351 0.002109569
v -0.007147564 -0.003157805 0.002204789
v -0.007170366 -0.002817494 0.002131135
v -0.007094842 -0.003216014 0.002215533
v -0.007134511 -0.002762381 0.002152386
v -0.007166142 -0.003096213 0.002229138
v -0.007177448 -0.003043744 0.002232698
v -0.007168092 -0.002843173 0.002185824
v -0.007059139 -0.003261278 0.002191141
v -0.00709187 -0.002690086 0.002191581
v -0.007050742 -0.002614451 0.002182674
v -0.007010356 -0.002538572 0.002141551
v -0.007049473 -0.003222405 0.002241228
v -0.007106287 -0.002736815 0.002242393
v -0.007004123 -0.003290319 0.002168971
v -0.006981009 -0.002476486 0.002198274
v -0.006942416 -0.002422292 0.002132857
v -0.006895695 -0.002358435 0.002098523
v -0.006923946 -0.003276304 0.002166346
v -0.006860585 -0.00228805 0.002144843
v -0.006828787 -0.003233762 0.002160833
v -0.006804858 -0.00223677 0.002111204
v -0.006886765 -0.00323427 0.002209234
v -0.006760269 -0.003189821 0.002152498
v -0.006765831 -0.002166589 0.00215455
v -0.006707846 -0.003149371 0.00213488
v -0.006694712 -0.002106827 0.002139358
v -0.006743194 -0.003146906 0.002200273
v -0.006690993 -0.003093551 0.002199021
v -0.006662571 -0.00204297 0.002167732
v -0.006619757 -0.003031722 0.002111623
v -0.006619518 -0.001993538 0.002180173
v -0.006666856 -0.002009481 0.002204746
v -0.006583093 -0.002959803 0.002196513
v -0.006557458 -0.001947124 0.002175856
v -0.006530456 -0.002876254 0.002140395
v -0.006485502 -0.002788064 0.002123321
v -0.006520614 -0.001884429 0.002205067
v -0.006456422 -0.002748082 0.002190324
v -0.006488534 -0.001946629 0.00214737
v -0.006428201 -0.002672692 0.002148052
v -0.006400355 -0.002604772 0.002147901
v -0.006384396 -0.002537327 0.002114651
v -0.006433784 -0.00188535 0.002173749
v -0.006463344 -0.001825338 0.002228242
v -0.006350067 -0.002487718 0.002171736
v -0.006406667 -0.001951879 0.002129864
v -0.00633034 -0.002408696 0.002144824
v -0.006324875 -0.002322088 0.002109726
v -0.006343362 -0.001956363 0.002128708
v -0.00635366 -0.001901439 0.002156099
v -0.006364869 -0.001821586 0.002206757
v -0.006274783 -0.002269429 0.002177123
v -0.006303865 -0.001933314 0.002147658
v -0.006260068 -0.002183268 0.002165991
v -0.006257039 -0.002107976 0.002155705
v -0.006240449 -0.002032549 0.002172107
v -0.006260986 -0.001955238 0.002164016
v -0.006276917 -0.001882008 0.002183914
v -0.006266827 -0.001781492 0.002221323
v -0.006188479 -0.002043103 0.002224958
v -0.00620286 -0.001953944 0.002209533
v -0.006199325 -0.00184933 0.002221971
v -0.005222164 -0.0004866165 0.002223121
v -0.005065185 -0.0002411245 0.002149288
v -0.005158682 -0.000494112 0.00222184
v -0.005172083 -0.0004103307 0.002206264
v -0.005170525 -0.000314385 0.002202753
v -0.005134083 -0.0002058898 0.002191386
v -0.005144746 -0.00007834797 0.002218672
v -0.005022626 -0.0002755125 0.002139181
v -0.005068744 -0.0001819566 0.002144871
v -0.00499559 -0.000326416 0.002154538
v -0.005038489 -0.0001386883 0.002126618
v -0.005033249 -0.00006027787 0.002131212
v -0.005028011 0.00004938507 0.002147086
v -0.005024639 0.0001751389 0.002179713
v -0.00509248 -0.0004422762 0.002208548
v -0.005081799 -0.0003293808 0.002176464
v -0.005086569 -0.0001119974 0.002162545
v -0.005092752 6.88581e-7 0.002192739
v -0.00507441 0.0001133883 0.002210335
v -0.005066718 0.0001787863 0.00222694
v -0.004921602 -0.0003447123 0.00216045
v -0.004978049 0.0002424953 0.002152342
v -0.004934063 0.0002897724 0.002121121
v -0.004931739 0.0003993977 0.002176603
v -0.004996557 -0.0004054116 0.002200259
v -0.004974101 0.0003391067 0.002192424
v -0.004969248 0.0003961179 0.00221915
v -0.004824568 -0.0003581078 0.00217872
v -0.004896599 0.0004667628 0.002179757
v -0.004849328 0.0004883268 0.002139203
v -0.004801101 0.0005587746 0.002130113
v -0.004898799 -0.0004090987 0.002216783
v -0.004884422 0.0005235642 0.002215455
v -0.004733244 -0.0003477693 0.002181033
v -0.004781981 0.0006415272 0.002187787
v -0.004700906 -0.0003215683 0.002143999
v -0.004725846 0.0006897079 0.00213913
v -0.004648936 -0.0002905214 0.002117176
v -0.004690508 0.0007650402 0.002161927
v -0.004654805 0.0008055334 0.002139351
v -0.004608867 0.000858906 0.002109002
v -0.004673164 -0.000334367 0.002174278
v -0.004672786 0.000812646 0.00220874
v -0.004535391 -0.0002904682 0.002155683
v -0.004568911 0.0009359629 0.002174333
v -0.004514368 0.0009884808 0.002123236
v -0.004611921 -0.0003278524 0.002199782
v -0.004465709 -0.0002754968 0.002162328
v -0.004455839 0.001048551 0.00217203
v -0.004389615 0.001087938 0.002107461
v -0.00440822 -0.000251643 0.002174922
v -0.004316675 0.001120422 0.00213742
v -0.004353894 -0.0002173363 0.002140571
v -0.004290852 -0.0001739567 0.002152615
v -0.004236334 0.001132368 0.00214686
v -0.004225497 -0.0001283906 0.002103838
v -0.004161323 -0.00008426369 0.002156429
v -0.004157186 0.001123009 0.002151421
v -0.004094601 -0.00005046093 0.00209135
v -0.004118598 0.001099278 0.002192251
v -0.004027185 -0.000001930444 0.002141933
v -0.004077038 0.001071753 0.002159578
v -0.003974849 0.0008228795 0.002202597
v -0.004000554 0.0009181002 0.002164688
v -0.004042954 0.001013713 0.002160049
v -0.003961958 0.00005383046 0.002185301
v -0.003939702 0.0007698982 0.00214917
v -0.003905928 0.00011094 0.002205973
v -0.003883842 0.0006035184 0.002186864
v -0.003909869 0.0006885696 0.002147383
v -0.003945329 0.00008661913 0.002237355
v -0.003862471 0.0001587362 0.002200621
v -0.003846365 0.0005393378 0.002131637
v -0.003827473 0.0001913245 0.002149814
v -0.003792776 0.0002909709 0.002124662
v -0.003809878 0.0003911512 0.002167492
v -0.003823326 0.0004636077 0.002153659
v -0.003849523 0.0002047921 0.002228952
v -0.007191261 -0.002923604 0.002191861
v -0.007185232 -0.002981587 0.002230979
v -0.00716146 -0.002883731 0.002248441
v -0.007121505 -0.00307914 0.002288873
v -0.007152162 -0.002992079 0.002285423
v -0.007130927 -0.002814225 0.002261659
v -0.007168298 -0.002937318 0.002260273
v -0.007065789 -0.003164431 0.002278194
v -0.007090852 -0.00275602 0.002316241
v -0.007018263 -0.003208325 0.00226772
v -0.007068023 -0.002674521 0.002277413
v -0.007037067 -0.002601162 0.002277415
v -0.007013186 -0.002541718 0.002240734
v -0.007067911 -0.003107416 0.002324141
v -0.006997342 -0.00324497 0.002226755
v -0.006981593 -0.002479014 0.002301623
v -0.006935352 -0.003219198 0.002249196
v -0.006948809 -0.002406199 0.00225984
v -0.006909467 -0.002340282 0.002207231
v -0.006984862 -0.003215604 0.002266072
v -0.006864882 -0.003199729 0.002242048
v -0.006878712 -0.002262478 0.002271177
v -0.006799376 -0.003175642 0.002223088
v -0.006827695 -0.00219964 0.002229171
v -0.00684046 -0.003156064 0.002282047
v -0.006772572 -0.003117478 0.002277055
v -0.006790441 -0.002132206 0.002250275
v -0.006747327 -0.002088145 0.002232256
v -0.006699556 -0.002036988 0.002220325
v -0.006778215 -0.002085377 0.002307908
v -0.006707889 -0.003062064 0.002297902
v -0.006668177 -0.001970682 0.002260561
v -0.006643722 -0.003024947 0.002243043
v -0.00659835 -0.001913112 0.002239747
v -0.006668711 -0.003019494 0.002325039
v -0.006613055 -0.002964093 0.002318222
v -0.006560592 -0.001859151 0.002252585
v -0.006545583 -0.002895304 0.002265274
v -0.006494971 -0.002821346 0.002223773
v -0.006523112 -0.001834255 0.002247377
v -0.006551023 -0.001825089 0.002284046
v -0.006461635 -0.002764249 0.002292021
v -0.006504555 -0.001792903 0.002287399
v -0.006425668 -0.002693332 0.002249855
v -0.006401797 -0.002634233 0.002211346
v -0.006373315 -0.002565314 0.002212367
v -0.006342547 -0.002508017 0.002248872
v -0.006420578 -0.001751866 0.002277814
v -0.006318032 -0.00244278 0.002235649
v -0.006289131 -0.002355845 0.002213997
v -0.00633651 -0.001745175 0.002245003
v -0.006355674 -0.00254977 0.002296023
v -0.006343799 -0.001676683 0.002294696
v -0.006323917 -0.00161108 0.00233134
v -0.006253088 -0.002298195 0.002244908
v -0.006281062 -0.001705407 0.002253102
v -0.00623168 -0.002230646 0.002239194
v -0.006207708 -0.002129331 0.002227342
v -0.006220463 -0.001714072 0.002245744
v -0.006258523 -0.002341502 0.00228943
v -0.006232902 -0.001617337 0.002288702
v -0.006164146 -0.002086107 0.002267945
v -0.006190638 -0.001769819 0.002234274
v -0.00614841 -0.002016663 0.002268915
v -0.006129015 -0.00191132 0.00226619
v -0.006140529 -0.001809599 0.002250422
v -0.006165249 -0.002140087 0.002299384
v -0.006129755 -0.001703752 0.002262074
v -0.006119858 -0.001589784 0.002273557
v -0.006144564 -0.001503516 0.002296995
v -0.006072292 -0.001925526 0.002317725
v -0.006061021 -0.001819492 0.002296261
v -0.006033607 -0.001703961 0.002284281
v -0.00604264 -0.0016127 0.002273861
v -0.00604863 -0.001511787 0.002280071
v -0.006060502 -0.001408457 0.002302089
v -0.005974691 -0.001748402 0.002323617
v -0.005966073 -0.001638201 0.002298307
v -0.0059628 -0.001532164 0.002287178
v -0.005964085 -0.001422635 0.002290736
v -0.005968283 -0.001299956 0.00231626
v -0.005937959 -0.001175866 0.002347255
v -0.005909312 -0.001673521 0.002340735
v -0.005883443 -0.001562362 0.00232243
v -0.005880737 -0.001448706 0.002302751
v -0.005870999 -0.001333824 0.002302747
v -0.005857904 -0.001212439 0.002315074
v -0.005851409 -0.001090823 0.002341908
v -0.005816104 -0.00147281 0.002336174
v -0.005799295 -0.001372578 0.002322889
v -0.005766468 -0.001247429 0.002315972
v -0.005761594 -0.00112254 0.002314161
v -0.005755036 -0.001002578 0.002327266
v -0.005677654 -0.001147632 0.002320349
v -0.005670678 -0.001031443 0.002311376
v -0.005665192 -0.0009154746 0.002314336
v -0.005592484 -0.001058492 0.002327251
v -0.005580872 -0.0009410611 0.002310281
v -0.005573675 -0.0008129035 0.002309551
v -0.005545907 -0.0006813503 0.002318205
v -0.005527421 -0.000575994 0.00232935
v -0.005514604 -0.0009753792 0.002331078
v -0.005475827 -0.0008538554 0.002311275
v -0.0054687 -0.0007257531 0.00229443
v -0.005456564 -0.0006115799 0.002292962
v -0.005455229 -0.0005009628 0.002309435
v -0.005271201 -0.0005366075 0.002241951
v -0.005373661 -0.0007440035 0.002296281
v -0.00538859 -0.0006476128 0.002277664
v -0.005352484 -0.0005295925 0.002265573
v -0.00537955 -0.0003998692 0.002297011
v -0.005359406 -0.000281353 0.002321803
v -0.00521139 -0.0005553883 0.002244514
v -0.005277218 -0.0004831077 0.002234468
v -0.005241206 -0.0004342224 0.002221991
v -0.005235024 -0.0003618079 0.002225636
v -0.005226582 -0.0002568897 0.002239743
v -0.005221382 -0.0001209732 0.002277586
v -0.005275283 -0.0007198615 0.002310219
v -0.005292444 -0.000624272 0.002270074
v -0.005297794 -0.0004233177 0.002246706
v -0.005299409 -0.0003231065 0.002267376
v -0.00529601 -0.0002061588 0.00230407
v -0.005281267 -0.0001279852 0.002326305
v -0.005148317 -0.000552188 0.002247744
v -0.005182982 -0.00002923939 0.00227237
v -0.005105753 -0.0005103755 0.002233255
v -0.005145591 0.000005593285 0.002245402
v -0.005128404 0.0000932981 0.002266982
v -0.005097216 0.0001832405 0.002272785
v -0.005176783 -0.0006330102 0.002296254
v -0.005175063 0.00004746599 0.002299975
v -0.005165126 0.0001164138 0.002328505
v -0.005039955 -0.0004936506 0.002244094
v -0.005063887 0.0002408467 0.002258847
v -0.005021832 0.0003020315 0.002237987
v -0.004996173 0.0003927586 0.002259384
v -0.005073809 -0.0006132997 0.002328212
v -0.005091534 -0.0005612412 0.002270792
v -0.005062005 0.0003170901 0.002306069
v -0.004946947 -0.0004762652 0.002273814
v -0.004965891 0.0004431557 0.002253686
v -0.00492806 0.0004985979 0.002252672
v -0.005011455 -0.0005526867 0.002307531
v -0.004963107 0.0004867522 0.002290706
v -0.004872949 -0.0004436827 0.002272823
v -0.004894177 0.00055678 0.002265101
v -0.00483523 -0.0004092142 0.002238975
v -0.004845975 0.0005945872 0.002244874
v -0.00488726 0.0005874355 0.002298847
v -0.00477112 -0.0003888744 0.002242755
v -0.004797108 0.000672203 0.002264959
v -0.004754178 0.0007141756 0.002243578
v -0.004708751 0.0007683192 0.002228598
v -0.00477613 0.0007192008 0.00231329
v -0.004684334 -0.0003638048 0.002249586
v -0.004671038 0.0008330433 0.00228745
v -0.004625784 0.000874621 0.002222073
v -0.004603892 -0.0003441935 0.00228922
v -0.004566044 0.0009504491 0.002283978
v -0.004546674 -0.0003178557 0.002236341
v -0.004514727 0.001002656 0.002231156
v -0.004472517 -0.0002879947 0.002235748
v -0.004448021 0.001052093 0.002279934
v -0.004385541 0.001090541 0.00220883
v -0.004397654 -0.0002501443 0.002282884
v -0.004300977 0.001107423 0.002238393
v -0.004339939 -0.0002128855 0.002228553
v -0.004377735 0.001080884 0.002288244
v -0.004279429 -0.0001609114 0.002279149
v -0.004218308 0.001120445 0.002216118
v -0.004222336 -0.000121395 0.002220113
v -0.004166523 -0.00006416957 0.00227934
v -0.004167479 0.001107231 0.002232634
v -0.004100011 -0.00003034497 0.002215584
v -0.004132744 0.001090845 0.002237606
v -0.004157132 0.001071252 0.002285255
v -0.004036845 0.00003455528 0.002270564
v -0.004097258 0.001054615 0.002228318
v -0.003978154 0.00007627964 0.002268269
v -0.003988058 0.0007849361 0.002282466
v -0.004029021 0.0008792172 0.002278347
v -0.004058636 0.0009753535 0.00224473
v -0.004085134 0.000947853 0.002323199
v -0.004114798 0.001014392 0.00230186
v -0.003943847 0.0001247298 0.00229375
v -0.003948797 0.0007413749 0.002222304
v -0.003888142 0.0001796412 0.002272621
v -0.003895362 0.0005866606 0.002258974
v -0.003925203 0.0006604597 0.002253416
v -0.003961693 0.0007196068 0.002288934
v -0.003860061 0.0002371733 0.00228009
v -0.003861737 0.0005296242 0.002216322
v -0.003833837 0.0002721229 0.002236039
v -0.003828791 0.0003628019 0.002234746
v -0.003843282 0.0004512108 0.002236322
v -0.00385966 0.0002848574 0.002307841
v -0.00710252 -0.00299701 0.002346803
v -0.007124966 -0.002906322 0.002321219
v -0.007102256 -0.002823855 0.00233864
v -0.007051807 -0.003053173 0.002364182
v -0.007070504 -0.002787771 0.002378089
v -0.007014805 -0.003119858 0.002339102
v -0.007045579 -0.002709459 0.002378185
v -0.00703531 -0.002631321 0.002340222
v -0.007007261 -0.002557502 0.002341613
v -0.007062971 -0.002996925 0.002388972
v -0.007069508 -0.002941716 0.002392944
v -0.007072157 -0.002858669 0.002392107
v -0.006983535 -0.003178183 0.002297513
v -0.006976796 -0.002494875 0.002385379
v -0.006906147 -0.003168009 0.002298434
v -0.006949089 -0.002415122 0.002380937
v -0.006915803 -0.002322611 0.002336439
v -0.006946254 -0.003131067 0.002340311
v -0.006984229 -0.002547248 0.002420802
v -0.006864237 -0.003109208 0.002343704
v -0.006886601 -0.002248443 0.002362531
v -0.00685578 -0.00219705 0.002344572
v -0.006815864 -0.002135607 0.002330715
v -0.006872229 -0.002211067 0.002416798
v -0.006775441 -0.003063191 0.002364315
v -0.006787736 -0.002072566 0.002398163
v -0.006712302 -0.003036027 0.002360116
v -0.006732312 -0.002015059 0.002329102
v -0.006739145 -0.003025281 0.002401862
v -0.006683038 -0.002992444 0.002393609
v -0.006688211 -0.001942996 0.002342567
v -0.006643496 -0.001901273 0.002320833
v -0.006592306 -0.00185433 0.002304381
v -0.006670116 -0.001900967 0.002389245
v -0.00662833 -0.002934767 0.002418382
v -0.00655751 -0.001801251 0.002346325
v -0.006565844 -0.002893714 0.002376082
v -0.006508853 -0.002831921 0.002336171
v -0.006589714 -0.002885717 0.002451541
v -0.00647277 -0.002767358 0.002397879
v -0.006494521 -0.001738107 0.00236565
v -0.006428601 -0.002699166 0.002357329
v -0.006389316 -0.002620552 0.002306263
v -0.006422098 -0.001680475 0.002352396
v -0.006375414 -0.001633388 0.002353656
v -0.006466653 -0.001678383 0.002416208
v -0.006356188 -0.00255843 0.002380385
v -0.006357675 -0.00158762 0.002380295
v -0.006322992 -0.002486164 0.00233213
v -0.006285575 -0.002403031 0.002308684
v -0.006249882 -0.002354457 0.002370234
v -0.006297372 -0.00154036 0.002366873
v -0.006228287 -0.00228863 0.002312848
v -0.006190042 -0.00221052 0.002320972
v -0.00622347 -0.001512554 0.002328772
v -0.006247114 -0.001442325 0.002387433
v -0.006232608 -0.001350529 0.002433845
v -0.006152556 -0.002167999 0.00235775
v -0.006186014 -0.001453286 0.00233351
v -0.006131491 -0.002096452 0.002336374
v -0.006095766 -0.002005533 0.002332517
v -0.006134976 -0.001423623 0.002319174
v -0.006164956 -0.002215871 0.002404635
v -0.006172233 -0.00137592 0.00236607
v -0.006176434 -0.00128294 0.002430632
v -0.006055873 -0.001971706 0.002359199
v -0.006107542 -0.001367783 0.002330837
v -0.006030517 -0.00191088 0.002356079
v -0.005990734 -0.00184003 0.00235362
v -0.006056703 -0.001320775 0.002332084
v -0.006037065 -0.001219161 0.002378211
v -0.006062181 -0.002020569 0.002393439
v -0.006111362 -0.001301216 0.002369371
v -0.00611553 -0.001234059 0.002417597
v -0.005956093 -0.001798854 0.002357626
v -0.005984244 -0.001138824 0.002389038
v -0.00591888 -0.001762825 0.002378174
v -0.005934826 -0.001085817 0.002388676
v -0.005948154 -0.001838598 0.002398123
v -0.005982189 -0.001097858 0.002413417
v -0.005876025 -0.001701113 0.002387335
v -0.005885321 -0.001034232 0.002382837
v -0.005850919 -0.001628431 0.002374914
v -0.005814684 -0.00154758 0.002367042
v -0.005834823 -0.000989472 0.002371601
v -0.00587754 -0.00174968 0.002426805
v -0.005880454 -0.0009944724 0.002401426
v -0.005777563 -0.001490471 0.002376028
v -0.00577897 -0.0009369192 0.002356421
v -0.00575648 -0.001419891 0.002367218
v -0.005718436 -0.001317378 0.002355388
v -0.005692838 -0.00122936 0.002333362
v -0.005730302 -0.0009179724 0.002334451
v -0.0057758 -0.001534698 0.002407946
v -0.005756169 -0.0008572927 0.002376059
v -0.005749577 -0.0007633524 0.002415661
v -0.005657672 -0.001193744 0.002337775
v -0.005699835 -0.0008647371 0.002334727
v -0.005613844 -0.001157023 0.002352607
v -0.005652827 -0.0008271109 0.002324974
v -0.005630383 -0.0007389822 0.002342231
v -0.005617476 -0.0006140275 0.002379055
v -0.005671543 -0.00132073 0.002403243
v -0.005653091 -0.001246231 0.002370564
v -0.00569725 -0.0007933187 0.002359344
v -0.005693825 -0.0006940908 0.002401069
v -0.005679636 -0.000623094 0.002423652
v -0.005572202 -0.001102855 0.002350652
v -0.005566104 -0.0005306254 0.002369564
v -0.005527925 -0.001061916 0.002362122
v -0.005518872 -0.000505402 0.002342594
v -0.005560283 -0.001139315 0.00238518
v -0.005546014 -0.0004525926 0.002388567
v -0.005538836 -0.0003724421 0.002428649
v -0.005485274 -0.001002733 0.002355448
v -0.005494692 -0.0004552692 0.002344559
v -0.005432909 -0.0009403313 0.00235995
v -0.005392612 -0.0008402636 0.002324587
v -0.005453052 -0.0004144562 0.002334198
v -0.005436609 -0.0003144311 0.00237127
v -0.00547083 -0.001037048 0.002393507
v -0.005495677 -0.000391348 0.002375702
v -0.005498637 -0.000328468 0.002417923
v -0.00532621 -0.0007974399 0.002330816
v -0.005391201 -0.0002336699 0.002370705
v -0.005351317 -0.000202724 0.002349994
v -0.005329814 -0.0001215614 0.002379096
v -0.005359311 -0.0009273326 0.002409456
v -0.005358714 -0.0008685485 0.00235713
v -0.005377848 -0.0001667313 0.002397125
v -0.005367184 -0.0001209682 0.002416699
v -0.005274466 -0.0007750459 0.002342741
v -0.005275717 -0.00005976063 0.002362209
v -0.005212666 -0.0007434054 0.00236297
v -0.005224928 0.000006368098 0.00234365
v -0.005199239 0.00009748602 0.002368143
v -0.00528725 -0.0008377825 0.002392514
v -0.005271259 0.00001883203 0.002412084
v -0.005116975 -0.0006832798 0.002382563
v -0.005177374 0.0001556222 0.002377447
v -0.005141549 0.0001891848 0.002347504
v -0.005099281 0.0002794698 0.002345209
v -0.0051579 -0.0007453343 0.002420049
v -0.00517206 0.0002075861 0.002417762
v -0.005040694 -0.0006347582 0.002392125
v -0.005075328 0.0003572403 0.00236395
v -0.005017721 -0.000598694 0.00235224
v -0.005038178 0.0003914899 0.002331299
v -0.00499329 0.00046646 0.002328078
v -0.0050663 0.0004093038 0.002403053
v -0.004981166 -0.0005738665 0.002363004
v -0.004955946 0.0005235971 0.002329005
v -0.004943016 -0.0005312473 0.002353138
v -0.004916853 0.0005635219 0.002315551
v -0.004995105 -0.0006020466 0.002394173
v -0.004938663 0.000570334 0.002376909
v -0.004875536 -0.0004780077 0.002349993
v -0.004885198 0.0006202104 0.002370364
v -0.004815344 -0.0004306037 0.002301431
v -0.004819939 0.0006767518 0.002337151
v -0.004744639 -0.0004036084 0.002326779
v -0.004774921 0.0007388088 0.002392114
v -0.004725433 0.000777067 0.002328795
v -0.004670486 -0.0003738622 0.002356438
v -0.004661914 0.0008454528 0.002390573
v -0.004613682 0.0008975809 0.002337829
v -0.004599217 -0.0003418517 0.002391791
v -0.004540573 0.0009563556 0.002389549
v -0.004530831 -0.0003162787 0.002320072
v -0.004505779 0.001005477 0.002326458
v -0.004457943 -0.0002808334 0.002344268
v -0.004455247 0.001033429 0.002353868
v -0.004480849 0.001003252 0.002389451
v -0.004398572 -0.0002438772 0.002373955
v -0.004407872 0.001056104 0.002340304
v -0.004340017 -0.0001965342 0.002358062
v -0.004327296 0.001061381 0.002345764
v -0.004375749 -0.000218209 0.00241006
v -0.004410477 0.001019375 0.002403953
v -0.004279675 -0.000142287 0.002369748
v -0.004229873 0.001088759 0.002293517
v -0.004228879 -0.00009562956 0.002355343
v -0.004198336 0.001063572 0.002329787
v -0.004264106 -0.0001136501 0.002407906
v -0.004238023 0.001037107 0.002375138
v -0.004176764 -0.00003964106 0.002373422
v -0.004170625 0.001030849 0.002347142
v -0.004121284 0.00000608901 0.002355871
v -0.00410895 0.0009360201 0.002370525
v -0.004133767 0.0009769744 0.002364012
v -0.004165607 -0.000008430431 0.002413463
v -0.004145323 0.0009218297 0.002418946
v -0.004188932 0.0009896338 0.002402018
v -0.004066021 0.00006240425 0.002371249
v -0.00408018 0.0008879115 0.002364513
v -0.004010616 0.0001044301 0.002356919
v -0.003991972 0.0007386417 0.002338882
v -0.004032524 0.0008054254 0.002354125
v -0.004057459 0.00009640698 0.002410147
v -0.004025453 0.0007099788 0.002421145
v -0.004093703 0.0008274596 0.002427662
v -0.003966043 0.0001540973 0.002365131
v -0.003961794 0.0006718654 0.002338031
v -0.003929033 0.0001896428 0.002348748
v -0.003893535 0.0002543877 0.00234428
v -0.003923557 0.0006082576 0.002314069
v -0.003959795 0.0001951503 0.002398883
v -0.003954556 0.0005910771 0.00239676
v -0.003880757 0.0003211348 0.002354821
v -0.003891243 0.0005266962 0.002307123
v -0.003855433 0.0003434546 0.002307632
v -0.003866698 0.0004275548 0.002312483
v -0.003892825 0.0003911071 0.002375601
v -0.003914084 0.0004835579 0.002386608
v -0.007007366 -0.002985128 0.00242243
v -0.007016382 -0.002895067 0.002444373
v -0.007021029 -0.002793987 0.002441672
v -0.007003975 -0.002706618 0.002452176
v -0.007004952 -0.002625498 0.002417479
v -0.006952947 -0.003065341 0.002389154
v -0.006968491 -0.002580263 0.002474508
v -0.006947429 -0.002489314 0.002475812
v -0.006930504 -0.002394376 0.002470044
v -0.006922408 -0.002341877 0.002428959
v -0.006896749 -0.002269727 0.002437643
v -0.00691305 -0.002992408 0.002451458
v -0.006954568 -0.002931097 0.002472595
v -0.006946725 -0.002848293 0.002502045
v -0.00696273 -0.002748878 0.002505795
v -0.006966297 -0.002657562 0.002496442
v -0.006853527 -0.003044125 0.002412304
v -0.006871181 -0.002213129 0.002479468
v -0.006787097 -0.003025889 0.002423073
v -0.0068364 -0.00214923 0.002451636
v -0.00682346 -0.002988272 0.002463003
v -0.006871228 -0.002920015 0.002504789
v -0.006883475 -0.002254229 0.00251517
v -0.006747187 -0.002989948 0.00244607
v -0.006792834 -0.002069806 0.002507585
v -0.006751542 -0.00200558 0.002457255
v -0.006708207 -0.00194557 0.002417904
v -0.006765881 -0.002934255 0.002502103
v -0.006693522 -0.002948786 0.002463739
v -0.006672346 -0.001889822 0.002469773
v -0.006648391 -0.002896482 0.002494366
v -0.006621103 -0.001846489 0.00239944
v -0.006704554 -0.002917781 0.002505447
v -0.006592735 -0.002856698 0.002498759
v -0.006562447 -0.001771216 0.002455819
v -0.006535565 -0.002823381 0.002461514
v -0.006508733 -0.001709628 0.002451438
v -0.006577019 -0.002829024 0.00251859
v -0.006481463 -0.002757024 0.002477641
v -0.006478513 -0.00165981 0.002496682
v -0.006442677 -0.002704282 0.002458977
v -0.006394993 -0.002624443 0.00243705
v -0.006416052 -0.001613708 0.002435283
v -0.00646772 -0.002714 0.002525988
v -0.006356685 -0.002556329 0.002463284
v -0.006361146 -0.001539193 0.002439149
v -0.006325446 -0.002500783 0.002440397
v -0.006286958 -0.002428345 0.002411285
v -0.006317047 -0.001468133 0.002448912
v -0.00628418 -0.001388413 0.002470521
v -0.006339075 -0.002517707 0.002514501
v -0.006361011 -0.001485903 0.002506439
v -0.006248546 -0.002367361 0.002479762
v -0.006265387 -0.001329807 0.002486434
v -0.006204973 -0.002285423 0.002418239
v -0.006235897 -0.001283575 0.002490564
v -0.006267462 -0.00130225 0.002513764
v -0.00616442 -0.002236424 0.002494557
v -0.006199943 -0.001236564 0.002491178
v -0.006128266 -0.002160623 0.002437135
v -0.00609006 -0.002078504 0.002410192
v -0.006157121 -0.001201223 0.002482541
v -0.006193554 -0.001204766 0.002516446
v -0.006051568 -0.002046012 0.002465383
v -0.006092884 -0.001166743 0.002456495
v -0.00602961 -0.001979446 0.002414027
v -0.005985226 -0.001913137 0.002421236
v -0.006031937 -0.001110038 0.002451993
v -0.00608286 -0.001117219 0.002493562
v -0.005944096 -0.001880702 0.002453873
v -0.005979016 -0.001053058 0.002449448
v -0.005907228 -0.001819581 0.002454939
v -0.005927374 -0.0009985818 0.002444645
v -0.005963194 -0.001926749 0.002493169
v -0.005975025 -0.001006157 0.002488623
v -0.005862707 -0.001767261 0.002494687
v -0.005874731 -0.0009452321 0.002431704
v -0.005837537 -0.001686212 0.00244748
v -0.005801898 -0.00159831 0.002423313
v -0.005821093 -0.0009029669 0.002407635
v -0.005816079 -0.0008030859 0.002468405
v -0.005864534 -0.0008701153 0.002476242
v -0.0058612 -0.0008212448 0.002511601
v -0.005761041 -0.001556237 0.002469125
v -0.005781959 -0.0007261197 0.002472274
v -0.005738957 -0.001478557 0.002431695
v -0.005703335 -0.001389737 0.00241688
v -0.005746792 -0.0006946565 0.002448731
v -0.005727855 -0.0006202855 0.002477307
v -0.005772911 -0.0006647249 0.002500574
v -0.00576409 -0.0006222089 0.002518547
v -0.005656778 -0.001358048 0.002465346
v -0.005672731 -0.0005605965 0.002457348
v -0.005634413 -0.001291173 0.002431202
v -0.005594077 -0.001218879 0.002418878
v -0.005614479 -0.0004957934 0.002436028
v -0.005583952 -0.0004057733 0.002459411
v -0.005666781 -0.0004881916 0.002503213
v -0.005552247 -0.001174438 0.002425137
v -0.005565227 -0.0003493253 0.002476581
v -0.005509325 -0.001124081 0.002433842
v -0.005534849 -0.0003029533 0.002481856
v -0.005550161 -0.001213231 0.002480801
v -0.005567087 -0.0003191788 0.002508882
v -0.005462153 -0.001072846 0.002436623
v -0.005481398 -0.0002578887 0.002455295
v -0.005415159 -0.001020107 0.002447075
v -0.005427943 -0.0001996342 0.002436148
v -0.005395043 -0.0001220275 0.002454722
v -0.005458645 -0.001105062 0.002492463
v -0.00546931 -0.000187575 0.002502386
v -0.005357329 -0.0009733104 0.002470434
v -0.005362086 -0.00007583845 0.002450627
v -0.005311235 -0.0009174198 0.002465226
v -0.005320943 -0.00001151516 0.002457311
v -0.005376607 -0.001017837 0.002514468
v -0.005360485 -0.00002952342 0.002495036
v -0.005255056 -0.0008646565 0.002481092
v -0.005285464 0.00006218698 0.002471605
v -0.005208743 -0.0007993862 0.002440159
v -0.00524384 0.00009437354 0.00243956
v -0.005204479 0.0001647589 0.002438266
v -0.005273686 0.0001168627 0.002512204
v -0.005147373 -0.0007661583 0.002495253
v -0.005188179 0.0002385075 0.002491511
v -0.005112854 -0.0007210462 0.002449733
v -0.005142918 0.0002817768 0.002441473
v -0.005098387 0.0003690367 0.002436062
v -0.00505855 -0.0006734326 0.002468857
v -0.005071694 0.0004357563 0.002457965
v -0.005034001 0.0004676463 0.002423357
v -0.004981747 0.0005296191 0.002408598
v -0.005095023 -0.0007204849 0.002510284
v -0.005055893 0.000474434 0.002496791
v -0.004998792 -0.0006175195 0.002456054
v -0.004941893 0.0005901175 0.002458134
v -0.004952518 -0.0005673787 0.002428217
v -0.004904571 -0.0005199498 0.002416588
v -0.004856404 -0.0004817338 0.002456131
v -0.004885108 0.0006503846 0.002491668
v -0.004802745 -0.0004416321 0.002393734
v -0.004829491 0.0006932517 0.002437629
v -0.004735635 -0.0004040444 0.002430658
v -0.004770557 0.000747289 0.002491705
v -0.004714405 0.0007950932 0.002441692
v -0.004669261 -0.0003661738 0.002463419
v -0.004633747 0.0008457758 0.002499606
v -0.004593603 0.0008989595 0.002436637
v -0.004608547 -0.000329955 0.002492908
v -0.004523907 0.00092986 0.002475697
v -0.004528672 -0.0003001665 0.002440949
v -0.00457397 -0.0003066639 0.002513922
v -0.004564959 0.0008911933 0.002506882
v -0.004446865 -0.0002611385 0.002428473
v -0.004469694 0.0009737348 0.002446012
v -0.00440229 -0.0002317108 0.002433645
v -0.004431573 -0.0002309206 0.00248266
v -0.004380755 -0.0001852014 0.002481691
v -0.004398112 0.000974696 0.002469652
v -0.004305619 -0.0001276581 0.00245301
v -0.004309344 0.0009929681 0.00244239
v -0.004255848 -0.00007677524 0.002454892
v -0.004240104 0.0009926603 0.002430918
v -0.004209295 -0.00002100781 0.002460077
v -0.004192463 0.0009174297 0.002465884
v -0.004211106 0.0009543581 0.002450455
v -0.00425011 -0.00003682559 0.002505257
v -0.004251203 0.0009177304 0.00249914
v -0.004252983 0.0009681048 0.00246045
v -0.004158859 0.00003219107 0.002459624
v -0.004167187 0.0008664079 0.002480215
v -0.004106185 0.00008826131 0.00245696
v -0.004061206 0.0006525434 0.002517721
v -0.004125278 0.0007659632 0.002511906
v -0.004153456 0.00007602689 0.002507035
v -0.004206232 0.0008371826 0.002538792
v -0.004048246 0.0001436672 0.002448131
v -0.004003108 0.0006197458 0.002464248
v -0.003996623 0.0001728163 0.002419706
v -0.003979109 0.0005755744 0.002460138
v -0.004025622 0.0002301295 0.002492751
v -0.004021207 0.0003208462 0.002535497
v -0.004010514 0.0005623307 0.002510189
v -0.003977812 0.000225052 0.002441216
v -0.003960915 0.0005223636 0.00245548
v -0.00394074 0.0002461507 0.002407046
v -0.003925842 0.0003315818 0.002418917
v -0.003940244 0.0004332186 0.002446195
v -0.003976479 0.0002892435 0.002470824
v -0.003982497 0.0003841744 0.002504598
v -0.003987149 0.0004777164 0.002509149
v -0.006901394 -0.002784247 0.002552591
v -0.006913255 -0.002697482 0.002556431
v -0.006920696 -0.002588857 0.00254775
v -0.006908042 -0.002495955 0.002565545
v -0.006911422 -0.002414984 0.002542959
v -0.006903878 -0.002326001 0.002511305
v -0.006874425 -0.002849386 0.002544313
v -0.006876507 -0.002278996 0.002569652
v -0.006851004 -0.002203499 0.002565208
v -0.006819784 -0.002126659 0.002556559
v -0.006833521 -0.002807105 0.002578676
v -0.006857676 -0.002741585 0.002589721
v -0.006847575 -0.002657546 0.002614302
v -0.00686433 -0.002545952 0.002623612
v -0.00687324 -0.002445722 0.002620404
v -0.006878898 -0.002351596 0.002597436
v -0.006806789 -0.002872172 0.002548934
v -0.006788442 -0.002080691 0.002604689
v -0.006754421 -0.002012508 0.002565393
v -0.006714885 -0.001945934 0.002519475
v -0.006771146 -0.002826474 0.002581383
v -0.006777449 -0.002750399 0.002616537
v -0.006719632 -0.002873369 0.002544545
v -0.006674843 -0.001893469 0.002572088
v -0.006634524 -0.002825677 0.002556577
v -0.006626773 -0.001834879 0.002521228
v -0.006716224 -0.002810827 0.0025891
v -0.006562515 -0.00279244 0.002548115
v -0.006580717 -0.001778786 0.002583417
v -0.00650947 -0.002757011 0.00253586
v -0.006528668 -0.001714129 0.002539454
v -0.006541422 -0.002741307 0.002590249
v -0.006493857 -0.002691317 0.002596776
v -0.006491002 -0.001657056 0.002601966
v -0.006430855 -0.00264377 0.002548485
v -0.006376128 -0.002570673 0.002532747
v -0.006445158 -0.001598679 0.002554896
v -0.006399382 -0.001539901 0.002522163
v -0.006347302 -0.002505113 0.002592718
v -0.006378611 -0.001473643 0.002590049
v -0.006299539 -0.002447074 0.002529412
v -0.006332805 -0.001412114 0.002547243
v -0.006291588 -0.001330138 0.002542132
v -0.006255636 -0.002370527 0.002595978
v -0.006264293 -0.001273746 0.002548884
v -0.006208035 -0.00230411 0.002545971
v -0.006226899 -0.001221584 0.00255624
v -0.006260393 -0.001244731 0.002592111
v -0.00616978 -0.002245076 0.002605909
v -0.00618253 -0.001172262 0.002550413
v -0.006127817 -0.002183388 0.002556126
v -0.006087649 -0.002115058 0.002509566
v -0.006129783 -0.001125904 0.002546254
v -0.006171583 -0.001138007 0.002593656
v -0.006049496 -0.002062874 0.002569612
v -0.006074124 -0.001074033 0.002537152
v -0.006005435 -0.001987573 0.002507511
v -0.006021649 -0.001016851 0.002541639
v -0.006067471 -0.001031888 0.002589255
v -0.005964962 -0.001942182 0.00257661
v -0.005969099 -0.0009560069 0.002535833
v -0.00592902 -0.001883702 0.002523291
v -0.005889688 -0.001829001 0.002544335
v -0.005917931 -0.0009024456 0.002520786
v -0.005889999 -0.0008367697 0.002541671
v -0.005960745 -0.0008910128 0.002597716
v -0.005858135 -0.001783033 0.002566881
v -0.005868359 -0.0007723045 0.002572682
v -0.005825616 -0.001713723 0.002557009
v -0.005790405 -0.001630687 0.002506778
v -0.005816679 -0.0007009428 0.002548762
v -0.00578772 -0.0006265218 0.002559713
v -0.005878323 -0.001817793 0.002611704
v -0.005750438 -0.001572484 0.002559775
v -0.00575836 -0.0005823474 0.002550102
v -0.005726774 -0.001512215 0.002511511
v -0.005690072 -0.001440119 0.002505552
v -0.005717831 -0.0005229982 0.002551572
v -0.005755469 -0.000543322 0.002592826
v -0.005647141 -0.001388303 0.002536952
v -0.00568141 -0.0004525514 0.00256159
v -0.005603547 -0.001307953 0.002518047
v -0.005635451 -0.0004159971 0.002528077
v -0.005592818 -0.0003488137 0.002524711
v -0.005665306 -0.001435465 0.002588743
v -0.005667726 -0.000402408 0.002605969
v -0.00554649 -0.001260238 0.002577428
v -0.005568418 -0.0002811726 0.002566922
v -0.005502761 -0.001181157 0.002533176
v -0.005513662 -0.0002179491 0.002546108
v -0.005457037 -0.001143033 0.002588358
v -0.005479357 -0.0001529363 0.002561664
v -0.005414268 -0.001072949 0.0025422
v -0.005436665 -0.0001194028 0.002528674
v -0.00539067 -0.00005732841 0.002518772
v -0.005464318 -0.0001044695 0.002609969
v -0.005373053 -0.001034594 0.0025939
v -0.005360612 0.0000178386 0.002561646
v -0.005330895 -0.0009712912 0.002542802
v -0.005284902 -0.0009154315 0.002528513
v -0.005309919 0.00008467399 0.002544718
v -0.005245128 -0.0008769063 0.002568403
v -0.005280723 0.0001447993 0.002563241
v -0.005201054 -0.0008241586 0.002525129
v -0.005239657 0.0001871492 0.002544132
v -0.005272409 0.0001735446 0.002595297
v -0.005159777 -0.0007887774 0.002575478
v -0.005198771 0.0002644806 0.002565914
v -0.005162473 0.0003090957 0.002541317
v -0.005126559 0.0003580994 0.00251323
v -0.005089404 0.000428997 0.002524048
v -0.005178867 0.0003099451 0.002610982
v -0.00511074 -0.0007399064 0.0025843
v -0.005058672 0.0004805678 0.002538902
v -0.005058364 -0.0006833489 0.002577911
v -0.005010582 0.0005272379 0.002530745
v -0.005081072 -0.0007073181 0.002623948
v -0.005066797 0.0004657358 0.00259547
v -0.005006501 -0.0006289394 0.002545645
v -0.00493432 0.0006096764 0.002564584
v -0.004957714 -0.000577311 0.002528692
v -0.004907275 -0.0005261896 0.002505708
v -0.00497163 -0.0005848504 0.002606013
v -0.004974703 0.0005650124 0.002620807
v -0.004860276 -0.0004739063 0.002569678
v -0.004876873 0.0006588352 0.002574461
v -0.004799321 -0.0004353693 0.002506321
v -0.004827306 0.0006987177 0.002540036
v -0.004737039 -0.000388074 0.002543178
v -0.004758162 0.0007399743 0.00259332
v -0.0047028 0.0007904909 0.002539865
v -0.004674338 -0.0003433251 0.002570879
v -0.004630412 0.0008111892 0.002591805
v -0.004616389 -0.0003043824 0.002582069
v -0.004662882 -0.0003162559 0.002623801
v -0.00469146 0.0007758678 0.002610508
v -0.004549736 -0.0002801337 0.002543386
v -0.0045456 0.0008562232 0.00257194
v -0.004486601 -0.0002561266 0.002506853
v -0.004510851 0.0009020398 0.002532445
v -0.004520487 -0.0002413681 0.002583275
v -0.004459778 -0.0002023993 0.002569043
v -0.004441769 0.0009286241 0.002516736
v -0.004463284 0.00088151 0.002570156
v -0.004410479 -0.0001390746 0.002598201
v -0.004346312 0.0009349994 0.002512673
v -0.004350609 -0.0001080262 0.002556171
v -0.004292805 -0.00005000451 0.002545202
v -0.004308046 0.0009000024 0.002542114
v -0.00438324 -0.00008846694 0.002628539
v -0.004363238 0.0008726378 0.002577642
v -0.004249872 0.000009257377 0.002555843
v -0.004272202 0.0008618908 0.002562171
v -0.004199711 0.00006749285 0.002552166
v -0.004235932 0.0008224805 0.002577879
v -0.004248747 0.00005914333 0.002604472
v -0.004276673 0.0008052263 0.002615519
v -0.004148642 0.0001249461 0.002547665
v -0.004198269 0.0007766912 0.002582427
v -0.004096098 0.0001857619 0.002536158
v -0.004071688 0.0002827636 0.002570517
v -0.004077922 0.0005669325 0.002585117
v -0.004144753 0.0006815803 0.002596654
v -0.004146503 0.0001872414 0.002595591
v -0.004219658 0.0007357368 0.002636631
v -0.004056352 0.0003528538 0.002584839
v -0.004027498 0.0005090721 0.002554949
v -0.004026161 0.00038505 0.00256142
v -0.004020852 0.000444626 0.002558222
v -0.004061847 0.0004178058 0.002600165
v -0.004057516 0.000484773 0.002592588
v -0.006797537 -0.002595113 0.002673407
v -0.006810876 -0.002489275 0.002693696
v -0.006835541 -0.002380277 0.002676089
v -0.006844127 -0.002275962 0.002643958
v -0.006832746 -0.002208362 0.002641467
v -0.006813157 -0.002152142 0.002640073
v -0.006776771 -0.002671941 0.002655872
v -0.006779601 -0.002105542 0.002677972
v -0.006722562 -0.002704404 0.002656457
v -0.006750006 -0.002043286 0.002662445
v -0.006710116 -0.001958226 0.002627842
v -0.006725468 -0.002638935 0.002691099
v -0.006736739 -0.002554383 0.002730631
v -0.00678704 -0.002150731 0.002707527
v -0.006682153 -0.002758779 0.002621245
v -0.00667548 -0.001904924 0.002638682
v -0.006601437 -0.00275348 0.002609149
v -0.006632635 -0.001855388 0.002649831
v -0.006645448 -0.002685856 0.002670381
v -0.006660511 -0.002603683 0.002727133
v -0.006672843 -0.001930041 0.002698019
v -0.006558446 -0.002694069 0.00264405
v -0.006582615 -0.001792681 0.002678436
v -0.006536533 -0.001726089 0.002660239
v -0.006570525 -0.002623619 0.002707857
v -0.006598315 -0.001835376 0.002733782
v -0.006513756 -0.002648665 0.002663245
v -0.006489864 -0.001660772 0.002707055
v -0.006460882 -0.002618437 0.002644241
v -0.006402451 -0.002564847 0.00262223
v -0.006454346 -0.001597409 0.002663646
v -0.006416853 -0.001534721 0.002624539
v -0.006499563 -0.002601014 0.002699728
v -0.006373774 -0.002493236 0.002682235
v -0.006388365 -0.001471733 0.002692576
v -0.006309198 -0.002426968 0.002653919
v -0.006354684 -0.001407758 0.002656327
v -0.006318799 -0.001341367 0.00263173
v -0.006284209 -0.001278871 0.002613469
v -0.006264101 -0.002363189 0.002677986
v -0.006252914 -0.001221359 0.002655998
v -0.006221863 -0.002301693 0.002674686
v -0.006204307 -0.001165412 0.00262473
v -0.006257353 -0.002337163 0.002717369
v -0.006176211 -0.002235206 0.002692962
v -0.00616115 -0.001106843 0.002660931
v -0.006139222 -0.002188127 0.002664546
v -0.006095503 -0.002127354 0.002624847
v -0.006104452 -0.001057842 0.002620085
v -0.006160664 -0.002193266 0.002738982
v -0.006062122 -0.002063909 0.002686426
v -0.006063195 -0.0009917571 0.002666138
v -0.006011838 -0.002003971 0.002628772
v -0.006003746 -0.000925259 0.002639055
v -0.005975721 -0.001943615 0.002681865
v -0.00597294 -0.0008625056 0.002659579
v -0.005922287 -0.001872729 0.00263865
v -0.005929627 -0.0008179306 0.002639282
v -0.00596605 -0.0008323725 0.002697284
v -0.005887165 -0.001813974 0.002678348
v -0.005893721 -0.0007409391 0.002663987
v -0.005851653 -0.001763184 0.002646624
v -0.005817243 -0.001697149 0.002654673
v -0.005785218 -0.001641407 0.002609479
v -0.005857395 -0.0006924696 0.002647698
v -0.005817947 -0.0006288136 0.002637862
v -0.005781502 -0.0005723776 0.002617597
v -0.00587516 -0.00177422 0.002728035
v -0.005884058 -0.0006949155 0.002720264
v -0.005750064 -0.001574371 0.002671293
v -0.005752858 -0.0005088839 0.002660191
v -0.00570627 -0.00150145 0.002607194
v -0.005706014 -0.0004473158 0.002632658
v -0.005664326 -0.001444498 0.002683049
v -0.00567779 -0.0003825393 0.002688378
v -0.005627684 -0.001383825 0.002616968
v -0.005582284 -0.001327124 0.0026372
v -0.00562499 -0.0003316274 0.002628661
v -0.005545131 -0.001285719 0.002661978
v -0.005585529 -0.0002569497 0.002655362
v -0.00550376 -0.001220647 0.00264646
v -0.005547142 -0.0002098826 0.002641408
v -0.005503403 -0.0001514034 0.002632768
v -0.005567267 -0.001321678 0.002711411
v -0.005570612 -0.0002165156 0.002709626
v -0.005458449 -0.001157536 0.002692922
v -0.005473505 -0.0000879651 0.002699434
v -0.00541524 -0.001094391 0.002642334
v -0.005416983 -0.0000303754 0.002634007
v -0.005377768 -0.001040045 0.002694928
v -0.005372256 0.00005027159 0.002654441
v -0.005334631 -0.0009851842 0.002649659
v -0.00528928 -0.0009295937 0.002609728
v -0.005335225 0.0000963816 0.002631899
v -0.005297004 0.0001466477 0.002616315
v -0.005348204 0.00009864604 0.002705184
v -0.005249739 -0.0008770354 0.002671121
v -0.005262908 0.0002022031 0.002651492
v -0.005200492 -0.0008284277 0.002621227
v -0.00521597 0.0002602259 0.002634111
v -0.005149772 -0.0007663475 0.002673314
v -0.005178656 0.0003173812 0.002684649
v -0.005101171 -0.0007201473 0.002661908
v -0.005128496 0.0003782433 0.002616668
v -0.005064568 -0.0006709668 0.002683808
v -0.005076136 0.00043704 0.002693434
v -0.005011086 -0.00061723 0.002651403
v -0.005020367 0.0005073327 0.002654153
v -0.004969369 -0.0005665285 0.002667417
v -0.0049585 0.0005522248 0.002702879
v -0.004925753 -0.0005210646 0.002639659
v -0.004934328 0.0006001089 0.002642166
v -0.00495848 -0.000538151 0.002703751
v -0.004869677 -0.0004578361 0.002661286
v -0.004896073 0.0006357923 0.002624694
v -0.004811582 -0.000410476 0.002643542
v -0.004827021 0.0006729429 0.002645769
v -0.004857555 -0.0004273712 0.00270597
v -0.004892473 0.0006108435 0.002689487
v -0.004737229 -0.0003576641 0.002641176
v -0.004755469 0.0007147076 0.002663928
v -0.004693588 -0.0003262249 0.002646909
v -0.004725148 -0.0003225492 0.002699602
v -0.004767533 0.0006773379 0.002710367
v -0.004668144 -0.0002833084 0.002691738
v -0.004711487 0.0007469328 0.002650857
v -0.004583694 -0.0002538183 0.002637051
v -0.004639583 0.000767221 0.002666019
v -0.004697939 0.0007139504 0.002709827
v -0.004532112 -0.0001992514 0.002661036
v -0.004552615 0.000803304 0.002646624
v -0.004563555 0.000761927 0.002700912
v -0.004474361 -0.0001429539 0.002671676
v -0.004446099 0.0008263494 0.002631153
v -0.004428896 -0.00009110598 0.002680421
v -0.004464956 -0.0001047006 0.002708623
v -0.004480475 0.0007687301 0.002697124
v -0.004389499 -0.00005062009 0.002675128
v -0.004351387 0.0008133395 0.002637738
v -0.004347211 -0.00004252558 0.002628275
v -0.00430542 0.00004719889 0.002655054
v -0.004314797 0.0007854317 0.002655985
v -0.00437265 0.000005336059 0.002700735
v -0.00436104 0.00005572451 0.002724171
v -0.004363951 0.0007586396 0.002689716
v -0.004242253 0.0001177565 0.002642667
v -0.004278197 0.0007506994 0.00266697
v -0.004188616 0.0001553571 0.002615668
v -0.004240084 0.0007138905 0.002673479
v -0.004223192 0.000219385 0.002687728
v -0.004224576 0.0003192602 0.002731297
v -0.004276647 0.0006862691 0.002710931
v -0.00417121 0.0002216801 0.002642139
v -0.004204406 0.0006714668 0.00266721
v -0.004127341 0.0002541108 0.002613294
v -0.004110228 0.0003551812 0.002632289
v -0.004115341 0.0004774832 0.002644196
v -0.004154093 0.0005888623 0.002655694
v -0.004171585 0.0002954214 0.002673726
v -0.004180423 0.00040285 0.002705601
v -0.004188781 0.0005165266 0.00270927
v -0.004219851 0.0006077439 0.002711665
v -0.006778578 -0.002410331 0.002745845
v -0.00679552 -0.002309902 0.00272949
v -0.006804872 -0.002213485 0.00270169
v -0.006755058 -0.002483119 0.002752207
v -0.006775591 -0.002177 0.002740524
v -0.006708812 -0.002505383 0.002773671
v -0.006739011 -0.002116587 0.002755806
v -0.00670657 -0.002007911 0.002722961
v -0.006716102 -0.00244218 0.00279051
v -0.006726251 -0.002346026 0.002802527
v -0.006751561 -0.002231684 0.002778247
v -0.006673228 -0.002544292 0.002765197
v -0.00666539 -0.001971015 0.002769144
v -0.006627462 -0.001902903 0.002764259
v -0.006643452 -0.002485275 0.002801555
v -0.006657468 -0.002402842 0.002833271
v -0.006683843 -0.002114948 0.002833039
v -0.006679228 -0.002043915 0.002802916
v -0.00660379 -0.002554538 0.002764313
v -0.006582228 -0.001855335 0.002805572
v -0.006552642 -0.001783387 0.002762357
v -0.006515012 -0.001715352 0.002751868
v -0.006550509 -0.002494138 0.002800337
v -0.006577071 -0.002426472 0.00284168
v -0.006521258 -0.002554778 0.002748855
v -0.006479811 -0.001674827 0.002797696
v -0.006444568 -0.0025456 0.002708412
v -0.00645057 -0.001607799 0.002766773
v -0.006419708 -0.001538483 0.002730605
v -0.00646852 -0.00249137 0.002778238
v -0.006490337 -0.00243116 0.002830704
v -0.00640683 -0.002478964 0.00274721
v -0.006385616 -0.001479862 0.002792639
v -0.006352544 -0.002427155 0.002741641
v -0.006294368 -0.002370913 0.00273214
v -0.006357348 -0.001410516 0.002757682
v -0.006331849 -0.001353397 0.002717952
v -0.006295717 -0.00128524 0.002715298
v -0.006411468 -0.002426964 0.002798755
v -0.006264636 -0.002306413 0.002770935
v -0.006260406 -0.001225505 0.002753152
v -0.006207372 -0.002233995 0.002769944
v -0.006214464 -0.001161555 0.002737667
v -0.006280724 -0.001266404 0.002803636
v -0.006173696 -0.002174038 0.002794508
v -0.006166384 -0.001092374 0.002778236
v -0.006125578 -0.002122614 0.002759973
v -0.00611932 -0.001040865 0.002728893
v -0.006168698 -0.00214345 0.002822374
v -0.006078485 -0.002048919 0.002775498
v -0.006078438 -0.0009787163 0.002792842
v -0.006031829 -0.001990583 0.002755136
v -0.006031191 -0.0009173462 0.002752555
v -0.005991375 -0.0008614929 0.002722865
v -0.006071518 -0.002014484 0.00281138
v -0.005988877 -0.001928223 0.002763283
v -0.005958673 -0.0008019716 0.002762546
v -0.005954395 -0.00189181 0.002733706
v -0.005925084 -0.001816194 0.002777545
v -0.005916539 -0.0007425149 0.002738953
v -0.005976306 -0.001874134 0.002809854
v -0.005968174 -0.001830583 0.002844958
v -0.005883832 -0.001746817 0.002795351
v -0.005889985 -0.0006842045 0.002799505
v -0.005843551 -0.001708655 0.002748839
v -0.00579602 -0.001638035 0.002722632
v -0.005848752 -0.0006347802 0.00274479
v -0.005799903 -0.0005652831 0.002713659
v -0.005869371 -0.00169483 0.002838161
v -0.005765195 -0.001565192 0.00279394
v -0.005767214 -0.0005014247 0.002781584
v -0.0057129 -0.001506108 0.002739619
v -0.005721595 -0.0004382439 0.002736225
v -0.005672653 -0.001440616 0.00280185
v -0.005682789 -0.0003741443 0.002792278
v -0.005613199 -0.001373858 0.00274244
v -0.005647661 -0.0003278707 0.002736137
v -0.005606639 -0.0002665462 0.002735964
v -0.005570927 -0.001322167 0.002772913
v -0.00557403 -0.0002130631 0.002770565
v -0.005534728 -0.00127159 0.002742277
v -0.005495103 -0.001209781 0.002741926
v -0.005529607 -0.0001595495 0.002745887
v -0.005556079 -0.001287212 0.002820091
v -0.005594706 -0.0002447428 0.002816116
v -0.005469858 -0.001157715 0.002790106
v -0.005478679 -0.00008741365 0.002807053
v -0.005423389 -0.001090429 0.00275932
v -0.005431448 -0.0000216024 0.002766567
v -0.005383317 0.00004753507 0.002734824
v -0.005385828 -0.001027484 0.002783249
v -0.005327224 0.0001203999 0.00279214
v -0.005347715 -0.0009825084 0.002754805
v -0.005300748 -0.0009280887 0.002719744
v -0.005304535 0.0001567112 0.002701736
v -0.005370439 -0.0009827997 0.002832682
v -0.005265227 -0.0008623078 0.002787334
v -0.005268357 0.0002074172 0.002718958
v -0.00520932 -0.0008148479 0.002734694
v -0.005224256 0.0002584683 0.002732022
v -0.005269576 0.0001972661 0.002776331
v -0.00517083 -0.0007492627 0.002795347
v -0.005180466 0.0003124088 0.002744259
v -0.005112248 -0.0006983162 0.002756125
v -0.005130119 0.0003618229 0.00274904
v -0.00517899 0.0002984143 0.00279458
v -0.005071091 -0.0006430728 0.002772861
v -0.005077227 0.0004168274 0.002759703
v -0.005033907 -0.0006059497 0.00275132
v -0.004989904 -0.0005613149 0.002732315
v -0.005017757 0.0004648514 0.002766491
v -0.005056627 -0.0005988021 0.002819528
v -0.005074626 0.000389223 0.002815026
v -0.004955018 -0.0004981669 0.002767959
v -0.004946318 0.0005182993 0.002778194
v -0.004897116 -0.0004514325 0.00273512
v -0.004957231 0.0004702286 0.002830344
v -0.004852866 -0.0003878726 0.002770277
v -0.004902371 0.0005661572 0.002752854
v -0.004782056 -0.0003473822 0.002732096
v -0.004818154 0.0006097154 0.002757462
v -0.004881977 0.0005200767 0.002824196
v -0.004743124 -0.0002924891 0.002773627
v -0.004724531 0.0006546571 0.002763953
v -0.004739495 0.0006003243 0.002810724
v -0.004699349 -0.0002379303 0.002798836
v -0.004655961 0.0006820672 0.002763829
v -0.004620967 -0.000199535 0.00275674
v -0.00461248 0.0007247915 0.002731549
v -0.004677695 -0.0001988976 0.002823703
v -0.004653816 0.000622169 0.002814525
v -0.004541002 -0.0001398521 0.002743371
v -0.004526172 0.0007221539 0.002745419
v -0.00449409 -0.0001065324 0.002734643
v -0.004527548 -0.00006537212 0.002798789
v -0.004523084 0.00001151152 0.002848391
v -0.004551324 0.0006113159 0.002829439
v -0.004581703 0.0006749433 0.00278304
v -0.004467465 -0.00006916845 0.002742409
v -0.00443119 0.0007127179 0.002745848
v -0.004423369 -0.00002767094 0.002729974
v -0.004416547 0.00005678476 0.00277794
v -0.004471911 -0.000008769232 0.002790756
v -0.004477966 0.00004747865 0.00283083
v -0.004450992 0.0005885776 0.00283033
v -0.004487008 0.0006629962 0.002790771
v -0.004353406 0.0001162327 0.002751053
v -0.004352127 0.000694063 0.002742196
v -0.00429027 0.0001633148 0.002717998
v -0.00427911 0.0002649472 0.002757434
v -0.004318276 0.000649097 0.00275936
v -0.004343953 0.000215785 0.002789266
v -0.004333675 0.0003273182 0.002813944
v -0.004354855 0.0004303181 0.002833598
v -0.004382557 0.0005256497 0.002832603
v -0.004382684 0.0005891535 0.002813796
v -0.004388844 0.0006440157 0.002785793
v -0.004269096 0.0003424989 0.002775845
v -0.004273063 0.0006185906 0.002749312
v -0.004236075 0.0003880409 0.00275783
v -0.004236669 0.0004618985 0.00275812
v -0.004252382 0.0005499236 0.002756668
v -0.004285131 0.0004090137 0.002794327
v -0.00430157 0.0004957929 0.002798489
v -0.004323857 0.0005848411 0.00278927
v -0.006687146 -0.002269875 0.002846371
v -0.006696125 -0.002184323 0.002834804
v -0.006662187 -0.002336681 0.002854339
v -0.00664823 -0.002148257 0.002874773
v -0.006632502 -0.002076682 0.002869228
v -0.006621889 -0.001979031 0.002839033
v -0.006595565 -0.001907902 0.002834287
v -0.006620625 -0.002288357 0.002885825
v -0.006636858 -0.002213937 0.002885665
v -0.00659839 -0.002356645 0.002872033
v -0.006570062 -0.001879509 0.002853388
v -0.006530465 -0.001830588 0.002868216
v -0.006505596 -0.001742306 0.002827402
v -0.006542786 -0.002295173 0.002903394
v -0.006574186 -0.002233295 0.002912682
v -0.006568523 -0.00213932 0.002919914
v -0.006567126 -0.002025489 0.002910977
v -0.006558347 -0.001925232 0.002890209
v -0.006514709 -0.002364845 0.002873731
v -0.006466296 -0.001698436 0.002866377
v -0.006438998 -0.001634681 0.002855968
v -0.006408182 -0.001552603 0.002837448
v -0.00645147 -0.002293736 0.002900529
v -0.006486843 -0.002210432 0.002933171
v -0.006479216 -0.001819192 0.002934196
v -0.006474829 -0.001758732 0.002902747
v -0.006426874 -0.002363656 0.002853615
v -0.006373875 -0.001491741 0.002868895
v -0.00634152 -0.00235559 0.002806473
v -0.00634927 -0.001428315 0.002851866
v -0.006314248 -0.00133985 0.002820618
v -0.006363993 -0.002293733 0.002873397
v -0.006377493 -0.00221675 0.002923955
v -0.006376216 -0.001532007 0.002907265
v -0.006301729 -0.002288454 0.002837504
v -0.006274097 -0.001285311 0.002869819
v -0.006256169 -0.002247166 0.00282932
v -0.006225608 -0.002168613 0.002863307
v -0.006238994 -0.001217011 0.002842562
v -0.00619318 -0.001137396 0.00283815
v -0.006301208 -0.002233172 0.002880343
v -0.006301941 -0.002177708 0.002918122
v -0.00628518 -0.001328725 0.002905701
v -0.006165341 -0.002103232 0.002855571
v -0.006164984 -0.001091403 0.002842694
v -0.006119302 -0.002037374 0.002853482
v -0.006125701 -0.001045342 0.002849519
v -0.006164934 -0.002060033 0.002892854
v -0.00616071 -0.001107841 0.002892879
v -0.006070575 -0.001970397 0.002850886
v -0.006078118 -0.0009839229 0.002879629
v -0.006022729 -0.001919123 0.002833701
v -0.00601619 -0.001837838 0.002900136
v -0.006034849 -0.0009180117 0.002866878
v -0.005997731 -0.0008529036 0.002816403
v -0.006070373 -0.001896689 0.002910185
v -0.006068828 -0.001845439 0.00294694
v -0.006091911 -0.001021835 0.002921314
v -0.005964991 -0.001783409 0.002886157
v -0.005961726 -0.0007956255 0.002868819
v -0.005918666 -0.001723548 0.002883214
v -0.005925714 -0.000739121 0.00283704
v -0.0059625 -0.001737159 0.002928551
v -0.005879982 -0.001662925 0.002896033
v -0.005888127 -0.000684221 0.002891148
v -0.005830878 -0.001620622 0.002860381
v -0.005858187 -0.0006363098 0.002847505
v -0.00581352 -0.0005711681 0.002836446
v -0.005872246 -0.001629277 0.002922219
v -0.005782204 -0.001546029 0.002885791
v -0.005771625 -0.0005094009 0.002874276
v -0.005732522 -0.00148891 0.002874592
v -0.005725334 -0.0004420456 0.002857383
v -0.00577325 -0.001512878 0.002924543
v -0.005792215 -0.0005516602 0.002923492
v -0.005684664 -0.001425688 0.002892988
v -0.005673893 -0.0003728824 0.002891754
v -0.005642182 -0.001382441 0.002864599
v -0.005595363 -0.001330373 0.002843177
v -0.005633877 -0.0003065489 0.002832419
v -0.005669078 -0.001384404 0.002936097
v -0.005572181 -0.001272832 0.002893093
v -0.005589812 -0.0002570916 0.002891393
v -0.005521065 -0.001216821 0.002841012
v -0.005557868 -0.0002009293 0.002840553
v -0.005512731 -0.0001448495 0.002861698
v -0.005485305 -0.001144585 0.002865411
v -0.005472343 -0.00009682143 0.002889157
v -0.005452091 -0.001103473 0.002841279
v -0.005421751 -0.001025644 0.002877661
v -0.005433985 -0.00003914334 0.002869507
v -0.005381227 0.00004107217 0.002845398
v -0.005473727 -0.001086443 0.002910897
v -0.005463856 -0.001039976 0.002940007
v -0.005489355 -0.0001366805 0.002928386
v -0.005378278 -0.0009566733 0.002890049
v -0.005321431 0.00009915733 0.002889297
v -0.005330237 -0.0009110856 0.00285462
v -0.005368571 -0.0009224237 0.002916191
v -0.005355604 0.00005298424 0.002916313
v -0.005281377 -0.0008402186 0.002876883
v -0.005255607 0.0001744994 0.002868479
v -0.005233098 -0.0007867631 0.002864871
v -0.00521784 0.0002448375 0.002820356
v -0.005272801 -0.0008070194 0.002914589
v -0.005188217 -0.0007253713 0.002881726
v -0.005179084 0.0002787017 0.002841874
v -0.005146075 -0.0006888201 0.002856562
v -0.005097972 -0.0006307608 0.00284918
v -0.005126812 0.0003173547 0.002852238
v -0.005175934 -0.000683451 0.002920266
v -0.005182295 0.0002450536 0.002880437
v -0.005066449 -0.0005749643 0.002870913
v -0.005071163 0.0003600978 0.002865929
v -0.005021055 -0.0005332184 0.002841491
v -0.005010431 0.0003982564 0.002871872
v -0.005060763 -0.0005430741 0.002898004
v -0.005064278 0.0003279237 0.002906336
v -0.004973932 -0.0004646489 0.002855708
v -0.004918048 0.0004355721 0.002893624
v -0.004924393 -0.0004141057 0.002844058
v -0.004966643 -0.0004288374 0.00288973
v -0.004961788 0.0003826862 0.002925261
v -0.004875491 -0.0003547672 0.002856971
v -0.004827462 0.0004739566 0.002892233
v -0.004820463 -0.0003098706 0.002843734
v -0.00478841 0.0005455566 0.002842623
v -0.004868733 -0.0003224955 0.00288936
v -0.004760753 -0.0002496973 0.002853678
v -0.004702907 0.0005533116 0.002859266
v -0.004723527 -0.0001974028 0.002871735
v -0.004767148 -0.000218005 0.002896054
v -0.004750146 0.0004985012 0.002891687
v -0.004666199 -0.0001561844 0.002852446
v -0.004613091 0.0005544449 0.002866306
v -0.004601444 -0.0001131711 0.002825838
v -0.004598386 -0.00002200609 0.002887601
v -0.004656765 -0.00008875939 0.00289668
v -0.00465569 -0.00004223249 0.002924784
v -0.004667292 0.0004813027 0.002907165
v -0.004554824 0.00005111605 0.002892678
v -0.004525551 0.0005435278 0.002866979
v -0.004511938 0.00006952959 0.002869408
v -0.004538201 0.0001269421 0.002905394
v -0.004546687 0.0002269307 0.002927468
v -0.004561786 0.0003218236 0.002934213
v -0.004589549 0.0004173977 0.002924114
v -0.004579844 0.0004966523 0.002895625
v -0.00447015 0.0001099955 0.002850995
v -0.004457712 0.0005193119 0.002862559
v -0.004409445 0.0001598617 0.002820218
v -0.004407226 0.0002603852 0.002848767
v -0.004414654 0.0003606378 0.002865404
v -0.004432906 0.0004519136 0.002869111
v -0.004473605 0.0001975325 0.002879378
v -0.004480807 0.0002944701 0.00289744
v -0.00449575 0.0003887474 0.00290161
v -0.004511104 0.0004723121 0.00289125
v -0.00649735 -0.002055519 0.002958888
v -0.006501998 -0.001966148 0.002951764
v -0.006496476 -0.001883096 0.002939091
v -0.00647779 -0.00212707 0.002958469
v -0.006448637 -0.001843937 0.002971362
v -0.006430636 -0.001776703 0.002962892
v -0.006420388 -0.001686391 0.002931105
v -0.006394958 -0.001595646 0.002916217
v -0.006419876 -0.0020705 0.002980573
v -0.006432813 -0.001989707 0.002987515
v -0.006441212 -0.001907008 0.002984116
v -0.006407585 -0.002145649 0.002961279
v -0.00635423 -0.001550898 0.002954826
v -0.006340188 -0.002149722 0.002950675
v -0.006335437 -0.001474794 0.002932584
v -0.006308857 -0.001386984 0.002912333
v -0.006343303 -0.00208673 0.002973827
v -0.006353872 -0.002005971 0.002995565
v -0.006370327 -0.001921961 0.003007817
v -0.006381027 -0.00182828 0.003004124
v -0.00636277 -0.001720403 0.00299709
v -0.006355508 -0.001621817 0.002979507
v -0.006278487 -0.002115639 0.002938491
v -0.006277404 -0.001352258 0.002945043
v -0.006209827 -0.002081817 0.002913859
v -0.00623086 -0.001289911 0.002953653
v -0.006191703 -0.001179468 0.002916302
v -0.00626391 -0.002025814 0.002969199
v -0.006290005 -0.001934121 0.003006091
v -0.00631323 -0.001859879 0.003021448
v -0.006283215 -0.001761717 0.003031323
v -0.006289038 -0.001644743 0.003030098
v -0.00629334 -0.001532299 0.003006529
v -0.006268367 -0.001408278 0.002983958
v -0.006178634 -0.002016036 0.002927489
v -0.006148 -0.001135751 0.002952755
v -0.006126421 -0.001951837 0.002922173
v -0.006130584 -0.001849113 0.002982
v -0.006119562 -0.001076789 0.002936151
v -0.006202864 -0.001937937 0.002977643
v -0.006234104 -0.001850487 0.003016842
v -0.006156181 -0.001281485 0.003038784
v -0.006156029 -0.001202799 0.002992308
v -0.006063769 -0.00179663 0.002975662
v -0.006076649 -0.001043136 0.002972135
v -0.006009714 -0.001745406 0.002967034
v -0.00604349 -0.0009726743 0.00295009
v -0.006003311 -0.0008978545 0.002945856
v -0.005988583 -0.0008475289 0.002904866
v -0.006058249 -0.001748381 0.003003718
v -0.006093562 -0.001210738 0.003057709
v -0.006094857 -0.001118821 0.003005075
v -0.005960435 -0.001694091 0.002962832
v -0.005959377 -0.0008045154 0.002927243
v -0.00591511 -0.00164101 0.002961006
v -0.005919405 -0.0007512918 0.002938566
v -0.005959421 -0.001651793 0.002995749
v -0.006030835 -0.001129983 0.00306592
v -0.006018191 -0.001031152 0.003026786
v -0.005979451 -0.0009264377 0.003007315
v -0.005953579 -0.0008366788 0.002975652
v -0.00586666 -0.001590691 0.002955631
v -0.005880671 -0.0006893456 0.002948948
v -0.005818121 -0.00153434 0.002957426
v -0.005834542 -0.0006280687 0.002947346
v -0.00586325 -0.001550287 0.002992697
v -0.00586656 -0.0007056079 0.002995876
v -0.00576691 -0.001477682 0.002961539
v -0.005780913 -0.0005655804 0.002981414
v -0.005719572 -0.001419388 0.002967067
v -0.00574371 -0.0004992427 0.002953042
v -0.005694901 -0.0004241922 0.00294852
v -0.005763163 -0.001441867 0.002998899
v -0.005786934 -0.0006065906 0.003018156
v -0.005678854 -0.001364899 0.002980167
v -0.005664924 -0.000379104 0.002950097
v -0.005634225 -0.001320115 0.002950494
v -0.00562403 -0.0003283512 0.002945555
v -0.00567382 -0.001337081 0.002999478
v -0.005654691 -0.000397375 0.002993244
v -0.00559088 -0.001249446 0.002958116
v -0.005581321 -0.0002700551 0.002948581
v -0.005554244 -0.00121658 0.002926735
v -0.005524228 -0.00114699 0.002937022
v -0.005511165 -0.001054313 0.002990377
v -0.005532015 -0.0002084656 0.002944086
v -0.005578845 -0.001189817 0.002986717
v -0.005565513 -0.001117357 0.003014626
v -0.005560067 -0.00106754 0.003036038
v -0.005568733 -0.0002920805 0.002994473
v -0.005458291 -0.0009957373 0.002969236
v -0.00548382 -0.0001528758 0.002964398
v -0.00541133 -0.0009378191 0.002958649
v -0.005431292 -0.00009247958 0.002964427
v -0.005387468 2.472005e-7 0.00292726
v -0.005455391 -0.0009519523 0.003000197
v -0.005471253 -0.0001801295 0.003003486
v -0.005362591 -0.000883945 0.002949537
v -0.005346502 0.00003491512 0.002956467
v -0.005316666 -0.0008272273 0.002949378
v -0.005320743 0.00007272141 0.002943094
v -0.005359535 -0.000843824 0.002986601
v -0.005356268 -0.00007829764 0.003032105
v -0.005353308 -0.00001426385 0.00298833
v -0.005268894 -0.0007708278 0.002951594
v -0.005264719 0.0001129614 0.002945526
v -0.005226071 -0.0007111747 0.002955961
v -0.005268638 -0.0007338246 0.002989636
v -0.005283323 -0.00001076721 0.003036717
v -0.005296435 0.00004904529 0.00298562
v -0.005185424 -0.0006518094 0.002964524
v -0.0051836 0.0001815837 0.002942992
v -0.005143614 -0.0006358073 0.002921678
v -0.005101255 -0.0005666047 0.002928389
v -0.005115648 0.0002606036 0.002926439
v -0.005164513 -0.00058998 0.002985767
v -0.005124917 -0.0004941579 0.003007313
v -0.005112113 -0.0003925909 0.003055363
v -0.005192332 0.00008573894 0.003015019
v -0.005057257 -0.0004979123 0.002933804
v -0.005048234 0.0002831296 0.002954409
v -0.005003011 -0.0004517814 0.002910851
v -0.005003077 0.0003386021 0.002938081
v -0.005035062 -0.0004027909 0.002986275
v -0.005038666 -0.0003016242 0.003050823
v -0.005072334 0.0001082657 0.003047052
v -0.005078508 0.0001986559 0.002991505
v -0.004964207 -0.0003891994 0.002925818
v -0.004952461 0.000347829 0.002957432
v -0.004908335 -0.0003435307 0.002909225
v -0.004918961 0.0003844031 0.002942546
v -0.004946367 -0.0003022633 0.002979263
v -0.004954861 -0.0002017474 0.003042711
v -0.00495984 0.0001764593 0.003033909
v -0.004974927 0.0002823085 0.002984149
v -0.004868351 -0.0002858005 0.002923537
v -0.004858182 0.0004038324 0.002940491
v -0.004808235 -0.0002410631 0.00290899
v -0.004856441 -0.0002020716 0.002974702
v -0.00486762 -0.00009520815 0.003029023
v -0.004852736 0.00002002065 0.003043295
v -0.004868817 0.000122494 0.00304451
v -0.004854164 0.0002127146 0.003026399
v -0.004882532 0.0002757843 0.003004967
v -0.004900993 0.0003424702 0.00297277
v -0.004775047 -0.0001838998 0.002928491
v -0.00476166 0.0004249583 0.002937198
v -0.004717128 -0.0001337745 0.002916126
v -0.004704524 -0.00006291164 0.002947231
v -0.004778804 -0.0001131598 0.00297066
v -0.004758291 -0.000006728627 0.00299606
v -0.004769572 0.0001022861 0.003017518
v -0.004778619 0.0001967574 0.003017995
v -0.004794043 0.0002775182 0.003003902
v -0.004820603 0.0003477959 0.00297726
v -0.00466642 0.000004260503 0.002949314
v -0.004678214 0.000404351 0.002945439
v -0.004607454 0.00006842793 0.002932688
v -0.004613501 0.0001584653 0.002955211
v -0.004626047 0.0002512928 0.002965191
v -0.004647285 0.0003376664 0.002960655
v -0.004682563 0.00008622838 0.002978932
v -0.004693768 0.0001797548 0.002992786
v -0.004709405 0.0002678538 0.002990978
v -0.00473325 0.0003462849 0.002974256
v -0.006206003 -0.001665795 0.003056579
v -0.006214615 -0.001563444 0.003060016
v -0.00621116 -0.001459892 0.003051332
v -0.006193805 -0.001362719 0.00303823
v -0.006180969 -0.001759836 0.003034908
v -0.006135498 -0.001330999 0.003075335
v -0.006102463 -0.0017547 0.003019996
v -0.006105478 -0.001281328 0.003079661
v -0.006121242 -0.001678475 0.003053623
v -0.006130558 -0.001585124 0.003076173
v -0.00613634 -0.001487942 0.003086278
v -0.006136952 -0.001397185 0.003084015
v -0.006055998 -0.001699592 0.003026158
v -0.006058984 -0.00124972 0.003094082
v -0.005998594 -0.001667078 0.003011919
v -0.006031634 -0.001195774 0.003090985
v -0.006039637 -0.001608388 0.003056813
v -0.006047616 -0.001504905 0.00308888
v -0.006055809 -0.001409423 0.003103529
v -0.006066832 -0.001319248 0.003101445
v -0.005961762 -0.001608492 0.003022858
v -0.005979161 -0.001148287 0.003098956
v -0.005903772 -0.001569065 0.003009256
v -0.005952902 -0.001064056 0.003085363
v -0.005930258 -0.0009612046 0.00306693
v -0.005909796 -0.0008640068 0.003046129
v -0.005891424 -0.0007793234 0.003019845
v -0.00594853 -0.00151936 0.003059723
v -0.005958963 -0.001416944 0.0030966
v -0.005970364 -0.001321003 0.003112521
v -0.0059837 -0.001226682 0.003110423
v -0.005865382 -0.001509417 0.003022996
v -0.005839393 -0.0007298184 0.003048868
v -0.005804908 -0.001464891 0.00301229
v -0.00581282 -0.0006662122 0.00303303
v -0.005853801 -0.001422643 0.003062867
v -0.005867404 -0.001322504 0.003099778
v -0.005877871 -0.001223265 0.003115238
v -0.005886863 -0.00111403 0.00311321
v -0.005859832 -0.0009911461 0.00310601
v -0.005846574 -0.0008866697 0.003094151
v -0.00583958 -0.0007947123 0.003074654
v -0.005767954 -0.001405041 0.003027764
v -0.005759012 -0.0006262916 0.003060449
v -0.00571187 -0.001358888 0.003017379
v -0.005729904 -0.000551133 0.003034174
v -0.005687789 -0.0004652503 0.003013343
v -0.00576339 -0.001324031 0.003063751
v -0.005777167 -0.00122772 0.003097686
v -0.005776517 -0.001124672 0.003111911
v -0.00576884 -0.00101282 0.003117584
v -0.005762997 -0.0009030192 0.003118928
v -0.005762485 -0.0008016843 0.003110631
v -0.005769659 -0.0007046082 0.003085057
v -0.005681926 -0.001302609 0.003024033
v -0.005635325 -0.0004264218 0.003041952
v -0.005631073 -0.001243442 0.003010171
v -0.00562518 -0.001167669 0.003043378
v -0.005608564 -0.00108868 0.003061768
v -0.00560246 -0.0003635531 0.003022756
v -0.005692611 -0.001233582 0.003061593
v -0.005688632 -0.001143659 0.003086223
v -0.005659346 -0.001030793 0.003096506
v -0.005662656 -0.000914802 0.003115436
v -0.005667702 -0.000809144 0.003125216
v -0.005673714 -0.0007076047 0.003119608
v -0.00567884 -0.0006016017 0.003094114
v -0.005648532 -0.0004944818 0.003068978
v -0.005563225 -0.001020419 0.0030542
v -0.005546869 -0.000326627 0.003046267
v -0.005498305 -0.0009734828 0.003025442
v -0.005509309 -0.000256621 0.003025835
v -0.005550632 -0.0009240221 0.003077884
v -0.00556259 -0.0008149701 0.003111159
v -0.00557206 -0.0007125346 0.00312779
v -0.005577099 -0.0006111573 0.003125959
v -0.005573159 -0.0005085589 0.003108871
v -0.005567616 -0.0004073095 0.003075968
v -0.005460121 -0.0009096866 0.003028274
v -0.005448838 -0.0002218102 0.003052474
v -0.005400375 -0.0008648419 0.003006959
v -0.005406518 -0.0001515472 0.003039528
v -0.005451946 -0.0008199537 0.003066126
v -0.005467004 -0.000716223 0.003107863
v -0.005475244 -0.0006158759 0.003127627
v -0.00547664 -0.0005148293 0.003128303
v -0.00547509 -0.0004127297 0.003112278
v -0.005472949 -0.0003081255 0.003079418
v -0.005365098 -0.0008040433 0.003019099
v -0.005344989 -0.0001277301 0.003067928
v -0.00530832 -0.0007578537 0.003005257
v -0.005304612 -0.00007745087 0.003065451
v -0.005361617 -0.0007189803 0.003062749
v -0.005375856 -0.000620687 0.00310434
v -0.00537551 -0.0005192248 0.003122811
v -0.005373629 -0.0004153954 0.003124863
v -0.005374927 -0.0003131178 0.003111713
v -0.005373039 -0.0002091746 0.003084735
v -0.005278472 -0.0006969156 0.003021684
v -0.0052549 -0.00005043858 0.003073509
v -0.005224962 -0.0006380843 0.003012678
v -0.005213251 -0.0005558898 0.003046367
v -0.005194167 -0.0004604794 0.003074445
v -0.005212828 0.000002455028 0.003061373
v -0.005289278 -0.000626129 0.003064192
v -0.005285022 -0.0005323024 0.003094469
v -0.005262001 -0.0004164432 0.003111807
v -0.005271472 -0.0003120411 0.00311934
v -0.005276351 -0.0002151556 0.003109841
v -0.005276493 -0.0001214869 0.003090302
v -0.005168836 -0.0003782997 0.003092833
v -0.005137635 0.00003007201 0.003068406
v -0.005112986 -0.0003271433 0.003084898
v -0.005164241 -0.0003010789 0.003107364
v -0.005176597 -0.0002108411 0.003112952
v -0.005184111 -0.0001228502 0.003104727
v -0.005193373 -0.00004759281 0.003087091
v -0.005083842 -0.0002698536 0.003089626
v -0.005062756 0.00005072645 0.003076273
v -0.005030244 -0.0002272586 0.003078079
v -0.005008954 0.00009609658 0.003065905
v -0.005077991 -0.0002004218 0.003099888
v -0.005090328 -0.0001177957 0.003103503
v -0.005096211 -0.00002815392 0.003092505
v -0.005002727 -0.0001719601 0.003080917
v -0.004953217 0.00009585915 0.003064588
v -0.00495145 -0.0001249365 0.003067841
v -0.004934652 -0.00005098963 0.003070334
v -0.004934718 0.00003370016 0.003070869
v -0.005008713 -0.0001153371 0.003090415
v -0.005009438 -0.00003805746 0.003089919
v -0.005008167 0.00003735321 0.003081772
f 1 21 29
f 1 2 22
f 21 1 22
f 2 3 23
f 22 2 23
f 23 3 30
f 4 1 29
f 35 4 29
f 2 1 5
f 5 1 4
f 3 2 6
f 6 2 5
f 31 30 3
f 31 3 7
f 7 3 6
f 31 7 36
f 4 35 37
f 37 42 8
f 37 8 4
f 4 8 5
f 6 5 9
f 9 5 8
f 7 6 10
f 10 6 9
f 38 36 7
f 38 7 11
f 11 7 10
f 38 11 43
f 8 42 44
f 44 50 12
f 44 12 8
f 8 12 9
f 10 9 13
f 13 9 12
f 11 10 14
f 14 10 13
f 45 43 11
f 45 11 15
f 15 11 14
f 45 15 51
f 16 12 50
f 56 16 50
f 13 12 17
f 17 12 16
f 14 13 18
f 18 13 17
f 15 14 19
f 19 14 18
f 57 51 15
f 19 57 15
f 16 56 58
f 17 16 58
f 59 17 58
f 59 64 20
f 59 20 17
f 17 20 18
f 65 60 19
f 65 19 20
f 20 19 18
f 57 19 60
f 20 64 66
f 65 20 66
f 24 89 100
f 24 25 90
f 89 24 90
f 25 26 91
f 90 25 91
f 26 27 92
f 91 26 92
f 27 28 93
f 92 27 93
f 93 28 101
f 32 24 100
f 106 32 100
f 25 24 33
f 33 24 32
f 21 33 29
f 21 26 33
f 26 25 33
f 22 26 21
f 27 26 22
f 23 27 22
f 28 27 23
f 30 34 102
f 23 30 102
f 23 102 101
f 23 101 28
f 102 34 107
f 32 106 108
f 108 114 39
f 108 39 32
f 32 39 33
f 29 39 35
f 33 39 29
f 30 31 34
f 36 40 109
f 31 36 109
f 31 109 107
f 31 107 34
f 40 41 110
f 109 40 110
f 110 41 115
f 46 39 114
f 120 46 114
f 35 47 37
f 35 39 47
f 39 46 47
f 37 47 42
f 36 38 40
f 43 40 38
f 43 48 40
f 48 41 40
f 116 115 41
f 116 41 49
f 49 41 48
f 116 49 121
f 46 120 122
f 122 126 52
f 122 52 46
f 46 52 47
f 42 53 44
f 42 47 53
f 47 52 53
f 44 53 50
f 43 45 48
f 51 48 45
f 51 54 48
f 54 49 48
f 123 121 49
f 123 49 55
f 55 49 54
f 123 55 127
f 52 126 128
f 128 131 61
f 128 61 52
f 52 61 53
f 50 61 56
f 53 61 50
f 54 57 62
f 51 57 54
f 55 54 63
f 63 54 62
f 132 127 55
f 63 132 55
f 61 131 133
f 67 133 136
f 58 133 67
f 58 61 133
f 58 56 61
f 58 68 59
f 67 68 58
f 59 68 64
f 60 65 69
f 60 62 57
f 60 69 62
f 69 70 62
f 63 62 71
f 71 62 70
f 137 132 63
f 71 137 63
f 67 136 138
f 138 143 72
f 138 72 67
f 67 72 68
f 64 73 66
f 64 68 73
f 68 72 73
f 66 69 65
f 66 73 69
f 73 74 69
f 70 69 75
f 75 69 74
f 71 70 76
f 76 70 75
f 144 137 71
f 76 144 71
f 72 143 145
f 145 150 77
f 145 77 72
f 72 77 73
f 74 73 78
f 78 73 77
f 75 74 79
f 79 74 78
f 76 75 80
f 80 75 79
f 151 144 76
f 80 151 76
f 77 150 152
f 78 77 152
f 153 78 152
f 79 78 153
f 154 79 153
f 80 79 154
f 155 80 154
f 151 80 155
f 81 166 176
f 81 82 167
f 166 81 167
f 82 83 168
f 167 82 168
f 83 84 169
f 168 83 169
f 169 84 177
f 81 176 178
f 178 182 85
f 178 85 81
f 81 85 82
f 83 82 86
f 86 82 85
f 84 83 87
f 87 83 86
f 179 177 84
f 179 84 88
f 88 84 87
f 179 88 183
f 94 85 182
f 190 94 182
f 86 85 95
f 95 85 94
f 87 86 96
f 96 86 95
f 88 87 97
f 97 87 96
f 184 183 88
f 184 88 98
f 98 88 97
f 98 99 185
f 184 98 185
f 185 99 191
f 103 94 190
f 197 103 190
f 89 103 100
f 89 95 103
f 95 94 103
f 90 95 89
f 96 95 90
f 91 96 90
f 97 96 91
f 92 97 91
f 98 97 92
f 93 98 92
f 99 98 93
f 101 104 192
f 93 101 192
f 93 192 191
f 93 191 99
f 104 105 193
f 192 104 193
f 193 105 198
f 111 103 197
f 202 111 197
f 100 111 106
f 103 111 100
f 101 102 104
f 107 104 102
f 107 112 104
f 112 105 104
f 199 198 105
f 199 105 113
f 113 105 112
f 199 113 203
f 111 202 204
f 117 204 209
f 108 204 117
f 108 111 204
f 108 106 111
f 108 117 114
f 107 109 112
f 110 112 109
f 113 112 110
f 115 118 205
f 110 115 205
f 110 205 203
f 110 203 113
f 118 119 206
f 205 118 206
f 206 119 210
f 124 117 209
f 213 124 209
f 114 124 120
f 117 124 114
f 115 116 118
f 121 118 116
f 121 125 118
f 125 119 118
f 214 210 119
f 125 214 119
f 124 213 215
f 129 215 218
f 122 215 129
f 122 124 215
f 122 120 124
f 122 129 126
f 121 123 125
f 127 130 216
f 123 127 216
f 123 216 214
f 123 214 125
f 216 130 219
f 129 218 220
f 134 220 222
f 128 220 134
f 128 129 220
f 128 126 129
f 128 134 131
f 130 132 135
f 127 132 130
f 223 219 130
f 135 223 130
f 139 134 222
f 227 139 222
f 131 140 133
f 131 134 140
f 134 139 140
f 133 140 136
f 135 137 141
f 132 137 135
f 224 223 135
f 224 135 142
f 142 135 141
f 224 142 228
f 139 227 229
f 229 230 146
f 229 146 139
f 139 146 140
f 136 147 138
f 136 140 147
f 140 146 147
f 138 147 143
f 141 144 148
f 137 144 141
f 142 141 149
f 149 141 148
f 231 228 142
f 149 231 142
f 146 230 232
f 232 234 156
f 232 156 146
f 146 156 147
f 143 157 145
f 143 147 157
f 147 156 157
f 145 157 150
f 148 151 158
f 144 151 148
f 149 148 159
f 159 148 158
f 235 231 149
f 159 235 149
f 156 234 236
f 236 239 160
f 236 160 156
f 156 160 157
f 150 161 152
f 150 157 161
f 157 160 161
f 152 162 153
f 161 162 152
f 153 163 154
f 162 163 153
f 154 164 155
f 163 164 154
f 155 158 151
f 155 164 158
f 164 165 158
f 240 237 159
f 240 159 165
f 165 159 158
f 235 159 237
f 160 239 241
f 161 160 241
f 242 161 241
f 162 161 242
f 243 162 242
f 163 162 243
f 244 163 243
f 164 163 244
f 245 164 244
f 165 164 245
f 246 165 245
f 240 165 246
f 170 267 279
f 170 171 268
f 267 170 268
f 171 172 269
f 268 171 269
f 172 173 270
f 269 172 270
f 173 174 271
f 270 173 271
f 174 175 272
f 271 174 272
f 272 175 280
f 170 279 281
f 281 285 180
f 281 180 170
f 170 180 171
f 166 180 176
f 166 172 180
f 172 171 180
f 167 172 166
f 173 172 167
f 168 173 167
f 174 173 168
f 169 174 168
f 175 174 169
f 177 181 282
f 169 177 282
f 169 282 280
f 169 280 175
f 282 181 286
f 186 180 285
f 292 186 285
f 176 187 178
f 176 180 187
f 180 186 187
f 178 187 182
f 177 179 181
f 183 188 287
f 179 183 287
f 179 287 286
f 179 286 181
f 188 189 288
f 287 188 288
f 288 189 293
f 186 292 294
f 294 300 194
f 294 194 186
f 186 194 187
f 182 194 190
f 187 194 182
f 183 184 188
f 185 188 184
f 189 188 185
f 191 195 295
f 185 191 295
f 185 295 293
f 185 293 189
f 195 196 296
f 295 195 296
f 296 196 301
f 200 194 300
f 305 200 300
f 190 200 197
f 194 200 190
f 191 192 195
f 193 195 192
f 196 195 193
f 198 201 302
f 193 198 302
f 193 302 301
f 193 301 196
f 302 201 306
f 200 305 307
f 307 197 200
f 307 312 197
f 312 202 197
f 198 199 201
f 203 207 308
f 199 203 308
f 199 308 306
f 199 306 201
f 207 208 309
f 308 207 309
f 309 208 313
f 211 204 202
f 211 202 317
f 317 202 312
f 204 211 209
f 203 205 207
f 206 207 205
f 208 207 206
f 210 212 314
f 206 210 314
f 206 314 313
f 206 313 208
f 314 212 318
f 211 317 319
f 319 209 211
f 319 320 209
f 320 213 209
f 212 214 217
f 210 214 212
f 321 318 212
f 217 321 212
f 213 320 322
f 215 213 322
f 322 218 215
f 324 218 322
f 214 216 217
f 219 221 323
f 216 219 323
f 216 323 321
f 216 321 217
f 323 221 325
f 225 220 218
f 225 218 327
f 327 218 324
f 220 225 222
f 221 223 226
f 219 223 221
f 328 325 221
f 226 328 221
f 225 327 329
f 329 222 225
f 329 330 222
f 330 227 222
f 223 224 226
f 226 224 228
f 226 228 328
f 328 228 331
f 233 229 227
f 233 227 333
f 333 227 330
f 229 233 230
f 228 231 331
f 331 231 334
f 233 333 335
f 238 335 336
f 232 335 238
f 232 233 335
f 232 230 233
f 232 238 234
f 231 235 334
f 334 235 337
f 238 336 338
f 247 338 341
f 236 338 247
f 236 238 338
f 236 234 238
f 236 247 239
f 237 342 339
f 240 342 237
f 337 235 237
f 339 337 237
f 247 341 343
f 239 247 343
f 239 343 241
f 241 343 344
f 248 344 348
f 248 242 344
f 242 241 344
f 242 249 243
f 248 249 242
f 243 250 244
f 249 250 243
f 349 244 250
f 349 345 244
f 345 245 244
f 246 245 346
f 245 345 346
f 342 240 246
f 346 342 246
f 248 348 350
f 249 248 350
f 351 249 350
f 250 249 351
f 352 250 351
f 349 250 352
f 251 358 363
f 358 251 364
f 252 251 363
f 373 252 363
f 365 364 251
f 365 251 253
f 253 251 252
f 253 254 366
f 365 253 366
f 254 255 367
f 366 254 367
f 367 255 374
f 256 252 373
f 378 256 373
f 253 252 257
f 257 252 256
f 254 253 258
f 258 253 257
f 255 254 259
f 259 254 258
f 375 374 255
f 375 255 260
f 260 255 259
f 375 260 379
f 256 378 380
f 380 385 261
f 380 261 256
f 256 261 257
f 258 257 262
f 262 257 261
f 259 258 263
f 263 258 262
f 260 259 264
f 264 259 263
f 381 379 260
f 381 260 265
f 265 260 264
f 265 266 382
f 381 265 382
f 382 266 386
f 261 385 387
f 387 391 273
f 387 273 261
f 261 273 262
f 263 262 274
f 274 262 273
f 264 263 275
f 275 263 274
f 265 264 276
f 276 264 275
f 266 265 277
f 277 265 276
f 388 386 266
f 388 266 278
f 278 266 277
f 388 278 392
f 283 273 391
f 398 283 391
f 267 283 279
f 267 274 283
f 274 273 283
f 268 274 267
f 275 274 268
f 269 275 268
f 276 275 269
f 270 276 269
f 277 276 270
f 271 277 270
f 278 277 271
f 278 393 392
f 278 271 393
f 271 272 393
f 280 284 394
f 280 394 272
f 272 394 393
f 394 284 399
f 283 398 400
f 289 400 405
f 281 400 289
f 281 283 400
f 281 279 283
f 281 289 285
f 280 282 284
f 286 290 401
f 282 286 401
f 282 401 399
f 282 399 284
f 290 291 402
f 401 290 402
f 402 291 406
f 297 289 405
f 412 297 405
f 285 297 292
f 289 297 285
f 286 287 290
f 288 290 287
f 291 290 288
f 293 298 407
f 288 293 407
f 288 407 406
f 288 406 291
f 298 299 408
f 407 298 408
f 408 299 413
f 297 412 414
f 303 414 418
f 294 414 303
f 294 297 414
f 294 292 297
f 294 303 300
f 293 295 298
f 296 298 295
f 299 298 296
f 301 304 415
f 296 301 415
f 296 415 413
f 296 413 299
f 415 304 419
f 303 418 420
f 420 300 303
f 420 425 300
f 425 305 300
f 301 302 304
f 306 310 421
f 302 306 421
f 302 421 419
f 302 419 304
f 310 311 422
f 421 310 422
f 422 311 426
f 315 307 305
f 315 305 428
f 428 305 425
f 307 315 312
f 306 308 310
f 309 310 308
f 311 310 309
f 313 316 427
f 309 313 427
f 309 427 426
f 309 426 311
f 427 316 429
f 315 428 430
f 430 312 315
f 430 431 312
f 431 317 312
f 313 314 316
f 316 314 318
f 316 318 429
f 429 318 432
f 317 431 433
f 319 317 433
f 433 320 319
f 434 320 433
f 318 321 432
f 432 321 435
f 326 322 320
f 326 320 438
f 438 320 434
f 322 326 324
f 321 436 435
f 323 436 321
f 436 323 325
f 439 436 325
f 326 438 440
f 440 324 326
f 440 442 324
f 442 327 324
f 325 328 439
f 439 328 443
f 332 329 327
f 332 327 445
f 445 327 442
f 329 332 330
f 328 331 443
f 443 331 446
f 332 445 447
f 447 330 332
f 447 449 330
f 449 333 330
f 331 334 446
f 446 334 450
f 333 449 451
f 335 333 451
f 451 336 335
f 455 336 451
f 340 456 452
f 340 452 450
f 340 450 337
f 337 450 334
f 336 455 457
f 338 336 457
f 457 341 338
f 462 341 457
f 347 463 458
f 456 347 458
f 340 347 456
f 340 342 347
f 340 339 342
f 337 339 340
f 341 462 464
f 343 341 464
f 344 343 465
f 343 464 465
f 465 348 344
f 468 348 465
f 345 469 466
f 349 469 345
f 463 347 346
f 463 346 466
f 466 346 345
f 342 346 347
f 348 468 470
f 350 348 470
f 351 350 471
f 350 470 471
f 352 351 472
f 351 471 472
f 469 349 352
f 472 469 352
f 353 477 482
f 477 353 483
f 354 353 482
f 492 354 482
f 484 483 353
f 484 353 355
f 355 353 354
f 355 356 485
f 484 355 485
f 356 357 486
f 485 356 486
f 486 357 493
f 354 492 494
f 494 498 359
f 494 359 354
f 354 359 355
f 356 355 360
f 360 355 359
f 357 356 361
f 361 356 360
f 495 493 357
f 495 357 362
f 362 357 361
f 495 362 499
f 368 359 498
f 504 368 498
f 360 359 369
f 369 359 368
f 358 369 363
f 358 361 369
f 361 360 369
f 364 361 358
f 364 370 361
f 370 362 361
f 500 499 362
f 500 362 371
f 371 362 370
f 371 372 501
f 500 371 501
f 501 372 505
f 368 504 506
f 506 509 376
f 506 376 368
f 368 376 369
f 363 376 373
f 369 376 363
f 364 365 370
f 366 370 365
f 371 370 366
f 367 371 366
f 372 371 367
f 374 377 507
f 367 374 507
f 367 507 505
f 367 505 372
f 507 377 510
f 383 376 509
f 514 383 509
f 373 383 378
f 376 383 373
f 374 375 377
f 379 384 511
f 375 379 511
f 375 511 510
f 375 510 377
f 511 384 515
f 383 514 516
f 389 516 520
f 380 516 389
f 380 383 516
f 380 378 383
f 380 389 385
f 379 381 384
f 384 517 515
f 384 381 517
f 381 382 517
f 386 390 518
f 386 518 382
f 382 518 517
f 518 390 521
f 389 520 522
f 395 522 525
f 387 522 395
f 387 389 522
f 387 385 389
f 387 395 391
f 386 388 390
f 392 396 523
f 388 392 523
f 388 523 521
f 388 521 390
f 396 397 524
f 523 396 524
f 524 397 526
f 403 395 525
f 528 403 525
f 391 403 398
f 395 403 391
f 392 393 396
f 394 396 393
f 397 396 394
f 399 404 527
f 394 399 527
f 394 527 526
f 394 526 397
f 527 404 529
f 403 528 530
f 409 530 535
f 400 530 409
f 400 403 530
f 400 398 403
f 400 409 405
f 399 401 404
f 404 531 529
f 404 401 531
f 401 402 531
f 406 410 532
f 406 532 402
f 402 532 531
f 410 411 533
f 532 410 533
f 533 411 536
f 409 535 537
f 537 405 409
f 537 540 405
f 540 412 405
f 406 407 410
f 408 410 407
f 411 410 408
f 413 416 538
f 408 413 538
f 408 538 536
f 408 536 411
f 416 417 539
f 538 416 539
f 539 417 541
f 412 540 542
f 414 412 542
f 542 418 414
f 544 418 542
f 413 415 416
f 419 416 415
f 419 423 416
f 423 417 416
f 543 541 417
f 543 417 424
f 424 417 423
f 543 424 545
f 418 544 546
f 420 418 546
f 546 425 420
f 547 425 546
f 419 421 423
f 422 423 421
f 424 423 422
f 424 422 426
f 424 426 545
f 545 426 548
f 425 547 428
f 547 550 428
f 426 549 548
f 427 549 426
f 549 427 429
f 551 549 429
f 428 550 552
f 430 428 552
f 552 431 430
f 554 431 552
f 429 432 551
f 551 432 555
f 437 433 431
f 437 431 557
f 557 431 554
f 433 437 434
f 432 435 555
f 555 435 558
f 437 557 559
f 559 434 437
f 559 560 434
f 560 438 434
f 441 435 436
f 441 561 435
f 561 558 435
f 436 439 441
f 438 560 562
f 440 438 562
f 562 442 440
f 564 442 562
f 444 561 441
f 565 561 444
f 439 443 444
f 441 439 444
f 442 564 445
f 564 567 445
f 448 565 444
f 568 565 448
f 443 446 448
f 444 443 448
f 445 567 569
f 447 445 569
f 569 449 447
f 573 449 569
f 453 574 570
f 568 453 570
f 568 448 453
f 448 454 453
f 446 450 454
f 448 446 454
f 459 451 449
f 459 449 579
f 579 449 573
f 451 459 455
f 460 580 575
f 574 460 575
f 574 453 460
f 453 461 460
f 452 456 461
f 452 461 454
f 454 461 453
f 450 452 454
f 459 579 581
f 455 459 581
f 455 581 457
f 457 581 582
f 582 462 457
f 584 462 582
f 467 580 460
f 585 580 467
f 458 463 467
f 458 467 461
f 461 467 460
f 456 458 461
f 462 584 586
f 464 462 586
f 465 464 587
f 464 586 587
f 587 468 465
f 592 468 587
f 473 593 588
f 473 589 474
f 588 589 473
f 585 474 589
f 467 474 585
f 467 469 474
f 467 466 469
f 463 466 467
f 468 592 594
f 470 468 594
f 593 473 471
f 593 471 594
f 594 471 470
f 472 471 473
f 474 472 473
f 469 472 474
f 475 611 619
f 475 476 612
f 611 475 612
f 612 476 620
f 478 475 619
f 627 478 619
f 476 475 479
f 479 475 478
f 621 620 476
f 621 476 480
f 480 476 479
f 480 481 622
f 621 480 622
f 622 481 628
f 487 478 627
f 633 487 627
f 479 478 488
f 488 478 487
f 477 488 482
f 477 480 488
f 480 479 488
f 483 480 477
f 483 489 480
f 489 481 480
f 629 628 481
f 629 481 490
f 490 481 489
f 490 491 630
f 629 490 630
f 630 491 634
f 487 633 635
f 635 637 496
f 635 496 487
f 487 496 488
f 482 496 492
f 488 496 482
f 483 484 489
f 485 489 484
f 490 489 485
f 486 490 485
f 491 490 486
f 493 497 636
f 486 493 636
f 486 636 634
f 486 634 491
f 636 497 638
f 496 637 639
f 502 639 642
f 494 639 502
f 494 496 639
f 494 492 496
f 494 502 498
f 493 495 497
f 499 503 640
f 495 499 640
f 495 640 638
f 495 638 497
f 640 503 643
f 502 642 644
f 644 498 502
f 644 649 498
f 649 504 498
f 499 500 503
f 503 645 643
f 503 500 645
f 500 501 645
f 505 508 646
f 505 646 501
f 501 646 645
f 646 508 650
f 512 506 504
f 512 504 652
f 652 504 649
f 506 512 509
f 505 507 508
f 510 513 651
f 507 510 651
f 507 651 650
f 507 650 508
f 651 513 653
f 512 652 654
f 654 509 512
f 654 656 509
f 656 514 509
f 510 511 513
f 515 519 655
f 511 515 655
f 511 655 653
f 511 653 513
f 655 519 657
f 514 656 658
f 516 514 658
f 658 520 516
f 660 520 658
f 515 517 519
f 519 659 657
f 519 517 659
f 517 518 659
f 659 518 521
f 661 659 521
f 520 660 662
f 522 520 662
f 662 525 522
f 666 525 662
f 521 663 661
f 523 663 521
f 524 664 523
f 523 664 663
f 664 524 526
f 667 664 526
f 525 666 528
f 666 670 528
f 526 668 667
f 527 668 526
f 529 534 669
f 529 669 527
f 527 669 668
f 669 534 671
f 528 670 672
f 530 528 672
f 672 535 530
f 676 535 672
f 529 531 534
f 534 673 671
f 534 531 673
f 531 532 673
f 533 674 532
f 532 674 673
f 674 533 536
f 677 674 536
f 535 676 678
f 537 535 678
f 678 540 537
f 683 540 678
f 536 679 677
f 538 679 536
f 539 680 538
f 538 680 679
f 680 539 541
f 684 680 541
f 540 683 685
f 542 540 685
f 685 544 542
f 687 544 685
f 541 686 684
f 543 686 541
f 686 543 545
f 688 686 545
f 544 687 689
f 546 544 689
f 689 547 546
f 690 547 689
f 545 548 688
f 688 548 691
f 547 690 550
f 690 692 550
f 553 548 549
f 553 693 548
f 693 691 548
f 549 551 553
f 550 692 694
f 552 550 694
f 694 554 552
f 696 554 694
f 556 693 553
f 697 693 556
f 551 555 556
f 553 551 556
f 554 696 557
f 696 700 557
f 556 698 697
f 698 556 555
f 698 555 701
f 701 555 558
f 557 700 702
f 559 557 702
f 702 560 559
f 706 560 702
f 563 707 703
f 563 703 701
f 563 701 561
f 561 701 558
f 560 706 708
f 562 560 708
f 708 564 562
f 711 564 708
f 566 707 563
f 712 707 566
f 561 565 566
f 563 561 566
f 564 711 567
f 711 718 567
f 571 719 713
f 712 571 713
f 712 566 571
f 566 572 571
f 565 568 572
f 566 565 572
f 576 569 567
f 576 567 724
f 724 567 718
f 569 576 573
f 577 725 720
f 719 577 720
f 719 571 577
f 571 578 577
f 570 574 578
f 570 578 572
f 572 578 571
f 568 570 572
f 576 724 726
f 726 573 576
f 726 729 573
f 729 579 573
f 583 725 577
f 730 725 583
f 575 580 583
f 575 583 578
f 578 583 577
f 574 575 578
f 579 729 731
f 581 579 731
f 582 581 732
f 581 731 732
f 732 584 582
f 740 584 732
f 590 741 733
f 730 590 733
f 730 583 590
f 583 591 590
f 580 585 591
f 583 580 591
f 584 740 742
f 586 584 742
f 587 586 743
f 586 742 743
f 592 744 595
f 592 587 744
f 587 743 744
f 741 595 744
f 590 595 741
f 590 593 595
f 590 588 593
f 589 588 590
f 591 589 590
f 585 589 591
f 592 595 594
f 593 594 595
f 596 751 756
f 751 596 757
f 597 596 756
f 763 597 756
f 758 757 596
f 758 596 598
f 598 596 597
f 758 598 764
f 597 763 765
f 765 769 599
f 765 599 597
f 597 599 598
f 770 764 598
f 599 770 598
f 600 599 769
f 777 600 769
f 771 770 599
f 771 599 601
f 601 599 600
f 771 601 778
f 600 777 779
f 779 787 602
f 779 602 600
f 600 602 601
f 780 778 601
f 780 601 603
f 603 601 602
f 603 604 781
f 780 603 781
f 604 605 782
f 781 604 782
f 782 605 788
f 602 787 789
f 789 795 606
f 789 606 602
f 602 606 603
f 604 603 607
f 607 603 606
f 605 604 608
f 608 604 607
f 790 788 605
f 790 605 609
f 609 605 608
f 609 610 791
f 790 609 791
f 791 610 796
f 613 606 795
f 799 613 795
f 607 606 614
f 614 606 613
f 608 607 615
f 615 607 614
f 609 608 616
f 616 608 615
f 610 609 617
f 617 609 616
f 797 796 610
f 797 610 618
f 618 610 617
f 797 618 800
f 613 799 801
f 801 804 623
f 801 623 613
f 613 623 614
f 615 614 624
f 624 614 623
f 611 624 619
f 611 616 624
f 616 615 624
f 612 616 611
f 617 616 612
f 620 617 612
f 620 625 617
f 625 618 617
f 802 800 618
f 802 618 626
f 626 618 625
f 802 626 805
f 623 804 806
f 806 810 631
f 806 631 623
f 623 631 624
f 619 631 627
f 624 631 619
f 620 621 625
f 622 625 621
f 626 625 622
f 628 632 807
f 622 628 807
f 622 807 805
f 622 805 626
f 807 632 811
f 631 810 812
f 812 627 631
f 812 815 627
f 815 633 627
f 628 629 632
f 632 813 811
f 632 629 813
f 629 630 813
f 813 630 634
f 816 813 634
f 641 635 633
f 641 633 819
f 819 633 815
f 635 641 637
f 634 817 816
f 636 817 634
f 817 636 638
f 820 817 638
f 641 819 821
f 647 821 824
f 639 821 647
f 639 641 821
f 639 637 641
f 639 647 642
f 638 822 820
f 640 822 638
f 643 648 823
f 643 823 640
f 640 823 822
f 823 648 825
f 647 824 826
f 642 647 826
f 642 826 644
f 644 826 827
f 827 649 644
f 829 649 827
f 643 645 648
f 648 828 825
f 648 645 828
f 645 646 828
f 828 646 650
f 830 828 650
f 649 829 652
f 829 832 652
f 650 831 830
f 651 831 650
f 831 651 653
f 833 831 653
f 652 832 834
f 654 652 834
f 834 656 654
f 837 656 834
f 653 835 833
f 655 835 653
f 835 655 657
f 838 835 657
f 656 837 839
f 658 656 839
f 839 660 658
f 842 660 839
f 657 840 838
f 659 840 657
f 661 665 841
f 661 841 659
f 659 841 840
f 841 665 843
f 660 842 844
f 662 660 844
f 844 666 662
f 847 666 844
f 661 663 665
f 665 845 843
f 665 663 845
f 663 664 845
f 845 664 667
f 848 845 667
f 666 847 670
f 847 852 670
f 667 849 848
f 668 849 667
f 669 850 668
f 668 850 849
f 671 675 851
f 671 851 669
f 669 851 850
f 851 675 853
f 670 852 854
f 672 670 854
f 676 855 681
f 676 672 855
f 672 854 855
f 855 860 681
f 671 673 675
f 675 856 853
f 675 673 856
f 673 674 856
f 677 682 857
f 677 857 674
f 674 857 856
f 857 682 861
f 676 681 678
f 681 683 678
f 681 860 683
f 860 863 683
f 677 679 682
f 682 862 861
f 682 679 862
f 679 680 862
f 862 680 684
f 864 862 684
f 683 863 865
f 685 683 865
f 865 687 685
f 868 687 865
f 684 866 864
f 686 866 684
f 866 686 688
f 869 866 688
f 687 868 870
f 689 687 870
f 870 690 689
f 872 690 870
f 688 691 869
f 869 691 873
f 874 695 692
f 874 692 872
f 872 692 690
f 874 876 695
f 691 693 873
f 873 693 877
f 692 695 694
f 695 696 694
f 695 876 696
f 876 881 696
f 699 882 878
f 699 878 877
f 699 877 697
f 697 877 693
f 696 881 700
f 881 885 700
f 704 882 699
f 886 882 704
f 697 698 705
f 697 705 699
f 699 705 704
f 698 701 705
f 700 885 887
f 702 700 887
f 887 706 702
f 893 706 887
f 709 894 888
f 886 709 888
f 886 704 709
f 704 710 709
f 703 707 710
f 703 710 705
f 705 710 704
f 701 703 705
f 714 708 706
f 714 706 898
f 898 706 893
f 708 714 711
f 715 899 895
f 894 715 895
f 894 709 715
f 709 716 715
f 710 717 709
f 717 716 709
f 707 712 717
f 710 707 717
f 714 898 900
f 900 711 714
f 900 904 711
f 904 718 711
f 721 905 901
f 899 721 901
f 899 715 721
f 715 722 721
f 716 723 715
f 723 722 715
f 713 719 723
f 713 723 717
f 717 723 716
f 712 713 717
f 718 904 724
f 904 908 724
f 727 905 721
f 909 905 727
f 722 728 721
f 728 727 721
f 720 725 728
f 720 728 723
f 723 728 722
f 719 720 723
f 724 908 910
f 726 724 910
f 729 911 734
f 729 726 911
f 726 910 911
f 734 912 735
f 911 912 734
f 735 913 736
f 912 913 735
f 736 914 737
f 913 914 736
f 909 737 914
f 909 727 737
f 727 738 737
f 728 739 727
f 739 738 727
f 725 730 739
f 728 725 739
f 729 734 731
f 732 731 734
f 735 732 734
f 740 732 735
f 740 735 745
f 745 735 736
f 737 746 736
f 746 745 736
f 738 747 737
f 747 746 737
f 733 741 747
f 733 747 739
f 739 747 738
f 730 733 739
f 740 745 742
f 743 742 745
f 746 743 745
f 744 743 746
f 747 744 746
f 741 744 747
f 748 922 926
f 922 748 927
f 749 928 932
f 926 928 749
f 926 749 748
f 748 749 750
f 933 927 748
f 750 933 748
f 749 932 934
f 934 941 752
f 934 752 749
f 749 752 750
f 935 933 750
f 935 750 753
f 753 750 752
f 753 754 936
f 935 753 936
f 754 755 937
f 936 754 937
f 937 755 942
f 759 752 941
f 946 759 941
f 753 752 760
f 760 752 759
f 751 760 756
f 751 754 760
f 754 753 760
f 757 754 751
f 757 761 754
f 761 755 754
f 943 942 755
f 943 755 762
f 762 755 761
f 943 762 947
f 759 946 948
f 948 951 766
f 948 766 759
f 759 766 760
f 756 766 763
f 760 766 756
f 757 758 761
f 764 761 758
f 764 767 761
f 767 762 761
f 949 947 762
f 949 762 768
f 768 762 767
f 949 768 952
f 772 766 951
f 956 772 951
f 763 773 765
f 763 766 773
f 766 772 773
f 765 773 769
f 767 770 774
f 764 770 767
f 768 767 775
f 775 767 774
f 953 952 768
f 953 768 776
f 776 768 775
f 953 776 957
f 772 956 958
f 958 960 783
f 958 783 772
f 772 783 773
f 769 783 777
f 773 783 769
f 770 771 774
f 778 774 771
f 778 784 774
f 784 775 774
f 776 775 785
f 785 775 784
f 959 957 776
f 959 776 786
f 786 776 785
f 959 786 961
f 783 960 962
f 792 962 966
f 779 962 792
f 779 783 962
f 779 777 783
f 779 792 787
f 778 780 784
f 781 784 780
f 785 784 781
f 782 785 781
f 786 785 782
f 788 793 963
f 782 788 963
f 782 963 961
f 782 961 786
f 793 794 964
f 963 793 964
f 964 794 967
f 792 966 968
f 798 968 969
f 789 968 798
f 789 792 968
f 789 787 792
f 789 798 795
f 788 790 793
f 791 793 790
f 794 793 791
f 794 791 796
f 794 796 967
f 967 796 970
f 798 969 971
f 971 795 798
f 971 976 795
f 976 799 795
f 796 972 970
f 797 972 796
f 800 803 973
f 800 973 797
f 797 973 972
f 973 803 977
f 808 801 799
f 808 799 980
f 980 799 976
f 801 808 804
f 800 802 803
f 805 809 978
f 802 805 978
f 802 978 977
f 802 977 803
f 978 809 981
f 808 980 982
f 814 982 983
f 806 982 814
f 806 808 982
f 806 804 808
f 806 814 810
f 805 807 809
f 809 807 811
f 809 811 981
f 981 811 984
f 814 983 985
f 818 985 987
f 812 985 818
f 812 814 985
f 812 810 814
f 812 818 815
f 811 986 984
f 813 986 811
f 986 813 816
f 988 986 816
f 818 987 989
f 989 815 818
f 989 991 815
f 991 819 815
f 816 990 988
f 817 990 816
f 990 817 820
f 992 990 820
f 819 991 993
f 821 819 993
f 993 824 821
f 997 824 993
f 820 994 992
f 822 994 820
f 823 995 822
f 822 995 994
f 995 823 825
f 998 995 825
f 824 997 999
f 826 824 999
f 827 826 1000
f 826 999 1000
f 1000 829 827
f 1004 829 1000
f 825 1001 998
f 828 1001 825
f 1001 828 830
f 1005 1001 830
f 1006 836 832
f 1006 832 1004
f 1004 832 829
f 1006 1008 836
f 830 1007 1005
f 831 1007 830
f 1007 831 833
f 1009 1007 833
f 832 836 834
f 836 837 834
f 836 1008 837
f 1008 1011 837
f 833 1010 1009
f 835 1010 833
f 1010 835 838
f 1012 1010 838
f 837 1011 1013
f 839 837 1013
f 1013 842 839
f 1016 842 1013
f 838 1014 1012
f 840 1014 838
f 846 1017 1014
f 846 1014 841
f 841 1014 840
f 841 843 846
f 842 1016 1018
f 844 842 1018
f 1018 847 844
f 1022 847 1018
f 846 1019 1017
f 843 1019 846
f 843 845 1019
f 845 1020 1019
f 1020 845 848
f 1023 1020 848
f 1024 858 852
f 1024 852 1022
f 1022 852 847
f 1024 1029 858
f 848 1025 1023
f 849 1025 848
f 850 1026 849
f 849 1026 1025
f 851 1027 850
f 850 1027 1026
f 853 859 1028
f 853 1028 851
f 851 1028 1027
f 1028 859 1030
f 852 858 854
f 858 1029 1031
f 858 1031 854
f 854 1031 855
f 1031 860 855
f 1033 860 1031
f 853 856 859
f 859 1032 1030
f 859 856 1032
f 856 857 1032
f 1032 857 861
f 1034 1032 861
f 1035 867 863
f 1035 863 1033
f 1033 863 860
f 1035 1038 867
f 861 1036 1034
f 862 1036 861
f 1036 862 864
f 1039 1036 864
f 863 867 865
f 867 868 865
f 867 1038 868
f 1038 1041 868
f 871 864 866
f 871 1042 864
f 1042 1039 864
f 866 869 871
f 868 1041 1043
f 870 868 1043
f 1043 872 870
f 1046 872 1043
f 875 1042 871
f 1047 1042 875
f 869 873 875
f 871 869 875
f 872 1046 1048
f 874 872 1048
f 1048 876 874
f 1052 876 1048
f 879 1053 1049
f 1047 879 1049
f 1047 875 879
f 875 880 879
f 873 877 880
f 875 873 880
f 876 1052 881
f 1052 1057 881
f 883 1058 1054
f 1053 883 1054
f 1053 879 883
f 879 884 883
f 878 882 884
f 878 884 880
f 880 884 879
f 877 878 880
f 1059 889 885
f 1059 885 1057
f 1057 885 881
f 1059 1063 889
f 890 1064 1060
f 1058 890 1060
f 1058 883 890
f 883 891 890
f 884 892 883
f 892 891 883
f 882 886 892
f 884 882 892
f 885 889 887
f 889 893 887
f 889 1063 893
f 1063 1067 893
f 896 1064 890
f 1068 1064 896
f 891 897 890
f 897 896 890
f 888 894 897
f 888 897 892
f 892 897 891
f 886 888 892
f 893 1067 898
f 1067 1072 898
f 902 1073 1069
f 1068 902 1069
f 1068 896 902
f 896 903 902
f 895 899 903
f 895 903 897
f 897 903 896
f 894 895 897
f 898 1072 1074
f 900 898 1074
f 1074 904 900
f 1079 904 1074
f 906 1080 1075
f 1073 906 1075
f 1073 902 906
f 902 907 906
f 901 905 907
f 901 907 903
f 903 907 902
f 899 901 903
f 1081 915 908
f 1081 908 1079
f 1079 908 904
f 915 1082 916
f 1081 1082 915
f 916 1083 917
f 1082 1083 916
f 1080 917 1083
f 1080 906 917
f 906 918 917
f 907 919 906
f 919 918 906
f 905 909 919
f 907 905 919
f 908 915 910
f 911 910 915
f 916 911 915
f 912 911 916
f 917 912 916
f 913 912 917
f 918 913 917
f 914 913 918
f 919 914 918
f 909 914 919
f 920 1087 1092
f 920 921 1088
f 1087 920 1088
f 1088 921 1093
f 923 920 1092
f 1098 923 1092
f 921 920 924
f 924 920 923
f 1094 1093 921
f 1094 921 925
f 925 921 924
f 1094 925 1099
f 929 923 1098
f 1103 929 1098
f 924 923 930
f 930 923 929
f 922 930 926
f 922 925 930
f 925 924 930
f 927 931 1100
f 922 927 1100
f 922 1100 1099
f 922 1099 925
f 1100 931 1104
f 938 929 1103
f 1108 938 1103
f 928 938 932
f 928 930 938
f 930 929 938
f 926 930 928
f 931 933 939
f 927 933 931
f 1105 1104 931
f 1105 931 940
f 940 931 939
f 1105 940 1109
f 938 1108 1110
f 944 1110 1115
f 934 1110 944
f 934 938 1110
f 934 932 938
f 934 944 941
f 933 935 939
f 936 939 935
f 940 939 936
f 940 1111 1109
f 940 936 1111
f 936 937 1111
f 942 945 1112
f 942 1112 937
f 937 1112 1111
f 1112 945 1116
f 944 1115 1117
f 1117 941 944
f 1117 1120 941
f 1120 946 941
f 942 943 945
f 947 950 1118
f 943 947 1118
f 943 1118 1116
f 943 1116 945
f 1118 950 1121
f 954 948 946
f 954 946 1124
f 1124 946 1120
f 948 954 951
f 947 949 950
f 952 955 1122
f 949 952 1122
f 949 1122 1121
f 949 1121 950
f 1122 955 1125
f 954 1124 1126
f 1126 951 954
f 1126 1127 951
f 1127 956 951
f 952 953 955
f 955 953 957
f 955 957 1125
f 1125 957 1128
f 956 1127 1129
f 958 956 1129
f 1129 960 958
f 1133 960 1129
f 957 1130 1128
f 959 1130 957
f 961 965 1131
f 961 1131 959
f 959 1131 1130
f 1131 965 1134
f 960 1133 1135
f 962 960 1135
f 1135 966 962
f 1138 966 1135
f 961 963 965
f 965 1136 1134
f 965 963 1136
f 963 964 1136
f 1136 964 967
f 1139 1136 967
f 974 968 966
f 974 966 1142
f 1142 966 1138
f 968 974 969
f 1140 970 975
f 1140 1139 970
f 1139 967 970
f 1140 975 1143
f 974 1142 1144
f 979 1144 1147
f 971 1144 979
f 971 974 1144
f 971 969 974
f 971 979 976
f 970 972 975
f 975 1145 1143
f 975 972 1145
f 972 973 1145
f 1145 973 977
f 1148 1145 977
f 979 1147 1149
f 1149 976 979
f 1149 1152 976
f 1152 980 976
f 977 1150 1148
f 978 1150 977
f 1150 978 981
f 1153 1150 981
f 980 1152 1154
f 982 980 1154
f 1154 983 982
f 1156 983 1154
f 981 984 1153
f 1153 984 1157
f 983 1156 1158
f 985 983 1158
f 1158 987 985
f 1161 987 1158
f 984 1159 1157
f 986 1159 984
f 1159 986 988
f 1162 1159 988
f 987 1161 1163
f 989 987 1163
f 991 1164 996
f 991 989 1164
f 989 1163 1164
f 1164 1168 996
f 988 1165 1162
f 990 1165 988
f 1165 990 992
f 1169 1165 992
f 991 996 993
f 997 1170 1002
f 993 1170 997
f 993 1168 1170
f 993 996 1168
f 1170 1173 1002
f 992 1171 1169
f 994 1171 992
f 1003 1174 1171
f 1003 1171 995
f 995 1171 994
f 995 998 1003
f 997 1002 999
f 1002 1173 1175
f 1002 1175 999
f 999 1175 1000
f 1175 1004 1000
f 1180 1004 1175
f 1003 1176 1174
f 998 1176 1003
f 998 1001 1176
f 1001 1177 1176
f 1177 1001 1005
f 1181 1177 1005
f 1004 1180 1182
f 1006 1004 1182
f 1182 1008 1006
f 1188 1008 1182
f 1005 1183 1181
f 1007 1183 1005
f 1183 1007 1009
f 1189 1183 1009
f 1190 1015 1011
f 1190 1011 1188
f 1188 1011 1008
f 1190 1195 1015
f 1009 1191 1189
f 1010 1191 1009
f 1191 1010 1012
f 1196 1191 1012
f 1011 1015 1013
f 1016 1197 1021
f 1013 1197 1016
f 1013 1195 1197
f 1013 1015 1195
f 1197 1201 1021
f 1012 1198 1196
f 1014 1198 1012
f 1198 1014 1017
f 1202 1198 1017
f 1016 1021 1018
f 1021 1022 1018
f 1021 1201 1022
f 1201 1207 1022
f 1017 1203 1202
f 1019 1203 1017
f 1020 1204 1019
f 1019 1204 1203
f 1204 1020 1023
f 1208 1204 1023
f 1022 1207 1209
f 1024 1022 1209
f 1209 1029 1024
f 1216 1029 1209
f 1023 1210 1208
f 1025 1210 1023
f 1026 1211 1025
f 1025 1211 1210
f 1027 1212 1026
f 1026 1212 1211
f 1028 1213 1027
f 1027 1213 1212
f 1213 1028 1030
f 1217 1213 1030
f 1029 1216 1218
f 1031 1029 1218
f 1033 1219 1037
f 1033 1031 1219
f 1031 1218 1219
f 1219 1224 1037
f 1030 1220 1217
f 1032 1220 1030
f 1220 1032 1034
f 1225 1220 1034
f 1033 1037 1035
f 1037 1038 1035
f 1037 1224 1038
f 1224 1228 1038
f 1040 1034 1036
f 1040 1229 1034
f 1229 1225 1034
f 1036 1039 1040
f 1230 1044 1041
f 1230 1041 1228
f 1228 1041 1038
f 1230 1234 1044
f 1045 1229 1040
f 1235 1229 1045
f 1039 1042 1045
f 1040 1039 1045
f 1041 1044 1043
f 1044 1046 1043
f 1044 1234 1046
f 1234 1240 1046
f 1050 1241 1236
f 1235 1050 1236
f 1235 1045 1050
f 1045 1051 1050
f 1042 1047 1051
f 1045 1042 1051
f 1046 1240 1242
f 1048 1046 1242
f 1242 1052 1048
f 1247 1052 1242
f 1055 1248 1243
f 1241 1055 1243
f 1241 1050 1055
f 1050 1056 1055
f 1049 1053 1056
f 1049 1056 1051
f 1051 1056 1050
f 1047 1049 1051
f 1052 1247 1057
f 1247 1251 1057
f 1061 1252 1249
f 1248 1061 1249
f 1248 1055 1061
f 1055 1062 1061
f 1054 1058 1062
f 1054 1062 1056
f 1056 1062 1055
f 1053 1054 1056
f 1057 1251 1253
f 1059 1057 1253
f 1253 1063 1059
f 1257 1063 1253
f 1065 1258 1254
f 1252 1065 1254
f 1252 1061 1065
f 1061 1066 1065
f 1060 1064 1066
f 1060 1066 1062
f 1062 1066 1061
f 1058 1060 1062
f 1063 1257 1067
f 1257 1260 1067
f 1070 1258 1065
f 1261 1258 1070
f 1066 1071 1065
f 1071 1070 1065
f 1064 1068 1071
f 1066 1064 1071
f 1262 1076 1072
f 1262 1072 1260
f 1260 1072 1067
f 1262 1268 1076
f 1077 1269 1263
f 1261 1077 1263
f 1261 1070 1077
f 1070 1078 1077
f 1069 1073 1078
f 1069 1078 1071
f 1071 1078 1070
f 1068 1069 1071
f 1072 1076 1074
f 1079 1270 1084
f 1074 1270 1079
f 1074 1268 1270
f 1074 1076 1268
f 1084 1271 1085
f 1270 1271 1084
f 1269 1085 1271
f 1269 1077 1085
f 1077 1086 1085
f 1075 1080 1086
f 1075 1086 1078
f 1078 1086 1077
f 1073 1075 1078
f 1079 1084 1081
f 1082 1081 1084
f 1085 1082 1084
f 1083 1082 1085
f 1086 1083 1085
f 1080 1083 1086
f 1089 1274 1280
f 1089 1090 1275
f 1274 1089 1275
f 1090 1091 1276
f 1275 1090 1276
f 1276 1091 1281
f 1095 1282 1285
f 1280 1282 1095
f 1280 1095 1089
f 1089 1095 1096
f 1087 1096 1092
f 1087 1090 1096
f 1090 1089 1096
f 1088 1090 1087
f 1091 1090 1088
f 1093 1097 1283
f 1088 1093 1283
f 1088 1283 1281
f 1088 1281 1091
f 1283 1097 1286
f 1095 1285 1287
f 1287 1289 1101
f 1287 1101 1095
f 1095 1101 1096
f 1092 1101 1098
f 1096 1101 1092
f 1093 1094 1097
f 1099 1102 1288
f 1094 1099 1288
f 1094 1288 1286
f 1094 1286 1097
f 1288 1102 1290
f 1106 1101 1289
f 1293 1106 1289
f 1098 1106 1103
f 1101 1106 1098
f 1099 1100 1102
f 1104 1107 1291
f 1100 1104 1291
f 1100 1291 1290
f 1100 1290 1102
f 1291 1107 1294
f 1113 1106 1293
f 1296 1113 1293
f 1103 1113 1108
f 1106 1113 1103
f 1104 1105 1107
f 1109 1114 1295
f 1105 1109 1295
f 1105 1295 1294
f 1105 1294 1107
f 1295 1114 1297
f 1113 1296 1298
f 1119 1298 1300
f 1110 1298 1119
f 1110 1113 1298
f 1110 1108 1113
f 1110 1119 1115
f 1109 1111 1114
f 1114 1299 1297
f 1114 1111 1299
f 1111 1112 1299
f 1299 1112 1116
f 1301 1299 1116
f 1119 1300 1302
f 1123 1302 1304
f 1117 1302 1123
f 1117 1119 1302
f 1117 1115 1119
f 1117 1123 1120
f 1116 1303 1301
f 1118 1303 1116
f 1303 1118 1121
f 1305 1303 1121
f 1123 1304 1306
f 1306 1120 1123
f 1306 1308 1120
f 1308 1124 1120
f 1121 1307 1305
f 1122 1307 1121
f 1307 1122 1125
f 1309 1307 1125
f 1124 1308 1310
f 1126 1124 1310
f 1310 1127 1126
f 1313 1127 1310
f 1311 1128 1132
f 1311 1309 1128
f 1309 1125 1128
f 1311 1132 1314
f 1137 1129 1127
f 1137 1127 1318
f 1318 1127 1313
f 1129 1137 1133
f 1128 1130 1132
f 1132 1315 1314
f 1132 1130 1315
f 1130 1131 1315
f 1315 1131 1134
f 1319 1315 1134
f 1137 1318 1320
f 1141 1320 1323
f 1135 1320 1141
f 1135 1137 1320
f 1135 1133 1137
f 1135 1141 1138
f 1134 1321 1319
f 1136 1321 1134
f 1321 1136 1139
f 1324 1321 1139
f 1141 1323 1325
f 1325 1138 1141
f 1325 1326 1138
f 1326 1142 1138
f 1146 1139 1140
f 1146 1327 1139
f 1327 1324 1139
f 1140 1143 1146
f 1142 1326 1328
f 1144 1142 1328
f 1328 1147 1144
f 1330 1147 1328
f 1146 1329 1327
f 1151 1331 1329
f 1145 1151 1329
f 1145 1329 1146
f 1145 1146 1143
f 1145 1148 1151
f 1147 1330 1332
f 1149 1147 1332
f 1332 1152 1149
f 1335 1152 1332
f 1151 1333 1331
f 1155 1336 1333
f 1150 1155 1333
f 1150 1333 1151
f 1150 1151 1148
f 1150 1153 1155
f 1152 1335 1337
f 1154 1152 1337
f 1156 1338 1160
f 1156 1154 1338
f 1154 1337 1338
f 1338 1342 1160
f 1155 1339 1336
f 1339 1155 1153
f 1339 1153 1343
f 1343 1153 1157
f 1156 1160 1158
f 1161 1344 1166
f 1158 1344 1161
f 1158 1342 1344
f 1158 1160 1342
f 1344 1348 1166
f 1167 1157 1159
f 1167 1349 1157
f 1349 1343 1157
f 1159 1162 1167
f 1161 1166 1163
f 1166 1348 1350
f 1166 1350 1163
f 1163 1350 1164
f 1350 1168 1164
f 1357 1168 1350
f 1167 1351 1349
f 1172 1358 1351
f 1165 1172 1351
f 1165 1351 1167
f 1165 1167 1162
f 1165 1169 1172
f 1168 1357 1359
f 1170 1168 1359
f 1173 1360 1178
f 1173 1170 1360
f 1170 1359 1360
f 1360 1367 1178
f 1172 1361 1358
f 1179 1368 1361
f 1171 1179 1361
f 1171 1361 1172
f 1171 1172 1169
f 1171 1174 1179
f 1173 1178 1175
f 1180 1369 1184
f 1175 1369 1180
f 1175 1367 1369
f 1175 1178 1367
f 1184 1370 1185
f 1369 1370 1184
f 1370 1376 1185
f 1179 1371 1368
f 1186 1377 1371
f 1176 1186 1371
f 1176 1371 1179
f 1176 1179 1174
f 1176 1177 1187
f 1186 1176 1187
f 1177 1181 1187
f 1180 1184 1182
f 1188 1182 1184
f 1188 1184 1192
f 1192 1184 1185
f 1378 1185 1376
f 1378 1193 1185
f 1193 1192 1185
f 1378 1384 1193
f 1186 1379 1377
f 1187 1379 1186
f 1380 1379 1187
f 1194 1385 1380
f 1183 1194 1380
f 1183 1380 1187
f 1183 1187 1181
f 1183 1189 1194
f 1188 1192 1190
f 1195 1190 1192
f 1195 1192 1199
f 1199 1192 1193
f 1391 1193 1384
f 1199 1193 1391
f 1194 1386 1385
f 1200 1392 1386
f 1191 1200 1386
f 1191 1386 1194
f 1191 1194 1189
f 1191 1196 1200
f 1195 1199 1197
f 1201 1393 1205
f 1197 1393 1201
f 1197 1391 1393
f 1197 1199 1391
f 1393 1400 1205
f 1200 1394 1392
f 1206 1401 1394
f 1198 1206 1394
f 1198 1394 1200
f 1198 1200 1196
f 1198 1202 1206
f 1205 1214 1207
f 1201 1205 1207
f 1409 1205 1400
f 1214 1205 1409
f 1206 1402 1401
f 1202 1402 1206
f 1202 1203 1402
f 1203 1403 1402
f 1215 1410 1403
f 1215 1403 1204
f 1204 1403 1203
f 1204 1208 1215
f 1207 1214 1209
f 1216 1411 1221
f 1209 1411 1216
f 1209 1409 1411
f 1209 1214 1409
f 1221 1412 1222
f 1411 1412 1221
f 1412 1424 1222
f 1215 1413 1410
f 1208 1413 1215
f 1208 1210 1413
f 1210 1414 1413
f 1211 1415 1210
f 1210 1415 1414
f 1212 1416 1211
f 1211 1416 1415
f 1223 1425 1416
f 1223 1416 1213
f 1213 1416 1212
f 1213 1217 1223
f 1216 1221 1218
f 1219 1218 1221
f 1222 1219 1221
f 1224 1426 1226
f 1219 1426 1224
f 1219 1424 1426
f 1219 1222 1424
f 1426 1433 1226
f 1223 1427 1425
f 1227 1434 1427
f 1220 1227 1427
f 1220 1427 1223
f 1220 1223 1217
f 1220 1225 1227
f 1226 1231 1228
f 1224 1226 1228
f 1439 1226 1433
f 1231 1226 1439
f 1232 1440 1435
f 1434 1232 1435
f 1434 1227 1232
f 1227 1233 1232
f 1225 1229 1233
f 1227 1225 1233
f 1228 1231 1230
f 1234 1441 1237
f 1230 1441 1234
f 1230 1439 1441
f 1230 1231 1439
f 1441 1445 1237
f 1238 1440 1232
f 1446 1440 1238
f 1233 1239 1232
f 1239 1238 1232
f 1229 1235 1239
f 1233 1229 1239
f 1237 1244 1240
f 1234 1237 1240
f 1451 1237 1445
f 1244 1237 1451
f 1245 1452 1447
f 1446 1245 1447
f 1446 1238 1245
f 1238 1246 1245
f 1236 1241 1246
f 1236 1246 1239
f 1239 1246 1238
f 1235 1236 1239
f 1240 1244 1242
f 1244 1247 1242
f 1244 1451 1247
f 1451 1456 1247
f 1250 1452 1245
f 1457 1452 1250
f 1243 1248 1250
f 1243 1250 1246
f 1246 1250 1245
f 1241 1243 1246
f 1458 1255 1251
f 1458 1251 1456
f 1456 1251 1247
f 1458 1463 1255
f 1256 1464 1459
f 1457 1256 1459
f 1250 1256 1457
f 1250 1252 1256
f 1250 1249 1252
f 1248 1249 1250
f 1251 1255 1253
f 1255 1257 1253
f 1255 1463 1257
f 1463 1469 1257
f 1259 1470 1465
f 1464 1259 1465
f 1256 1259 1464
f 1256 1258 1259
f 1256 1254 1258
f 1252 1254 1256
f 1471 1264 1260
f 1471 1260 1469
f 1469 1260 1257
f 1264 1472 1265
f 1471 1472 1264
f 1265 1473 1266
f 1472 1473 1265
f 1470 1266 1473
f 1470 1259 1266
f 1259 1267 1266
f 1258 1261 1267
f 1259 1258 1267
f 1260 1264 1262
f 1268 1262 1264
f 1268 1264 1272
f 1272 1264 1265
f 1266 1273 1265
f 1273 1272 1265
f 1263 1269 1273
f 1263 1273 1267
f 1267 1273 1266
f 1261 1263 1267
f 1268 1272 1270
f 1271 1270 1272
f 1273 1271 1272
f 1269 1271 1273
f 1277 1480 1488
f 1277 1278 1481
f 1480 1277 1481
f 1278 1279 1482
f 1481 1278 1482
f 1482 1279 1489
f 1284 1277 1488
f 1494 1284 1488
f 1274 1284 1280
f 1274 1278 1284
f 1278 1277 1284
f 1275 1278 1274
f 1279 1278 1275
f 1279 1490 1489
f 1279 1275 1490
f 1275 1276 1490
f 1490 1276 1281
f 1495 1490 1281
f 1282 1284 1494
f 1282 1494 1285
f 1285 1494 1498
f 1280 1284 1282
f 1281 1496 1495
f 1283 1496 1281
f 1496 1283 1286
f 1499 1496 1286
f 1292 1287 1285
f 1292 1285 1502
f 1502 1285 1498
f 1287 1292 1289
f 1286 1500 1499
f 1288 1500 1286
f 1500 1288 1290
f 1503 1500 1290
f 1292 1502 1504
f 1504 1289 1292
f 1504 1506 1289
f 1506 1293 1289
f 1290 1505 1503
f 1291 1505 1290
f 1505 1291 1294
f 1507 1505 1294
f 1293 1506 1296
f 1506 1510 1296
f 1294 1508 1507
f 1295 1508 1294
f 1508 1295 1297
f 1511 1508 1297
f 1296 1510 1512
f 1298 1296 1512
f 1512 1300 1298
f 1514 1300 1512
f 1297 1513 1511
f 1299 1513 1297
f 1513 1299 1301
f 1515 1513 1301
f 1300 1514 1516
f 1302 1300 1516
f 1516 1304 1302
f 1519 1304 1516
f 1301 1517 1515
f 1303 1517 1301
f 1517 1303 1305
f 1520 1517 1305
f 1312 1306 1304
f 1312 1304 1524
f 1524 1304 1519
f 1306 1312 1308
f 1305 1521 1520
f 1307 1521 1305
f 1521 1307 1309
f 1525 1521 1309
f 1312 1524 1526
f 1316 1526 1528
f 1310 1526 1316
f 1310 1312 1526
f 1310 1308 1312
f 1310 1316 1313
f 1317 1309 1311
f 1317 1529 1309
f 1529 1525 1309
f 1311 1314 1317
f 1316 1528 1530
f 1530 1313 1316
f 1530 1532 1313
f 1532 1318 1313
f 1317 1531 1529
f 1322 1533 1531
f 1315 1322 1531
f 1315 1531 1317
f 1315 1317 1314
f 1315 1319 1322
f 1318 1532 1534
f 1320 1318 1534
f 1534 1323 1320
f 1537 1323 1534
f 1322 1535 1533
f 1319 1535 1322
f 1319 1321 1535
f 1321 1536 1535
f 1536 1321 1324
f 1538 1536 1324
f 1323 1537 1539
f 1325 1323 1539
f 1539 1326 1325
f 1542 1326 1539
f 1324 1327 1538
f 1538 1327 1543
f 1326 1542 1544
f 1328 1326 1544
f 1330 1545 1334
f 1330 1328 1545
f 1328 1544 1545
f 1545 1549 1334
f 1327 1546 1543
f 1329 1546 1327
f 1546 1329 1331
f 1550 1546 1331
f 1330 1334 1332
f 1335 1551 1340
f 1332 1551 1335
f 1332 1549 1551
f 1332 1334 1549
f 1551 1556 1340
f 1341 1331 1333
f 1341 1557 1331
f 1557 1550 1331
f 1333 1336 1341
f 1335 1340 1337
f 1340 1556 1558
f 1340 1558 1337
f 1337 1558 1338
f 1342 1559 1345
f 1342 1338 1559
f 1338 1558 1559
f 1559 1565 1345
f 1346 1557 1341
f 1566 1557 1346
f 1336 1339 1347
f 1336 1347 1341
f 1341 1347 1346
f 1339 1343 1347
f 1342 1345 1344
f 1348 1567 1352
f 1344 1567 1348
f 1344 1565 1567
f 1344 1345 1565
f 1352 1568 1353
f 1567 1568 1352
f 1353 1569 1354
f 1568 1569 1353
f 1566 1354 1569
f 1566 1346 1354
f 1346 1355 1354
f 1347 1356 1346
f 1356 1355 1346
f 1343 1349 1356
f 1347 1343 1356
f 1348 1352 1350
f 1357 1350 1352
f 1357 1352 1362
f 1362 1352 1353
f 1354 1363 1353
f 1363 1362 1353
f 1355 1364 1354
f 1364 1363 1354
f 1356 1365 1355
f 1365 1364 1355
f 1349 1351 1366
f 1349 1366 1356
f 1356 1366 1365
f 1351 1358 1366
f 1357 1362 1359
f 1360 1359 1362
f 1363 1360 1362
f 1367 1360 1363
f 1367 1363 1372
f 1372 1363 1364
f 1365 1373 1364
f 1373 1372 1364
f 1366 1374 1365
f 1374 1373 1365
f 1358 1361 1375
f 1358 1375 1366
f 1366 1375 1374
f 1361 1368 1375
f 1367 1372 1369
f 1370 1369 1372
f 1373 1370 1372
f 1376 1370 1373
f 1376 1373 1381
f 1381 1373 1374
f 1375 1382 1374
f 1382 1381 1374
f 1368 1371 1383
f 1368 1383 1375
f 1375 1383 1382
f 1371 1377 1383
f 1376 1381 1378
f 1384 1378 1381
f 1384 1381 1387
f 1387 1381 1382
f 1383 1388 1382
f 1388 1387 1382
f 1377 1379 1389
f 1377 1389 1383
f 1383 1389 1388
f 1379 1380 1390
f 1389 1379 1390
f 1380 1385 1390
f 1387 1395 1391
f 1384 1387 1391
f 1388 1396 1387
f 1396 1395 1387
f 1389 1397 1388
f 1397 1396 1388
f 1390 1398 1389
f 1398 1397 1389
f 1385 1386 1399
f 1385 1399 1390
f 1390 1399 1398
f 1386 1392 1399
f 1391 1395 1393
f 1400 1393 1395
f 1400 1395 1404
f 1404 1395 1396
f 1397 1405 1396
f 1405 1404 1396
f 1398 1406 1397
f 1406 1405 1397
f 1399 1407 1398
f 1407 1406 1398
f 1392 1394 1408
f 1392 1408 1399
f 1399 1408 1407
f 1394 1401 1408
f 1404 1417 1409
f 1400 1404 1409
f 1405 1418 1404
f 1418 1417 1404
f 1406 1419 1405
f 1419 1418 1405
f 1407 1420 1406
f 1420 1419 1406
f 1408 1421 1407
f 1421 1420 1407
f 1401 1402 1422
f 1401 1422 1408
f 1408 1422 1421
f 1402 1403 1423
f 1422 1402 1423
f 1403 1410 1423
f 1409 1417 1411
f 1412 1411 1417
f 1418 1412 1417
f 1424 1412 1418
f 1424 1418 1428
f 1428 1418 1419
f 1420 1429 1419
f 1429 1428 1419
f 1421 1430 1420
f 1430 1429 1420
f 1577 1422 1573
f 1577 1430 1422
f 1430 1421 1422
f 1423 1573 1422
f 1574 1573 1423
f 1410 1574 1423
f 1410 1413 1574
f 1413 1575 1574
f 1414 1576 1413
f 1413 1576 1575
f 1431 1578 1576
f 1431 1576 1415
f 1415 1576 1414
f 1415 1416 1432
f 1431 1415 1432
f 1416 1425 1432
f 1424 1428 1426
f 1433 1426 1428
f 1433 1428 1436
f 1436 1428 1429
f 1430 1437 1429
f 1437 1436 1429
f 1585 1430 1577
f 1437 1430 1585
f 1431 1579 1578
f 1432 1579 1431
f 1580 1579 1432
f 1438 1586 1580
f 1427 1438 1580
f 1427 1580 1432
f 1427 1432 1425
f 1427 1434 1438
f 1436 1442 1439
f 1433 1436 1439
f 1437 1443 1436
f 1443 1442 1436
f 1591 1437 1585
f 1443 1437 1591
f 1444 1592 1587
f 1586 1444 1587
f 1438 1444 1586
f 1438 1440 1444
f 1438 1435 1440
f 1434 1435 1438
f 1439 1442 1441
f 1445 1441 1442
f 1445 1442 1448
f 1448 1442 1443
f 1597 1443 1591
f 1448 1443 1597
f 1449 1598 1593
f 1592 1449 1593
f 1592 1444 1449
f 1444 1450 1449
f 1440 1446 1450
f 1444 1440 1450
f 1448 1453 1451
f 1445 1448 1451
f 1602 1448 1597
f 1453 1448 1602
f 1454 1603 1599
f 1598 1454 1599
f 1598 1449 1454
f 1449 1455 1454
f 1447 1452 1455
f 1447 1455 1450
f 1450 1455 1449
f 1446 1447 1450
f 1453 1460 1456
f 1451 1453 1456
f 1607 1453 1602
f 1460 1453 1607
f 1461 1603 1454
f 1608 1603 1461
f 1455 1462 1454
f 1462 1461 1454
f 1452 1457 1462
f 1455 1452 1462
f 1456 1460 1458
f 1463 1609 1466
f 1458 1609 1463
f 1458 1607 1609
f 1458 1460 1607
f 1609 1614 1466
f 1467 1615 1610
f 1608 1467 1610
f 1608 1461 1467
f 1461 1468 1467
f 1459 1464 1468
f 1459 1468 1462
f 1462 1468 1461
f 1457 1459 1462
f 1466 1474 1469
f 1463 1466 1469
f 1616 1466 1614
f 1616 1475 1466
f 1475 1474 1466
f 1615 1475 1616
f 1615 1467 1475
f 1467 1476 1475
f 1465 1470 1476
f 1465 1476 1468
f 1468 1476 1467
f 1464 1465 1468
f 1469 1474 1471
f 1472 1471 1474
f 1475 1472 1474
f 1473 1472 1475
f 1476 1473 1475
f 1470 1473 1476
f 1477 1618 1622
f 1477 1478 1619
f 1618 1477 1619
f 1478 1479 1620
f 1619 1478 1620
f 1620 1479 1623
f 1483 1477 1622
f 1628 1483 1622
f 1478 1477 1484
f 1484 1477 1483
f 1479 1478 1485
f 1485 1478 1484
f 1624 1623 1479
f 1624 1479 1486
f 1486 1479 1485
f 1486 1487 1625
f 1624 1486 1625
f 1625 1487 1629
f 1491 1483 1628
f 1632 1491 1628
f 1484 1483 1492
f 1492 1483 1491
f 1480 1492 1488
f 1480 1485 1492
f 1485 1484 1492
f 1481 1485 1480
f 1486 1485 1481
f 1482 1486 1481
f 1487 1486 1482
f 1489 1493 1630
f 1482 1489 1630
f 1482 1630 1629
f 1482 1629 1487
f 1630 1493 1633
f 1491 1632 1634
f 1634 1636 1497
f 1634 1497 1491
f 1491 1497 1492
f 1488 1497 1494
f 1492 1497 1488
f 1489 1490 1493
f 1493 1490 1495
f 1493 1495 1633
f 1633 1495 1637
f 1501 1497 1636
f 1640 1501 1636
f 1494 1501 1498
f 1497 1501 1494
f 1495 1638 1637
f 1496 1638 1495
f 1638 1496 1499
f 1641 1638 1499
f 1501 1640 1642
f 1642 1498 1501
f 1642 1644 1498
f 1644 1502 1498
f 1499 1643 1641
f 1500 1643 1499
f 1643 1500 1503
f 1645 1643 1503
f 1509 1504 1502
f 1509 1502 1648
f 1648 1502 1644
f 1504 1509 1506
f 1503 1646 1645
f 1505 1646 1503
f 1646 1505 1507
f 1649 1646 1507
f 1509 1648 1650
f 1650 1506 1509
f 1650 1652 1506
f 1652 1510 1506
f 1507 1651 1649
f 1508 1651 1507
f 1651 1508 1511
f 1653 1651 1511
f 1518 1512 1510
f 1518 1510 1656
f 1656 1510 1652
f 1512 1518 1514
f 1511 1654 1653
f 1513 1654 1511
f 1654 1513 1515
f 1657 1654 1515
f 1518 1656 1658
f 1522 1658 1660
f 1516 1658 1522
f 1516 1518 1658
f 1516 1514 1518
f 1516 1522 1519
f 1523 1515 1517
f 1523 1661 1515
f 1661 1657 1515
f 1517 1520 1523
f 1522 1660 1662
f 1662 1519 1522
f 1662 1664 1519
f 1664 1524 1519
f 1523 1663 1661
f 1527 1665 1663
f 1521 1527 1663
f 1521 1663 1523
f 1521 1523 1520
f 1521 1525 1527
f 1524 1664 1666
f 1526 1524 1666
f 1666 1528 1526
f 1669 1528 1666
f 1527 1667 1665
f 1667 1527 1525
f 1667 1525 1670
f 1670 1525 1529
f 1528 1669 1671
f 1530 1528 1671
f 1671 1532 1530
f 1675 1532 1671
f 1529 1672 1670
f 1531 1672 1529
f 1672 1531 1533
f 1676 1672 1533
f 1532 1675 1677
f 1534 1532 1677
f 1537 1678 1540
f 1537 1534 1678
f 1534 1677 1678
f 1678 1682 1540
f 1533 1679 1676
f 1535 1679 1533
f 1541 1683 1679
f 1541 1679 1536
f 1536 1679 1535
f 1536 1538 1541
f 1537 1540 1539
f 1542 1684 1547
f 1539 1684 1542
f 1539 1682 1684
f 1539 1540 1682
f 1684 1691 1547
f 1548 1683 1541
f 1692 1683 1548
f 1538 1543 1548
f 1541 1538 1548
f 1542 1547 1544
f 1547 1691 1693
f 1547 1693 1544
f 1544 1693 1545
f 1549 1694 1552
f 1549 1545 1694
f 1545 1693 1694
f 1552 1695 1553
f 1694 1695 1552
f 1695 1701 1553
f 1554 1692 1548
f 1702 1692 1554
f 1543 1546 1555
f 1543 1555 1548
f 1548 1555 1554
f 1546 1550 1555
f 1549 1552 1551
f 1556 1551 1552
f 1556 1552 1560
f 1560 1552 1553
f 1703 1553 1701
f 1703 1561 1553
f 1561 1560 1553
f 1561 1704 1562
f 1703 1704 1561
f 1702 1562 1704
f 1702 1554 1562
f 1554 1563 1562
f 1555 1564 1554
f 1564 1563 1554
f 1550 1557 1564
f 1555 1550 1564
f 1556 1560 1558
f 1559 1558 1560
f 1561 1559 1560
f 1565 1559 1561
f 1565 1561 1570
f 1570 1561 1562
f 1563 1571 1562
f 1571 1570 1562
f 1564 1572 1563
f 1572 1571 1563
f 1557 1566 1572
f 1564 1557 1572
f 1565 1570 1567
f 1568 1567 1570
f 1571 1568 1570
f 1569 1568 1571
f 1572 1569 1571
f 1566 1569 1572
f 1573 1581 1577
f 1573 1574 1582
f 1581 1573 1582
f 1574 1575 1583
f 1582 1574 1583
f 1575 1576 1584
f 1583 1575 1584
f 1576 1578 1584
f 1581 1588 1585
f 1577 1581 1585
f 1710 1582 1707
f 1710 1588 1582
f 1588 1581 1582
f 1583 1707 1582
f 1708 1707 1583
f 1584 1708 1583
f 1709 1708 1584
f 1589 1711 1709
f 1579 1589 1709
f 1579 1709 1584
f 1579 1584 1578
f 1579 1580 1590
f 1589 1579 1590
f 1580 1586 1590
f 1588 1594 1591
f 1585 1588 1591
f 1716 1588 1710
f 1594 1588 1716
f 1595 1717 1712
f 1711 1595 1712
f 1711 1589 1595
f 1589 1596 1595
f 1587 1592 1596
f 1587 1596 1590
f 1590 1596 1589
f 1586 1587 1590
f 1594 1600 1597
f 1591 1594 1597
f 1720 1594 1716
f 1600 1594 1720
f 1601 1717 1595
f 1721 1717 1601
f 1593 1598 1601
f 1593 1601 1596
f 1596 1601 1595
f 1592 1593 1596
f 1600 1604 1602
f 1597 1600 1602
f 1722 1600 1720
f 1722 1605 1600
f 1605 1604 1600
f 1605 1723 1606
f 1722 1723 1605
f 1721 1606 1723
f 1601 1606 1721
f 1601 1603 1606
f 1601 1599 1603
f 1598 1599 1601
f 1604 1611 1607
f 1602 1604 1607
f 1605 1612 1604
f 1612 1611 1604
f 1606 1613 1605
f 1613 1612 1605
f 1603 1608 1613
f 1606 1603 1613
f 1607 1611 1609
f 1614 1609 1611
f 1614 1611 1617
f 1617 1611 1612
f 1610 1615 1617
f 1610 1617 1613
f 1613 1617 1612
f 1608 1610 1613
f 1614 1617 1616
f 1615 1616 1617
f 1621 1726 1727
f 1726 1621 1728
f 1626 1729 1735
f 1727 1729 1626
f 1621 1727 1626
f 1621 1626 1622
f 1621 1622 1618
f 1621 1730 1728
f 1621 1618 1730
f 1618 1619 1730
f 1620 1731 1619
f 1619 1731 1730
f 1623 1627 1732
f 1623 1732 1620
f 1620 1732 1731
f 1732 1627 1736
f 1631 1626 1735
f 1739 1631 1735
f 1622 1631 1628
f 1626 1631 1622
f 1623 1624 1627
f 1627 1737 1736
f 1627 1624 1737
f 1624 1625 1737
f 1737 1625 1629
f 1740 1737 1629
f 1635 1631 1739
f 1743 1635 1739
f 1628 1635 1632
f 1631 1635 1628
f 1629 1741 1740
f 1630 1741 1629
f 1741 1630 1633
f 1744 1741 1633
f 1635 1743 1745
f 1639 1745 1747
f 1634 1745 1639
f 1634 1635 1745
f 1634 1632 1635
f 1634 1639 1636
f 1633 1637 1744
f 1744 1637 1748
f 1639 1747 1749
f 1749 1636 1639
f 1749 1752 1636
f 1752 1640 1636
f 1637 1750 1748
f 1638 1750 1637
f 1750 1638 1641
f 1753 1750 1641
f 1647 1642 1640
f 1647 1640 1756
f 1756 1640 1752
f 1642 1647 1644
f 1641 1754 1753
f 1643 1754 1641
f 1754 1643 1645
f 1757 1754 1645
f 1647 1756 1758
f 1758 1644 1647
f 1758 1760 1644
f 1760 1648 1644
f 1645 1759 1757
f 1646 1759 1645
f 1759 1646 1649
f 1761 1759 1649
f 1648 1760 1762
f 1650 1648 1762
f 1762 1652 1650
f 1763 1652 1762
f 1655 1649 1651
f 1655 1764 1649
f 1764 1761 1649
f 1651 1653 1655
f 1652 1763 1656
f 1763 1766 1656
f 1655 1765 1764
f 1659 1767 1765
f 1654 1659 1765
f 1654 1765 1655
f 1654 1655 1653
f 1654 1657 1659
f 1656 1766 1768
f 1658 1656 1768
f 1768 1660 1658
f 1771 1660 1768
f 1659 1769 1767
f 1769 1659 1657
f 1769 1657 1772
f 1772 1657 1661
f 1660 1771 1773
f 1662 1660 1773
f 1664 1774 1668
f 1664 1662 1774
f 1662 1773 1774
f 1774 1778 1668
f 1661 1775 1772
f 1663 1775 1661
f 1775 1663 1665
f 1779 1775 1665
f 1664 1668 1666
f 1669 1780 1673
f 1666 1780 1669
f 1666 1778 1780
f 1666 1668 1778
f 1780 1782 1673
f 1674 1665 1667
f 1674 1783 1665
f 1783 1779 1665
f 1667 1670 1674
f 1669 1673 1671
f 1675 1784 1680
f 1671 1784 1675
f 1671 1782 1784
f 1671 1673 1782
f 1784 1789 1680
f 1674 1785 1783
f 1681 1790 1785
f 1672 1681 1785
f 1672 1785 1674
f 1672 1674 1670
f 1672 1676 1681
f 1675 1680 1677
f 1680 1789 1791
f 1680 1791 1677
f 1677 1791 1678
f 1682 1792 1685
f 1682 1678 1792
f 1678 1791 1792
f 1685 1793 1686
f 1792 1793 1685
f 1686 1794 1687
f 1793 1794 1686
f 1687 1795 1688
f 1794 1795 1687
f 1790 1688 1795
f 1790 1681 1688
f 1681 1689 1688
f 1676 1679 1690
f 1676 1690 1681
f 1681 1690 1689
f 1679 1683 1690
f 1682 1685 1684
f 1691 1684 1685
f 1691 1685 1696
f 1696 1685 1686
f 1687 1697 1686
f 1697 1696 1686
f 1688 1698 1687
f 1698 1697 1687
f 1689 1699 1688
f 1699 1698 1688
f 1690 1700 1689
f 1700 1699 1689
f 1683 1692 1700
f 1690 1683 1700
f 1691 1696 1693
f 1694 1693 1696
f 1697 1694 1696
f 1695 1694 1697
f 1698 1695 1697
f 1701 1695 1698
f 1701 1698 1705
f 1705 1698 1699
f 1700 1706 1699
f 1706 1705 1699
f 1692 1702 1706
f 1700 1692 1706
f 1701 1705 1703
f 1704 1703 1705
f 1706 1704 1705
f 1702 1704 1706
f 1707 1713 1710
f 1707 1708 1714
f 1713 1707 1714
f 1708 1709 1715
f 1714 1708 1715
f 1709 1711 1715
f 1713 1718 1716
f 1710 1713 1716
f 1714 1719 1713
f 1719 1718 1713
f 1712 1717 1719
f 1712 1719 1715
f 1715 1719 1714
f 1711 1712 1715
f 1718 1724 1720
f 1716 1718 1720
f 1719 1725 1718
f 1725 1724 1718
f 1717 1721 1725
f 1719 1717 1725
f 1720 1724 1722
f 1723 1722 1724
f 1725 1723 1724
f 1721 1723 1725
f 1733 1801 1808
f 1733 1727 1726
f 1733 1726 1801
f 1801 1726 1802
f 1728 1734 1803
f 1728 1803 1726
f 1726 1803 1802
f 1803 1734 1809
f 1738 1810 1816
f 1808 1810 1738
f 1733 1808 1738
f 1733 1738 1735
f 1733 1735 1729
f 1727 1733 1729
f 1728 1730 1734
f 1734 1811 1809
f 1734 1730 1811
f 1730 1731 1811
f 1732 1812 1731
f 1731 1812 1811
f 1812 1732 1736
f 1817 1812 1736
f 1742 1738 1816
f 1820 1742 1816
f 1735 1742 1739
f 1738 1742 1735
f 1736 1818 1817
f 1737 1818 1736
f 1818 1737 1740
f 1821 1818 1740
f 1746 1742 1820
f 1823 1746 1820
f 1739 1746 1743
f 1742 1746 1739
f 1740 1822 1821
f 1741 1822 1740
f 1822 1741 1744
f 1824 1822 1744
f 1746 1823 1825
f 1751 1825 1827
f 1745 1825 1751
f 1745 1746 1825
f 1745 1743 1746
f 1745 1751 1747
f 1744 1748 1824
f 1824 1748 1828
f 1751 1827 1829
f 1755 1829 1831
f 1749 1829 1755
f 1749 1751 1829
f 1749 1747 1751
f 1749 1755 1752
f 1748 1830 1828
f 1750 1830 1748
f 1830 1750 1753
f 1832 1830 1753
f 1755 1831 1833
f 1833 1752 1755
f 1833 1835 1752
f 1835 1756 1752
f 1753 1834 1832
f 1754 1834 1753
f 1834 1754 1757
f 1836 1834 1757
f 1756 1835 1837
f 1758 1756 1837
f 1837 1760 1758
f 1839 1760 1837
f 1757 1838 1836
f 1759 1838 1757
f 1838 1759 1761
f 1840 1838 1761
f 1760 1839 1841
f 1762 1760 1841
f 1841 1763 1762
f 1843 1763 1841
f 1761 1764 1840
f 1840 1764 1844
f 1845 1770 1766
f 1845 1766 1843
f 1843 1766 1763
f 1845 1848 1770
f 1764 1846 1844
f 1765 1846 1764
f 1846 1765 1767
f 1849 1846 1767
f 1766 1770 1768
f 1771 1850 1776
f 1768 1850 1771
f 1768 1848 1850
f 1768 1770 1848
f 1850 1854 1776
f 1777 1767 1769
f 1777 1855 1767
f 1855 1849 1767
f 1769 1772 1777
f 1771 1776 1773
f 1776 1854 1856
f 1776 1856 1773
f 1773 1856 1774
f 1856 1778 1774
f 1861 1778 1856
f 1777 1857 1855
f 1781 1862 1857
f 1775 1781 1857
f 1775 1857 1777
f 1775 1777 1772
f 1775 1779 1781
f 1778 1861 1863
f 1780 1778 1863
f 1782 1864 1786
f 1782 1780 1864
f 1780 1863 1864
f 1864 1871 1786
f 1787 1872 1865
f 1862 1787 1865
f 1862 1781 1787
f 1781 1788 1787
f 1779 1783 1788
f 1781 1779 1788
f 1782 1786 1784
f 1789 1873 1796
f 1784 1873 1789
f 1784 1871 1873
f 1784 1786 1871
f 1796 1874 1797
f 1873 1874 1796
f 1872 1797 1874
f 1872 1787 1797
f 1787 1798 1797
f 1788 1799 1787
f 1799 1798 1787
f 1783 1785 1800
f 1783 1800 1788
f 1788 1800 1799
f 1785 1790 1800
f 1789 1796 1791
f 1792 1791 1796
f 1797 1792 1796
f 1793 1792 1797
f 1798 1793 1797
f 1794 1793 1798
f 1799 1794 1798
f 1795 1794 1799
f 1800 1795 1799
f 1790 1795 1800
f 1804 1877 1884
f 1804 1805 1878
f 1877 1804 1878
f 1805 1806 1879
f 1878 1805 1879
f 1806 1807 1880
f 1879 1806 1880
f 1880 1807 1885
f 1813 1804 1884
f 1889 1813 1884
f 1805 1804 1814
f 1814 1804 1813
f 1801 1814 1808
f 1801 1806 1814
f 1806 1805 1814
f 1802 1806 1801
f 1807 1806 1802
f 1807 1886 1885
f 1807 1802 1886
f 1802 1803 1886
f 1809 1815 1887
f 1809 1887 1803
f 1803 1887 1886
f 1887 1815 1890
f 1819 1813 1889
f 1893 1819 1889
f 1810 1819 1816
f 1810 1814 1819
f 1814 1813 1819
f 1808 1814 1810
f 1809 1811 1815
f 1815 1891 1890
f 1815 1811 1891
f 1811 1812 1891
f 1891 1812 1817
f 1894 1891 1817
f 1819 1893 1895
f 1895 1816 1819
f 1895 1897 1816
f 1897 1820 1816
f 1817 1896 1894
f 1818 1896 1817
f 1896 1818 1821
f 1898 1896 1821
f 1820 1897 1823
f 1897 1900 1823
f 1826 1821 1822
f 1826 1901 1821
f 1901 1898 1821
f 1822 1824 1826
f 1823 1900 1902
f 1825 1823 1902
f 1902 1827 1825
f 1904 1827 1902
f 1826 1903 1901
f 1903 1826 1824
f 1903 1824 1905
f 1905 1824 1828
f 1827 1904 1906
f 1829 1827 1906
f 1906 1831 1829
f 1909 1831 1906
f 1828 1907 1905
f 1830 1907 1828
f 1907 1830 1832
f 1910 1907 1832
f 1831 1909 1911
f 1833 1831 1911
f 1911 1835 1833
f 1914 1835 1911
f 1832 1912 1910
f 1834 1912 1832
f 1912 1834 1836
f 1915 1912 1836
f 1835 1914 1916
f 1837 1835 1916
f 1916 1839 1837
f 1918 1839 1916
f 1842 1836 1838
f 1842 1919 1836
f 1919 1915 1836
f 1838 1840 1842
f 1839 1918 1920
f 1841 1839 1920
f 1920 1843 1841
f 1922 1843 1920
f 1847 1919 1842
f 1923 1919 1847
f 1840 1844 1847
f 1842 1840 1847
f 1843 1922 1924
f 1845 1843 1924
f 1848 1925 1851
f 1848 1845 1925
f 1845 1924 1925
f 1925 1928 1851
f 1852 1923 1847
f 1929 1923 1852
f 1844 1846 1853
f 1844 1853 1847
f 1847 1853 1852
f 1846 1849 1853
f 1848 1851 1850
f 1854 1930 1858
f 1850 1930 1854
f 1850 1928 1930
f 1850 1851 1928
f 1930 1934 1858
f 1859 1929 1852
f 1935 1929 1859
f 1853 1860 1852
f 1860 1859 1852
f 1849 1855 1860
f 1853 1849 1860
f 1854 1858 1856
f 1861 1936 1866
f 1856 1936 1861
f 1856 1934 1936
f 1856 1858 1934
f 1866 1937 1867
f 1936 1937 1866
f 1935 1867 1937
f 1935 1859 1867
f 1859 1868 1867
f 1860 1869 1859
f 1869 1868 1859
f 1855 1857 1870
f 1855 1870 1860
f 1860 1870 1869
f 1857 1862 1870
f 1861 1866 1863
f 1864 1863 1866
f 1867 1864 1866
f 1871 1864 1867
f 1871 1867 1875
f 1875 1867 1868
f 1869 1876 1868
f 1876 1875 1868
f 1865 1872 1876
f 1865 1876 1870
f 1870 1876 1869
f 1862 1865 1870
f 1871 1875 1873
f 1874 1873 1875
f 1876 1874 1875
f 1872 1874 1876
f 1881 1940 1945
f 1881 1882 1941
f 1940 1881 1941
f 1882 1883 1942
f 1941 1882 1942
f 1942 1883 1946
f 1877 1881 1945
f 1877 1945 1884
f 1884 1945 1950
f 1878 1881 1877
f 1882 1881 1878
f 1879 1882 1878
f 1883 1882 1879
f 1883 1947 1946
f 1883 1879 1947
f 1879 1880 1947
f 1885 1888 1948
f 1885 1948 1880
f 1880 1948 1947
f 1948 1888 1951
f 1892 1952 1955
f 1892 1950 1952
f 1892 1889 1950
f 1889 1884 1950
f 1885 1886 1888
f 1888 1953 1951
f 1888 1886 1953
f 1886 1887 1953
f 1953 1887 1890
f 1956 1953 1890
f 1892 1955 1957
f 1957 1889 1892
f 1957 1959 1889
f 1959 1893 1889
f 1890 1958 1956
f 1891 1958 1890
f 1958 1891 1894
f 1960 1958 1894
f 1899 1895 1893
f 1899 1893 1963
f 1963 1893 1959
f 1895 1899 1897
f 1894 1961 1960
f 1896 1961 1894
f 1961 1896 1898
f 1964 1961 1898
f 1899 1963 1965
f 1965 1897 1899
f 1965 1967 1897
f 1967 1900 1897
f 1898 1901 1964
f 1964 1901 1968
f 1900 1967 1969
f 1902 1900 1969
f 1969 1904 1902
f 1970 1904 1969
f 1908 1901 1903
f 1908 1971 1901
f 1971 1968 1901
f 1903 1905 1908
f 1904 1970 1972
f 1906 1904 1972
f 1972 1909 1906
f 1974 1909 1972
f 1908 1973 1971
f 1913 1975 1973
f 1907 1913 1973
f 1907 1973 1908
f 1907 1908 1905
f 1907 1910 1913
f 1909 1974 1976
f 1911 1909 1976
f 1976 1914 1911
f 1978 1914 1976
f 1913 1977 1975
f 1917 1979 1977
f 1912 1917 1977
f 1912 1977 1913
f 1912 1913 1910
f 1912 1915 1917
f 1914 1978 1980
f 1916 1914 1980
f 1980 1918 1916
f 1982 1918 1980
f 1921 1979 1917
f 1983 1979 1921
f 1915 1919 1921
f 1917 1915 1921
f 1918 1982 1984
f 1920 1918 1984
f 1922 1985 1926
f 1922 1920 1985
f 1920 1984 1985
f 1985 1991 1926
f 1927 1983 1921
f 1992 1983 1927
f 1919 1923 1927
f 1921 1919 1927
f 1922 1926 1924
f 1926 1991 1993
f 1926 1993 1924
f 1924 1993 1925
f 1928 1994 1931
f 1928 1925 1994
f 1925 1993 1994
f 1931 1995 1932
f 1994 1995 1931
f 1992 1932 1995
f 1992 1927 1932
f 1927 1933 1932
f 1923 1929 1933
f 1927 1923 1933
f 1928 1931 1930
f 1934 1930 1931
f 1934 1931 1938
f 1938 1931 1932
f 1933 1939 1932
f 1939 1938 1932
f 1929 1935 1939
f 1933 1929 1939
f 1934 1938 1936
f 1937 1936 1938
f 1939 1937 1938
f 1935 1937 1939
f 1943 1999 2001
f 1943 1944 2000
f 1999 1943 2000
f 2000 1944 2002
f 1949 2003 2007
f 2001 2003 1949
f 1943 2001 1949
f 1943 1949 1945
f 1943 1945 1940
f 1941 1943 1940
f 1944 1943 1941
f 1944 2004 2002
f 1944 1941 2004
f 1941 1942 2004
f 2004 1942 1946
f 2008 2004 1946
f 1954 1949 2007
f 2012 1954 2007
f 1945 1954 1950
f 1949 1954 1945
f 1946 2009 2008
f 1947 2009 1946
f 1948 2010 1947
f 1947 2010 2009
f 2010 1948 1951
f 2013 2010 1951
f 1952 1954 2012
f 1952 2012 1955
f 1955 2012 2016
f 1950 1954 1952
f 1951 2014 2013
f 1953 2014 1951
f 2014 1953 1956
f 2017 2014 1956
f 1962 1957 1955
f 1962 1955 2019
f 2019 1955 2016
f 1957 1962 1959
f 1956 2018 2017
f 1958 2018 1956
f 2018 1958 1960
f 2020 2018 1960
f 1962 2019 2021
f 2021 1959 1962
f 2021 2022 1959
f 2022 1963 1959
f 1966 1960 1961
f 1966 2023 1960
f 2023 2020 1960
f 1961 1964 1966
f 1963 2022 2024
f 1965 1963 2024
f 2024 1967 1965
f 2026 1967 2024
f 1966 2025 2023
f 2025 1966 1964
f 2025 1964 2027
f 2027 1964 1968
f 1967 2026 2028
f 1969 1967 2028
f 2028 1970 1969
f 2030 1970 2028
f 1968 1971 2027
f 2027 1971 2031
f 1970 2030 2032
f 1972 1970 2032
f 2032 1974 1972
f 2034 1974 2032
f 1971 2033 2031
f 1973 2033 1971
f 2033 1973 1975
f 2035 2033 1975
f 1974 2034 2036
f 1976 1974 2036
f 2036 1978 1976
f 2038 1978 2036
f 1981 1975 1977
f 1981 2039 1975
f 2039 2035 1975
f 1977 1979 1981
f 1978 2038 2040
f 1980 1978 2040
f 1982 2041 1986
f 1982 1980 2041
f 1980 2040 2041
f 1986 2042 1987
f 2041 2042 1986
f 1987 2043 1988
f 2042 2043 1987
f 1988 2044 1989
f 2043 2044 1988
f 2039 1989 2044
f 2039 1981 1989
f 1981 1990 1989
f 1979 1983 1990
f 1981 1979 1990
f 1982 1986 1984
f 1985 1984 1986
f 1987 1985 1986
f 1991 1985 1987
f 1991 1987 1996
f 1996 1987 1988
f 1989 1997 1988
f 1997 1996 1988
f 1990 1998 1989
f 1998 1997 1989
f 1983 1992 1998
f 1990 1983 1998
f 1991 1996 1993
f 1994 1993 1996
f 1997 1994 1996
f 1995 1994 1997
f 1998 1995 1997
f 1992 1995 1998
f 2005 2050 2056
f 2005 2001 1999
f 2005 1999 2050
f 2050 1999 2051
f 2000 2052 1999
f 1999 2052 2051
f 2002 2006 2053
f 2002 2053 2000
f 2000 2053 2052
f 2053 2006 2057
f 2011 2058 2060
f 2056 2058 2011
f 2005 2056 2011
f 2005 2011 2007
f 2005 2007 2003
f 2001 2005 2003
f 2002 2004 2006
f 2006 2004 2008
f 2006 2008 2057
f 2057 2008 2061
f 2015 2011 2060
f 2064 2015 2060
f 2007 2015 2012
f 2011 2015 2007
f 2008 2062 2061
f 2009 2062 2008
f 2010 2063 2009
f 2009 2063 2062
f 2063 2010 2013
f 2065 2063 2013
f 2015 2064 2066
f 2066 2012 2015
f 2066 2068 2012
f 2068 2016 2012
f 2013 2067 2065
f 2014 2067 2013
f 2067 2014 2017
f 2069 2067 2017
f 2016 2068 2019
f 2068 2072 2019
f 2017 2070 2069
f 2018 2070 2017
f 2070 2018 2020
f 2073 2070 2020
f 2019 2072 2074
f 2021 2019 2074
f 2074 2022 2021
f 2076 2022 2074
f 2020 2023 2073
f 2073 2023 2077
f 2022 2076 2078
f 2024 2022 2078
f 2078 2026 2024
f 2080 2026 2078
f 2029 2023 2025
f 2029 2081 2023
f 2081 2077 2023
f 2025 2027 2029
f 2026 2080 2082
f 2028 2026 2082
f 2082 2030 2028
f 2084 2030 2082
f 2029 2083 2081
f 2083 2029 2027
f 2083 2027 2085
f 2085 2027 2031
f 2030 2084 2086
f 2032 2030 2086
f 2086 2034 2032
f 2089 2034 2086
f 2037 2031 2033
f 2037 2090 2031
f 2090 2085 2031
f 2033 2035 2037
f 2034 2089 2091
f 2036 2034 2091
f 2038 2092 2045
f 2038 2036 2092
f 2036 2091 2092
f 2045 2093 2046
f 2092 2093 2045
f 2046 2094 2047
f 2093 2094 2046
f 2047 2095 2048
f 2094 2095 2047
f 2090 2048 2095
f 2090 2037 2048
f 2037 2049 2048
f 2035 2039 2049
f 2037 2035 2049
f 2038 2045 2040
f 2041 2040 2045
f 2046 2041 2045
f 2042 2041 2046
f 2047 2042 2046
f 2043 2042 2047
f 2048 2043 2047
f 2044 2043 2048
f 2049 2044 2048
f 2039 2044 2049
f 2054 2100 2102
f 2054 2055 2101
f 2100 2054 2101
f 2101 2055 2103
f 2059 2104 2110
f 2102 2104 2059
f 2054 2102 2059
f 2054 2059 2056
f 2054 2056 2050
f 2051 2054 2050
f 2055 2054 2051
f 2055 2105 2103
f 2055 2051 2105
f 2051 2052 2105
f 2053 2106 2052
f 2052 2106 2105
f 2106 2053 2057
f 2111 2106 2057
f 2058 2059 2110
f 2058 2110 2060
f 2060 2110 2113
f 2056 2059 2058
f 2057 2061 2111
f 2111 2061 2114
f 2060 2113 2064
f 2113 2119 2064
f 2061 2115 2114
f 2062 2115 2061
f 2063 2116 2062
f 2062 2116 2115
f 2116 2063 2065
f 2120 2116 2065
f 2071 2066 2064
f 2071 2064 2123
f 2123 2064 2119
f 2066 2071 2068
f 2065 2121 2120
f 2067 2121 2065
f 2121 2067 2069
f 2124 2121 2069
f 2071 2123 2125
f 2125 2068 2071
f 2125 2127 2068
f 2127 2072 2068
f 2075 2069 2070
f 2075 2128 2069
f 2128 2124 2069
f 2070 2073 2075
f 2072 2127 2129
f 2074 2072 2129
f 2129 2076 2074
f 2131 2076 2129
f 2079 2128 2075
f 2132 2128 2079
f 2073 2077 2079
f 2075 2073 2079
f 2076 2131 2133
f 2078 2076 2133
f 2133 2080 2078
f 2136 2080 2133
f 2079 2134 2132
f 2134 2079 2077
f 2134 2077 2137
f 2137 2077 2081
f 2080 2136 2138
f 2082 2080 2138
f 2138 2084 2082
f 2141 2084 2138
f 2087 2142 2139
f 2083 2088 2087
f 2083 2087 2137
f 2083 2137 2081
f 2139 2137 2087
f 2083 2085 2088
f 2084 2141 2143
f 2086 2084 2143
f 2089 2144 2096
f 2089 2086 2144
f 2086 2143 2144
f 2144 2147 2096
f 2097 2148 2145
f 2142 2097 2145
f 2142 2087 2097
f 2087 2098 2097
f 2088 2099 2087
f 2099 2098 2087
f 2085 2090 2099
f 2088 2085 2099
f 2089 2096 2091
f 2096 2147 2149
f 2096 2149 2091
f 2091 2149 2092
f 2148 2097 2093
f 2148 2093 2149
f 2149 2093 2092
f 2094 2093 2097
f 2098 2094 2097
f 2095 2094 2098
f 2099 2095 2098
f 2090 2095 2099
f 2107 2151 2159
f 2107 2108 2152
f 2151 2107 2152
f 2108 2102 2100
f 2108 2100 2152
f 2152 2100 2153
f 2101 2154 2100
f 2100 2154 2153
f 2103 2109 2155
f 2103 2155 2101
f 2101 2155 2154
f 2155 2109 2160
f 2112 2107 2159
f 2163 2112 2159
f 2104 2112 2110
f 2104 2108 2112
f 2108 2107 2112
f 2102 2108 2104
f 2103 2105 2109
f 2109 2161 2160
f 2109 2105 2161
f 2105 2106 2161
f 2161 2106 2111
f 2164 2161 2111
f 2117 2112 2163
f 2167 2117 2163
f 2110 2117 2113
f 2112 2117 2110
f 2165 2114 2118
f 2165 2164 2114
f 2164 2111 2114
f 2165 2118 2168
f 2122 2117 2167
f 2170 2122 2167
f 2113 2122 2119
f 2117 2122 2113
f 2114 2115 2118
f 2118 2169 2168
f 2118 2115 2169
f 2115 2116 2169
f 2169 2116 2120
f 2171 2169 2120
f 2122 2170 2172
f 2172 2119 2122
f 2172 2174 2119
f 2174 2123 2119
f 2126 2120 2121
f 2126 2175 2120
f 2175 2171 2120
f 2121 2124 2126
f 2130 2125 2123
f 2130 2123 2178
f 2178 2123 2174
f 2125 2130 2127
f 2126 2176 2175
f 2176 2126 2124
f 2176 2124 2179
f 2179 2124 2128
f 2130 2178 2180
f 2135 2180 2182
f 2129 2180 2135
f 2129 2130 2180
f 2129 2127 2130
f 2129 2135 2131
f 2128 2132 2179
f 2179 2132 2183
f 2135 2182 2184
f 2131 2135 2184
f 2131 2184 2133
f 2133 2184 2185
f 2185 2136 2133
f 2187 2136 2185
f 2140 2132 2134
f 2140 2188 2132
f 2188 2183 2132
f 2134 2137 2140
f 2136 2187 2189
f 2138 2136 2189
f 2189 2141 2138
f 2192 2141 2189
f 2146 2193 2190
f 2188 2146 2190
f 2140 2146 2188
f 2140 2142 2146
f 2140 2139 2142
f 2137 2139 2140
f 2141 2192 2194
f 2143 2141 2194
f 2144 2143 2195
f 2143 2194 2195
f 2147 2196 2150
f 2147 2144 2196
f 2144 2195 2196
f 2193 2150 2196
f 2146 2150 2193
f 2146 2148 2150
f 2146 2145 2148
f 2142 2145 2146
f 2147 2150 2149
f 2148 2149 2150
f 2156 2200 2204
f 2156 2157 2201
f 2200 2156 2201
f 2157 2158 2202
f 2201 2157 2202
f 2202 2158 2205
f 2162 2206 2211
f 2204 2206 2162
f 2156 2204 2162
f 2156 2162 2159
f 2156 2159 2151
f 2152 2156 2151
f 2157 2156 2152
f 2153 2157 2152
f 2158 2157 2153
f 2158 2207 2205
f 2158 2153 2207
f 2153 2154 2207
f 2155 2208 2154
f 2154 2208 2207
f 2208 2155 2160
f 2212 2208 2160
f 2166 2162 2211
f 2215 2166 2211
f 2159 2166 2163
f 2162 2166 2159
f 2160 2213 2212
f 2161 2213 2160
f 2213 2161 2164
f 2216 2213 2164
f 2166 2215 2217
f 2217 2163 2166
f 2217 2220 2163
f 2220 2167 2163
f 2164 2218 2216
f 2165 2218 2164
f 2218 2165 2168
f 2221 2218 2168
f 2167 2220 2170
f 2220 2224 2170
f 2173 2168 2169
f 2173 2225 2168
f 2225 2221 2168
f 2169 2171 2173
f 2177 2172 2170
f 2177 2170 2227
f 2227 2170 2224
f 2172 2177 2174
f 2173 2226 2225
f 2226 2173 2171
f 2226 2171 2228
f 2228 2171 2175
f 2177 2227 2229
f 2229 2174 2177
f 2229 2231 2174
f 2231 2178 2174
f 2181 2175 2176
f 2181 2232 2175
f 2232 2228 2175
f 2176 2179 2181
f 2178 2231 2233
f 2180 2178 2233
f 2233 2182 2180
f 2235 2182 2233
f 2186 2232 2181
f 2236 2232 2186
f 2179 2183 2186
f 2181 2179 2186
f 2182 2235 2237
f 2184 2182 2237
f 2185 2184 2238
f 2184 2237 2238
f 2238 2187 2185
f 2241 2187 2238
f 2191 2236 2186
f 2242 2236 2191
f 2183 2188 2191
f 2186 2183 2191
f 2187 2241 2243
f 2189 2187 2243
f 2192 2244 2197
f 2192 2189 2244
f 2189 2243 2244
f 2197 2245 2198
f 2244 2245 2197
f 2198 2246 2199
f 2245 2246 2198
f 2242 2199 2246
f 2191 2199 2242
f 2191 2193 2199
f 2191 2190 2193
f 2188 2190 2191
f 2192 2197 2194
f 2195 2194 2197
f 2198 2195 2197
f 2196 2195 2198
f 2199 2196 2198
f 2193 2196 2199
f 2203 2251 2252
f 2251 2203 2253
f 2209 2254 2259
f 2252 2254 2209
f 2203 2252 2209
f 2203 2209 2204
f 2203 2204 2200
f 2203 2255 2253
f 2203 2200 2255
f 2200 2201 2255
f 2202 2256 2201
f 2201 2256 2255
f 2205 2210 2257
f 2205 2257 2202
f 2202 2257 2256
f 2257 2210 2260
f 2214 2261 2264
f 2259 2261 2214
f 2209 2259 2214
f 2209 2214 2211
f 2209 2211 2206
f 2204 2209 2206
f 2205 2207 2210
f 2210 2262 2260
f 2210 2207 2262
f 2207 2208 2262
f 2262 2208 2212
f 2265 2262 2212
f 2219 2214 2264
f 2267 2219 2264
f 2211 2219 2215
f 2214 2219 2211
f 2212 2266 2265
f 2213 2266 2212
f 2266 2213 2216
f 2268 2266 2216
f 2219 2267 2269
f 2222 2269 2271
f 2217 2269 2222
f 2217 2219 2269
f 2217 2215 2219
f 2217 2222 2220
f 2223 2216 2218
f 2223 2272 2216
f 2272 2268 2216
f 2218 2221 2223
f 2222 2271 2273
f 2273 2220 2222
f 2273 2276 2220
f 2276 2224 2220
f 2223 2274 2272
f 2274 2223 2221
f 2274 2221 2277
f 2277 2221 2225
f 2224 2276 2227
f 2276 2280 2227
f 2230 2225 2226
f 2230 2281 2225
f 2281 2277 2225
f 2226 2228 2230
f 2227 2280 2282
f 2229 2227 2282
f 2282 2231 2229
f 2283 2231 2282
f 2234 2281 2230
f 2284 2281 2234
f 2228 2232 2234
f 2230 2228 2234
f 2231 2283 2285
f 2233 2231 2285
f 2235 2286 2239
f 2235 2233 2286
f 2233 2285 2286
f 2286 2288 2239
f 2240 2284 2234
f 2289 2284 2240
f 2232 2236 2240
f 2234 2232 2240
f 2235 2239 2237
f 2239 2288 2290
f 2239 2290 2237
f 2237 2290 2238
f 2241 2291 2247
f 2241 2238 2291
f 2238 2290 2291
f 2247 2292 2248
f 2291 2292 2247
f 2248 2293 2249
f 2292 2293 2248
f 2289 2249 2293
f 2289 2240 2249
f 2240 2250 2249
f 2236 2242 2250
f 2240 2236 2250
f 2241 2247 2243
f 2244 2243 2247
f 2248 2244 2247
f 2245 2244 2248
f 2249 2245 2248
f 2246 2245 2249
f 2250 2246 2249
f 2242 2246 2250
f 2258 2295 2297
f 2258 2252 2251
f 2258 2251 2295
f 2295 2251 2296
f 2296 2251 2253
f 2298 2296 2253
f 2263 2299 2304
f 2297 2299 2263
f 2258 2297 2263
f 2258 2263 2259
f 2258 2259 2254
f 2252 2258 2254
f 2253 2300 2298
f 2255 2300 2253
f 2256 2301 2255
f 2255 2301 2300
f 2257 2302 2256
f 2256 2302 2301
f 2302 2257 2260
f 2305 2302 2260
f 2261 2263 2304
f 2261 2304 2264
f 2264 2304 2307
f 2259 2263 2261
f 2260 2306 2305
f 2262 2306 2260
f 2306 2262 2265
f 2308 2306 2265
f 2264 2307 2267
f 2307 2309 2267
f 2270 2265 2266
f 2270 2310 2265
f 2310 2308 2265
f 2266 2268 2270
f 2275 2269 2267
f 2275 2267 2312
f 2312 2267 2309
f 2269 2275 2271
f 2270 2311 2310
f 2311 2270 2268
f 2311 2268 2313
f 2313 2268 2272
f 2275 2312 2314
f 2278 2314 2316
f 2273 2314 2278
f 2273 2275 2314
f 2273 2271 2275
f 2273 2278 2276
f 2279 2272 2274
f 2279 2317 2272
f 2317 2313 2272
f 2274 2277 2279
f 2278 2316 2318
f 2318 2276 2278
f 2318 2320 2276
f 2320 2280 2276
f 2279 2319 2317
f 2319 2279 2277
f 2319 2277 2321
f 2321 2277 2281
f 2280 2320 2322
f 2282 2280 2322
f 2322 2283 2282
f 2325 2283 2322
f 2287 2326 2323
f 2287 2323 2321
f 2287 2321 2284
f 2284 2321 2281
f 2283 2325 2327
f 2285 2283 2327
f 2286 2285 2328
f 2285 2327 2328
f 2328 2288 2286
f 2329 2288 2328
f 2294 2326 2287
f 2330 2326 2294
f 2284 2289 2294
f 2287 2284 2294
f 2288 2329 2331
f 2290 2288 2331
f 2291 2290 2332
f 2290 2331 2332
f 2292 2291 2333
f 2291 2332 2333
f 2330 2294 2293
f 2330 2293 2333
f 2333 2293 2292
f 2289 2293 2294
f 2295 2337 2342
f 2297 2295 2342
f 2296 2338 2295
f 2295 2338 2337
f 2298 2303 2339
f 2298 2339 2296
f 2296 2339 2338
f 2339 2303 2343
f 2299 2344 2348
f 2304 2299 2348
f 2342 2299 2297
f 2344 2299 2342
f 2298 2300 2303
f 2303 2345 2343
f 2303 2300 2345
f 2300 2301 2345
f 2302 2346 2301
f 2301 2346 2345
f 2346 2302 2305
f 2349 2346 2305
f 2304 2348 2307
f 2348 2351 2307
f 2305 2350 2349
f 2306 2350 2305
f 2350 2306 2308
f 2352 2350 2308
f 2307 2351 2309
f 2351 2354 2309
f 2308 2310 2352
f 2352 2310 2355
f 2309 2354 2312
f 2354 2356 2312
f 2315 2310 2311
f 2315 2357 2310
f 2357 2355 2310
f 2311 2313 2315
f 2312 2356 2358
f 2314 2312 2358
f 2358 2316 2314
f 2360 2316 2358
f 2315 2359 2357
f 2359 2315 2313
f 2359 2313 2361
f 2361 2313 2317
f 2316 2360 2362
f 2318 2316 2362
f 2362 2320 2318
f 2364 2320 2362
f 2324 2317 2319
f 2324 2365 2317
f 2365 2361 2317
f 2319 2321 2324
f 2320 2364 2366
f 2322 2320 2366
f 2366 2325 2322
f 2368 2325 2366
f 2323 2365 2324
f 2323 2326 2365
f 2326 2369 2365
f 2321 2323 2324
f 2325 2368 2370
f 2327 2325 2370
f 2328 2327 2371
f 2327 2370 2371
f 2329 2372 2334
f 2329 2328 2372
f 2328 2371 2372
f 2334 2373 2335
f 2372 2373 2334
f 2335 2374 2336
f 2373 2374 2335
f 2336 2374 2369
f 2336 2369 2330
f 2330 2369 2326
f 2329 2334 2331
f 2332 2331 2334
f 2335 2332 2334
f 2333 2332 2335
f 2336 2333 2335
f 2330 2333 2336
f 2340 2377 2379
f 2340 2341 2378
f 2377 2340 2378
f 2378 2341 2380
f 2347 2381 2384
f 2379 2381 2347
f 2340 2379 2347
f 2340 2347 2342
f 2340 2342 2337
f 2338 2340 2337
f 2341 2340 2338
f 2341 2382 2380
f 2341 2338 2382
f 2338 2339 2382
f 2382 2339 2343
f 2385 2382 2343
f 2344 2347 2384
f 2344 2384 2348
f 2348 2384 2389
f 2342 2347 2344
f 2343 2386 2385
f 2345 2386 2343
f 2346 2387 2345
f 2345 2387 2386
f 2387 2346 2349
f 2390 2387 2349
f 2348 2389 2351
f 2389 2392 2351
f 2353 2349 2350
f 2353 2393 2349
f 2393 2390 2349
f 2350 2352 2353
f 2351 2392 2354
f 2392 2396 2354
f 2353 2394 2393
f 2394 2353 2352
f 2394 2352 2397
f 2397 2352 2355
f 2354 2396 2356
f 2396 2400 2356
f 2355 2357 2397
f 2397 2357 2401
f 2356 2400 2402
f 2358 2356 2402
f 2402 2360 2358
f 2404 2360 2402
f 2363 2357 2359
f 2363 2405 2357
f 2405 2401 2357
f 2359 2361 2363
f 2360 2404 2406
f 2362 2360 2406
f 2406 2364 2362
f 2407 2364 2406
f 2367 2405 2363
f 2408 2405 2367
f 2361 2365 2367
f 2363 2361 2367
f 2364 2407 2409
f 2366 2364 2409
f 2409 2368 2366
f 2412 2368 2409
f 2375 2413 2410
f 2408 2375 2410
f 2408 2367 2375
f 2367 2376 2375
f 2365 2369 2376
f 2367 2365 2376
f 2368 2412 2414
f 2370 2368 2414
f 2371 2370 2415
f 2370 2414 2415
f 2372 2371 2416
f 2371 2415 2416
f 2413 2375 2373
f 2413 2373 2416
f 2416 2373 2372
f 2374 2373 2375
f 2376 2374 2375
f 2369 2374 2376
f 2383 2420 2423
f 2383 2379 2377
f 2383 2377 2420
f 2420 2377 2421
f 2378 2422 2377
f 2377 2422 2421
f 2422 2378 2380
f 2424 2422 2380
f 2388 2425 2429
f 2423 2425 2388
f 2383 2423 2388
f 2383 2388 2384
f 2383 2384 2381
f 2379 2383 2381
f 2380 2426 2424
f 2382 2426 2380
f 2426 2382 2385
f 2430 2426 2385
f 2391 2388 2429
f 2433 2391 2429
f 2384 2391 2389
f 2388 2391 2384
f 2385 2431 2430
f 2386 2431 2385
f 2387 2432 2386
f 2386 2432 2431
f 2432 2387 2390
f 2434 2432 2390
f 2395 2391 2433
f 2436 2395 2433
f 2389 2395 2392
f 2391 2395 2389
f 2390 2393 2434
f 2434 2393 2437
f 2398 2395 2436
f 2438 2398 2436
f 2392 2398 2396
f 2395 2398 2392
f 2399 2393 2394
f 2399 2439 2393
f 2439 2437 2393
f 2394 2397 2399
f 2398 2438 2440
f 2440 2396 2398
f 2440 2441 2396
f 2441 2400 2396
f 2403 2439 2399
f 2442 2439 2403
f 2397 2401 2403
f 2399 2397 2403
f 2400 2441 2443
f 2402 2400 2443
f 2443 2404 2402
f 2446 2404 2443
f 2403 2444 2442
f 2444 2403 2401
f 2444 2401 2447
f 2447 2401 2405
f 2404 2446 2448
f 2406 2404 2448
f 2407 2449 2411
f 2407 2406 2449
f 2406 2448 2449
f 2449 2452 2411
f 2405 2408 2447
f 2447 2408 2453
f 2407 2411 2409
f 2412 2454 2417
f 2409 2454 2412
f 2409 2452 2454
f 2409 2411 2452
f 2417 2455 2418
f 2454 2455 2417
f 2418 2456 2419
f 2455 2456 2418
f 2419 2410 2413
f 2419 2456 2410
f 2456 2457 2410
f 2453 2408 2410
f 2457 2453 2410
f 2412 2417 2414
f 2415 2414 2417
f 2418 2415 2417
f 2416 2415 2418
f 2419 2416 2418
f 2413 2416 2419
f 2427 2461 2464
f 2427 2423 2420
f 2427 2420 2461
f 2461 2420 2462
f 2421 2463 2420
f 2420 2463 2462
f 2428 2465 2463
f 2428 2463 2422
f 2422 2463 2421
f 2422 2424 2428
f 2425 2427 2464
f 2425 2464 2429
f 2429 2464 2469
f 2423 2427 2425
f 2428 2466 2465
f 2424 2466 2428
f 2424 2426 2466
f 2426 2467 2466
f 2467 2426 2430
f 2470 2467 2430
f 2435 2471 2475
f 2435 2469 2471
f 2435 2433 2469
f 2433 2429 2469
f 2430 2472 2470
f 2431 2472 2430
f 2432 2473 2431
f 2431 2473 2472
f 2473 2432 2434
f 2476 2473 2434
f 2435 2475 2477
f 2477 2433 2435
f 2477 2479 2433
f 2479 2436 2433
f 2434 2437 2476
f 2476 2437 2480
f 2436 2479 2438
f 2479 2481 2438
f 2437 2439 2480
f 2480 2439 2482
f 2445 2440 2438
f 2445 2438 2483
f 2483 2438 2481
f 2440 2445 2441
f 2439 2442 2482
f 2482 2442 2484
f 2445 2483 2485
f 2450 2485 2486
f 2443 2485 2450
f 2443 2445 2485
f 2443 2441 2445
f 2443 2450 2446
f 2451 2442 2444
f 2451 2487 2442
f 2487 2484 2442
f 2444 2447 2451
f 2450 2486 2488
f 2446 2450 2488
f 2446 2488 2448
f 2448 2488 2489
f 2449 2448 2490
f 2448 2489 2490
f 2452 2491 2458
f 2452 2449 2491
f 2449 2490 2491
f 2491 2493 2458
f 2459 2494 2492
f 2487 2459 2492
f 2487 2451 2459
f 2451 2460 2459
f 2447 2453 2460
f 2451 2447 2460
f 2452 2458 2454
f 2458 2493 2495
f 2458 2495 2454
f 2454 2495 2455
f 2494 2459 2456
f 2494 2456 2495
f 2495 2456 2455
f 2457 2456 2459
f 2460 2457 2459
f 2453 2457 2460
f 2461 2497 2503
f 2464 2461 2503
f 2462 2498 2461
f 2461 2498 2497
f 2463 2499 2462
f 2462 2499 2498
f 2465 2468 2500
f 2465 2500 2463
f 2463 2500 2499
f 2500 2468 2504
f 2474 2505 2507
f 2474 2503 2505
f 2474 2469 2503
f 2469 2464 2503
f 2465 2466 2468
f 2468 2506 2504
f 2468 2466 2506
f 2466 2467 2506
f 2506 2467 2470
f 2508 2506 2470
f 2471 2474 2507
f 2471 2507 2475
f 2475 2507 2510
f 2469 2474 2471
f 2470 2509 2508
f 2472 2509 2470
f 2478 2511 2509
f 2478 2509 2473
f 2473 2509 2472
f 2473 2476 2478
f 2475 2510 2512
f 2477 2475 2512
f 2512 2479 2477
f 2514 2479 2512
f 2478 2513 2511
f 2513 2478 2476
f 2513 2476 2515
f 2515 2476 2480
f 2479 2514 2481
f 2514 2517 2481
f 2480 2482 2515
f 2515 2482 2518
f 2481 2517 2483
f 2517 2519 2483
f 2482 2484 2518
f 2518 2484 2520
f 2483 2519 2521
f 2485 2483 2521
f 2521 2486 2485
f 2522 2486 2521
f 2484 2487 2520
f 2520 2487 2523
f 2486 2522 2524
f 2488 2486 2524
f 2489 2488 2525
f 2488 2524 2525
f 2490 2489 2526
f 2489 2525 2526
f 2491 2490 2527
f 2490 2526 2527
f 2493 2528 2496
f 2493 2491 2528
f 2491 2527 2528
f 2496 2492 2494
f 2496 2528 2492
f 2528 2529 2492
f 2523 2487 2492
f 2529 2523 2492
f 2493 2496 2495
f 2494 2495 2496
f 2501 2531 2533
f 2501 2502 2532
f 2531 2501 2532
f 2532 2502 2534
f 2497 2535 2538
f 2503 2497 2538
f 2533 2498 2501
f 2533 2535 2498
f 2535 2497 2498
f 2499 2501 2498
f 2502 2501 2499
f 2502 2536 2534
f 2502 2499 2536
f 2499 2500 2536
f 2536 2500 2504
f 2539 2536 2504
f 2505 2540 2543
f 2507 2505 2543
f 2538 2505 2503
f 2540 2505 2538
f 2504 2541 2539
f 2506 2541 2504
f 2541 2506 2508
f 2544 2541 2508
f 2507 2543 2510
f 2543 2546 2510
f 2508 2545 2544
f 2509 2545 2508
f 2545 2509 2511
f 2547 2545 2511
f 2516 2512 2510
f 2516 2510 2549
f 2549 2510 2546
f 2512 2516 2514
f 2511 2548 2547
f 2513 2548 2511
f 2548 2513 2515
f 2550 2548 2515
f 2516 2549 2551
f 2551 2514 2516
f 2551 2553 2514
f 2553 2517 2514
f 2515 2518 2550
f 2550 2518 2554
f 2517 2553 2519
f 2553 2555 2519
f 2518 2520 2554
f 2554 2520 2556
f 2519 2555 2557
f 2521 2519 2557
f 2557 2522 2521
f 2560 2522 2557
f 2530 2561 2558
f 2530 2558 2556
f 2530 2556 2523
f 2523 2556 2520
f 2522 2560 2562
f 2524 2522 2562
f 2525 2524 2563
f 2524 2562 2563
f 2526 2525 2564
f 2525 2563 2564
f 2527 2526 2565
f 2526 2564 2565
f 2528 2527 2566
f 2527 2565 2566
f 2561 2530 2529
f 2561 2529 2566
f 2566 2529 2528
f 2523 2529 2530
f 2537 2569 2572
f 2537 2533 2531
f 2537 2531 2569
f 2569 2531 2570
f 2532 2571 2531
f 2531 2571 2570
f 2571 2532 2534
f 2573 2571 2534
f 2542 2574 2577
f 2572 2574 2542
f 2537 2572 2542
f 2537 2542 2538
f 2537 2538 2535
f 2533 2537 2535
f 2534 2575 2573
f 2536 2575 2534
f 2575 2536 2539
f 2578 2575 2539
f 2540 2542 2577
f 2540 2577 2543
f 2543 2577 2580
f 2538 2542 2540
f 2539 2579 2578
f 2541 2579 2539
f 2579 2541 2544
f 2581 2579 2544
f 2543 2580 2546
f 2580 2583 2546
f 2544 2582 2581
f 2545 2582 2544
f 2582 2545 2547
f 2584 2582 2547
f 2546 2583 2549
f 2583 2586 2549
f 2552 2547 2548
f 2552 2587 2547
f 2587 2584 2547
f 2548 2550 2552
f 2549 2586 2588
f 2551 2549 2588
f 2588 2553 2551
f 2590 2553 2588
f 2552 2589 2587
f 2589 2552 2550
f 2589 2550 2591
f 2591 2550 2554
f 2553 2590 2555
f 2590 2595 2555
f 2559 2596 2592
f 2559 2592 2591
f 2559 2591 2556
f 2556 2591 2554
f 2555 2595 2597
f 2557 2555 2597
f 2560 2598 2567
f 2560 2557 2598
f 2557 2597 2598
f 2598 2601 2567
f 2568 2602 2599
f 2596 2568 2599
f 2559 2568 2596
f 2559 2561 2568
f 2559 2558 2561
f 2556 2558 2559
f 2560 2567 2562
f 2567 2601 2603
f 2567 2603 2562
f 2562 2603 2563
f 2564 2563 2604
f 2563 2603 2604
f 2565 2564 2605
f 2564 2604 2605
f 2602 2568 2566
f 2602 2566 2605
f 2605 2566 2565
f 2561 2566 2568
f 2569 2606 2610
f 2572 2569 2610
f 2570 2607 2569
f 2569 2607 2606
f 2571 2608 2570
f 2570 2608 2607
f 2573 2576 2609
f 2573 2609 2571
f 2571 2609 2608
f 2609 2576 2611
f 2574 2612 2614
f 2577 2574 2614
f 2610 2574 2572
f 2612 2574 2610
f 2573 2575 2576
f 2576 2575 2578
f 2576 2578 2611
f 2611 2578 2615
f 2577 2614 2580
f 2614 2617 2580
f 2578 2616 2615
f 2579 2616 2578
f 2616 2579 2581
f 2618 2616 2581
f 2580 2617 2583
f 2617 2619 2583
f 2585 2581 2582
f 2585 2620 2581
f 2620 2618 2581
f 2582 2584 2585
f 2583 2619 2586
f 2619 2622 2586
f 2585 2621 2620
f 2621 2585 2584
f 2621 2584 2623
f 2623 2584 2587
f 2593 2588 2586
f 2593 2586 2624
f 2624 2586 2622
f 2588 2593 2590
f 2594 2587 2589
f 2594 2625 2587
f 2625 2623 2587
f 2589 2591 2594
f 2593 2624 2626
f 2593 2595 2590
f 2593 2627 2595
f 2593 2626 2627
f 2600 2595 2627
f 2627 2628 2600
f 2592 2625 2594
f 2592 2596 2625
f 2596 2629 2625
f 2591 2592 2594
f 2595 2600 2597
f 2600 2628 2630
f 2600 2630 2597
f 2597 2630 2598
f 2630 2601 2598
f 2633 2601 2630
f 2599 2634 2631
f 2602 2634 2599
f 2629 2596 2599
f 2631 2629 2599
f 2601 2633 2635
f 2603 2601 2635
f 2604 2603 2636
f 2603 2635 2636
f 2605 2604 2637
f 2604 2636 2637
f 2634 2602 2605
f 2637 2634 2605
f 2606 2640 2643
f 2610 2606 2643
f 2607 2641 2606
f 2606 2641 2640
f 2608 2642 2607
f 2607 2642 2641
f 2613 2644 2642
f 2613 2642 2609
f 2609 2642 2608
f 2609 2611 2613
f 2612 2645 2648
f 2614 2612 2648
f 2643 2612 2610
f 2645 2612 2643
f 2613 2646 2644
f 2646 2613 2611
f 2646 2611 2649
f 2649 2611 2615
f 2614 2648 2617
f 2648 2651 2617
f 2615 2650 2649
f 2616 2650 2615
f 2650 2616 2618
f 2652 2650 2618
f 2617 2651 2619
f 2651 2654 2619
f 2618 2620 2652
f 2652 2620 2655
f 2619 2654 2622
f 2654 2657 2622
f 2620 2656 2655
f 2621 2656 2620
f 2656 2621 2623
f 2658 2656 2623
f 2622 2657 2624
f 2657 2659 2624
f 2623 2625 2658
f 2658 2625 2660
f 2624 2659 2661
f 2626 2624 2661
f 2627 2626 2662
f 2626 2661 2662
f 2662 2628 2627
f 2664 2628 2662
f 2632 2665 2663
f 2632 2663 2660
f 2632 2660 2629
f 2629 2660 2625
f 2628 2664 2666
f 2630 2628 2666
f 2633 2667 2638
f 2633 2630 2667
f 2630 2666 2667
f 2667 2670 2638
f 2639 2671 2668
f 2665 2639 2668
f 2632 2639 2665
f 2632 2634 2639
f 2632 2631 2634
f 2629 2631 2632
f 2633 2638 2635
f 2638 2670 2672
f 2638 2672 2635
f 2635 2672 2636
f 2671 2639 2637
f 2671 2637 2672
f 2672 2637 2636
f 2634 2637 2639
f 2647 2674 2678
f 2647 2643 2640
f 2647 2640 2674
f 2674 2640 2675
f 2641 2676 2640
f 2640 2676 2675
f 2642 2677 2641
f 2641 2677 2676
f 2677 2642 2644
f 2679 2677 2644
f 2645 2647 2678
f 2645 2678 2648
f 2648 2678 2681
f 2643 2647 2645
f 2644 2680 2679
f 2646 2680 2644
f 2680 2646 2649
f 2682 2680 2649
f 2653 2683 2686
f 2653 2681 2683
f 2653 2651 2681
f 2651 2648 2681
f 2649 2684 2682
f 2650 2684 2649
f 2684 2650 2652
f 2687 2684 2652
f 2653 2686 2688
f 2688 2651 2653
f 2688 2689 2651
f 2689 2654 2651
f 2652 2655 2687
f 2687 2655 2690
f 2654 2689 2657
f 2689 2692 2657
f 2655 2691 2690
f 2656 2691 2655
f 2691 2656 2658
f 2693 2691 2658
f 2657 2692 2659
f 2692 2695 2659
f 2658 2660 2693
f 2693 2660 2696
f 2659 2695 2697
f 2661 2659 2697
f 2669 2697 2700
f 2669 2662 2697
f 2662 2661 2697
f 2662 2669 2664
f 2663 2701 2698
f 2665 2701 2663
f 2696 2660 2663
f 2698 2696 2663
f 2669 2700 2702
f 2664 2669 2702
f 2664 2702 2666
f 2666 2702 2703
f 2667 2666 2704
f 2666 2703 2704
f 2670 2705 2673
f 2670 2667 2705
f 2667 2704 2705
f 2673 2668 2671
f 2673 2705 2668
f 2705 2706 2668
f 2701 2665 2668
f 2706 2701 2668
f 2670 2673 2672
f 2671 2672 2673
f 2674 2708 2712
f 2678 2674 2712
f 2675 2709 2674
f 2674 2709 2708
f 2676 2710 2675
f 2675 2710 2709
f 2677 2711 2676
f 2676 2711 2710
f 2711 2677 2679
f 2713 2711 2679
f 2685 2714 2716
f 2685 2712 2714
f 2685 2681 2712
f 2681 2678 2712
f 2679 2715 2713
f 2680 2715 2679
f 2715 2680 2682
f 2717 2715 2682
f 2683 2685 2716
f 2683 2716 2686
f 2686 2716 2719
f 2681 2685 2683
f 2682 2718 2717
f 2684 2718 2682
f 2718 2684 2687
f 2720 2718 2687
f 2686 2719 2721
f 2688 2686 2721
f 2721 2689 2688
f 2722 2689 2721
f 2687 2690 2720
f 2720 2690 2723
f 2689 2722 2692
f 2722 2725 2692
f 2694 2690 2691
f 2694 2726 2690
f 2726 2723 2690
f 2691 2693 2694
f 2692 2725 2695
f 2725 2727 2695
f 2699 2726 2694
f 2728 2726 2699
f 2693 2696 2699
f 2694 2693 2699
f 2695 2727 2729
f 2697 2695 2729
f 2700 2730 2707
f 2700 2697 2730
f 2697 2729 2730
f 2730 2731 2707
f 2698 2728 2699
f 2698 2701 2728
f 2701 2732 2728
f 2696 2698 2699
f 2700 2707 2702
f 2707 2731 2733
f 2707 2733 2702
f 2702 2733 2703
f 2704 2703 2734
f 2703 2733 2734
f 2705 2704 2735
f 2704 2734 2735
f 2706 2705 2736
f 2705 2735 2736
f 2732 2701 2706
f 2736 2732 2706
f 2708 2739 2743
f 2712 2708 2743
f 2709 2740 2708
f 2708 2740 2739
f 2710 2741 2709
f 2709 2741 2740
f 2711 2742 2710
f 2710 2742 2741
f 2742 2711 2713
f 2744 2742 2713
f 2714 2745 2748
f 2716 2714 2748
f 2743 2714 2712
f 2745 2714 2743
f 2713 2746 2744
f 2715 2746 2713
f 2746 2715 2717
f 2749 2746 2717
f 2716 2748 2719
f 2748 2752 2719
f 2717 2750 2749
f 2718 2750 2717
f 2750 2718 2720
f 2753 2750 2720
f 2724 2721 2719
f 2724 2719 2754
f 2754 2719 2752
f 2721 2724 2722
f 2720 2723 2753
f 2753 2723 2755
f 2724 2754 2756
f 2756 2722 2724
f 2756 2757 2722
f 2757 2725 2722
f 2723 2726 2755
f 2755 2726 2758
f 2725 2757 2727
f 2757 2760 2727
f 2726 2728 2758
f 2758 2728 2761
f 2727 2760 2762
f 2729 2727 2762
f 2730 2729 2763
f 2729 2762 2763
f 2731 2764 2737
f 2731 2730 2764
f 2730 2763 2764
f 2764 2766 2737
f 2738 2767 2765
f 2738 2765 2761
f 2738 2761 2732
f 2732 2761 2728
f 2731 2737 2733
f 2737 2766 2768
f 2737 2768 2733
f 2733 2768 2734
f 2735 2734 2769
f 2734 2768 2769
f 2767 2738 2736
f 2767 2736 2769
f 2769 2736 2735
f 2732 2736 2738
f 2747 2772 2779
f 2747 2743 2739
f 2747 2739 2772
f 2772 2739 2773
f 2740 2774 2739
f 2739 2774 2773
f 2741 2775 2740
f 2740 2775 2774
f 2742 2776 2741
f 2741 2776 2775
f 2776 2742 2744
f 2780 2776 2744
f 2745 2747 2779
f 2745 2779 2748
f 2748 2779 2783
f 2743 2747 2745
f 2744 2781 2780
f 2746 2781 2744
f 2749 2751 2782
f 2749 2782 2746
f 2746 2782 2781
f 2782 2751 2784
f 2748 2783 2752
f 2783 2785 2752
f 2749 2750 2751
f 2751 2750 2753
f 2751 2753 2784
f 2784 2753 2786
f 2752 2785 2754
f 2785 2787 2754
f 2753 2755 2786
f 2786 2755 2788
f 2759 2756 2754
f 2759 2754 2789
f 2789 2754 2787
f 2756 2759 2757
f 2755 2758 2788
f 2788 2758 2790
f 2759 2789 2791
f 2791 2757 2759
f 2791 2792 2757
f 2792 2760 2757
f 2758 2761 2790
f 2790 2761 2793
f 2760 2792 2794
f 2762 2760 2794
f 2763 2762 2795
f 2762 2794 2795
f 2764 2763 2796
f 2763 2795 2796
f 2766 2797 2770
f 2766 2764 2797
f 2764 2796 2797
f 2770 2798 2771
f 2797 2798 2770
f 2771 2765 2767
f 2771 2798 2765
f 2798 2799 2765
f 2793 2761 2765
f 2799 2793 2765
f 2766 2770 2768
f 2769 2768 2770
f 2771 2769 2770
f 2767 2769 2771
f 2777 2800 2802
f 2777 2778 2801
f 2800 2777 2801
f 2801 2778 2803
f 2772 2804 2807
f 2779 2772 2807
f 2802 2773 2777
f 2802 2804 2773
f 2804 2772 2773
f 2774 2777 2773
f 2778 2777 2774
f 2778 2805 2803
f 2778 2774 2805
f 2774 2775 2805
f 2776 2806 2775
f 2775 2806 2805
f 2806 2776 2780
f 2808 2806 2780
f 2779 2807 2783
f 2807 2812 2783
f 2780 2809 2808
f 2781 2809 2780
f 2782 2810 2781
f 2781 2810 2809
f 2810 2782 2784
f 2813 2810 2784
f 2783 2812 2785
f 2812 2814 2785
f 2784 2786 2813
f 2813 2786 2815
f 2785 2814 2787
f 2814 2816 2787
f 2786 2788 2815
f 2815 2788 2817
f 2787 2816 2789
f 2816 2819 2789
f 2788 2790 2817
f 2817 2790 2820
f 2789 2819 2821
f 2791 2789 2821
f 2821 2792 2791
f 2822 2792 2821
f 2790 2793 2820
f 2820 2793 2823
f 2792 2822 2824
f 2794 2792 2824
f 2795 2794 2825
f 2794 2824 2825
f 2796 2795 2826
f 2795 2825 2826
f 2797 2796 2827
f 2796 2826 2827
f 2798 2797 2828
f 2797 2827 2828
f 2799 2798 2829
f 2798 2828 2829
f 2823 2793 2799
f 2829 2823 2799
f 2800 2830 2832
f 2802 2800 2832
f 2801 2831 2800
f 2800 2831 2830
f 2831 2801 2803
f 2833 2831 2803
f 2804 2834 2839
f 2807 2804 2839
f 2832 2804 2802
f 2834 2804 2832
f 2803 2835 2833
f 2805 2835 2803
f 2806 2836 2805
f 2805 2836 2835
f 2808 2811 2837
f 2808 2837 2806
f 2806 2837 2836
f 2837 2811 2840
f 2807 2839 2812
f 2839 2842 2812
f 2808 2809 2811
f 2811 2841 2840
f 2811 2809 2841
f 2809 2810 2841
f 2841 2810 2813
f 2843 2841 2813
f 2812 2842 2814
f 2842 2844 2814
f 2813 2815 2843
f 2843 2815 2845
f 2814 2844 2816
f 2844 2848 2816
f 2846 2817 2818
f 2846 2845 2817
f 2845 2815 2817
f 2846 2818 2849
f 2816 2848 2819
f 2848 2851 2819
f 2818 2852 2850
f 2818 2817 2852
f 2817 2820 2852
f 2849 2818 2850
f 2819 2851 2853
f 2821 2819 2853
f 2853 2822 2821
f 2855 2822 2853
f 2820 2823 2852
f 2852 2823 2856
f 2822 2855 2857
f 2824 2822 2857
f 2825 2824 2858
f 2824 2857 2858
f 2826 2825 2859
f 2825 2858 2859
f 2827 2826 2860
f 2826 2859 2860
f 2828 2827 2861
f 2827 2860 2861
f 2829 2828 2862
f 2828 2861 2862
f 2856 2823 2829
f 2862 2856 2829
f 2830 2863 2866
f 2832 2830 2866
f 2831 2864 2830
f 2830 2864 2863
f 2833 2838 2865
f 2833 2865 2831
f 2831 2865 2864
f 2865 2838 2867
f 2834 2868 2871
f 2839 2834 2871
f 2866 2834 2832
f 2868 2834 2866
f 2833 2835 2838
f 2838 2869 2867
f 2838 2835 2869
f 2835 2836 2869
f 2837 2870 2836
f 2836 2870 2869
f 2870 2837 2840
f 2872 2870 2840
f 2839 2871 2842
f 2871 2874 2842
f 2840 2873 2872
f 2841 2873 2840
f 2873 2841 2843
f 2875 2873 2843
f 2842 2874 2844
f 2874 2877 2844
f 2876 2845 2847
f 2876 2875 2845
f 2875 2843 2845
f 2876 2847 2878
f 2844 2877 2848
f 2877 2879 2848
f 2845 2846 2847
f 2847 2846 2849
f 2847 2849 2878
f 2878 2849 2880
f 2848 2879 2851
f 2879 2881 2851
f 2850 2852 2854
f 2850 2854 2882
f 2850 2882 2849
f 2849 2882 2880
f 2851 2881 2883
f 2853 2851 2883
f 2883 2855 2853
f 2886 2855 2883
f 2854 2887 2884
f 2854 2852 2887
f 2852 2856 2887
f 2882 2854 2884
f 2855 2886 2888
f 2857 2855 2888
f 2858 2857 2889
f 2857 2888 2889
f 2859 2858 2890
f 2858 2889 2890
f 2860 2859 2891
f 2859 2890 2891
f 2861 2860 2892
f 2860 2891 2892
f 2862 2861 2893
f 2861 2892 2893
f 2887 2856 2862
f 2893 2887 2862
f 2863 2896 2899
f 2866 2863 2899
f 2864 2897 2863
f 2863 2897 2896
f 2865 2898 2864
f 2864 2898 2897
f 2898 2865 2867
f 2900 2898 2867
f 2868 2901 2905
f 2871 2868 2905
f 2899 2868 2866
f 2901 2868 2899
f 2867 2902 2900
f 2869 2902 2867
f 2870 2903 2869
f 2869 2903 2902
f 2903 2870 2872
f 2906 2903 2872
f 2871 2905 2874
f 2905 2908 2874
f 2872 2907 2906
f 2873 2907 2872
f 2907 2873 2875
f 2909 2907 2875
f 2874 2908 2877
f 2908 2911 2877
f 2875 2910 2909
f 2876 2910 2875
f 2910 2876 2878
f 2912 2910 2878
f 2877 2911 2879
f 2911 2914 2879
f 2878 2880 2912
f 2912 2880 2915
f 2916 2885 2881
f 2916 2881 2914
f 2914 2881 2879
f 2916 2917 2885
f 2880 2882 2915
f 2915 2882 2918
f 2881 2885 2883
f 2886 2919 2894
f 2883 2919 2886
f 2883 2917 2919
f 2883 2885 2917
f 2919 2923 2894
f 2895 2924 2920
f 2895 2884 2887
f 2895 2920 2884
f 2920 2921 2884
f 2918 2882 2884
f 2921 2918 2884
f 2886 2894 2888
f 2894 2923 2925
f 2894 2925 2888
f 2888 2925 2889
f 2890 2889 2926
f 2889 2925 2926
f 2891 2890 2927
f 2890 2926 2927
f 2892 2891 2928
f 2891 2927 2928
f 2924 2895 2893
f 2924 2893 2928
f 2928 2893 2892
f 2887 2893 2895
f 2896 2929 2933
f 2899 2896 2933
f 2897 2930 2896
f 2896 2930 2929
f 2898 2931 2897
f 2897 2931 2930
f 2900 2904 2932
f 2900 2932 2898
f 2898 2932 2931
f 2932 2904 2934
f 2901 2935 2937
f 2905 2901 2937
f 2933 2901 2899
f 2935 2901 2933
f 2900 2902 2904
f 2904 2936 2934
f 2904 2902 2936
f 2902 2903 2936
f 2936 2903 2906
f 2938 2936 2906
f 2905 2937 2908
f 2937 2940 2908
f 2906 2939 2938
f 2907 2939 2906
f 2939 2907 2909
f 2941 2939 2909
f 2908 2940 2911
f 2940 2942 2911
f 2913 2909 2910
f 2913 2943 2909
f 2943 2941 2909
f 2910 2912 2913
f 2911 2942 2914
f 2942 2946 2914
f 2913 2944 2943
f 2944 2913 2912
f 2944 2912 2947
f 2947 2912 2915
f 2914 2946 2948
f 2916 2914 2948
f 2948 2917 2916
f 2951 2917 2948
f 2922 2952 2949
f 2922 2949 2947
f 2922 2947 2918
f 2918 2947 2915
f 2917 2951 2953
f 2919 2917 2953
f 2953 2923 2919
f 2955 2923 2953
f 2920 2956 2954
f 2924 2956 2920
f 2952 2922 2921
f 2952 2921 2954
f 2954 2921 2920
f 2918 2921 2922
f 2923 2955 2957
f 2925 2923 2957
f 2926 2925 2958
f 2925 2957 2958
f 2927 2926 2959
f 2926 2958 2959
f 2928 2927 2960
f 2927 2959 2960
f 2956 2924 2928
f 2960 2956 2928
f 2929 2961 2965
f 2933 2929 2965
f 2930 2962 2929
f 2929 2962 2961
f 2931 2963 2930
f 2930 2963 2962
f 2932 2964 2931
f 2931 2964 2963
f 2964 2932 2934
f 2966 2964 2934
f 2935 2967 2969
f 2937 2935 2969
f 2965 2935 2933
f 2967 2935 2965
f 2934 2968 2966
f 2936 2968 2934
f 2968 2936 2938
f 2970 2968 2938
f 2937 2969 2940
f 2969 2973 2940
f 2938 2971 2970
f 2939 2971 2938
f 2971 2939 2941
f 2974 2971 2941
f 2940 2973 2942
f 2973 2976 2942
f 2975 2943 2945
f 2975 2974 2943
f 2974 2941 2943
f 2975 2945 2977
f 2978 2950 2946
f 2978 2946 2976
f 2976 2946 2942
f 2978 2979 2950
f 2943 2944 2945
f 2945 2944 2947
f 2945 2947 2977
f 2977 2947 2980
f 2946 2950 2948
f 2950 2951 2948
f 2950 2979 2951
f 2979 2982 2951
f 2949 2983 2981
f 2952 2983 2949
f 2980 2947 2949
f 2981 2980 2949
f 2951 2982 2984
f 2953 2951 2984
f 2984 2955 2953
f 2987 2955 2984
f 2954 2988 2985
f 2956 2988 2954
f 2983 2952 2954
f 2985 2983 2954
f 2955 2987 2989
f 2957 2955 2989
f 2958 2957 2990
f 2957 2989 2990
f 2959 2958 2991
f 2958 2990 2991
f 2960 2959 2992
f 2959 2991 2992
f 2988 2956 2960
f 2992 2988 2960
f 2961 2993 2997
f 2965 2961 2997
f 2962 2994 2961
f 2961 2994 2993
f 2963 2995 2962
f 2962 2995 2994
f 2964 2996 2963
f 2963 2996 2995
f 2996 2964 2966
f 2998 2996 2966
f 2967 2999 3004
f 2969 2967 3004
f 2997 2967 2965
f 2999 2967 2997
f 2966 3000 2998
f 2968 3000 2966
f 2970 2972 3001
f 2970 3001 2968
f 2968 3001 3000
f 3001 2972 3005
f 2969 3004 2973
f 3004 3008 2973
f 2970 2971 2972
f 2972 2971 2974
f 2972 2974 3005
f 3005 2974 3009
f 2973 3008 2976
f 3008 3011 2976
f 2974 3010 3009
f 2975 3010 2974
f 3010 2975 2977
f 3012 3010 2977
f 2976 3011 3013
f 2978 2976 3013
f 3013 2979 2978
f 3014 2979 3013
f 2977 2980 3012
f 3012 2980 3015
f 3016 2986 2982
f 3016 2982 3014
f 3014 2982 2979
f 3016 3018 2986
f 2981 3019 3017
f 2983 3019 2981
f 3015 2980 2981
f 3017 3015 2981
f 2982 2986 2984
f 2986 2987 2984
f 2986 3018 2987
f 3018 3022 2987
f 2985 3023 3020
f 2988 3023 2985
f 3019 2983 2985
f 3020 3019 2985
f 2987 3022 3024
f 2989 2987 3024
f 2990 2989 3025
f 2989 3024 3025
f 2991 2990 3026
f 2990 3025 3026
f 2992 2991 3027
f 2991 3026 3027
f 3023 2988 2992
f 3027 3023 2992
f 2993 3002 2997
f 3031 3002 2993
f 3031 2993 3029
f 3029 2993 2994
f 2995 3030 2994
f 2994 3030 3029
f 3003 3032 3030
f 3003 3030 2996
f 2996 3030 2995
f 2996 2998 3003
f 2999 3006 3004
f 2999 3036 3006
f 2997 3036 2999
f 2997 3033 3036
f 2997 3002 3033
f 3031 3033 3002
f 3003 3034 3032
f 2998 3034 3003
f 2998 3000 3034
f 3000 3035 3034
f 3007 3037 3035
f 3007 3035 3001
f 3001 3035 3000
f 3001 3005 3007
f 3006 3038 3041
f 3006 3041 3004
f 3004 3041 3008
f 3036 3038 3006
f 3007 3039 3037
f 3039 3007 3005
f 3039 3005 3042
f 3042 3005 3009
f 3008 3041 3011
f 3041 3045 3011
f 3009 3043 3042
f 3010 3043 3009
f 3043 3010 3012
f 3046 3043 3012
f 3011 3045 3047
f 3013 3011 3047
f 3047 3014 3013
f 3049 3014 3047
f 3012 3015 3046
f 3046 3015 3050
f 3014 3049 3051
f 3016 3014 3051
f 3051 3018 3016
f 3053 3018 3051
f 3017 3019 3021
f 3017 3021 3054
f 3017 3054 3015
f 3015 3054 3050
f 3018 3053 3022
f 3053 3057 3022
f 3020 3023 3028
f 3020 3028 3058
f 3019 3020 3058
f 3019 3058 3055
f 3019 3055 3021
f 3054 3021 3055
f 3022 3057 3059
f 3024 3022 3059
f 3025 3024 3060
f 3024 3059 3060
f 3026 3025 3061
f 3025 3060 3061
f 3027 3026 3062
f 3026 3061 3062
f 3028 3023 3027
f 3028 3027 3063
f 3063 3027 3062
f 3058 3028 3063
f 3029 3066 3068
f 3031 3029 3068
f 3030 3067 3029
f 3029 3067 3066
f 3067 3030 3032
f 3069 3067 3032
f 3033 3070 3076
f 3036 3033 3076
f 3068 3033 3031
f 3070 3033 3068
f 3032 3071 3069
f 3034 3071 3032
f 3035 3072 3034
f 3034 3072 3071
f 3037 3040 3073
f 3037 3073 3035
f 3035 3073 3072
f 3073 3040 3077
f 3038 3044 3041
f 3038 3078 3044
f 3038 3036 3078
f 3036 3076 3078
f 3037 3039 3040
f 3040 3039 3042
f 3040 3042 3077
f 3077 3042 3079
f 3044 3048 3045
f 3041 3044 3045
f 3082 3044 3078
f 3048 3044 3082
f 3042 3080 3079
f 3043 3080 3042
f 3080 3043 3046
f 3083 3080 3046
f 3045 3048 3047
f 3048 3049 3047
f 3048 3082 3049
f 3082 3085 3049
f 3084 3050 3052
f 3084 3083 3050
f 3083 3046 3050
f 3084 3052 3086
f 3049 3085 3087
f 3051 3049 3087
f 3087 3053 3051
f 3088 3053 3087
f 3052 3054 3056
f 3050 3054 3052
f 3089 3086 3052
f 3056 3089 3052
f 3090 3064 3057
f 3090 3057 3088
f 3088 3057 3053
f 3090 3092 3064
f 3055 3058 3065
f 3055 3065 3093
f 3054 3055 3093
f 3054 3093 3091
f 3054 3091 3056
f 3089 3056 3091
f 3057 3064 3059
f 3064 3092 3094
f 3064 3094 3059
f 3059 3094 3060
f 3061 3060 3095
f 3060 3094 3095
f 3062 3061 3096
f 3061 3095 3096
f 3063 3062 3097
f 3062 3096 3097
f 3065 3058 3063
f 3065 3063 3098
f 3098 3063 3097
f 3093 3065 3098
f 3066 3074 3068
f 3066 3067 3075
f 3074 3066 3075
f 3067 3069 3075
f 3070 3099 3105
f 3076 3070 3105
f 3074 3070 3068
f 3074 3100 3070
f 3100 3099 3070
f 3075 3100 3074
f 3101 3100 3075
f 3069 3101 3075
f 3069 3071 3101
f 3071 3102 3101
f 3072 3103 3071
f 3071 3103 3102
f 3073 3104 3072
f 3072 3104 3103
f 3104 3073 3077
f 3106 3104 3077
f 3076 3105 3078
f 3105 3109 3078
f 3107 3079 3081
f 3107 3106 3079
f 3106 3077 3079
f 3107 3081 3110
f 3078 3109 3082
f 3109 3112 3082
f 3079 3080 3081
f 3081 3080 3083
f 3081 3083 3110
f 3110 3083 3113
f 3082 3112 3085
f 3112 3116 3085
f 3083 3114 3113
f 3084 3114 3083
f 3114 3084 3086
f 3117 3114 3086
f 3085 3116 3118
f 3087 3085 3118
f 3118 3088 3087
f 3120 3088 3118
f 3086 3089 3117
f 3117 3089 3121
f 3088 3120 3122
f 3090 3088 3122
f 3122 3092 3090
f 3124 3092 3122
f 3091 3125 3123
f 3093 3125 3091
f 3121 3089 3091
f 3123 3121 3091
f 3092 3124 3126
f 3094 3092 3126
f 3095 3094 3127
f 3094 3126 3127
f 3096 3095 3128
f 3095 3127 3128
f 3097 3096 3129
f 3096 3128 3129
f 3098 3097 3130
f 3097 3129 3130
f 3125 3093 3098
f 3130 3125 3098
f 3099 3108 3105
f 3139 3108 3099
f 3139 3099 3134
f 3134 3099 3100
f 3101 3135 3100
f 3100 3135 3134
f 3102 3136 3101
f 3101 3136 3135
f 3103 3137 3102
f 3102 3137 3136
f 3104 3138 3103
f 3103 3138 3137
f 3138 3104 3106
f 3140 3138 3106
f 3108 3111 3109
f 3105 3108 3109
f 3143 3108 3139
f 3111 3108 3143
f 3106 3141 3140
f 3107 3141 3106
f 3141 3107 3110
f 3144 3141 3110
f 3111 3145 3148
f 3111 3148 3109
f 3109 3148 3112
f 3143 3145 3111
f 3146 3113 3115
f 3146 3144 3113
f 3144 3110 3113
f 3146 3115 3149
f 3150 3119 3116
f 3150 3116 3148
f 3148 3116 3112
f 3150 3152 3119
f 3113 3114 3115
f 3115 3114 3117
f 3115 3117 3149
f 3149 3117 3153
f 3116 3119 3118
f 3119 3120 3118
f 3119 3152 3120
f 3152 3155 3120
f 3117 3121 3153
f 3153 3121 3156
f 3120 3155 3157
f 3122 3120 3157
f 3124 3158 3131
f 3124 3122 3158
f 3122 3157 3158
f 3131 3159 3132
f 3158 3159 3131
f 3132 3160 3133
f 3159 3160 3132
f 3160 3163 3133
f 3123 3164 3161
f 3125 3164 3123
f 3156 3121 3123
f 3161 3156 3123
f 3124 3131 3126
f 3127 3126 3131
f 3132 3127 3131
f 3128 3127 3132
f 3133 3128 3132
f 3133 3163 3165
f 3133 3165 3128
f 3128 3165 3129
f 3130 3129 3166
f 3129 3165 3166
f 3164 3125 3130
f 3166 3164 3130
f 3134 3142 3139
f 3172 3142 3134
f 3172 3134 3168
f 3168 3134 3135
f 3136 3169 3135
f 3135 3169 3168
f 3137 3170 3136
f 3136 3170 3169
f 3138 3171 3137
f 3137 3171 3170
f 3171 3138 3140
f 3173 3171 3140
f 3142 3174 3179
f 3142 3179 3139
f 3139 3179 3143
f 3172 3174 3142
f 3140 3175 3173
f 3141 3175 3140
f 3144 3147 3176
f 3144 3176 3141
f 3141 3176 3175
f 3176 3147 3180
f 3145 3151 3148
f 3145 3182 3151
f 3145 3143 3182
f 3143 3179 3182
f 3144 3146 3147
f 3147 3146 3149
f 3147 3149 3180
f 3180 3149 3183
f 3148 3151 3150
f 3151 3152 3150
f 3151 3182 3152
f 3182 3186 3152
f 3184 3153 3154
f 3184 3183 3153
f 3183 3149 3153
f 3184 3154 3187
f 3188 3162 3155
f 3188 3155 3186
f 3186 3155 3152
f 3188 3190 3162
f 3154 3191 3189
f 3154 3153 3191
f 3153 3156 3191
f 3187 3154 3189
f 3155 3162 3157
f 3162 3190 3192
f 3162 3192 3157
f 3157 3192 3158
f 3159 3158 3193
f 3158 3192 3193
f 3160 3159 3194
f 3159 3193 3194
f 3194 3163 3160
f 3196 3163 3194
f 3161 3164 3167
f 3161 3167 3197
f 3161 3197 3156
f 3156 3197 3191
f 3163 3196 3198
f 3165 3163 3198
f 3166 3165 3199
f 3165 3198 3199
f 3167 3164 3166
f 3167 3166 3200
f 3200 3166 3199
f 3197 3167 3200
f 3168 3177 3172
f 3206 3177 3168
f 3206 3168 3202
f 3202 3168 3169
f 3170 3203 3169
f 3169 3203 3202
f 3171 3204 3170
f 3170 3204 3203
f 3173 3178 3205
f 3173 3205 3171
f 3171 3205 3204
f 3205 3178 3207
f 3174 3181 3179
f 3174 3210 3181
f 3172 3210 3174
f 3172 3208 3210
f 3172 3177 3208
f 3206 3208 3177
f 3173 3175 3178
f 3178 3209 3207
f 3178 3175 3209
f 3175 3176 3209
f 3209 3176 3180
f 3211 3209 3180
f 3181 3212 3214
f 3181 3214 3179
f 3179 3214 3182
f 3210 3212 3181
f 3213 3183 3185
f 3213 3211 3183
f 3211 3180 3183
f 3213 3185 3215
f 3182 3214 3186
f 3214 3217 3186
f 3183 3184 3185
f 3185 3184 3187
f 3185 3187 3215
f 3215 3187 3218
f 3186 3217 3219
f 3188 3186 3219
f 3219 3190 3188
f 3222 3190 3219
f 3189 3191 3195
f 3189 3195 3223
f 3189 3223 3187
f 3187 3223 3218
f 3190 3222 3224
f 3192 3190 3224
f 3193 3192 3225
f 3192 3224 3225
f 3194 3193 3226
f 3193 3225 3226
f 3226 3196 3194
f 3229 3196 3226
f 3195 3197 3201
f 3191 3197 3195
f 3230 3223 3195
f 3201 3230 3195
f 3196 3229 3231
f 3198 3196 3231
f 3199 3198 3232
f 3198 3231 3232
f 3200 3199 3233
f 3199 3232 3233
f 3201 3197 3200
f 3201 3200 3234
f 3234 3200 3233
f 3230 3201 3234
f 3202 3238 3242
f 3206 3202 3242
f 3203 3239 3202
f 3202 3239 3238
f 3204 3240 3203
f 3203 3240 3239
f 3205 3241 3204
f 3204 3241 3240
f 3241 3205 3207
f 3243 3241 3207
f 3208 3244 3247
f 3210 3208 3247
f 3242 3208 3206
f 3244 3208 3242
f 3207 3245 3243
f 3209 3245 3207
f 3245 3209 3211
f 3248 3245 3211
f 3212 3216 3214
f 3212 3251 3216
f 3212 3210 3251
f 3210 3247 3251
f 3211 3249 3248
f 3213 3249 3211
f 3249 3213 3215
f 3252 3249 3215
f 3216 3220 3217
f 3214 3216 3217
f 3254 3216 3251
f 3220 3216 3254
f 3253 3218 3221
f 3253 3252 3218
f 3252 3215 3218
f 3253 3221 3255
f 3217 3220 3219
f 3222 3256 3227
f 3219 3256 3222
f 3219 3254 3256
f 3219 3220 3254
f 3256 3257 3227
f 3221 3223 3228
f 3218 3223 3221
f 3258 3255 3221
f 3228 3258 3221
f 3222 3227 3224
f 3227 3257 3259
f 3227 3259 3224
f 3224 3259 3225
f 3235 3259 3262
f 3235 3226 3259
f 3226 3225 3259
f 3226 3235 3229
f 3228 3263 3260
f 3228 3223 3263
f 3223 3230 3263
f 3258 3228 3260
f 3235 3262 3264
f 3229 3235 3264
f 3229 3264 3231
f 3231 3264 3265
f 3236 3265 3268
f 3236 3232 3265
f 3232 3231 3265
f 3232 3237 3233
f 3236 3237 3232
f 3269 3233 3237
f 3269 3266 3233
f 3266 3234 3233
f 3263 3230 3234
f 3266 3263 3234
f 3236 3268 3270
f 3237 3236 3270
f 3271 3237 3270
f 3269 3237 3271
f 3238 3246 3242
f 3277 3246 3238
f 3277 3238 3274
f 3274 3238 3239
f 3240 3275 3239
f 3239 3275 3274
f 3241 3276 3240
f 3240 3276 3275
f 3276 3241 3243
f 3278 3276 3243
f 3244 3279 3286
f 3247 3244 3286
f 3246 3244 3242
f 3246 3280 3244
f 3280 3279 3244
f 3277 3280 3246
f 3243 3281 3278
f 3245 3281 3243
f 3248 3250 3282
f 3248 3282 3245
f 3245 3282 3281
f 3282 3250 3287
f 3247 3286 3251
f 3286 3289 3251
f 3248 3249 3250
f 3250 3249 3252
f 3250 3252 3287
f 3287 3252 3290
f 3251 3289 3254
f 3289 3293 3254
f 3252 3291 3290
f 3253 3291 3252
f 3291 3253 3255
f 3294 3291 3255
f 3254 3293 3295
f 3256 3254 3295
f 3295 3257 3256
f 3298 3257 3295
f 3296 3258 3261
f 3296 3294 3258
f 3294 3255 3258
f 3296 3261 3299
f 3257 3298 3300
f 3259 3257 3300
f 3300 3262 3259
f 3302 3262 3300
f 3260 3263 3267
f 3260 3267 3303
f 3258 3260 3303
f 3258 3303 3301
f 3258 3301 3261
f 3299 3261 3301
f 3262 3302 3304
f 3264 3262 3304
f 3272 3304 3307
f 3272 3265 3304
f 3265 3264 3304
f 3265 3272 3268
f 3266 3269 3273
f 3266 3273 3308
f 3263 3266 3308
f 3263 3308 3305
f 3263 3305 3267
f 3303 3267 3305
f 3272 3307 3309
f 3268 3272 3309
f 3268 3309 3270
f 3270 3309 3310
f 3271 3270 3311
f 3270 3310 3311
f 3273 3269 3271
f 3273 3271 3312
f 3312 3271 3311
f 3308 3273 3312
f 3274 3283 3277
f 3274 3275 3284
f 3283 3274 3284
f 3275 3276 3285
f 3284 3275 3285
f 3276 3278 3285
f 3279 3288 3286
f 3321 3288 3279
f 3321 3279 3315
f 3315 3279 3280
f 3283 3280 3277
f 3283 3316 3280
f 3316 3315 3280
f 3284 3316 3283
f 3317 3316 3284
f 3285 3317 3284
f 3318 3317 3285
f 3278 3318 3285
f 3278 3281 3318
f 3281 3319 3318
f 3282 3320 3281
f 3281 3320 3319
f 3320 3282 3287
f 3322 3320 3287
f 3288 3323 3326
f 3288 3326 3286
f 3286 3326 3289
f 3321 3323 3288
f 3324 3290 3292
f 3324 3322 3290
f 3322 3287 3290
f 3324 3292 3327
f 3289 3326 3293
f 3326 3330 3293
f 3290 3291 3292
f 3294 3297 3328
f 3291 3294 3328
f 3291 3328 3327
f 3291 3327 3292
f 3328 3297 3331
f 3293 3330 3332
f 3295 3293 3332
f 3332 3298 3295
f 3334 3298 3332
f 3294 3296 3297
f 3297 3296 3299
f 3297 3299 3331
f 3331 3299 3335
f 3298 3334 3336
f 3300 3298 3336
f 3336 3302 3300
f 3338 3302 3336
f 3301 3303 3306
f 3301 3306 3339
f 3301 3339 3299
f 3299 3339 3335
f 3302 3338 3340
f 3304 3302 3340
f 3340 3307 3304
f 3343 3307 3340
f 3305 3308 3313
f 3305 3306 3303
f 3305 3313 3306
f 3313 3314 3306
f 3344 3339 3306
f 3314 3344 3306
f 3307 3343 3345
f 3309 3307 3345
f 3310 3309 3346
f 3309 3345 3346
f 3311 3310 3347
f 3310 3346 3347
f 3312 3311 3348
f 3311 3347 3348
f 3313 3308 3312
f 3313 3312 3349
f 3349 3312 3348
f 3314 3313 3349
f 3350 3314 3349
f 3344 3314 3350
f 3315 3325 3321
f 3358 3325 3315
f 3358 3315 3353
f 3353 3315 3316
f 3317 3354 3316
f 3316 3354 3353
f 3318 3355 3317
f 3317 3355 3354
f 3319 3356 3318
f 3318 3356 3355
f 3320 3357 3319
f 3319 3357 3356
f 3357 3320 3322
f 3359 3357 3322
f 3323 3329 3326
f 3323 3363 3329
f 3321 3363 3323
f 3321 3360 3363
f 3321 3325 3360
f 3358 3360 3325
f 3322 3361 3359
f 3324 3361 3322
f 3361 3324 3327
f 3364 3361 3327
f 3329 3333 3330
f 3326 3329 3330
f 3368 3329 3363
f 3333 3329 3368
f 3327 3365 3364
f 3328 3365 3327
f 3365 3328 3331
f 3369 3365 3331
f 3330 3333 3332
f 3333 3334 3332
f 3333 3368 3334
f 3368 3373 3334
f 3370 3335 3337
f 3370 3369 3335
f 3369 3331 3335
f 3370 3337 3374
f 3334 3373 3375
f 3336 3334 3375
f 3338 3376 3341
f 3338 3336 3376
f 3336 3375 3376
f 3376 3378 3341
f 3337 3339 3342
f 3335 3339 3337
f 3379 3374 3337
f 3342 3379 3337
f 3338 3341 3340
f 3343 3380 3351
f 3340 3380 3343
f 3340 3378 3380
f 3340 3341 3378
f 3380 3381 3351
f 3342 3344 3352
f 3339 3344 3342
f 3382 3379 3342
f 3352 3382 3342
f 3343 3351 3345
f 3351 3381 3383
f 3351 3383 3345
f 3345 3383 3346
f 3347 3346 3384
f 3346 3383 3384
f 3348 3347 3385
f 3347 3384 3385
f 3349 3348 3386
f 3348 3385 3386
f 3350 3349 3387
f 3349 3386 3387
f 3352 3344 3350
f 3352 3350 3388
f 3388 3350 3387
f 3382 3352 3388
f 3353 3362 3358
f 3413 3362 3353
f 3413 3353 3409
f 3409 3353 3354
f 3355 3410 3354
f 3354 3410 3409
f 3356 3411 3355
f 3355 3411 3410
f 3357 3412 3356
f 3356 3412 3411
f 3412 3357 3359
f 3414 3412 3359
f 3360 3366 3363
f 3360 3418 3366
f 3358 3418 3360
f 3358 3415 3418
f 3358 3362 3415
f 3413 3415 3362
f 3359 3416 3414
f 3361 3416 3359
f 3364 3367 3417
f 3364 3417 3361
f 3361 3417 3416
f 3417 3367 3419
f 3366 3371 3368
f 3363 3366 3368
f 3421 3366 3418
f 3371 3366 3421
f 3364 3365 3367
f 3369 3372 3420
f 3365 3369 3420
f 3365 3420 3419
f 3365 3419 3367
f 3420 3372 3422
f 3371 3377 3373
f 3368 3371 3373
f 3423 3371 3421
f 3377 3371 3423
f 3369 3370 3372
f 3372 3370 3374
f 3372 3374 3422
f 3422 3374 3424
f 3373 3377 3375
f 3377 3423 3425
f 3377 3425 3375
f 3375 3425 3376
f 3425 3378 3376
f 3428 3378 3425
f 3374 3379 3424
f 3424 3379 3429
f 3378 3428 3430
f 3380 3378 3430
f 3430 3381 3380
f 3432 3381 3430
f 3379 3382 3429
f 3429 3382 3433
f 3381 3432 3434
f 3383 3381 3434
f 3384 3383 3435
f 3383 3434 3435
f 3385 3384 3436
f 3384 3435 3436
f 3386 3385 3437
f 3385 3436 3437
f 3389 3437 3441
f 3389 3387 3437
f 3387 3386 3437
f 3442 3387 3389
f 3442 3438 3387
f 3438 3388 3387
f 3433 3382 3388
f 3438 3433 3388
f 3389 3441 3443
f 3442 3389 3443
f 3390 3447 3460
f 3390 3391 3448
f 3447 3390 3448
f 3391 3392 3449
f 3448 3391 3449
f 3392 3393 3450
f 3449 3392 3450
f 3393 3394 3451
f 3450 3393 3451
f 3394 3395 3452
f 3451 3394 3452
f 3452 3395 3461
f 3396 3462 3465
f 3460 3462 3396
f 3460 3396 3390
f 3390 3396 3397
f 3391 3390 3398
f 3398 3390 3397
f 3392 3391 3399
f 3399 3391 3398
f 3393 3392 3400
f 3400 3392 3399
f 3394 3393 3401
f 3401 3393 3400
f 3395 3394 3402
f 3402 3394 3401
f 3466 3461 3395
f 3402 3466 3395
f 3403 3396 3465
f 3470 3403 3465
f 3397 3396 3404
f 3404 3396 3403
f 3398 3397 3405
f 3405 3397 3404
f 3399 3398 3406
f 3406 3398 3405
f 3400 3399 3407
f 3407 3399 3406
f 3401 3400 3408
f 3408 3400 3407
f 3471 3467 3402
f 3471 3402 3408
f 3408 3402 3401
f 3466 3402 3467
f 3403 3470 3472
f 3404 3403 3472
f 3473 3404 3472
f 3405 3404 3473
f 3474 3405 3473
f 3406 3405 3474
f 3475 3406 3474
f 3407 3406 3475
f 3476 3407 3475
f 3408 3407 3476
f 3477 3408 3476
f 3471 3408 3477
f 3409 3483 3487
f 3413 3409 3487
f 3410 3484 3409
f 3409 3484 3483
f 3411 3485 3410
f 3410 3485 3484
f 3412 3486 3411
f 3411 3486 3485
f 3486 3412 3414
f 3488 3486 3414
f 3415 3489 3493
f 3418 3415 3493
f 3487 3415 3413
f 3489 3415 3487
f 3414 3490 3488
f 3416 3490 3414
f 3417 3491 3416
f 3416 3491 3490
f 3491 3417 3419
f 3494 3491 3419
f 3418 3493 3421
f 3493 3497 3421
f 3419 3495 3494
f 3420 3495 3419
f 3495 3420 3422
f 3498 3495 3422
f 3499 3426 3423
f 3499 3423 3497
f 3497 3423 3421
f 3499 3503 3426
f 3500 3424 3427
f 3500 3498 3424
f 3498 3422 3424
f 3500 3427 3504
f 3423 3426 3425
f 3426 3428 3425
f 3426 3503 3428
f 3503 3506 3428
f 3427 3429 3431
f 3424 3429 3427
f 3507 3504 3427
f 3431 3507 3427
f 3428 3506 3508
f 3430 3428 3508
f 3508 3432 3430
f 3512 3432 3508
f 3431 3433 3439
f 3429 3433 3431
f 3509 3507 3431
f 3509 3431 3440
f 3440 3431 3439
f 3509 3440 3513
f 3432 3512 3514
f 3434 3432 3514
f 3435 3434 3515
f 3434 3514 3515
f 3436 3435 3516
f 3435 3515 3516
f 3444 3516 3519
f 3444 3437 3516
f 3437 3436 3516
f 3437 3444 3441
f 3438 3442 3445
f 3438 3439 3433
f 3438 3445 3439
f 3445 3446 3439
f 3520 3517 3440
f 3520 3440 3446
f 3446 3440 3439
f 3513 3440 3517
f 3444 3519 3521
f 3441 3444 3521
f 3441 3521 3443
f 3443 3521 3522
f 3445 3442 3443
f 3445 3443 3523
f 3523 3443 3522
f 3446 3445 3523
f 3524 3446 3523
f 3520 3446 3524
f 3453 3533 3547
f 3453 3454 3534
f 3533 3453 3534
f 3454 3455 3535
f 3534 3454 3535
f 3455 3456 3536
f 3535 3455 3536
f 3456 3457 3537
f 3536 3456 3537
f 3457 3458 3538
f 3537 3457 3538
f 3458 3459 3539
f 3538 3458 3539
f 3539 3459 3548
f 3463 3453 3547
f 3552 3463 3547
f 3447 3463 3460
f 3447 3454 3463
f 3454 3453 3463
f 3448 3454 3447
f 3455 3454 3448
f 3449 3455 3448
f 3456 3455 3449
f 3450 3456 3449
f 3457 3456 3450
f 3451 3457 3450
f 3458 3457 3451
f 3452 3458 3451
f 3459 3458 3452
f 3461 3464 3549
f 3452 3461 3549
f 3452 3549 3548
f 3452 3548 3459
f 3549 3464 3553
f 3468 3554 3557
f 3552 3554 3468
f 3463 3552 3468
f 3463 3468 3465
f 3463 3465 3462
f 3460 3463 3462
f 3464 3466 3469
f 3461 3466 3464
f 3558 3553 3464
f 3469 3558 3464
f 3478 3468 3557
f 3561 3478 3557
f 3465 3478 3470
f 3468 3478 3465
f 3467 3471 3479
f 3467 3479 3562
f 3466 3467 3562
f 3466 3562 3559
f 3466 3559 3469
f 3558 3469 3559
f 3478 3561 3563
f 3480 3563 3569
f 3472 3563 3480
f 3472 3478 3563
f 3472 3470 3478
f 3472 3481 3473
f 3480 3481 3472
f 3473 3482 3474
f 3481 3482 3473
f 3570 3474 3482
f 3570 3564 3474
f 3564 3475 3474
f 3476 3475 3565
f 3475 3564 3565
f 3477 3476 3566
f 3476 3565 3566
f 3479 3471 3477
f 3479 3477 3567
f 3567 3477 3566
f 3562 3479 3567
f 3480 3569 3571
f 3481 3480 3571
f 3572 3481 3571
f 3482 3481 3572
f 3573 3482 3572
f 3570 3482 3573
f 3483 3492 3487
f 3582 3492 3483
f 3582 3483 3579
f 3579 3483 3484
f 3485 3580 3484
f 3484 3580 3579
f 3486 3581 3485
f 3485 3581 3580
f 3581 3486 3488
f 3583 3581 3488
f 3489 3496 3493
f 3489 3590 3496
f 3487 3590 3489
f 3487 3584 3590
f 3487 3492 3584
f 3582 3584 3492
f 3488 3585 3583
f 3490 3585 3488
f 3491 3586 3490
f 3490 3586 3585
f 3586 3491 3494
f 3591 3586 3494
f 3496 3501 3497
f 3493 3496 3497
f 3595 3496 3590
f 3501 3496 3595
f 3494 3592 3591
f 3495 3592 3494
f 3498 3502 3593
f 3498 3593 3495
f 3495 3593 3592
f 3593 3502 3596
f 3497 3501 3499
f 3501 3503 3499
f 3501 3595 3503
f 3595 3599 3503
f 3498 3500 3502
f 3504 3505 3597
f 3500 3504 3597
f 3500 3597 3596
f 3500 3596 3502
f 3597 3505 3600
f 3601 3510 3506
f 3601 3506 3599
f 3599 3506 3503
f 3601 3603 3510
f 3505 3507 3511
f 3504 3507 3505
f 3604 3600 3505
f 3511 3604 3505
f 3506 3510 3508
f 3510 3512 3508
f 3510 3603 3512
f 3603 3607 3512
f 3507 3509 3511
f 3513 3518 3605
f 3509 3513 3605
f 3509 3605 3604
f 3509 3604 3511
f 3605 3518 3608
f 3512 3607 3609
f 3514 3512 3609
f 3515 3514 3610
f 3514 3609 3610
f 3516 3515 3611
f 3515 3610 3611
f 3611 3519 3516
f 3614 3519 3611
f 3517 3520 3525
f 3517 3518 3513
f 3517 3525 3518
f 3525 3526 3518
f 3615 3608 3518
f 3526 3615 3518
f 3519 3614 3616
f 3521 3519 3616
f 3527 3616 3620
f 3527 3522 3616
f 3522 3521 3616
f 3522 3528 3523
f 3527 3528 3522
f 3523 3529 3524
f 3528 3529 3523
f 3524 3529 3621
f 3520 3524 3621
f 3520 3621 3617
f 3520 3617 3525
f 3526 3525 3617
f 3618 3526 3617
f 3615 3526 3618
f 3527 3620 3622
f 3528 3527 3622
f 3623 3528 3622
f 3529 3528 3623
f 3624 3529 3623
f 3621 3529 3624
f 3530 3628 3633
f 3628 3530 3634
f 3531 3629 3635
f 3531 3532 3630
f 3629 3531 3630
f 3630 3532 3636
f 3540 3637 3645
f 3633 3637 3540
f 3633 3540 3530
f 3530 3540 3541
f 3638 3634 3530
f 3638 3530 3542
f 3542 3530 3541
f 3635 3638 3542
f 3635 3542 3531
f 3531 3542 3543
f 3532 3531 3544
f 3544 3531 3543
f 3639 3636 3532
f 3639 3532 3545
f 3545 3532 3544
f 3545 3546 3640
f 3639 3545 3640
f 3640 3546 3646
f 3550 3647 3651
f 3645 3647 3550
f 3540 3645 3550
f 3540 3550 3547
f 3540 3547 3533
f 3534 3540 3533
f 3541 3540 3534
f 3535 3541 3534
f 3542 3541 3535
f 3536 3542 3535
f 3543 3542 3536
f 3537 3543 3536
f 3544 3543 3537
f 3538 3544 3537
f 3545 3544 3538
f 3539 3545 3538
f 3546 3545 3539
f 3548 3551 3648
f 3539 3548 3648
f 3539 3648 3646
f 3539 3646 3546
f 3648 3551 3652
f 3555 3550 3651
f 3655 3555 3651
f 3547 3555 3552
f 3550 3555 3547
f 3548 3549 3551
f 3553 3556 3653
f 3549 3553 3653
f 3549 3653 3652
f 3549 3652 3551
f 3653 3556 3656
f 3554 3555 3655
f 3554 3655 3557
f 3557 3655 3657
f 3552 3555 3554
f 3556 3558 3560
f 3553 3558 3556
f 3658 3656 3556
f 3560 3658 3556
f 3557 3657 3561
f 3657 3660 3561
f 3559 3562 3568
f 3559 3568 3661
f 3558 3559 3661
f 3558 3661 3659
f 3558 3659 3560
f 3658 3560 3659
f 3574 3563 3561
f 3574 3561 3666
f 3666 3561 3660
f 3563 3574 3569
f 3564 3570 3575
f 3667 3564 3575
f 3667 3662 3564
f 3662 3565 3564
f 3566 3565 3663
f 3565 3662 3663
f 3567 3566 3664
f 3566 3663 3664
f 3568 3562 3567
f 3568 3567 3665
f 3665 3567 3664
f 3661 3568 3665
f 3574 3666 3668
f 3576 3668 3670
f 3571 3668 3576
f 3571 3574 3668
f 3571 3569 3574
f 3571 3577 3572
f 3576 3577 3571
f 3572 3578 3573
f 3577 3578 3572
f 3573 3578 3671
f 3570 3573 3671
f 3570 3671 3669
f 3570 3669 3575
f 3667 3575 3669
f 3576 3670 3672
f 3577 3576 3672
f 3673 3577 3672
f 3578 3577 3673
f 3674 3578 3673
f 3671 3578 3674
f 3579 3587 3582
f 3579 3580 3588
f 3587 3579 3588
f 3580 3581 3589
f 3588 3580 3589
f 3581 3583 3589
f 3584 3594 3590
f 3584 3680 3594
f 3582 3680 3584
f 3582 3675 3680
f 3582 3587 3675
f 3588 3675 3587
f 3676 3675 3588
f 3589 3676 3588
f 3677 3676 3589
f 3583 3677 3589
f 3583 3585 3677
f 3585 3678 3677
f 3586 3679 3585
f 3585 3679 3678
f 3679 3586 3591
f 3681 3679 3591
f 3594 3598 3595
f 3590 3594 3595
f 3685 3594 3680
f 3598 3594 3685
f 3591 3682 3681
f 3592 3682 3591
f 3593 3683 3592
f 3592 3683 3682
f 3683 3593 3596
f 3686 3683 3596
f 3598 3602 3599
f 3595 3598 3599
f 3688 3598 3685
f 3602 3598 3688
f 3596 3687 3686
f 3597 3687 3596
f 3687 3597 3600
f 3689 3687 3600
f 3599 3602 3601
f 3602 3603 3601
f 3602 3688 3603
f 3688 3691 3603
f 3690 3604 3606
f 3690 3689 3604
f 3689 3600 3604
f 3690 3606 3692
f 3693 3612 3607
f 3693 3607 3691
f 3691 3607 3603
f 3693 3695 3612
f 3604 3605 3606
f 3608 3613 3694
f 3605 3608 3694
f 3605 3694 3692
f 3605 3692 3606
f 3694 3613 3696
f 3607 3612 3609
f 3612 3695 3697
f 3612 3697 3609
f 3609 3697 3610
f 3611 3610 3698
f 3610 3697 3698
f 3698 3614 3611
f 3700 3614 3698
f 3613 3615 3619
f 3608 3615 3613
f 3701 3696 3613
f 3619 3701 3613
f 3614 3700 3702
f 3616 3614 3702
f 3702 3620 3616
f 3705 3620 3702
f 3617 3621 3625
f 3617 3626 3618
f 3625 3626 3617
f 3618 3619 3615
f 3618 3626 3619
f 3626 3627 3619
f 3706 3701 3619
f 3627 3706 3619
f 3620 3705 3707
f 3622 3620 3707
f 3623 3622 3708
f 3622 3707 3708
f 3624 3623 3709
f 3623 3708 3709
f 3625 3621 3624
f 3625 3624 3710
f 3710 3624 3709
f 3626 3625 3710
f 3711 3626 3710
f 3627 3626 3711
f 3712 3627 3711
f 3706 3627 3712
f 3631 3718 3723
f 3631 3632 3719
f 3718 3631 3719
f 3719 3632 3724
f 3641 3725 3736
f 3723 3725 3641
f 3723 3641 3631
f 3631 3641 3642
f 3628 3642 3633
f 3628 3632 3642
f 3632 3631 3642
f 3634 3643 3726
f 3628 3634 3726
f 3628 3726 3724
f 3628 3724 3632
f 3643 3635 3629
f 3643 3629 3726
f 3726 3629 3727
f 3630 3728 3629
f 3629 3728 3727
f 3636 3644 3729
f 3636 3729 3630
f 3630 3729 3728
f 3729 3644 3737
f 3649 3641 3736
f 3742 3649 3736
f 3637 3649 3645
f 3637 3642 3649
f 3642 3641 3649
f 3633 3642 3637
f 3634 3638 3643
f 3635 3643 3638
f 3636 3639 3644
f 3644 3738 3737
f 3644 3639 3738
f 3639 3640 3738
f 3646 3650 3739
f 3646 3739 3640
f 3640 3739 3738
f 3739 3650 3743
f 3647 3649 3742
f 3647 3742 3651
f 3651 3742 3747
f 3645 3649 3647
f 3646 3648 3650
f 3652 3654 3744
f 3648 3652 3744
f 3648 3744 3743
f 3648 3743 3650
f 3744 3654 3748
f 3651 3747 3655
f 3747 3750 3655
f 3652 3653 3654
f 3654 3653 3656
f 3654 3656 3748
f 3748 3656 3751
f 3655 3750 3657
f 3750 3754 3657
f 3656 3658 3751
f 3751 3658 3755
f 3657 3754 3660
f 3754 3758 3660
f 3659 3759 3756
f 3661 3759 3659
f 3755 3658 3659
f 3756 3755 3659
f 3660 3758 3666
f 3758 3764 3666
f 3662 3765 3760
f 3667 3765 3662
f 3663 3662 3761
f 3662 3760 3761
f 3664 3663 3762
f 3663 3761 3762
f 3665 3664 3763
f 3664 3762 3763
f 3759 3661 3665
f 3763 3759 3665
f 3666 3764 3766
f 3668 3666 3766
f 3766 3670 3668
f 3768 3670 3766
f 3669 3769 3767
f 3671 3769 3669
f 3765 3667 3669
f 3767 3765 3669
f 3670 3768 3770
f 3672 3670 3770
f 3673 3672 3771
f 3672 3770 3771
f 3674 3673 3772
f 3673 3771 3772
f 3769 3671 3674
f 3772 3769 3674
f 3675 3684 3680
f 3777 3684 3675
f 3777 3675 3773
f 3773 3675 3676
f 3677 3774 3676
f 3676 3774 3773
f 3678 3775 3677
f 3677 3775 3774
f 3679 3776 3678
f 3678 3776 3775
f 3776 3679 3681
f 3778 3776 3681
f 3684 3779 3784
f 3684 3784 3680
f 3680 3784 3685
f 3777 3779 3684
f 3681 3780 3778
f 3682 3780 3681
f 3683 3781 3682
f 3682 3781 3780
f 3781 3683 3686
f 3785 3781 3686
f 3685 3784 3688
f 3784 3789 3688
f 3686 3786 3785
f 3687 3786 3686
f 3786 3687 3689
f 3790 3786 3689
f 3688 3789 3691
f 3789 3794 3691
f 3689 3791 3790
f 3690 3791 3689
f 3791 3690 3692
f 3795 3791 3692
f 3691 3794 3796
f 3693 3691 3796
f 3796 3695 3693
f 3801 3695 3796
f 3692 3797 3795
f 3694 3797 3692
f 3696 3699 3798
f 3696 3798 3694
f 3694 3798 3797
f 3798 3699 3802
f 3695 3801 3803
f 3697 3695 3803
f 3698 3697 3804
f 3697 3803 3804
f 3804 3700 3698
f 3807 3700 3804
f 3699 3701 3703
f 3696 3701 3699
f 3805 3802 3699
f 3805 3699 3704
f 3704 3699 3703
f 3805 3704 3808
f 3700 3807 3809
f 3702 3700 3809
f 3809 3705 3702
f 3810 3705 3809
f 3703 3706 3713
f 3701 3706 3703
f 3704 3703 3714
f 3714 3703 3713
f 3811 3808 3704
f 3714 3811 3704
f 3705 3810 3812
f 3707 3705 3812
f 3708 3707 3813
f 3707 3812 3813
f 3709 3708 3814
f 3708 3813 3814
f 3710 3709 3815
f 3709 3814 3815
f 3711 3710 3816
f 3710 3815 3816
f 3715 3816 3818
f 3715 3712 3816
f 3712 3711 3816
f 3712 3713 3706
f 3712 3715 3713
f 3715 3716 3713
f 3714 3713 3717
f 3717 3713 3716
f 3819 3811 3714
f 3717 3819 3714
f 3715 3818 3820
f 3716 3715 3820
f 3821 3716 3820
f 3717 3716 3821
f 3822 3717 3821
f 3819 3717 3822
f 3720 3829 3835
f 3720 3721 3830
f 3829 3720 3830
f 3721 3722 3831
f 3830 3721 3831
f 3831 3722 3836
f 3730 3837 3845
f 3835 3837 3730
f 3835 3730 3720
f 3720 3730 3731
f 3718 3731 3723
f 3718 3721 3731
f 3721 3720 3731
f 3719 3721 3718
f 3722 3721 3719
f 3724 3732 3838
f 3719 3724 3838
f 3719 3838 3836
f 3719 3836 3722
f 3732 3733 3839
f 3838 3732 3839
f 3733 3734 3840
f 3839 3733 3840
f 3734 3735 3841
f 3840 3734 3841
f 3841 3735 3846
f 3740 3730 3845
f 3850 3740 3845
f 3725 3740 3736
f 3725 3731 3740
f 3731 3730 3740
f 3723 3731 3725
f 3724 3726 3732
f 3727 3732 3726
f 3733 3732 3727
f 3728 3733 3727
f 3734 3733 3728
f 3729 3734 3728
f 3735 3734 3729
f 3737 3741 3847
f 3729 3737 3847
f 3729 3847 3846
f 3729 3846 3735
f 3847 3741 3851
f 3745 3740 3850
f 3856 3745 3850
f 3736 3745 3742
f 3740 3745 3736
f 3737 3738 3741
f 3741 3852 3851
f 3741 3738 3852
f 3738 3739 3852
f 3743 3746 3853
f 3743 3853 3739
f 3739 3853 3852
f 3853 3746 3857
f 3749 3745 3856
f 3859 3749 3856
f 3742 3749 3747
f 3745 3749 3742
f 3743 3744 3746
f 3746 3744 3748
f 3746 3748 3857
f 3857 3748 3860
f 3752 3749 3859
f 3863 3752 3859
f 3747 3752 3750
f 3749 3752 3747
f 3861 3751 3753
f 3861 3860 3751
f 3860 3748 3751
f 3861 3753 3864
f 3752 3863 3865
f 3865 3750 3752
f 3865 3866 3750
f 3866 3754 3750
f 3753 3755 3757
f 3751 3755 3753
f 3867 3864 3753
f 3757 3867 3753
f 3754 3866 3758
f 3866 3870 3758
f 3756 3871 3868
f 3759 3871 3756
f 3757 3755 3756
f 3757 3756 3869
f 3869 3756 3868
f 3867 3757 3869
f 3758 3870 3764
f 3870 3876 3764
f 3760 3877 3872
f 3765 3877 3760
f 3761 3760 3873
f 3760 3872 3873
f 3762 3761 3874
f 3761 3873 3874
f 3763 3762 3875
f 3762 3874 3875
f 3871 3759 3763
f 3875 3871 3763
f 3764 3876 3878
f 3766 3764 3878
f 3878 3768 3766
f 3880 3768 3878
f 3767 3881 3879
f 3769 3881 3767
f 3877 3765 3767
f 3879 3877 3767
f 3768 3880 3882
f 3770 3768 3882
f 3771 3770 3883
f 3770 3882 3883
f 3772 3771 3884
f 3771 3883 3884
f 3881 3769 3772
f 3884 3881 3772
f 3773 3782 3777
f 3887 3782 3773
f 3887 3773 3885
f 3885 3773 3774
f 3775 3886 3774
f 3774 3886 3885
f 3783 3888 3886
f 3783 3886 3776
f 3776 3886 3775
f 3776 3778 3783
f 3779 3787 3784
f 3779 3896 3787
f 3777 3896 3779
f 3777 3889 3896
f 3777 3782 3889
f 3887 3889 3782
f 3783 3890 3888
f 3778 3890 3783
f 3778 3780 3890
f 3780 3891 3890
f 3781 3892 3780
f 3780 3892 3891
f 3785 3788 3893
f 3785 3893 3781
f 3781 3893 3892
f 3893 3788 3897
f 3787 3792 3789
f 3784 3787 3789
f 3900 3787 3896
f 3792 3787 3900
f 3785 3786 3788
f 3790 3793 3898
f 3786 3790 3898
f 3786 3898 3897
f 3786 3897 3788
f 3898 3793 3901
f 3792 3799 3794
f 3789 3792 3794
f 3903 3792 3900
f 3799 3792 3903
f 3790 3791 3793
f 3795 3800 3902
f 3791 3795 3902
f 3791 3902 3901
f 3791 3901 3793
f 3902 3800 3904
f 3794 3799 3796
f 3801 3905 3806
f 3796 3905 3801
f 3796 3903 3905
f 3796 3799 3903
f 3905 3908 3806
f 3795 3797 3800
f 3800 3906 3904
f 3800 3797 3906
f 3797 3798 3906
f 3906 3798 3802
f 3909 3906 3802
f 3801 3806 3803
f 3806 3908 3910
f 3806 3910 3803
f 3803 3910 3804
f 3910 3807 3804
f 3913 3807 3910
f 3802 3911 3909
f 3805 3911 3802
f 3911 3805 3808
f 3914 3911 3808
f 3807 3913 3915
f 3809 3807 3915
f 3915 3810 3809
f 3918 3810 3915
f 3916 3811 3817
f 3916 3914 3811
f 3914 3808 3811
f 3916 3817 3919
f 3810 3918 3920
f 3812 3810 3920
f 3813 3812 3921
f 3812 3920 3921
f 3814 3813 3922
f 3813 3921 3922
f 3815 3814 3923
f 3814 3922 3923
f 3823 3923 3925
f 3823 3816 3923
f 3816 3815 3923
f 3816 3823 3818
f 3817 3819 3824
f 3811 3819 3817
f 3926 3919 3817
f 3824 3926 3817
f 3823 3925 3927
f 3825 3927 3930
f 3820 3927 3825
f 3820 3823 3927
f 3820 3818 3823
f 3820 3826 3821
f 3825 3826 3820
f 3821 3827 3822
f 3826 3827 3821
f 3822 3824 3819
f 3822 3827 3824
f 3827 3828 3824
f 3931 3926 3824
f 3828 3931 3824
f 3825 3930 3932
f 3826 3825 3932
f 3933 3826 3932
f 3827 3826 3933
f 3934 3827 3933
f 3828 3827 3934
f 3935 3828 3934
f 3931 3828 3935
f 3832 3939 3945
f 3832 3833 3940
f 3939 3832 3940
f 3833 3834 3941
f 3940 3833 3941
f 3941 3834 3946
f 3842 3947 3954
f 3945 3947 3842
f 3832 3945 3842
f 3832 3842 3835
f 3832 3835 3829
f 3830 3832 3829
f 3833 3832 3830
f 3831 3833 3830
f 3834 3833 3831
f 3836 3843 3948
f 3831 3836 3948
f 3831 3948 3946
f 3831 3946 3834
f 3843 3844 3949
f 3948 3843 3949
f 3949 3844 3955
f 3848 3956 3964
f 3954 3956 3848
f 3842 3954 3848
f 3842 3848 3845
f 3842 3845 3837
f 3835 3842 3837
f 3836 3838 3843
f 3839 3843 3838
f 3844 3843 3839
f 3844 3957 3955
f 3844 3839 3957
f 3839 3840 3957
f 3841 3958 3840
f 3840 3958 3957
f 3846 3849 3959
f 3846 3959 3841
f 3841 3959 3958
f 3959 3849 3965
f 3854 3848 3964
f 3969 3854 3964
f 3845 3854 3850
f 3848 3854 3845
f 3846 3847 3849
f 3851 3855 3966
f 3847 3851 3966
f 3847 3966 3965
f 3847 3965 3849
f 3966 3855 3970
f 3858 3854 3969
f 3974 3858 3969
f 3850 3858 3856
f 3854 3858 3850
f 3851 3852 3855
f 3855 3971 3970
f 3855 3852 3971
f 3852 3853 3971
f 3971 3853 3857
f 3975 3971 3857
f 3858 3974 3976
f 3976 3856 3858
f 3976 3979 3856
f 3979 3859 3856
f 3977 3860 3862
f 3977 3975 3860
f 3975 3857 3860
f 3977 3862 3980
f 3859 3979 3863
f 3979 3982 3863
f 3860 3861 3862
f 3862 3861 3864
f 3862 3864 3980
f 3980 3864 3983
f 3863 3982 3984
f 3865 3863 3984
f 3984 3866 3865
f 3985 3866 3984
f 3864 3867 3983
f 3983 3867 3986
f 3866 3985 3870
f 3985 3989 3870
f 3868 3990 3987
f 3871 3990 3868
f 3869 3868 3988
f 3868 3987 3988
f 3986 3867 3869
f 3988 3986 3869
f 3870 3989 3876
f 3989 3995 3876
f 3872 3996 3991
f 3877 3996 3872
f 3873 3872 3992
f 3872 3991 3992
f 3874 3873 3993
f 3873 3992 3993
f 3875 3874 3994
f 3874 3993 3994
f 3990 3871 3875
f 3994 3990 3875
f 3876 3995 3997
f 3878 3876 3997
f 3997 3880 3878
f 3999 3880 3997
f 3879 4000 3998
f 3881 4000 3879
f 3996 3877 3879
f 3998 3996 3879
f 3880 3999 4001
f 3882 3880 4001
f 3883 3882 4002
f 3882 4001 4002
f 3884 3883 4003
f 3883 4002 4003
f 4000 3881 3884
f 4003 4000 3884
f 3885 3894 3887
f 3885 3886 3895
f 3894 3885 3895
f 3886 3888 3895
f 3889 3899 3896
f 3889 4012 3899
f 3887 4012 3889
f 3887 4006 4012
f 3887 3894 4006
f 3895 4006 3894
f 4007 4006 3895
f 3888 4007 3895
f 3888 3890 4007
f 3890 4008 4007
f 3891 4009 3890
f 3890 4009 4008
f 3892 4010 3891
f 3891 4010 4009
f 3893 4011 3892
f 3892 4011 4010
f 4011 3893 3897
f 4013 4011 3897
f 3899 4014 4018
f 3899 4018 3896
f 3896 4018 3900
f 4012 4014 3899
f 3897 4015 4013
f 3898 4015 3897
f 4015 3898 3901
f 4019 4015 3901
f 4020 3907 3903
f 4020 3903 4018
f 4018 3903 3900
f 4020 4024 3907
f 3901 4021 4019
f 3902 4021 3901
f 4021 3902 3904
f 4025 4021 3904
f 3903 3907 3905
f 3907 3908 3905
f 3907 4024 3908
f 4024 4030 3908
f 3904 4026 4025
f 3906 4026 3904
f 3909 3912 4027
f 3909 4027 3906
f 3906 4027 4026
f 4027 3912 4031
f 3908 4030 4032
f 3910 3908 4032
f 4032 3913 3910
f 4036 3913 4032
f 3909 3911 3912
f 3914 3917 4033
f 3911 3914 4033
f 3911 4033 4031
f 3911 4031 3912
f 4033 3917 4037
f 3913 4036 4038
f 3915 3913 4038
f 4038 3918 3915
f 4042 3918 4038
f 3914 3916 3917
f 3919 3924 4039
f 3916 3919 4039
f 3916 4039 4037
f 3916 4037 3917
f 4039 3924 4043
f 3918 4042 4044
f 3920 3918 4044
f 3921 3920 4045
f 3920 4044 4045
f 3922 3921 4046
f 3921 4045 4046
f 3928 4046 4049
f 3928 3923 4046
f 3923 3922 4046
f 3923 3928 3925
f 3924 3926 3929
f 3919 3926 3924
f 4050 4043 3924
f 3929 4050 3924
f 3928 4049 4051
f 3925 3928 4051
f 3925 4051 3927
f 3927 4051 4052
f 4052 3930 3927
f 4056 3930 4052
f 3929 3931 3936
f 3926 3931 3929
f 4057 4050 3929
f 3936 4057 3929
f 3930 4056 4058
f 3932 3930 4058
f 3933 3932 4059
f 3932 4058 4059
f 3937 4059 4064
f 3937 3934 4059
f 3934 3933 4059
f 3934 3938 3935
f 3937 3938 3934
f 3935 3938 4065
f 3931 3935 4065
f 3931 4065 4060
f 3931 4060 3936
f 4057 3936 4060
f 3937 4064 4066
f 3938 3937 4066
f 4067 3938 4066
f 4065 3938 4067
f 3942 4076 4085
f 3942 3943 4077
f 4076 3942 4077
f 3943 3944 4078
f 4077 3943 4078
f 4078 3944 4086
f 3950 4087 4096
f 4085 4087 3950
f 4085 3950 3942
f 3942 3950 3951
f 3939 3951 3945
f 3939 3943 3951
f 3943 3942 3951
f 3940 3943 3939
f 3944 3943 3940
f 3944 4088 4086
f 3944 3940 4088
f 3940 3941 4088
f 3946 3952 4089
f 3946 4089 3941
f 3941 4089 4088
f 3952 3953 4090
f 4089 3952 4090
f 4090 3953 4097
f 3960 4098 4104
f 4096 4098 3960
f 4096 3960 3950
f 3950 3960 3961
f 3947 3961 3954
f 3947 3951 3961
f 3951 3950 3961
f 3945 3951 3947
f 3946 3948 3952
f 3949 3952 3948
f 3953 3952 3949
f 3955 3962 4099
f 3949 3955 4099
f 3949 4099 4097
f 3949 4097 3953
f 3962 3963 4100
f 4099 3962 4100
f 4100 3963 4105
f 3967 3960 4104
f 4108 3967 4104
f 3956 3967 3964
f 3956 3961 3967
f 3961 3960 3967
f 3954 3961 3956
f 3955 3957 3962
f 3958 3962 3957
f 3963 3962 3958
f 3963 4106 4105
f 3963 3958 4106
f 3958 3959 4106
f 3965 3968 4107
f 3965 4107 3959
f 3959 4107 4106
f 4107 3968 4109
f 3972 3967 4108
f 4111 3972 4108
f 3964 3972 3969
f 3967 3972 3964
f 3965 3966 3968
f 3970 3973 4110
f 3966 3970 4110
f 3966 4110 4109
f 3966 4109 3968
f 4110 3973 4112
f 3972 4111 4113
f 4113 3969 3972
f 4113 4115 3969
f 4115 3974 3969
f 3970 3971 3973
f 3975 3978 4114
f 3971 3975 4114
f 3971 4114 4112
f 3971 4112 3973
f 4114 3978 4116
f 3981 3976 3974
f 3981 3974 4118
f 4118 3974 4115
f 3976 3981 3979
f 3975 3977 3978
f 3978 3977 3980
f 3978 3980 4116
f 4116 3980 4119
f 3981 4118 4120
f 4120 3979 3981
f 4120 4121 3979
f 4121 3982 3979
f 3980 3983 4119
f 4119 3983 4122
f 3982 4121 4123
f 3984 3982 4123
f 4123 3985 3984
f 4124 3985 4123
f 3983 3986 4122
f 4122 3986 4125
f 3985 4124 3989
f 4124 4129 3989
f 3987 4130 4126
f 3990 4130 3987
f 3988 3987 4127
f 3987 4126 4127
f 4125 3986 3988
f 4127 4125 3988
f 3989 4129 3995
f 4129 4137 3995
f 3991 4138 4131
f 3996 4138 3991
f 3992 3991 4132
f 3991 4131 4132
f 3993 3992 4133
f 3992 4132 4133
f 3994 3993 4134
f 3993 4133 4134
f 4130 3990 3994
f 4134 4130 3994
f 3995 4137 4139
f 3997 3995 4139
f 3999 4140 4004
f 3999 3997 4140
f 3997 4139 4140
f 4140 4144 4004
f 4005 4145 4141
f 4005 3998 4000
f 4005 4141 3998
f 4141 4142 3998
f 4138 3996 3998
f 4142 4138 3998
f 3999 4004 4001
f 4004 4144 4146
f 4004 4146 4001
f 4001 4146 4002
f 4145 4005 4003
f 4145 4003 4146
f 4146 4003 4002
f 4000 4003 4005
f 4006 4016 4012
f 4006 4007 4017
f 4016 4006 4017
f 4152 4017 4007
f 4152 4007 4148
f 4148 4007 4008
f 4009 4149 4008
f 4008 4149 4148
f 4010 4150 4009
f 4009 4150 4149
f 4011 4151 4010
f 4010 4151 4150
f 4151 4011 4013
f 4153 4151 4013
f 4014 4022 4018
f 4014 4012 4016
f 4014 4016 4022
f 4022 4016 4023
f 4159 4017 4154
f 4159 4023 4017
f 4023 4016 4017
f 4152 4154 4017
f 4013 4155 4153
f 4015 4155 4013
f 4155 4015 4019
f 4160 4155 4019
f 4018 4022 4020
f 4024 4020 4022
f 4024 4022 4028
f 4028 4022 4023
f 4165 4023 4159
f 4028 4023 4165
f 4019 4161 4160
f 4021 4161 4019
f 4025 4029 4162
f 4025 4162 4021
f 4021 4162 4161
f 4162 4029 4166
f 4028 4034 4030
f 4024 4028 4030
f 4169 4028 4165
f 4034 4028 4169
f 4025 4026 4029
f 4029 4167 4166
f 4029 4026 4167
f 4026 4027 4167
f 4031 4035 4168
f 4031 4168 4027
f 4027 4168 4167
f 4168 4035 4170
f 4030 4034 4032
f 4036 4171 4040
f 4032 4171 4036
f 4032 4169 4171
f 4032 4034 4169
f 4171 4174 4040
f 4031 4033 4035
f 4037 4041 4172
f 4033 4037 4172
f 4033 4172 4170
f 4033 4170 4035
f 4172 4041 4175
f 4036 4040 4038
f 4042 4176 4047
f 4038 4176 4042
f 4038 4174 4176
f 4038 4040 4174
f 4176 4179 4047
f 4037 4039 4041
f 4043 4048 4177
f 4039 4043 4177
f 4039 4177 4175
f 4039 4175 4041
f 4177 4048 4180
f 4042 4047 4044
f 4047 4179 4181
f 4047 4181 4044
f 4044 4181 4045
f 4053 4181 4184
f 4053 4046 4181
f 4046 4045 4181
f 4046 4053 4049
f 4048 4050 4054
f 4043 4050 4048
f 4182 4180 4048
f 4182 4048 4055
f 4055 4048 4054
f 4182 4055 4185
f 4053 4184 4186
f 4049 4053 4186
f 4049 4186 4051
f 4051 4186 4187
f 4061 4187 4189
f 4061 4052 4187
f 4052 4051 4187
f 4052 4061 4056
f 4054 4057 4062
f 4050 4057 4054
f 4055 4054 4063
f 4063 4054 4062
f 4190 4185 4055
f 4063 4190 4055
f 4061 4189 4191
f 4056 4061 4191
f 4056 4191 4058
f 4058 4191 4192
f 4059 4058 4193
f 4058 4192 4193
f 4193 4064 4059
f 4196 4064 4193
f 4060 4065 4068
f 4060 4062 4057
f 4060 4068 4062
f 4068 4069 4062
f 4063 4062 4070
f 4070 4062 4069
f 4197 4190 4063
f 4070 4197 4063
f 4064 4196 4198
f 4066 4064 4198
f 4067 4066 4199
f 4066 4198 4199
f 4065 4067 4199
f 4065 4199 4071
f 4065 4071 4068
f 4203 4071 4199
f 4069 4068 4072
f 4072 4068 4071
f 4070 4069 4073
f 4073 4069 4072
f 4200 4197 4070
f 4200 4070 4074
f 4074 4070 4073
f 4200 4074 4204
f 4071 4203 4205
f 4072 4071 4205
f 4206 4072 4205
f 4073 4072 4206
f 4207 4073 4206
f 4074 4073 4207
f 4208 4074 4207
f 4204 4074 4208
f 4075 4215 4221
f 4215 4075 4222
f 4079 4223 4234
f 4221 4223 4079
f 4221 4079 4075
f 4075 4079 4080
f 4224 4222 4075
f 4224 4075 4081
f 4081 4075 4080
f 4081 4082 4225
f 4224 4081 4225
f 4082 4083 4226
f 4225 4082 4226
f 4083 4084 4227
f 4226 4083 4227
f 4227 4084 4235
f 4091 4079 4234
f 4241 4091 4234
f 4080 4079 4092
f 4092 4079 4091
f 4081 4080 4093
f 4093 4080 4092
f 4076 4093 4085
f 4076 4082 4093
f 4082 4081 4093
f 4077 4082 4076
f 4083 4082 4077
f 4078 4083 4077
f 4084 4083 4078
f 4086 4094 4236
f 4078 4086 4236
f 4078 4236 4235
f 4078 4235 4084
f 4094 4095 4237
f 4236 4094 4237
f 4237 4095 4242
f 4101 4091 4241
f 4247 4101 4241
f 4092 4091 4102
f 4102 4091 4101
f 4087 4102 4096
f 4087 4093 4102
f 4093 4092 4102
f 4085 4093 4087
f 4086 4088 4094
f 4089 4094 4088
f 4095 4094 4089
f 4095 4243 4242
f 4095 4089 4243
f 4089 4090 4243
f 4097 4103 4244
f 4097 4244 4090
f 4090 4244 4243
f 4244 4103 4248
f 4101 4247 4249
f 4098 4251 4104
f 4098 4101 4251
f 4098 4102 4101
f 4101 4249 4251
f 4096 4102 4098
f 4097 4099 4103
f 4103 4250 4248
f 4103 4099 4250
f 4099 4100 4250
f 4250 4100 4105
f 4252 4250 4105
f 4104 4251 4108
f 4251 4257 4108
f 4105 4253 4252
f 4106 4253 4105
f 4107 4254 4106
f 4106 4254 4253
f 4254 4107 4109
f 4258 4254 4109
f 4108 4257 4111
f 4257 4261 4111
f 4109 4259 4258
f 4110 4259 4109
f 4259 4110 4112
f 4262 4259 4112
f 4117 4113 4111
f 4117 4111 4264
f 4264 4111 4261
f 4113 4117 4115
f 4112 4263 4262
f 4114 4263 4112
f 4263 4114 4116
f 4265 4263 4116
f 4117 4264 4266
f 4266 4115 4117
f 4266 4267 4115
f 4267 4118 4115
f 4116 4119 4265
f 4265 4119 4268
f 4118 4267 4269
f 4120 4118 4269
f 4269 4121 4120
f 4270 4121 4269
f 4119 4122 4268
f 4268 4122 4271
f 4121 4270 4272
f 4123 4121 4272
f 4272 4124 4123
f 4274 4124 4272
f 4128 4275 4273
f 4128 4273 4271
f 4128 4271 4125
f 4125 4271 4122
f 4124 4274 4129
f 4274 4279 4129
f 4135 4280 4276
f 4135 4277 4136
f 4276 4277 4135
f 4136 4126 4130
f 4136 4277 4126
f 4277 4278 4126
f 4275 4128 4127
f 4275 4127 4278
f 4278 4127 4126
f 4125 4127 4128
f 4281 4143 4137
f 4281 4137 4279
f 4279 4137 4129
f 4281 4285 4143
f 4131 4286 4282
f 4138 4286 4131
f 4132 4131 4283
f 4131 4282 4283
f 4280 4135 4133
f 4280 4133 4283
f 4283 4133 4132
f 4134 4133 4135
f 4136 4134 4135
f 4130 4134 4136
f 4137 4143 4139
f 4143 4285 4287
f 4143 4287 4139
f 4139 4287 4140
f 4144 4288 4147
f 4144 4140 4288
f 4140 4287 4288
f 4147 4141 4145
f 4147 4288 4141
f 4288 4289 4141
f 4142 4141 4290
f 4141 4289 4290
f 4286 4138 4142
f 4290 4286 4142
f 4144 4147 4146
f 4145 4146 4147
f 4148 4156 4152
f 4148 4149 4157
f 4156 4148 4157
f 4293 4157 4149
f 4293 4149 4292
f 4292 4149 4150
f 4158 4294 4292
f 4158 4292 4151
f 4151 4292 4150
f 4151 4153 4158
f 4154 4163 4159
f 4154 4299 4163
f 4152 4299 4154
f 4152 4295 4299
f 4152 4156 4295
f 4157 4295 4156
f 4296 4295 4157
f 4293 4296 4157
f 4158 4297 4294
f 4164 4300 4297
f 4155 4164 4297
f 4155 4297 4158
f 4155 4158 4153
f 4155 4160 4164
f 4163 4301 4306
f 4163 4306 4159
f 4159 4306 4165
f 4299 4301 4163
f 4164 4302 4300
f 4160 4302 4164
f 4160 4161 4302
f 4161 4303 4302
f 4162 4304 4161
f 4161 4304 4303
f 4304 4162 4166
f 4307 4304 4166
f 4308 4173 4169
f 4308 4169 4306
f 4306 4169 4165
f 4308 4312 4173
f 4166 4309 4307
f 4167 4309 4166
f 4168 4310 4167
f 4167 4310 4309
f 4310 4168 4170
f 4313 4310 4170
f 4169 4173 4171
f 4174 4314 4178
f 4171 4314 4174
f 4171 4312 4314
f 4171 4173 4312
f 4314 4317 4178
f 4170 4315 4313
f 4172 4315 4170
f 4315 4172 4175
f 4318 4315 4175
f 4174 4178 4176
f 4178 4179 4176
f 4178 4317 4179
f 4317 4322 4179
f 4175 4319 4318
f 4177 4319 4175
f 4180 4183 4320
f 4180 4320 4177
f 4177 4320 4319
f 4320 4183 4323
f 4179 4322 4324
f 4181 4179 4324
f 4324 4184 4181
f 4327 4184 4324
f 4180 4182 4183
f 4185 4188 4325
f 4182 4185 4325
f 4182 4325 4323
f 4182 4323 4183
f 4325 4188 4328
f 4184 4327 4329
f 4186 4184 4329
f 4187 4186 4330
f 4186 4329 4330
f 4330 4189 4187
f 4333 4189 4330
f 4188 4190 4194
f 4185 4190 4188
f 4331 4328 4188
f 4331 4188 4195
f 4195 4188 4194
f 4331 4195 4334
f 4189 4333 4335
f 4191 4189 4335
f 4192 4191 4336
f 4191 4335 4336
f 4193 4192 4337
f 4192 4336 4337
f 4337 4196 4193
f 4338 4196 4337
f 4194 4197 4201
f 4190 4197 4194
f 4195 4194 4202
f 4202 4194 4201
f 4339 4334 4195
f 4202 4339 4195
f 4196 4338 4340
f 4198 4196 4340
f 4199 4198 4341
f 4198 4340 4341
f 4341 4203 4199
f 4346 4203 4341
f 4197 4200 4201
f 4204 4201 4200
f 4204 4209 4201
f 4209 4202 4201
f 4342 4339 4202
f 4342 4202 4210
f 4210 4202 4209
f 4342 4210 4347
f 4203 4346 4348
f 4205 4203 4348
f 4206 4205 4349
f 4205 4348 4349
f 4211 4349 4353
f 4211 4207 4349
f 4207 4206 4349
f 4207 4212 4208
f 4211 4212 4207
f 4208 4209 4204
f 4208 4212 4209
f 4212 4213 4209
f 4354 4350 4210
f 4354 4210 4213
f 4213 4210 4209
f 4347 4210 4350
f 4211 4353 4355
f 4212 4211 4355
f 4356 4212 4355
f 4213 4212 4356
f 4357 4213 4356
f 4354 4213 4357
f 4214 4398 4404
f 4398 4214 4405
f 4216 4214 4404
f 4416 4216 4404
f 4406 4405 4214
f 4406 4214 4217
f 4217 4214 4216
f 4217 4218 4407
f 4406 4217 4407
f 4218 4219 4408
f 4407 4218 4408
f 4219 4220 4409
f 4408 4219 4409
f 4409 4220 4417
f 4216 4416 4418
f 4418 4425 4228
f 4418 4228 4216
f 4216 4228 4217
f 4218 4217 4229
f 4229 4217 4228
f 4215 4229 4221
f 4215 4219 4229
f 4219 4218 4229
f 4222 4219 4215
f 4222 4230 4219
f 4230 4220 4219
f 4419 4417 4220
f 4419 4220 4231
f 4231 4220 4230
f 4231 4232 4420
f 4419 4231 4420
f 4232 4233 4421
f 4420 4232 4421
f 4421 4233 4426
f 4238 4228 4425
f 4432 4238 4425
f 4223 4238 4234
f 4223 4229 4238
f 4229 4228 4238
f 4221 4229 4223
f 4222 4224 4230
f 4225 4230 4224
f 4231 4230 4225
f 4226 4231 4225
f 4232 4231 4226
f 4227 4232 4226
f 4233 4232 4227
f 4235 4239 4427
f 4227 4235 4427
f 4227 4427 4426
f 4227 4426 4233
f 4239 4240 4428
f 4427 4239 4428
f 4428 4240 4433
f 4245 4238 4432
f 4437 4245 4432
f 4234 4245 4241
f 4238 4245 4234
f 4235 4236 4239
f 4237 4239 4236
f 4240 4239 4237
f 4242 4246 4434
f 4237 4242 4434
f 4237 4434 4433
f 4237 4433 4240
f 4434 4246 4438
f 4245 4437 4439
f 4439 4241 4245
f 4439 4442 4241
f 4442 4247 4241
f 4242 4243 4246
f 4246 4440 4438
f 4246 4243 4440
f 4243 4244 4440
f 4440 4244 4248
f 4443 4440 4248
f 4255 4249 4247
f 4255 4247 4447
f 4447 4247 4442
f 4249 4255 4251
f 4248 4444 4443
f 4250 4444 4248
f 4252 4256 4445
f 4252 4445 4250
f 4250 4445 4444
f 4445 4256 4448
f 4260 4255 4447
f 4450 4260 4447
f 4251 4260 4257
f 4255 4260 4251
f 4252 4253 4256
f 4256 4449 4448
f 4256 4253 4449
f 4253 4254 4449
f 4449 4254 4258
f 4451 4449 4258
f 4260 4450 4452
f 4452 4257 4260
f 4452 4454 4257
f 4454 4261 4257
f 4258 4453 4451
f 4259 4453 4258
f 4453 4259 4262
f 4455 4453 4262
f 4261 4454 4264
f 4454 4457 4264
f 4262 4456 4455
f 4263 4456 4262
f 4456 4263 4265
f 4458 4456 4265
f 4264 4457 4459
f 4266 4264 4459
f 4459 4267 4266
f 4461 4267 4459
f 4265 4268 4458
f 4458 4268 4462
f 4267 4461 4463
f 4269 4267 4463
f 4463 4270 4269
f 4464 4270 4463
f 4268 4271 4462
f 4462 4271 4465
f 4270 4464 4466
f 4272 4270 4466
f 4466 4274 4272
f 4469 4274 4466
f 4273 4470 4467
f 4275 4470 4273
f 4465 4271 4273
f 4467 4465 4273
f 4471 4284 4279
f 4471 4279 4469
f 4469 4279 4274
f 4471 4477 4284
f 4276 4478 4472
f 4280 4478 4276
f 4277 4276 4473
f 4276 4472 4473
f 4278 4277 4474
f 4277 4473 4474
f 4470 4275 4278
f 4474 4470 4278
f 4279 4284 4281
f 4285 4479 4291
f 4281 4479 4285
f 4281 4477 4479
f 4281 4284 4477
f 4479 4483 4291
f 4282 4484 4480
f 4286 4484 4282
f 4283 4282 4481
f 4282 4480 4481
f 4478 4280 4283
f 4481 4478 4283
f 4285 4291 4287
f 4291 4483 4485
f 4291 4485 4287
f 4287 4485 4288
f 4289 4288 4486
f 4288 4485 4486
f 4290 4289 4487
f 4289 4486 4487
f 4484 4286 4290
f 4487 4484 4290
f 4292 4298 4293
f 4292 4294 4298
f 4295 4305 4299
f 4492 4305 4295
f 4492 4295 4489
f 4489 4295 4296
f 4298 4296 4293
f 4298 4490 4296
f 4490 4489 4296
f 4294 4490 4298
f 4294 4297 4490
f 4297 4491 4490
f 4491 4297 4300
f 4493 4491 4300
f 4301 4311 4306
f 4301 4501 4311
f 4299 4501 4301
f 4299 4494 4501
f 4299 4305 4494
f 4492 4494 4305
f 4300 4495 4493
f 4302 4495 4300
f 4303 4496 4302
f 4302 4496 4495
f 4304 4497 4303
f 4303 4497 4496
f 4497 4304 4307
f 4502 4497 4307
f 4306 4311 4308
f 4312 4503 4316
f 4308 4503 4312
f 4308 4501 4503
f 4308 4311 4501
f 4503 4508 4316
f 4307 4504 4502
f 4309 4504 4307
f 4310 4505 4309
f 4309 4505 4504
f 4505 4310 4313
f 4509 4505 4313
f 4312 4316 4314
f 4316 4317 4314
f 4316 4508 4317
f 4508 4513 4317
f 4313 4510 4509
f 4315 4510 4313
f 4318 4321 4511
f 4318 4511 4315
f 4315 4511 4510
f 4511 4321 4514
f 4515 4326 4322
f 4515 4322 4513
f 4513 4322 4317
f 4515 4518 4326
f 4318 4319 4321
f 4321 4516 4514
f 4321 4319 4516
f 4319 4320 4516
f 4516 4320 4323
f 4519 4516 4323
f 4322 4326 4324
f 4326 4327 4324
f 4326 4518 4327
f 4518 4523 4327
f 4323 4520 4519
f 4325 4520 4323
f 4328 4332 4521
f 4328 4521 4325
f 4325 4521 4520
f 4521 4332 4524
f 4327 4523 4525
f 4329 4327 4525
f 4330 4329 4526
f 4329 4525 4526
f 4526 4333 4330
f 4528 4333 4526
f 4328 4331 4332
f 4332 4331 4334
f 4332 4334 4524
f 4524 4334 4529
f 4333 4528 4530
f 4335 4333 4530
f 4336 4335 4531
f 4335 4530 4531
f 4343 4531 4535
f 4343 4337 4531
f 4337 4336 4531
f 4337 4343 4338
f 4532 4339 4344
f 4532 4529 4339
f 4529 4334 4339
f 4344 4345 4533
f 4532 4344 4533
f 4533 4345 4536
f 4343 4535 4537
f 4338 4343 4537
f 4338 4537 4340
f 4340 4537 4538
f 4351 4538 4539
f 4351 4341 4538
f 4341 4340 4538
f 4341 4351 4346
f 4339 4342 4344
f 4347 4344 4342
f 4347 4352 4344
f 4352 4345 4344
f 4540 4536 4345
f 4352 4540 4345
f 4351 4539 4541
f 4346 4351 4541
f 4346 4541 4348
f 4348 4541 4542
f 4358 4542 4546
f 4358 4349 4542
f 4349 4348 4542
f 4349 4358 4353
f 4350 4354 4359
f 4350 4352 4347
f 4350 4359 4352
f 4359 4360 4352
f 4543 4540 4352
f 4543 4352 4361
f 4361 4352 4360
f 4543 4361 4547
f 4358 4546 4548
f 4353 4358 4548
f 4353 4548 4355
f 4355 4548 4549
f 4362 4549 4554
f 4362 4356 4549
f 4356 4355 4549
f 4356 4363 4357
f 4362 4363 4356
f 4357 4359 4354
f 4357 4363 4359
f 4363 4364 4359
f 4360 4359 4365
f 4365 4359 4364
f 4361 4360 4366
f 4366 4360 4365
f 4550 4547 4361
f 4550 4361 4367
f 4367 4361 4366
f 4550 4367 4555
f 4362 4554 4556
f 4363 4362 4556
f 4557 4363 4556
f 4557 4563 4368
f 4557 4368 4363
f 4363 4368 4364
f 4365 4364 4369
f 4369 4364 4368
f 4366 4365 4370
f 4370 4365 4369
f 4367 4366 4371
f 4371 4366 4370
f 4558 4555 4367
f 4558 4367 4372
f 4372 4367 4371
f 4372 4373 4559
f 4558 4372 4559
f 4559 4373 4564
f 4368 4563 4565
f 4565 4569 4374
f 4565 4374 4368
f 4368 4374 4369
f 4370 4369 4375
f 4375 4369 4374
f 4371 4370 4376
f 4376 4370 4375
f 4372 4371 4377
f 4377 4371 4376
f 4373 4372 4378
f 4378 4372 4377
f 4566 4564 4373
f 4566 4373 4379
f 4379 4373 4378
f 4566 4379 4570
f 4374 4569 4571
f 4375 4374 4571
f 4572 4375 4571
f 4572 4576 4380
f 4572 4380 4375
f 4375 4380 4376
f 4377 4376 4381
f 4381 4376 4380
f 4378 4377 4382
f 4382 4377 4381
f 4379 4378 4383
f 4383 4378 4382
f 4573 4570 4379
f 4573 4379 4384
f 4384 4379 4383
f 4573 4384 4577
f 4380 4576 4578
f 4381 4380 4578
f 4579 4381 4578
f 4382 4381 4579
f 4580 4382 4579
f 4580 4585 4385
f 4580 4385 4382
f 4382 4385 4383
f 4384 4383 4386
f 4386 4383 4385
f 4581 4577 4384
f 4581 4384 4387
f 4387 4384 4386
f 4581 4387 4586
f 4385 4585 4587
f 4587 4596 4388
f 4587 4388 4385
f 4385 4388 4386
f 4387 4386 4389
f 4389 4386 4388
f 4588 4586 4387
f 4588 4387 4390
f 4390 4387 4389
f 4390 4391 4589
f 4588 4390 4589
f 4391 4392 4590
f 4589 4391 4590
f 4590 4392 4597
f 4388 4596 4598
f 4598 4603 4393
f 4598 4393 4388
f 4388 4393 4389
f 4390 4389 4394
f 4394 4389 4393
f 4391 4390 4395
f 4395 4390 4394
f 4392 4391 4396
f 4396 4391 4395
f 4599 4597 4392
f 4599 4392 4397
f 4397 4392 4396
f 4599 4397 4604
f 4393 4603 4605
f 4394 4393 4605
f 4606 4394 4605
f 4606 4612 4399
f 4606 4399 4394
f 4394 4399 4395
f 4396 4395 4400
f 4400 4395 4399
f 4397 4396 4401
f 4401 4396 4400
f 4607 4604 4397
f 4607 4397 4402
f 4402 4397 4401
f 4402 4403 4608
f 4607 4402 4608
f 4608 4403 4613
f 4410 4399 4612
f 4620 4410 4612
f 4400 4399 4411
f 4411 4399 4410
f 4398 4411 4404
f 4398 4401 4411
f 4401 4400 4411
f 4405 4401 4398
f 4405 4412 4401
f 4412 4402 4401
f 4403 4402 4413
f 4413 4402 4412
f 4614 4613 4403
f 4614 4403 4414
f 4414 4403 4413
f 4414 4415 4615
f 4614 4414 4615
f 4615 4415 4621
f 4410 4620 4622
f 4622 4627 4422
f 4622 4422 4410
f 4410 4422 4411
f 4404 4422 4416
f 4411 4422 4404
f 4405 4406 4412
f 4407 4412 4406
f 4413 4412 4407
f 4408 4413 4407
f 4414 4413 4408
f 4409 4414 4408
f 4415 4414 4409
f 4417 4423 4623
f 4409 4417 4623
f 4409 4623 4621
f 4409 4621 4415
f 4423 4424 4624
f 4623 4423 4624
f 4624 4424 4628
f 4429 4422 4627
f 4633 4429 4627
f 4416 4430 4418
f 4416 4422 4430
f 4422 4429 4430
f 4418 4430 4425
f 4417 4419 4423
f 4420 4423 4419
f 4424 4423 4420
f 4424 4629 4628
f 4424 4420 4629
f 4420 4421 4629
f 4426 4431 4630
f 4426 4630 4421
f 4421 4630 4629
f 4630 4431 4634
f 4429 4633 4635
f 4635 4639 4435
f 4635 4435 4429
f 4429 4435 4430
f 4425 4435 4432
f 4430 4435 4425
f 4426 4427 4431
f 4431 4636 4634
f 4431 4427 4636
f 4427 4428 4636
f 4433 4436 4637
f 4433 4637 4428
f 4428 4637 4636
f 4637 4436 4640
f 4435 4639 4641
f 4641 4432 4435
f 4641 4645 4432
f 4645 4437 4432
f 4433 4434 4436
f 4438 4441 4642
f 4434 4438 4642
f 4434 4642 4640
f 4434 4640 4436
f 4642 4441 4646
f 4437 4645 4647
f 4439 4437 4647
f 4647 4442 4439
f 4649 4442 4647
f 4438 4440 4441
f 4443 4446 4648
f 4440 4443 4648
f 4440 4648 4646
f 4440 4646 4441
f 4648 4446 4650
f 4442 4649 4447
f 4649 4652 4447
f 4443 4444 4446
f 4446 4651 4650
f 4446 4444 4651
f 4444 4445 4651
f 4651 4445 4448
f 4653 4651 4448
f 4447 4652 4450
f 4652 4655 4450
f 4448 4654 4653
f 4449 4654 4448
f 4654 4449 4451
f 4656 4654 4451
f 4450 4655 4657
f 4452 4450 4657
f 4657 4454 4452
f 4659 4454 4657
f 4451 4658 4656
f 4453 4658 4451
f 4658 4453 4455
f 4660 4658 4455
f 4454 4659 4457
f 4659 4662 4457
f 4460 4455 4456
f 4460 4663 4455
f 4663 4660 4455
f 4456 4458 4460
f 4457 4662 4664
f 4459 4457 4664
f 4664 4461 4459
f 4668 4461 4664
f 4460 4665 4663
f 4665 4460 4458
f 4665 4458 4669
f 4669 4458 4462
f 4461 4668 4670
f 4463 4461 4670
f 4670 4464 4463
f 4674 4464 4670
f 4468 4675 4671
f 4468 4671 4669
f 4468 4669 4465
f 4465 4669 4462
f 4464 4674 4676
f 4466 4464 4676
f 4676 4469 4466
f 4682 4469 4676
f 4475 4683 4677
f 4475 4678 4476
f 4677 4678 4475
f 4675 4476 4678
f 4468 4476 4675
f 4468 4470 4476
f 4468 4467 4470
f 4465 4467 4468
f 4469 4682 4684
f 4471 4469 4684
f 4684 4477 4471
f 4690 4477 4684
f 4482 4691 4685
f 4482 4472 4478
f 4482 4685 4472
f 4685 4686 4472
f 4683 4475 4473
f 4683 4473 4686
f 4686 4473 4472
f 4474 4473 4475
f 4476 4474 4475
f 4470 4474 4476
f 4477 4690 4692
f 4479 4477 4692
f 4483 4693 4488
f 4483 4479 4693
f 4479 4692 4693
f 4693 4697 4488
f 4480 4698 4694
f 4484 4698 4480
f 4691 4482 4481
f 4691 4481 4694
f 4694 4481 4480
f 4478 4481 4482
f 4483 4488 4485
f 4488 4697 4699
f 4488 4699 4485
f 4485 4699 4486
f 4487 4486 4700
f 4486 4699 4700
f 4698 4484 4487
f 4700 4698 4487
f 4489 4498 4492
f 4489 4490 4499
f 4498 4489 4499
f 4490 4491 4500
f 4499 4490 4500
f 4491 4493 4500
f 4494 4506 4501
f 4494 4708 4506
f 4492 4708 4494
f 4492 4703 4708
f 4492 4498 4703
f 4499 4703 4498
f 4704 4703 4499
f 4500 4704 4499
f 4705 4704 4500
f 4493 4705 4500
f 4493 4495 4705
f 4495 4706 4705
f 4496 4707 4495
f 4495 4707 4706
f 4507 4709 4707
f 4507 4707 4497
f 4497 4707 4496
f 4497 4502 4507
f 4501 4506 4503
f 4506 4508 4503
f 4506 4708 4508
f 4708 4719 4508
f 4507 4710 4709
f 4502 4710 4507
f 4502 4504 4710
f 4504 4711 4710
f 4505 4712 4504
f 4504 4712 4711
f 4509 4512 4713
f 4509 4713 4505
f 4505 4713 4712
f 4713 4512 4720
f 4721 4517 4513
f 4721 4513 4719
f 4719 4513 4508
f 4721 4726 4517
f 4509 4510 4512
f 4512 4722 4720
f 4512 4510 4722
f 4510 4511 4722
f 4722 4511 4514
f 4727 4722 4514
f 4513 4517 4515
f 4517 4518 4515
f 4517 4726 4518
f 4726 4731 4518
f 4514 4728 4727
f 4516 4728 4514
f 4519 4522 4729
f 4519 4729 4516
f 4516 4729 4728
f 4729 4522 4732
f 4733 4527 4523
f 4733 4523 4731
f 4731 4523 4518
f 4733 4736 4527
f 4519 4520 4522
f 4522 4734 4732
f 4522 4520 4734
f 4520 4521 4734
f 4734 4521 4524
f 4737 4734 4524
f 4523 4527 4525
f 4527 4736 4738
f 4527 4738 4525
f 4525 4738 4526
f 4738 4528 4526
f 4741 4528 4738
f 4739 4529 4534
f 4739 4737 4529
f 4737 4524 4529
f 4739 4534 4742
f 4528 4741 4743
f 4530 4528 4743
f 4531 4530 4744
f 4530 4743 4744
f 4744 4535 4531
f 4747 4535 4744
f 4529 4532 4534
f 4534 4745 4742
f 4534 4532 4745
f 4532 4533 4745
f 4745 4533 4536
f 4748 4745 4536
f 4535 4747 4749
f 4537 4535 4749
f 4538 4537 4750
f 4537 4749 4750
f 4750 4539 4538
f 4755 4539 4750
f 4751 4540 4544
f 4751 4748 4540
f 4748 4536 4540
f 4544 4545 4752
f 4751 4544 4752
f 4752 4545 4756
f 4539 4755 4757
f 4541 4539 4757
f 4551 4757 4760
f 4551 4542 4757
f 4542 4541 4757
f 4542 4551 4546
f 4540 4543 4544
f 4547 4544 4543
f 4547 4552 4544
f 4552 4545 4544
f 4758 4756 4545
f 4758 4545 4553
f 4553 4545 4552
f 4758 4553 4761
f 4551 4760 4762
f 4546 4551 4762
f 4546 4762 4548
f 4548 4762 4763
f 4560 4763 4766
f 4560 4549 4763
f 4549 4548 4763
f 4549 4560 4554
f 4547 4550 4552
f 4555 4552 4550
f 4555 4561 4552
f 4561 4553 4552
f 4764 4761 4553
f 4764 4553 4562
f 4562 4553 4561
f 4764 4562 4767
f 4560 4766 4768
f 4554 4560 4768
f 4554 4768 4556
f 4556 4768 4769
f 4567 4769 4772
f 4567 4557 4769
f 4557 4556 4769
f 4557 4567 4563
f 4555 4558 4561
f 4559 4561 4558
f 4562 4561 4559
f 4564 4568 4770
f 4559 4564 4770
f 4559 4770 4767
f 4559 4767 4562
f 4770 4568 4773
f 4567 4772 4774
f 4574 4774 4778
f 4565 4774 4574
f 4565 4567 4774
f 4565 4563 4567
f 4565 4574 4569
f 4564 4566 4568
f 4570 4575 4775
f 4566 4570 4775
f 4566 4775 4773
f 4566 4773 4568
f 4775 4575 4779
f 4574 4778 4780
f 4569 4574 4780
f 4569 4780 4571
f 4571 4780 4781
f 4582 4781 4786
f 4582 4572 4781
f 4572 4571 4781
f 4572 4582 4576
f 4570 4573 4575
f 4577 4583 4782
f 4573 4577 4782
f 4573 4782 4779
f 4573 4779 4575
f 4583 4584 4783
f 4782 4583 4783
f 4783 4584 4787
f 4582 4786 4788
f 4576 4582 4788
f 4576 4788 4578
f 4578 4788 4789
f 4591 4789 4794
f 4591 4579 4789
f 4579 4578 4789
f 4579 4592 4580
f 4591 4592 4579
f 4580 4592 4585
f 4577 4581 4583
f 4586 4583 4581
f 4586 4593 4583
f 4593 4584 4583
f 4790 4787 4584
f 4790 4584 4594
f 4594 4584 4593
f 4594 4595 4791
f 4790 4594 4791
f 4791 4595 4795
f 4591 4794 4796
f 4592 4591 4796
f 4797 4592 4796
f 4600 4797 4801
f 4587 4797 4600
f 4587 4592 4797
f 4587 4585 4592
f 4587 4600 4596
f 4586 4588 4593
f 4589 4593 4588
f 4594 4593 4589
f 4590 4594 4589
f 4595 4594 4590
f 4597 4601 4798
f 4590 4597 4798
f 4590 4798 4795
f 4590 4795 4595
f 4601 4602 4799
f 4798 4601 4799
f 4799 4602 4802
f 4600 4801 4803
f 4609 4803 4807
f 4598 4803 4609
f 4598 4600 4803
f 4598 4596 4600
f 4598 4609 4603
f 4597 4599 4601
f 4604 4601 4599
f 4604 4610 4601
f 4610 4602 4601
f 4804 4802 4602
f 4804 4602 4611
f 4611 4602 4610
f 4804 4611 4808
f 4609 4807 4809
f 4616 4809 4814
f 4605 4809 4616
f 4605 4609 4809
f 4605 4603 4609
f 4605 4617 4606
f 4616 4617 4605
f 4606 4617 4612
f 4604 4607 4610
f 4608 4610 4607
f 4611 4610 4608
f 4613 4618 4810
f 4608 4613 4810
f 4608 4810 4808
f 4608 4808 4611
f 4618 4619 4811
f 4810 4618 4811
f 4811 4619 4815
f 4616 4814 4816
f 4816 4820 4625
f 4816 4625 4616
f 4616 4625 4617
f 4612 4625 4620
f 4617 4625 4612
f 4613 4614 4618
f 4615 4618 4614
f 4619 4618 4615
f 4621 4626 4817
f 4615 4621 4817
f 4615 4817 4815
f 4615 4815 4619
f 4817 4626 4821
f 4625 4820 4822
f 4631 4822 4826
f 4622 4822 4631
f 4622 4625 4822
f 4622 4620 4625
f 4622 4631 4627
f 4621 4623 4626
f 4626 4823 4821
f 4626 4623 4823
f 4623 4624 4823
f 4628 4632 4824
f 4628 4824 4624
f 4624 4824 4823
f 4824 4632 4827
f 4631 4826 4828
f 4828 4627 4631
f 4828 4831 4627
f 4831 4633 4627
f 4628 4629 4632
f 4632 4829 4827
f 4632 4629 4829
f 4629 4630 4829
f 4634 4638 4830
f 4634 4830 4630
f 4630 4830 4829
f 4830 4638 4832
f 4643 4635 4633
f 4643 4633 4837
f 4837 4633 4831
f 4635 4643 4639
f 4634 4636 4638
f 4638 4833 4832
f 4638 4636 4833
f 4636 4637 4833
f 4640 4644 4834
f 4640 4834 4637
f 4637 4834 4833
f 4834 4644 4838
f 4643 4837 4839
f 4639 4643 4839
f 4639 4839 4641
f 4641 4839 4840
f 4840 4645 4641
f 4841 4645 4840
f 4640 4642 4644
f 4644 4642 4646
f 4644 4646 4838
f 4838 4646 4842
f 4645 4841 4843
f 4647 4645 4843
f 4843 4649 4647
f 4845 4649 4843
f 4646 4844 4842
f 4648 4844 4646
f 4844 4648 4650
f 4846 4844 4650
f 4649 4845 4652
f 4845 4848 4652
f 4650 4847 4846
f 4651 4847 4650
f 4847 4651 4653
f 4849 4847 4653
f 4652 4848 4655
f 4848 4851 4655
f 4653 4850 4849
f 4654 4850 4653
f 4850 4654 4656
f 4852 4850 4656
f 4655 4851 4853
f 4657 4655 4853
f 4853 4659 4657
f 4856 4659 4853
f 4661 4656 4658
f 4661 4857 4656
f 4857 4852 4656
f 4658 4660 4661
f 4858 4666 4662
f 4858 4662 4856
f 4856 4662 4659
f 4858 4860 4666
f 4667 4857 4661
f 4861 4857 4667
f 4660 4663 4667
f 4661 4660 4667
f 4662 4666 4664
f 4668 4862 4672
f 4664 4862 4668
f 4664 4860 4862
f 4664 4666 4860
f 4862 4864 4672
f 4667 4863 4861
f 4673 4865 4863
f 4665 4673 4863
f 4665 4863 4667
f 4665 4667 4663
f 4665 4669 4673
f 4668 4672 4670
f 4674 4866 4679
f 4670 4866 4674
f 4670 4864 4866
f 4670 4672 4864
f 4866 4872 4679
f 4680 4873 4867
f 4680 4868 4681
f 4867 4868 4680
f 4865 4681 4868
f 4673 4681 4865
f 4673 4675 4681
f 4673 4671 4675
f 4669 4671 4673
f 4674 4679 4676
f 4682 4874 4687
f 4676 4874 4682
f 4676 4872 4874
f 4676 4679 4872
f 4874 4879 4687
f 4688 4880 4875
f 4688 4876 4689
f 4875 4876 4688
f 4873 4689 4876
f 4680 4689 4873
f 4680 4683 4689
f 4680 4677 4683
f 4678 4677 4680
f 4681 4678 4680
f 4675 4678 4681
f 4682 4687 4684
f 4690 4881 4695
f 4684 4881 4690
f 4684 4879 4881
f 4684 4687 4879
f 4881 4886 4695
f 4696 4887 4882
f 4880 4696 4882
f 4688 4696 4880
f 4688 4691 4696
f 4688 4685 4691
f 4686 4685 4688
f 4689 4686 4688
f 4683 4686 4689
f 4690 4695 4692
f 4695 4886 4888
f 4695 4888 4692
f 4692 4888 4693
f 4697 4889 4701
f 4697 4693 4889
f 4693 4888 4889
f 4701 4890 4702
f 4889 4890 4701
f 4887 4702 4890
f 4696 4702 4887
f 4696 4698 4702
f 4696 4694 4698
f 4691 4694 4696
f 4697 4701 4699
f 4700 4699 4701
f 4702 4700 4701
f 4698 4700 4702
f 4703 4714 4708
f 4703 4704 4715
f 4714 4703 4715
f 4704 4705 4716
f 4715 4704 4716
f 4705 4706 4717
f 4716 4705 4717
f 4706 4707 4718
f 4717 4706 4718
f 4707 4709 4718
f 4714 4723 4719
f 4708 4714 4719
f 4715 4724 4714
f 4724 4723 4714
f 4900 4716 4894
f 4900 4724 4716
f 4724 4715 4716
f 4717 4894 4716
f 4895 4894 4717
f 4718 4895 4717
f 4896 4895 4718
f 4709 4896 4718
f 4709 4710 4896
f 4710 4897 4896
f 4711 4898 4710
f 4710 4898 4897
f 4712 4899 4711
f 4711 4899 4898
f 4725 4901 4899
f 4725 4899 4713
f 4713 4899 4712
f 4713 4720 4725
f 4719 4723 4721
f 4726 4721 4723
f 4726 4723 4730
f 4730 4723 4724
f 4910 4724 4900
f 4730 4724 4910
f 4725 4902 4901
f 4720 4902 4725
f 4720 4722 4902
f 4722 4903 4902
f 4903 4722 4727
f 4911 4903 4727
f 4730 4735 4731
f 4726 4730 4731
f 4916 4730 4910
f 4735 4730 4916
f 4727 4912 4911
f 4728 4912 4727
f 4729 4913 4728
f 4728 4913 4912
f 4913 4729 4732
f 4917 4913 4732
f 4731 4735 4733
f 4736 4918 4740
f 4733 4918 4736
f 4733 4916 4918
f 4733 4735 4916
f 4918 4921 4740
f 4732 4919 4917
f 4734 4919 4732
f 4919 4734 4737
f 4922 4919 4737
f 4736 4740 4738
f 4741 4923 4746
f 4738 4923 4741
f 4738 4921 4923
f 4738 4740 4921
f 4923 4926 4746
f 4737 4924 4922
f 4739 4924 4737
f 4924 4739 4742
f 4927 4924 4742
f 4741 4746 4743
f 4746 4926 4928
f 4746 4928 4743
f 4743 4928 4744
f 4747 4929 4753
f 4747 4744 4929
f 4744 4928 4929
f 4929 4932 4753
f 4742 4930 4927
f 4745 4930 4742
f 4748 4754 4931
f 4748 4931 4745
f 4745 4931 4930
f 4931 4754 4933
f 4747 4753 4749
f 4753 4932 4934
f 4753 4934 4749
f 4749 4934 4750
f 4934 4755 4750
f 4937 4755 4934
f 4748 4751 4754
f 4754 4935 4933
f 4754 4751 4935
f 4751 4752 4935
f 4756 4759 4936
f 4756 4936 4752
f 4752 4936 4935
f 4936 4759 4938
f 4755 4937 4939
f 4757 4755 4939
f 4939 4760 4757
f 4942 4760 4939
f 4756 4758 4759
f 4761 4765 4940
f 4758 4761 4940
f 4758 4940 4938
f 4758 4938 4759
f 4940 4765 4943
f 4760 4942 4944
f 4762 4760 4944
f 4763 4762 4945
f 4762 4944 4945
f 4945 4766 4763
f 4948 4766 4945
f 4761 4764 4765
f 4767 4771 4946
f 4764 4767 4946
f 4764 4946 4943
f 4764 4943 4765
f 4946 4771 4949
f 4766 4948 4950
f 4768 4766 4950
f 4776 4950 4953
f 4776 4769 4950
f 4769 4768 4950
f 4769 4776 4772
f 4767 4770 4771
f 4773 4777 4951
f 4770 4773 4951
f 4770 4951 4949
f 4770 4949 4771
f 4951 4777 4954
f 4776 4953 4955
f 4772 4776 4955
f 4772 4955 4774
f 4774 4955 4956
f 4956 4778 4774
f 4960 4778 4956
f 4773 4775 4777
f 4779 4784 4957
f 4775 4779 4957
f 4775 4957 4954
f 4775 4954 4777
f 4784 4785 4958
f 4957 4784 4958
f 4958 4785 4961
f 4778 4960 4962
f 4780 4778 4962
f 4781 4780 4963
f 4780 4962 4963
f 4963 4786 4781
f 4967 4786 4963
f 4779 4782 4784
f 4783 4784 4782
f 4785 4784 4783
f 4787 4792 4964
f 4783 4787 4964
f 4783 4964 4961
f 4783 4961 4785
f 4792 4793 4965
f 4964 4792 4965
f 4965 4793 4968
f 4786 4967 4969
f 4788 4786 4969
f 4789 4788 4970
f 4788 4969 4970
f 4970 4794 4789
f 4973 4794 4970
f 4787 4790 4792
f 4791 4792 4790
f 4793 4792 4791
f 4795 4800 4971
f 4791 4795 4971
f 4791 4971 4968
f 4791 4968 4793
f 4971 4800 4974
f 4794 4973 4975
f 4796 4794 4975
f 4805 4975 4980
f 4805 4797 4975
f 4797 4796 4975
f 4797 4805 4801
f 4795 4798 4800
f 4800 4976 4974
f 4800 4798 4976
f 4798 4799 4976
f 4802 4806 4977
f 4802 4977 4799
f 4799 4977 4976
f 4977 4806 4981
f 4805 4980 4982
f 4812 4982 4984
f 4803 4982 4812
f 4803 4805 4982
f 4803 4801 4805
f 4803 4812 4807
f 4802 4804 4806
f 4808 4813 4983
f 4804 4808 4983
f 4804 4983 4981
f 4804 4981 4806
f 4983 4813 4985
f 4812 4984 4986
f 4818 4986 4990
f 4809 4986 4818
f 4809 4812 4986
f 4809 4807 4812
f 4809 4818 4814
f 4808 4810 4813
f 4813 4987 4985
f 4813 4810 4987
f 4810 4811 4987
f 4815 4819 4988
f 4815 4988 4811
f 4811 4988 4987
f 4988 4819 4991
f 4818 4990 4992
f 4814 4818 4992
f 4814 4992 4816
f 4816 4992 4993
f 4993 4820 4816
f 4995 4820 4993
f 4815 4817 4819
f 4821 4825 4994
f 4817 4821 4994
f 4817 4994 4991
f 4817 4991 4819
f 4994 4825 4996
f 4820 4995 4997
f 4822 4820 4997
f 4997 4826 4822
f 5000 4826 4997
f 4821 4823 4825
f 4825 4998 4996
f 4825 4823 4998
f 4823 4824 4998
f 4998 4824 4827
f 5001 4998 4827
f 4835 4828 4826
f 4835 4826 5006
f 5006 4826 5000
f 4828 4835 4831
f 4827 5002 5001
f 4829 5002 4827
f 4830 5003 4829
f 4829 5003 5002
f 4832 4836 5004
f 4832 5004 4830
f 4830 5004 5003
f 5004 4836 5007
f 4835 5006 5008
f 5008 4831 4835
f 5008 5012 4831
f 5012 4837 4831
f 4832 4833 4836
f 4836 5009 5007
f 4836 4833 5009
f 4833 4834 5009
f 5009 4834 4838
f 5013 5009 4838
f 4837 5012 5014
f 4839 4837 5014
f 4840 4839 5015
f 4839 5014 5015
f 5015 4841 4840
f 5018 4841 5015
f 4838 4842 5013
f 5013 4842 5019
f 4841 5018 5020
f 4843 4841 5020
f 5020 4845 4843
f 5022 4845 5020
f 4842 5021 5019
f 4844 5021 4842
f 5021 4844 4846
f 5023 5021 4846
f 4845 5022 4848
f 5022 5025 4848
f 4846 5024 5023
f 4847 5024 4846
f 5024 4847 4849
f 5026 5024 4849
f 5027 4854 4851
f 5027 4851 5025
f 5025 4851 4848
f 5027 5030 4854
f 4855 4849 4850
f 4855 5031 4849
f 5031 5026 4849
f 4850 4852 4855
f 4851 4854 4853
f 4856 5032 4859
f 4853 5032 4856
f 4853 5030 5032
f 4853 4854 5030
f 5032 5035 4859
f 4855 5033 5031
f 5033 4855 4852
f 5033 4852 5036
f 5036 4852 4857
f 4856 4859 4858
f 4859 4860 4858
f 4859 5035 4860
f 5035 5038 4860
f 4857 4861 5036
f 5036 4861 5039
f 4860 5038 5040
f 4862 4860 5040
f 4864 5041 4869
f 4864 4862 5041
f 4862 5040 5041
f 5041 5045 4869
f 4870 5046 5042
f 4863 4871 4870
f 4863 4870 5039
f 4863 5039 4861
f 5042 5039 4870
f 4863 4865 4871
f 4864 4869 4866
f 4872 5047 4877
f 4866 5047 4872
f 4866 5045 5047
f 4866 4869 5045
f 5047 5051 4877
f 4878 5052 5048
f 5046 4878 5048
f 4870 4878 5046
f 4870 4873 4878
f 4870 4867 4873
f 4868 4867 4870
f 4871 4868 4870
f 4865 4868 4871
f 4872 4877 4874
f 4879 5053 4883
f 4874 5053 4879
f 4874 5051 5053
f 4874 4877 5051
f 4883 5054 4884
f 5053 5054 4883
f 5054 5059 4884
f 4885 5060 5055
f 4885 4875 4880
f 4885 5055 4875
f 5055 5056 4875
f 5052 4878 4876
f 5052 4876 5056
f 5056 4876 4875
f 4873 4876 4878
f 4879 4883 4881
f 4886 4881 4883
f 4886 4883 4891
f 4891 4883 4884
f 5061 4884 5059
f 5061 4892 4884
f 4892 4891 4884
f 4892 5062 4893
f 5061 5062 4892
f 5060 4893 5062
f 4885 4893 5060
f 4885 4887 4893
f 4885 4882 4887
f 4880 4882 4885
f 4886 4891 4888
f 4889 4888 4891
f 4892 4889 4891
f 4890 4889 4892
f 4893 4890 4892
f 4887 4890 4893
f 4894 4904 4900
f 4894 4895 4905
f 4904 4894 4905
f 4895 4896 4906
f 4905 4895 4906
f 4896 4897 4907
f 4906 4896 4907
f 4897 4898 4908
f 4907 4897 4908
f 4898 4899 4909
f 4908 4898 4909
f 4899 4901 4909
f 4904 4914 4910
f 4900 4904 4910
f 4905 4915 4904
f 4915 4914 4904
f 5071 4906 5065
f 5071 4915 4906
f 4915 4905 4906
f 4907 5065 4906
f 5066 5065 4907
f 4908 5066 4907
f 5067 5066 4908
f 4909 5067 4908
f 5068 5067 4909
f 4901 5068 4909
f 4901 4902 5068
f 4902 5069 5068
f 4903 5070 4902
f 4902 5070 5069
f 5070 4903 4911
f 5072 5070 4911
f 4914 4920 4916
f 4910 4914 4916
f 5079 4915 5073
f 5079 4920 4915
f 4920 4914 4915
f 5071 5073 4915
f 4911 5074 5072
f 4912 5074 4911
f 4913 5075 4912
f 4912 5075 5074
f 5075 4913 4917
f 5080 5075 4917
f 4916 4920 4918
f 4921 5081 4925
f 4918 5081 4921
f 4918 5079 5081
f 4918 4920 5079
f 5081 5086 4925
f 4917 5082 5080
f 4919 5082 4917
f 5082 4919 4922
f 5087 5082 4922
f 4921 4925 4923
f 4925 4926 4923
f 4925 5086 4926
f 5086 5091 4926
f 4922 5088 5087
f 4924 5088 4922
f 5088 4924 4927
f 5092 5088 4927
f 4926 5091 5093
f 4928 4926 5093
f 4929 4928 5094
f 4928 5093 5094
f 5094 4932 4929
f 5098 4932 5094
f 4927 5095 5092
f 4930 5095 4927
f 4931 5096 4930
f 4930 5096 5095
f 5096 4931 4933
f 5099 5096 4933
f 4932 5098 5100
f 4934 4932 5100
f 5100 4937 4934
f 5104 4937 5100
f 4933 5101 5099
f 4935 5101 4933
f 4936 5102 4935
f 4935 5102 5101
f 4938 4941 5103
f 4938 5103 4936
f 4936 5103 5102
f 5103 4941 5105
f 4937 5104 5106
f 4939 4937 5106
f 5106 4942 4939
f 5109 4942 5106
f 4938 4940 4941
f 4943 4947 5107
f 4940 4943 5107
f 4940 5107 5105
f 4940 5105 4941
f 5107 4947 5110
f 4942 5109 5111
f 4944 4942 5111
f 4945 4944 5112
f 4944 5111 5112
f 5112 4948 4945
f 5115 4948 5112
f 4943 4946 4947
f 4949 4952 5113
f 4946 4949 5113
f 4946 5113 5110
f 4946 5110 4947
f 5113 4952 5116
f 4948 5115 5117
f 4950 4948 5117
f 5117 4953 4950
f 5119 4953 5117
f 4949 4951 4952
f 4954 4959 5118
f 4951 4954 5118
f 4951 5118 5116
f 4951 5116 4952
f 5118 4959 5120
f 4953 5119 5121
f 4955 4953 5121
f 4966 5121 5124
f 4966 4956 5121
f 4956 4955 5121
f 4956 4966 4960
f 4954 4957 4959
f 4959 5122 5120
f 4959 4957 5122
f 4957 4958 5122
f 5122 4958 4961
f 5125 5122 4961
f 4966 5124 5126
f 4960 4966 5126
f 4960 5126 4962
f 4962 5126 5127
f 4963 4962 5128
f 4962 5127 5128
f 5128 4967 4963
f 5134 4967 5128
f 4961 5129 5125
f 4964 5129 4961
f 4965 5130 4964
f 4964 5130 5129
f 4968 4972 5131
f 4968 5131 4965
f 4965 5131 5130
f 5131 4972 5135
f 4967 5134 5136
f 4969 4967 5136
f 4978 5136 5138
f 4978 4970 5136
f 4970 4969 5136
f 4970 4978 4973
f 4968 4971 4972
f 4974 4979 5137
f 4971 4974 5137
f 4971 5137 5135
f 4971 5135 4972
f 5137 4979 5139
f 4978 5138 5140
f 4973 4978 5140
f 4973 5140 4975
f 4975 5140 5141
f 5141 4980 4975
f 5143 4980 5141
f 4974 4976 4979
f 4979 5142 5139
f 4979 4976 5142
f 4976 4977 5142
f 5142 4977 4981
f 5144 5142 4981
f 4980 5143 5145
f 4982 4980 5145
f 5145 4984 4982
f 5150 4984 5145
f 4981 5146 5144
f 4983 5146 4981
f 4985 4989 5147
f 4985 5147 4983
f 4983 5147 5146
f 5147 4989 5151
f 4984 5150 5152
f 4986 4984 5152
f 5152 4990 4986
f 5154 4990 5152
f 4985 4987 4989
f 4989 5153 5151
f 4989 4987 5153
f 4987 4988 5153
f 5153 4988 4991
f 5155 5153 4991
f 4990 5154 5156
f 4992 4990 5156
f 4993 4992 5157
f 4992 5156 5157
f 5157 4995 4993
f 5161 4995 5157
f 4991 5158 5155
f 4994 5158 4991
f 4996 4999 5159
f 4996 5159 4994
f 4994 5159 5158
f 5159 4999 5162
f 4995 5161 5163
f 4997 4995 5163
f 5163 5000 4997
f 5165 5000 5163
f 4996 4998 4999
f 5001 5005 5164
f 4998 5001 5164
f 4998 5164 5162
f 4998 5162 4999
f 5164 5005 5166
f 5167 5010 5006
f 5167 5006 5165
f 5165 5006 5000
f 5167 5169 5010
f 5001 5002 5005
f 5005 5168 5166
f 5005 5002 5168
f 5002 5003 5168
f 5011 5170 5168
f 5011 5168 5004
f 5004 5168 5003
f 5004 5007 5011
f 5006 5010 5008
f 5012 5171 5016
f 5008 5171 5012
f 5008 5169 5171
f 5008 5010 5169
f 5171 5173 5016
f 5011 5172 5170
f 5017 5174 5172
f 5009 5017 5172
f 5009 5172 5011
f 5009 5011 5007
f 5009 5013 5017
f 5012 5016 5014
f 5016 5173 5175
f 5016 5175 5014
f 5014 5175 5015
f 5175 5018 5015
f 5178 5018 5175
f 5017 5176 5174
f 5176 5017 5013
f 5176 5013 5179
f 5179 5013 5019
f 5018 5178 5180
f 5020 5018 5180
f 5180 5022 5020
f 5184 5022 5180
f 5019 5181 5179
f 5021 5181 5019
f 5181 5021 5023
f 5185 5181 5023
f 5186 5028 5025
f 5186 5025 5184
f 5184 5025 5022
f 5186 5189 5028
f 5029 5023 5024
f 5029 5190 5023
f 5190 5185 5023
f 5024 5026 5029
f 5025 5028 5027
f 5030 5191 5034
f 5027 5191 5030
f 5027 5189 5191
f 5027 5028 5189
f 5191 5194 5034
f 5029 5192 5190
f 5192 5029 5026
f 5192 5026 5195
f 5195 5026 5031
f 5030 5034 5032
f 5034 5035 5032
f 5034 5194 5035
f 5194 5197 5035
f 5037 5031 5033
f 5037 5198 5031
f 5198 5195 5031
f 5033 5036 5037
f 5199 5043 5038
f 5199 5038 5197
f 5197 5038 5035
f 5199 5202 5043
f 5044 5198 5037
f 5203 5198 5044
f 5036 5039 5044
f 5037 5036 5044
f 5038 5043 5040
f 5043 5202 5204
f 5043 5204 5040
f 5040 5204 5041
f 5045 5205 5049
f 5045 5041 5205
f 5041 5204 5205
f 5205 5210 5049
f 5050 5211 5206
f 5203 5050 5206
f 5044 5050 5203
f 5044 5046 5050
f 5044 5042 5046
f 5039 5042 5044
f 5045 5049 5047
f 5051 5212 5057
f 5047 5212 5051
f 5047 5210 5212
f 5047 5049 5210
f 5212 5217 5057
f 5058 5218 5213
f 5211 5058 5213
f 5050 5058 5211
f 5050 5052 5058
f 5050 5048 5052
f 5046 5048 5050
f 5051 5057 5053
f 5057 5217 5219
f 5057 5219 5053
f 5053 5219 5054
f 5059 5220 5063
f 5059 5054 5220
f 5054 5219 5220
f 5063 5221 5064
f 5220 5221 5063
f 5064 5055 5060
f 5064 5221 5055
f 5221 5222 5055
f 5218 5058 5056
f 5218 5056 5222
f 5222 5056 5055
f 5052 5056 5058
f 5059 5063 5061
f 5062 5061 5063
f 5064 5062 5063
f 5060 5062 5064
f 5065 5076 5071
f 5065 5066 5077
f 5076 5065 5077
f 5230 5077 5066
f 5230 5066 5227
f 5227 5066 5067
f 5068 5228 5067
f 5067 5228 5227
f 5069 5229 5068
f 5068 5229 5228
f 5078 5231 5229
f 5078 5229 5070
f 5070 5229 5069
f 5070 5072 5078
f 5073 5083 5079
f 5073 5071 5076
f 5073 5076 5083
f 5083 5076 5084
f 5238 5077 5232
f 5238 5084 5077
f 5084 5076 5077
f 5230 5232 5077
f 5078 5233 5231
f 5072 5233 5078
f 5072 5074 5233
f 5074 5234 5233
f 5085 5239 5234
f 5085 5234 5075
f 5075 5234 5074
f 5075 5080 5085
f 5079 5083 5081
f 5086 5081 5083
f 5086 5083 5089
f 5089 5083 5084
f 5245 5084 5238
f 5089 5084 5245
f 5085 5240 5239
f 5090 5246 5240
f 5082 5090 5240
f 5082 5240 5085
f 5082 5085 5080
f 5082 5087 5090
f 5089 5097 5091
f 5086 5089 5091
f 5251 5089 5245
f 5097 5089 5251
f 5090 5247 5246
f 5087 5247 5090
f 5087 5088 5247
f 5088 5248 5247
f 5248 5088 5092
f 5252 5248 5092
f 5091 5097 5093
f 5097 5251 5253
f 5097 5253 5093
f 5093 5253 5094
f 5253 5098 5094
f 5258 5098 5253
f 5092 5254 5252
f 5095 5254 5092
f 5096 5255 5095
f 5095 5255 5254
f 5255 5096 5099
f 5259 5255 5099
f 5098 5258 5260
f 5100 5098 5260
f 5104 5261 5108
f 5104 5100 5261
f 5100 5260 5261
f 5261 5266 5108
f 5099 5262 5259
f 5101 5262 5099
f 5102 5263 5101
f 5101 5263 5262
f 5103 5264 5102
f 5102 5264 5263
f 5264 5103 5105
f 5267 5264 5105
f 5104 5108 5106
f 5109 5268 5114
f 5106 5268 5109
f 5106 5266 5268
f 5106 5108 5266
f 5268 5271 5114
f 5105 5269 5267
f 5107 5269 5105
f 5269 5107 5110
f 5272 5269 5110
f 5109 5114 5111
f 5114 5271 5273
f 5114 5273 5111
f 5111 5273 5112
f 5273 5115 5112
f 5276 5115 5273
f 5110 5274 5272
f 5113 5274 5110
f 5274 5113 5116
f 5277 5274 5116
f 5115 5276 5278
f 5117 5115 5278
f 5278 5119 5117
f 5282 5119 5278
f 5116 5279 5277
f 5118 5279 5116
f 5120 5123 5280
f 5120 5280 5118
f 5118 5280 5279
f 5280 5123 5283
f 5119 5282 5284
f 5121 5119 5284
f 5124 5285 5132
f 5124 5121 5285
f 5121 5284 5285
f 5285 5289 5132
f 5120 5122 5123
f 5125 5133 5286
f 5122 5125 5286
f 5122 5286 5283
f 5122 5283 5123
f 5286 5133 5290
f 5124 5132 5126
f 5132 5289 5291
f 5132 5291 5126
f 5126 5291 5127
f 5128 5127 5292
f 5127 5291 5292
f 5292 5134 5128
f 5296 5134 5292
f 5125 5129 5133
f 5133 5293 5290
f 5133 5129 5293
f 5129 5130 5293
f 5131 5294 5130
f 5130 5294 5293
f 5294 5131 5135
f 5297 5294 5135
f 5134 5296 5298
f 5136 5134 5298
f 5298 5138 5136
f 5300 5138 5298
f 5135 5299 5297
f 5137 5299 5135
f 5299 5137 5139
f 5301 5299 5139
f 5138 5300 5302
f 5140 5138 5302
f 5148 5302 5305
f 5148 5141 5302
f 5141 5140 5302
f 5141 5148 5143
f 5139 5303 5301
f 5142 5303 5139
f 5144 5149 5304
f 5144 5304 5142
f 5142 5304 5303
f 5304 5149 5306
f 5148 5305 5307
f 5143 5148 5307
f 5143 5307 5145
f 5145 5307 5308
f 5308 5150 5145
f 5312 5150 5308
f 5144 5146 5149
f 5149 5309 5306
f 5149 5146 5309
f 5146 5147 5309
f 5309 5147 5151
f 5313 5309 5151
f 5150 5312 5314
f 5152 5150 5314
f 5314 5154 5152
f 5317 5154 5314
f 5151 5315 5313
f 5153 5315 5151
f 5155 5160 5316
f 5155 5316 5153
f 5153 5316 5315
f 5316 5160 5318
f 5154 5317 5319
f 5156 5154 5319
f 5157 5156 5320
f 5156 5319 5320
f 5320 5161 5157
f 5323 5161 5320
f 5155 5158 5160
f 5160 5321 5318
f 5160 5158 5321
f 5158 5159 5321
f 5321 5159 5162
f 5324 5321 5162
f 5161 5323 5325
f 5163 5161 5325
f 5325 5165 5163
f 5328 5165 5325
f 5162 5326 5324
f 5164 5326 5162
f 5326 5164 5166
f 5329 5326 5166
f 5165 5328 5330
f 5167 5165 5330
f 5330 5169 5167
f 5333 5169 5330
f 5166 5331 5329
f 5168 5331 5166
f 5331 5168 5170
f 5334 5331 5170
f 5169 5333 5335
f 5171 5169 5335
f 5173 5336 5177
f 5173 5171 5336
f 5171 5335 5336
f 5336 5340 5177
f 5170 5337 5334
f 5172 5337 5170
f 5337 5172 5174
f 5341 5337 5174
f 5173 5177 5175
f 5178 5342 5182
f 5175 5342 5178
f 5175 5340 5342
f 5175 5177 5340
f 5342 5344 5182
f 5183 5174 5176
f 5183 5345 5174
f 5345 5341 5174
f 5176 5179 5183
f 5178 5182 5180
f 5184 5346 5187
f 5180 5346 5184
f 5180 5344 5346
f 5180 5182 5344
f 5346 5349 5187
f 5183 5347 5345
f 5188 5350 5347
f 5181 5188 5347
f 5181 5347 5183
f 5181 5183 5179
f 5181 5185 5188
f 5184 5187 5186
f 5187 5189 5186
f 5187 5349 5189
f 5349 5352 5189
f 5193 5350 5188
f 5353 5350 5193
f 5185 5190 5193
f 5188 5185 5193
f 5189 5352 5354
f 5191 5189 5354
f 5354 5194 5191
f 5358 5194 5354
f 5193 5355 5353
f 5196 5359 5355
f 5192 5196 5355
f 5192 5355 5193
f 5192 5193 5190
f 5192 5195 5196
f 5360 5200 5197
f 5360 5197 5358
f 5358 5197 5194
f 5360 5365 5200
f 5201 5359 5196
f 5366 5359 5201
f 5195 5198 5201
f 5196 5195 5201
f 5197 5200 5199
f 5202 5367 5207
f 5199 5367 5202
f 5199 5365 5367
f 5199 5200 5365
f 5207 5368 5208
f 5367 5368 5207
f 5368 5373 5208
f 5209 5366 5201
f 5374 5366 5209
f 5198 5203 5209
f 5201 5198 5209
f 5202 5207 5204
f 5205 5204 5207
f 5208 5205 5207
f 5210 5375 5214
f 5205 5375 5210
f 5205 5373 5375
f 5205 5208 5373
f 5214 5376 5215
f 5375 5376 5214
f 5376 5384 5215
f 5216 5385 5377
f 5374 5216 5377
f 5209 5216 5374
f 5209 5211 5216
f 5209 5206 5211
f 5203 5206 5209
f 5210 5214 5212
f 5217 5212 5214
f 5217 5214 5223
f 5223 5214 5215
f 5386 5215 5384
f 5386 5224 5215
f 5224 5223 5215
f 5224 5387 5225
f 5386 5387 5224
f 5225 5388 5226
f 5387 5388 5225
f 5385 5226 5388
f 5216 5226 5385
f 5216 5218 5226
f 5216 5213 5218
f 5211 5213 5216
f 5217 5223 5219
f 5220 5219 5223
f 5224 5220 5223
f 5221 5220 5224
f 5225 5221 5224
f 5222 5221 5225
f 5226 5222 5225
f 5218 5222 5226
f 5227 5235 5230
f 5227 5228 5236
f 5235 5227 5236
f 5228 5229 5237
f 5236 5228 5237
f 5229 5231 5237
f 5232 5241 5238
f 5232 5230 5235
f 5232 5235 5241
f 5241 5235 5242
f 5394 5236 5392
f 5394 5242 5236
f 5242 5235 5236
f 5237 5392 5236
f 5393 5392 5237
f 5243 5395 5393
f 5233 5243 5393
f 5233 5393 5237
f 5233 5237 5231
f 5233 5234 5244
f 5243 5233 5244
f 5234 5239 5244
f 5241 5249 5245
f 5238 5241 5245
f 5242 5250 5241
f 5250 5249 5241
f 5401 5242 5394
f 5250 5242 5401
f 5243 5396 5395
f 5244 5396 5243
f 5397 5396 5244
f 5239 5397 5244
f 5239 5240 5397
f 5240 5398 5397
f 5398 5240 5246
f 5402 5398 5246
f 5249 5256 5251
f 5245 5249 5251
f 5250 5257 5249
f 5257 5256 5249
f 5410 5250 5401
f 5257 5250 5410
f 5246 5403 5402
f 5247 5403 5246
f 5248 5404 5247
f 5247 5404 5403
f 5404 5248 5252
f 5411 5404 5252
f 5251 5256 5253
f 5258 5253 5256
f 5258 5256 5265
f 5265 5256 5257
f 5418 5257 5410
f 5265 5257 5418
f 5252 5412 5411
f 5254 5412 5252
f 5255 5413 5254
f 5254 5413 5412
f 5413 5255 5259
f 5419 5413 5259
f 5258 5265 5260
f 5265 5418 5420
f 5265 5420 5260
f 5260 5420 5261
f 5420 5266 5261
f 5426 5266 5420
f 5259 5421 5419
f 5262 5421 5259
f 5263 5422 5262
f 5262 5422 5421
f 5270 5427 5422
f 5270 5422 5264
f 5264 5422 5263
f 5264 5267 5270
f 5266 5426 5428
f 5268 5266 5428
f 5271 5429 5275
f 5271 5268 5429
f 5268 5428 5429
f 5429 5435 5275
f 5270 5430 5427
f 5267 5430 5270
f 5267 5269 5430
f 5269 5431 5430
f 5431 5269 5272
f 5436 5431 5272
f 5271 5275 5273
f 5276 5437 5281
f 5273 5437 5276
f 5273 5435 5437
f 5273 5275 5435
f 5437 5441 5281
f 5272 5438 5436
f 5274 5438 5272
f 5438 5274 5277
f 5442 5438 5277
f 5276 5281 5278
f 5282 5443 5287
f 5278 5443 5282
f 5278 5441 5443
f 5278 5281 5441
f 5287 5444 5288
f 5443 5444 5287
f 5444 5450 5288
f 5277 5445 5442
f 5279 5445 5277
f 5280 5446 5279
f 5279 5446 5445
f 5446 5280 5283
f 5451 5446 5283
f 5282 5287 5284
f 5285 5284 5287
f 5288 5285 5287
f 5289 5452 5295
f 5285 5452 5289
f 5285 5450 5452
f 5285 5288 5450
f 5452 5455 5295
f 5283 5453 5451
f 5286 5453 5283
f 5453 5286 5290
f 5456 5453 5290
f 5289 5295 5291
f 5295 5455 5457
f 5295 5457 5291
f 5291 5457 5292
f 5457 5296 5292
f 5461 5296 5457
f 5290 5458 5456
f 5293 5458 5290
f 5294 5459 5293
f 5293 5459 5458
f 5459 5294 5297
f 5462 5459 5297
f 5296 5461 5463
f 5298 5296 5463
f 5463 5300 5298
f 5467 5300 5463
f 5297 5464 5462
f 5299 5464 5297
f 5464 5299 5301
f 5468 5464 5301
f 5300 5467 5469
f 5302 5300 5469
f 5305 5470 5310
f 5305 5302 5470
f 5302 5469 5470
f 5470 5473 5310
f 5301 5471 5468
f 5303 5471 5301
f 5311 5474 5471
f 5311 5471 5304
f 5304 5471 5303
f 5304 5306 5311
f 5305 5310 5307
f 5310 5473 5475
f 5310 5475 5307
f 5307 5475 5308
f 5475 5312 5308
f 5478 5312 5475
f 5311 5476 5474
f 5306 5476 5311
f 5306 5309 5476
f 5309 5477 5476
f 5477 5309 5313
f 5479 5477 5313
f 5312 5478 5480
f 5314 5312 5480
f 5317 5481 5322
f 5317 5314 5481
f 5314 5480 5481
f 5481 5487 5322
f 5313 5482 5479
f 5315 5482 5313
f 5316 5483 5315
f 5315 5483 5482
f 5483 5316 5318
f 5488 5483 5318
f 5317 5322 5319
f 5322 5487 5489
f 5322 5489 5319
f 5319 5489 5320
f 5489 5323 5320
f 5492 5323 5489
f 5327 5318 5321
f 5327 5493 5318
f 5493 5488 5318
f 5321 5324 5327
f 5323 5492 5494
f 5325 5323 5494
f 5494 5328 5325
f 5497 5328 5494
f 5327 5495 5493
f 5332 5498 5495
f 5326 5332 5495
f 5326 5495 5327
f 5326 5327 5324
f 5326 5329 5332
f 5328 5497 5499
f 5330 5328 5499
f 5333 5500 5338
f 5333 5330 5500
f 5330 5499 5500
f 5500 5504 5338
f 5332 5501 5498
f 5339 5505 5501
f 5331 5339 5501
f 5331 5501 5332
f 5331 5332 5329
f 5331 5334 5339
f 5333 5338 5335
f 5338 5504 5506
f 5338 5506 5335
f 5335 5506 5336
f 5506 5340 5336
f 5510 5340 5506
f 5339 5507 5505
f 5343 5511 5507
f 5337 5343 5507
f 5337 5507 5339
f 5337 5339 5334
f 5337 5341 5343
f 5340 5510 5512
f 5342 5340 5512
f 5512 5344 5342
f 5515 5344 5512
f 5348 5511 5343
f 5516 5511 5348
f 5341 5345 5348
f 5343 5341 5348
f 5344 5515 5517
f 5346 5344 5517
f 5517 5349 5346
f 5520 5349 5517
f 5348 5518 5516
f 5351 5521 5518
f 5347 5351 5518
f 5347 5518 5348
f 5347 5348 5345
f 5347 5350 5351
f 5522 5356 5352
f 5522 5352 5520
f 5520 5352 5349
f 5522 5525 5356
f 5357 5521 5351
f 5526 5521 5357
f 5350 5353 5357
f 5351 5350 5357
f 5352 5356 5354
f 5358 5527 5361
f 5354 5527 5358
f 5354 5525 5527
f 5354 5356 5525
f 5361 5528 5362
f 5527 5528 5361
f 5528 5532 5362
f 5363 5526 5357
f 5533 5526 5363
f 5353 5355 5364
f 5353 5364 5357
f 5357 5364 5363
f 5355 5359 5364
f 5358 5361 5360
f 5365 5360 5361
f 5365 5361 5369
f 5369 5361 5362
f 5534 5362 5532
f 5534 5370 5362
f 5370 5369 5362
f 5534 5540 5370
f 5371 5533 5363
f 5541 5533 5371
f 5364 5372 5363
f 5372 5371 5363
f 5359 5366 5372
f 5364 5359 5372
f 5365 5369 5367
f 5368 5367 5369
f 5370 5368 5369
f 5373 5542 5378
f 5368 5542 5373
f 5368 5540 5542
f 5368 5370 5540
f 5378 5543 5379
f 5542 5543 5378
f 5379 5544 5380
f 5543 5544 5379
f 5380 5545 5381
f 5544 5545 5380
f 5541 5381 5545
f 5541 5371 5381
f 5371 5382 5381
f 5372 5383 5371
f 5383 5382 5371
f 5366 5374 5383
f 5372 5366 5383
f 5373 5378 5375
f 5376 5375 5378
f 5379 5376 5378
f 5384 5376 5379
f 5384 5379 5389
f 5389 5379 5380
f 5381 5390 5380
f 5390 5389 5380
f 5382 5391 5381
f 5391 5390 5381
f 5377 5385 5391
f 5377 5391 5383
f 5383 5391 5382
f 5374 5377 5383
f 5384 5389 5386
f 5387 5386 5389
f 5390 5387 5389
f 5388 5387 5390
f 5391 5388 5390
f 5385 5388 5391
f 5392 5399 5394
f 5392 5393 5400
f 5399 5392 5400
f 5393 5395 5400
f 5399 5405 5401
f 5394 5399 5401
f 5400 5406 5399
f 5406 5405 5399
f 5395 5396 5407
f 5395 5407 5400
f 5400 5407 5406
f 5396 5397 5408
f 5407 5396 5408
f 5397 5398 5409
f 5408 5397 5409
f 5398 5402 5409
f 5405 5414 5410
f 5401 5405 5410
f 5406 5415 5405
f 5415 5414 5405
f 5553 5407 5550
f 5553 5415 5407
f 5415 5406 5407
f 5408 5550 5407
f 5551 5550 5408
f 5409 5551 5408
f 5552 5551 5409
f 5416 5554 5552
f 5403 5416 5552
f 5403 5552 5409
f 5403 5409 5402
f 5403 5404 5417
f 5416 5403 5417
f 5404 5411 5417
f 5414 5423 5418
f 5410 5414 5418
f 5415 5424 5414
f 5424 5423 5414
f 5561 5415 5553
f 5424 5415 5561
f 5416 5555 5554
f 5417 5555 5416
f 5556 5555 5417
f 5411 5556 5417
f 5411 5412 5556
f 5412 5557 5556
f 5425 5562 5557
f 5425 5557 5413
f 5413 5557 5412
f 5413 5419 5425
f 5418 5423 5420
f 5426 5420 5423
f 5426 5423 5432
f 5432 5423 5424
f 5563 5424 5561
f 5563 5433 5424
f 5433 5432 5424
f 5563 5572 5433
f 5425 5564 5562
f 5419 5564 5425
f 5419 5421 5564
f 5421 5565 5564
f 5434 5573 5565
f 5434 5565 5422
f 5422 5565 5421
f 5422 5427 5434
f 5426 5432 5428
f 5429 5428 5432
f 5433 5429 5432
f 5435 5574 5439
f 5429 5574 5435
f 5429 5572 5574
f 5429 5433 5572
f 5574 5584 5439
f 5434 5575 5573
f 5427 5575 5434
f 5427 5430 5575
f 5430 5576 5575
f 5440 5585 5576
f 5440 5576 5431
f 5431 5576 5430
f 5431 5436 5440
f 5435 5439 5437
f 5441 5586 5447
f 5437 5586 5441
f 5437 5584 5586
f 5437 5439 5584
f 5447 5587 5448
f 5586 5587 5447
f 5587 5593 5448
f 5440 5588 5585
f 5449 5594 5588
f 5438 5449 5588
f 5438 5588 5440
f 5438 5440 5436
f 5438 5442 5449
f 5441 5447 5443
f 5444 5443 5447
f 5448 5444 5447
f 5450 5595 5454
f 5444 5595 5450
f 5444 5593 5595
f 5444 5448 5593
f 5595 5602 5454
f 5449 5596 5594
f 5442 5596 5449
f 5442 5445 5596
f 5445 5597 5596
f 5446 5598 5445
f 5445 5598 5597
f 5598 5446 5451
f 5603 5598 5451
f 5450 5454 5452
f 5455 5604 5460
f 5452 5604 5455
f 5452 5602 5604
f 5452 5454 5602
f 5604 5611 5460
f 5451 5605 5603
f 5453 5605 5451
f 5605 5453 5456
f 5612 5605 5456
f 5455 5460 5457
f 5461 5613 5465
f 5457 5613 5461
f 5457 5611 5613
f 5457 5460 5611
f 5613 5617 5465
f 5456 5614 5612
f 5458 5614 5456
f 5466 5618 5614
f 5466 5614 5459
f 5459 5614 5458
f 5459 5462 5466
f 5461 5465 5463
f 5467 5619 5472
f 5463 5619 5467
f 5463 5617 5619
f 5463 5465 5617
f 5619 5624 5472
f 5466 5620 5618
f 5462 5620 5466
f 5462 5464 5620
f 5464 5621 5620
f 5621 5464 5468
f 5625 5621 5468
f 5467 5472 5469
f 5472 5624 5626
f 5472 5626 5469
f 5469 5626 5470
f 5626 5473 5470
f 5630 5473 5626
f 5468 5627 5625
f 5471 5627 5468
f 5627 5471 5474
f 5631 5627 5474
f 5473 5630 5632
f 5475 5473 5632
f 5478 5633 5484
f 5478 5475 5633
f 5475 5632 5633
f 5484 5634 5485
f 5633 5634 5484
f 5634 5640 5485
f 5474 5635 5631
f 5476 5635 5474
f 5486 5641 5635
f 5486 5635 5477
f 5477 5635 5476
f 5477 5479 5486
f 5478 5484 5480
f 5481 5480 5484
f 5485 5481 5484
f 5487 5642 5490
f 5481 5642 5487
f 5481 5640 5642
f 5481 5485 5640
f 5642 5647 5490
f 5486 5643 5641
f 5479 5643 5486
f 5479 5482 5643
f 5482 5644 5643
f 5491 5648 5644
f 5491 5644 5483
f 5483 5644 5482
f 5483 5488 5491
f 5487 5490 5489
f 5492 5649 5496
f 5489 5649 5492
f 5489 5647 5649
f 5489 5490 5647
f 5649 5654 5496
f 5491 5650 5648
f 5650 5491 5488
f 5650 5488 5655
f 5655 5488 5493
f 5492 5496 5494
f 5497 5656 5502
f 5494 5656 5497
f 5494 5654 5656
f 5494 5496 5654
f 5656 5660 5502
f 5503 5493 5495
f 5503 5661 5493
f 5661 5655 5493
f 5495 5498 5503
f 5497 5502 5499
f 5502 5660 5662
f 5502 5662 5499
f 5499 5662 5500
f 5504 5663 5508
f 5504 5500 5663
f 5500 5662 5663
f 5663 5669 5508
f 5503 5664 5661
f 5509 5670 5664
f 5501 5509 5664
f 5501 5664 5503
f 5501 5503 5498
f 5501 5505 5509
f 5504 5508 5506
f 5510 5671 5513
f 5506 5671 5510
f 5506 5669 5671
f 5506 5508 5669
f 5671 5677 5513
f 5509 5672 5670
f 5514 5678 5672
f 5507 5514 5672
f 5507 5672 5509
f 5507 5509 5505
f 5507 5511 5514
f 5510 5513 5512
f 5515 5679 5519
f 5512 5679 5515
f 5512 5677 5679
f 5512 5513 5677
f 5679 5685 5519
f 5514 5680 5678
f 5680 5514 5511
f 5680 5511 5686
f 5686 5511 5516
f 5515 5519 5517
f 5520 5687 5523
f 5517 5687 5520
f 5517 5685 5687
f 5517 5519 5685
f 5687 5695 5523
f 5524 5516 5518
f 5524 5696 5516
f 5696 5686 5516
f 5518 5521 5524
f 5520 5523 5522
f 5525 5697 5529
f 5522 5697 5525
f 5522 5695 5697
f 5522 5523 5695
f 5529 5698 5530
f 5697 5698 5529
f 5698 5705 5530
f 5531 5696 5524
f 5706 5696 5531
f 5521 5526 5531
f 5524 5521 5531
f 5525 5529 5527
f 5528 5527 5529
f 5530 5528 5529
f 5532 5707 5535
f 5528 5707 5532
f 5528 5705 5707
f 5528 5530 5705
f 5535 5708 5536
f 5707 5708 5535
f 5536 5709 5537
f 5708 5709 5536
f 5537 5710 5538
f 5709 5710 5537
f 5706 5538 5710
f 5706 5531 5538
f 5531 5539 5538
f 5526 5533 5539
f 5531 5526 5539
f 5532 5535 5534
f 5540 5534 5535
f 5540 5535 5546
f 5546 5535 5536
f 5537 5547 5536
f 5547 5546 5536
f 5538 5548 5537
f 5548 5547 5537
f 5539 5549 5538
f 5549 5548 5538
f 5533 5541 5549
f 5539 5533 5549
f 5540 5546 5542
f 5543 5542 5546
f 5547 5543 5546
f 5544 5543 5547
f 5548 5544 5547
f 5545 5544 5548
f 5549 5545 5548
f 5541 5545 5549
f 5550 5558 5553
f 5550 5551 5559
f 5558 5550 5559
f 5551 5552 5560
f 5559 5551 5560
f 5552 5554 5560
f 5558 5566 5561
f 5553 5558 5561
f 5559 5567 5558
f 5567 5566 5558
f 5560 5568 5559
f 5568 5567 5559
f 5554 5555 5569
f 5554 5569 5560
f 5560 5569 5568
f 5555 5556 5570
f 5569 5555 5570
f 5556 5557 5571
f 5570 5556 5571
f 5557 5562 5571
f 5561 5566 5563
f 5572 5563 5566
f 5572 5566 5577
f 5577 5566 5567
f 5568 5578 5567
f 5578 5577 5567
f 5569 5579 5568
f 5579 5578 5568
f 5570 5580 5569
f 5580 5579 5569
f 5571 5581 5570
f 5581 5580 5570
f 5562 5564 5582
f 5562 5582 5571
f 5571 5582 5581
f 5564 5565 5583
f 5582 5564 5583
f 5565 5573 5583
f 5572 5577 5574
f 5584 5574 5577
f 5584 5577 5589
f 5589 5577 5578
f 5579 5590 5578
f 5590 5589 5578
f 5719 5580 5715
f 5719 5590 5580
f 5590 5579 5580
f 5581 5715 5580
f 5716 5715 5581
f 5582 5716 5581
f 5717 5716 5582
f 5583 5717 5582
f 5718 5717 5583
f 5591 5720 5718
f 5575 5591 5718
f 5575 5718 5583
f 5575 5583 5573
f 5575 5576 5592
f 5591 5575 5592
f 5576 5585 5592
f 5584 5589 5586
f 5587 5586 5589
f 5590 5587 5589
f 5593 5721 5599
f 5587 5721 5593
f 5587 5719 5721
f 5587 5590 5719
f 5721 5727 5599
f 5591 5722 5720
f 5722 5600 5728
f 5722 5591 5600
f 5591 5592 5600
f 5585 5588 5601
f 5585 5601 5592
f 5592 5601 5600
f 5588 5594 5601
f 5593 5599 5595
f 5602 5729 5606
f 5595 5729 5602
f 5595 5727 5729
f 5595 5599 5727
f 5729 5735 5606
f 5600 5730 5728
f 5730 5607 5736
f 5730 5600 5607
f 5600 5601 5607
f 5594 5596 5608
f 5594 5608 5601
f 5601 5608 5607
f 5596 5597 5609
f 5608 5596 5609
f 5597 5598 5610
f 5609 5597 5610
f 5598 5603 5610
f 5602 5606 5604
f 5611 5737 5615
f 5604 5737 5611
f 5604 5735 5737
f 5604 5606 5735
f 5737 5746 5615
f 5607 5738 5736
f 5608 5738 5607
f 5739 5738 5608
f 5609 5739 5608
f 5740 5739 5609
f 5610 5740 5609
f 5741 5740 5610
f 5616 5747 5741
f 5605 5616 5741
f 5605 5741 5610
f 5605 5610 5603
f 5605 5612 5616
f 5611 5615 5613
f 5617 5748 5622
f 5613 5748 5617
f 5613 5746 5748
f 5613 5615 5746
f 5748 5757 5622
f 5616 5749 5747
f 5623 5758 5749
f 5614 5623 5749
f 5614 5749 5616
f 5614 5616 5612
f 5614 5618 5623
f 5617 5622 5619
f 5624 5759 5628
f 5619 5759 5624
f 5619 5757 5759
f 5619 5622 5757
f 5759 5769 5628
f 5623 5760 5758
f 5618 5760 5623
f 5618 5620 5760
f 5620 5761 5760
f 5629 5770 5761
f 5629 5761 5621
f 5621 5761 5620
f 5621 5625 5629
f 5624 5628 5626
f 5630 5771 5636
f 5626 5771 5630
f 5626 5769 5771
f 5626 5628 5769
f 5636 5772 5637
f 5771 5772 5636
f 5637 5773 5638
f 5772 5773 5637
f 5773 5783 5638
f 5629 5774 5770
f 5639 5784 5774
f 5627 5639 5774
f 5627 5774 5629
f 5627 5629 5625
f 5627 5631 5639
f 5630 5636 5632
f 5633 5632 5636
f 5637 5633 5636
f 5634 5633 5637
f 5638 5634 5637
f 5640 5785 5645
f 5634 5785 5640
f 5634 5783 5785
f 5634 5638 5783
f 5785 5793 5645
f 5639 5786 5784
f 5646 5794 5786
f 5635 5646 5786
f 5635 5786 5639
f 5635 5639 5631
f 5635 5641 5646
f 5640 5645 5642
f 5647 5795 5651
f 5642 5795 5647
f 5642 5793 5795
f 5642 5645 5793
f 5795 5803 5651
f 5646 5796 5794
f 5652 5804 5796
f 5643 5652 5796
f 5643 5796 5646
f 5643 5646 5641
f 5643 5644 5653
f 5652 5643 5653
f 5644 5648 5653
f 5647 5651 5649
f 5654 5805 5657
f 5649 5805 5654
f 5649 5803 5805
f 5649 5651 5803
f 5805 5813 5657
f 5652 5806 5804
f 5806 5658 5814
f 5806 5652 5658
f 5652 5653 5658
f 5648 5650 5659
f 5648 5659 5653
f 5653 5659 5658
f 5650 5655 5659
f 5654 5657 5656
f 5660 5815 5665
f 5656 5815 5660
f 5656 5813 5815
f 5656 5657 5813
f 5665 5816 5666
f 5815 5816 5665
f 5666 5817 5667
f 5816 5817 5666
f 5817 5825 5667
f 5658 5818 5814
f 5818 5668 5826
f 5818 5658 5668
f 5658 5659 5668
f 5655 5661 5668
f 5659 5655 5668
f 5660 5665 5662
f 5663 5662 5665
f 5666 5663 5665
f 5669 5663 5666
f 5669 5666 5673
f 5673 5666 5667
f 5827 5667 5825
f 5827 5674 5667
f 5674 5673 5667
f 5827 5832 5674
f 5675 5826 5668
f 5833 5826 5675
f 5661 5664 5676
f 5661 5676 5668
f 5668 5676 5675
f 5664 5670 5676
f 5669 5673 5671
f 5677 5671 5673
f 5677 5673 5681
f 5681 5673 5674
f 5834 5674 5832
f 5834 5682 5674
f 5682 5681 5674
f 5834 5839 5682
f 5675 5835 5833
f 5835 5683 5840
f 5835 5675 5683
f 5675 5676 5683
f 5670 5672 5684
f 5670 5684 5676
f 5676 5684 5683
f 5672 5678 5684
f 5677 5681 5679
f 5685 5679 5681
f 5685 5681 5688
f 5688 5681 5682
f 5841 5682 5839
f 5841 5689 5682
f 5689 5688 5682
f 5689 5842 5690
f 5841 5842 5689
f 5690 5843 5691
f 5842 5843 5690
f 5840 5691 5843
f 5840 5683 5691
f 5683 5692 5691
f 5684 5693 5683
f 5693 5692 5683
f 5678 5680 5694
f 5678 5694 5684
f 5684 5694 5693
f 5680 5686 5694
f 5685 5688 5687
f 5695 5687 5688
f 5695 5688 5699
f 5699 5688 5689
f 5690 5700 5689
f 5700 5699 5689
f 5691 5701 5690
f 5701 5700 5690
f 5692 5702 5691
f 5702 5701 5691
f 5693 5703 5692
f 5703 5702 5692
f 5694 5704 5693
f 5704 5703 5693
f 5686 5696 5704
f 5694 5686 5704
f 5695 5699 5697
f 5698 5697 5699
f 5700 5698 5699
f 5705 5698 5700
f 5705 5700 5711
f 5711 5700 5701
f 5702 5712 5701
f 5712 5711 5701
f 5703 5713 5702
f 5713 5712 5702
f 5704 5714 5703
f 5714 5713 5703
f 5696 5706 5714
f 5704 5696 5714
f 5705 5711 5707
f 5708 5707 5711
f 5712 5708 5711
f 5709 5708 5712
f 5713 5709 5712
f 5710 5709 5713
f 5714 5710 5713
f 5706 5710 5714
f 5715 5723 5719
f 5715 5716 5724
f 5723 5715 5724
f 5716 5717 5725
f 5724 5716 5725
f 5717 5718 5726
f 5725 5717 5726
f 5718 5720 5726
f 5719 5723 5721
f 5727 5721 5723
f 5727 5723 5731
f 5731 5723 5724
f 5725 5732 5724
f 5732 5731 5724
f 5726 5733 5725
f 5733 5732 5725
f 5720 5722 5734
f 5720 5734 5726
f 5726 5734 5733
f 5722 5728 5734
f 5727 5731 5729
f 5735 5729 5731
f 5735 5731 5742
f 5742 5731 5732
f 5733 5743 5732
f 5743 5742 5732
f 5734 5744 5733
f 5744 5743 5733
f 5728 5730 5745
f 5728 5745 5734
f 5734 5745 5744
f 5730 5736 5745
f 5735 5742 5737
f 5746 5737 5742
f 5746 5742 5750
f 5750 5742 5743
f 5744 5751 5743
f 5751 5750 5743
f 5745 5752 5744
f 5752 5751 5744
f 5736 5738 5753
f 5736 5753 5745
f 5745 5753 5752
f 5738 5739 5754
f 5753 5738 5754
f 5739 5740 5755
f 5754 5739 5755
f 5740 5741 5756
f 5755 5740 5756
f 5741 5747 5756
f 5746 5750 5748
f 5757 5748 5750
f 5757 5750 5762
f 5762 5750 5751
f 5752 5763 5751
f 5763 5762 5751
f 5753 5764 5752
f 5764 5763 5752
f 5754 5765 5753
f 5765 5764 5753
f 5755 5766 5754
f 5766 5765 5754
f 5756 5767 5755
f 5767 5766 5755
f 5747 5749 5768
f 5747 5768 5756
f 5756 5768 5767
f 5749 5758 5768
f 5757 5762 5759
f 5769 5759 5762
f 5769 5762 5775
f 5775 5762 5763
f 5764 5776 5763
f 5776 5775 5763
f 5765 5777 5764
f 5777 5776 5764
f 5766 5778 5765
f 5778 5777 5765
f 5767 5779 5766
f 5779 5778 5766
f 5768 5780 5767
f 5780 5779 5767
f 5758 5760 5781
f 5758 5781 5768
f 5768 5781 5780
f 5760 5761 5782
f 5781 5760 5782
f 5761 5770 5782
f 5769 5775 5771
f 5772 5771 5775
f 5776 5772 5775
f 5773 5772 5776
f 5777 5773 5776
f 5783 5773 5777
f 5783 5777 5787
f 5787 5777 5778
f 5779 5788 5778
f 5788 5787 5778
f 5780 5789 5779
f 5789 5788 5779
f 5781 5790 5780
f 5790 5789 5780
f 5782 5791 5781
f 5791 5790 5781
f 5770 5774 5792
f 5770 5792 5782
f 5782 5792 5791
f 5774 5784 5792
f 5783 5787 5785
f 5793 5785 5787
f 5793 5787 5797
f 5797 5787 5788
f 5789 5798 5788
f 5798 5797 5788
f 5790 5799 5789
f 5799 5798 5789
f 5791 5800 5790
f 5800 5799 5790
f 5792 5801 5791
f 5801 5800 5791
f 5784 5786 5802
f 5784 5802 5792
f 5792 5802 5801
f 5786 5794 5802
f 5793 5797 5795
f 5803 5795 5797
f 5803 5797 5807
f 5807 5797 5798
f 5799 5808 5798
f 5808 5807 5798
f 5800 5809 5799
f 5809 5808 5799
f 5801 5810 5800
f 5810 5809 5800
f 5802 5811 5801
f 5811 5810 5801
f 5794 5796 5812
f 5794 5812 5802
f 5802 5812 5811
f 5796 5804 5812
f 5803 5807 5805
f 5813 5805 5807
f 5813 5807 5819
f 5819 5807 5808
f 5809 5820 5808
f 5820 5819 5808
f 5810 5821 5809
f 5821 5820 5809
f 5811 5822 5810
f 5822 5821 5810
f 5812 5823 5811
f 5823 5822 5811
f 5804 5806 5824
f 5804 5824 5812
f 5812 5824 5823
f 5806 5814 5824
f 5813 5819 5815
f 5816 5815 5819
f 5820 5816 5819
f 5817 5816 5820
f 5821 5817 5820
f 5825 5817 5821
f 5825 5821 5828
f 5828 5821 5822
f 5823 5829 5822
f 5829 5828 5822
f 5824 5830 5823
f 5830 5829 5823
f 5814 5818 5831
f 5814 5831 5824
f 5824 5831 5830
f 5818 5826 5831
f 5825 5828 5827
f 5832 5827 5828
f 5832 5828 5836
f 5836 5828 5829
f 5830 5837 5829
f 5837 5836 5829
f 5831 5838 5830
f 5838 5837 5830
f 5826 5833 5838
f 5831 5826 5838
f 5832 5836 5834
f 5839 5834 5836
f 5839 5836 5844
f 5844 5836 5837
f 5838 5845 5837
f 5845 5844 5837
f 5833 5835 5846
f 5833 5846 5838
f 5838 5846 5845
f 5835 5840 5846
f 5839 5844 5841
f 5842 5841 5844
f 5845 5842 5844
f 5843 5842 5845
f 5846 5843 5845
f 5840 5843 5846
