v -0.002663766 0.0004699911 -0.003551296
v -0.002572752 0.0004098511 -0.003524035
v -0.003003401 0.0006017013 -0.003455639
v -0.002919569 0.0006037689 -0.003474745
v -0.00282753 0.0005192293 -0.003494368
v -0.002823894 0.0006095768 -0.00349101
v -0.002849295 0.0006784268 -0.003471354
v -0.002671463 0.00046362 -0.003544886
v -0.002757801 0.0004315859 -0.003500667
v -0.00271243 0.0004904744 -0.003524006
v -0.00274353 0.0005777022 -0.003501404
v -0.002768283 0.0006505977 -0.003480786
v -0.002758436 0.0007183778 -0.003442502
v -0.002658446 0.0004553303 -0.003547075
v -0.002672168 0.0004867997 -0.003542563
v -0.002591796 0.0004067449 -0.00352692
v -0.002649863 0.0004732445 -0.003539609
v -0.002646368 0.0004150278 -0.003522174
v -0.002659545 0.0005326957 -0.003515409
v -0.002662814 0.0006437931 -0.003462741
v -0.002562535 0.0003815453 -0.003505372
v -0.002590933 0.0004267597 -0.00352636
v -0.002553154 0.0004300697 -0.003507488
v -0.002562426 0.0002390116 -0.003450131
v -0.002590603 0.0003164287 -0.00348611
v -0.002597786 0.0004767994 -0.003514157
v -0.002579933 0.000563436 -0.003474268
v -0.002504035 0.0003062336 -0.003455031
v -0.003349143 0.0005538301 -0.003338479
v -0.003345997 0.0006047447 -0.00333289
v -0.003258569 0.000587602 -0.003363052
v -0.003049833 0.000571352 -0.003437226
v -0.003179673 0.0005085464 -0.003384367
v -0.003121243 0.0005927738 -0.003407258
v -0.003166021 0.0006732362 -0.003375977
v -0.002990341 0.0005437949 -0.003453408
v -0.003047582 0.0006243802 -0.003437239
v -0.003064998 0.000488034 -0.003413141
v -0.003055383 0.0006918799 -0.003411087
v -0.002920493 0.0005219271 -0.00347164
v -0.002988406 0.0006552345 -0.003452349
v -0.002887032 0.0004682517 -0.003470488
v -0.002925109 0.0006780378 -0.003464601
v -0.002983207 0.0003878028 -0.003404049
v -0.002957913 0.0004675377 -0.00344541
v -0.002959186 0.0007142184 -0.003438887
v -0.002979897 0.0007595578 -0.003396306
v -0.002832349 0.0004379205 -0.003479857
v -0.002896322 0.000718031 -0.003454349
v -0.00279625 0.0003785191 -0.003471384
v -0.002842423 0.0007361351 -0.003443507
v -0.002898647 0.0003103126 -0.003399525
v -0.002879155 0.0003909265 -0.003445165
v -0.002898723 0.0007578001 -0.003419971
v -0.002721327 0.0003494974 -0.003483267
v -0.002808305 0.0007784493 -0.00339495
v -0.002724867 0.0007660774 -0.003395175
v -0.002781848 0.0002860634 -0.003432818
v -0.002653845 0.0003194891 -0.003487652
v -0.002658567 0.0007303872 -0.003401187
v -0.002602699 0.0002068615 -0.003439734
v -0.002625551 0.0002533662 -0.003461346
v -0.002595454 0.0006906208 -0.00341408
v -0.002664536 0.0001834921 -0.003416729
v -0.002688824 0.0002756936 -0.003460088
v -0.002683462 0.0007704829 -0.003369324
v -0.002567205 0.0001678681 -0.003413287
v -0.002551251 0.0006412223 -0.003421924
v -0.002501124 0.0002057435 -0.003414868
v -0.002494885 0.0003975681 -0.003468108
v -0.002515741 0.0004897292 -0.003465518
v -0.002509777 0.0005717007 -0.003431287
v -0.002585637 0.00002194279 -0.003337619
v -0.002591407 0.00008788427 -0.003372711
v -0.002553527 0.0006873675 -0.00339701
v -0.002447323 0.0002506366 -0.003403646
v -0.002465835 0.0003515146 -0.00344879
v -0.002439743 0.0003249278 -0.003418684
v -0.002445285 0.0003801951 -0.003432
v -0.002448642 0.0004439515 -0.003422699
v -0.002456462 0.0005272336 -0.003404101
v -0.003390889 0.0005374847 -0.003319023
v -0.003408199 0.0005919705 -0.003297746
v -0.003428857 0.0005150542 -0.003286006
v -0.003452902 0.0005750065 -0.003269873
v -0.003358503 0.0004972283 -0.003327979
v -0.003373347 0.0006460499 -0.003304261
v -0.003305241 0.0005158671 -0.003352313
v -0.003364618 0.0004247784 -0.003298081
v -0.003351357 0.0006977879 -0.003289388
v -0.003252948 0.0005015596 -0.003365067
v -0.003318806 0.0006533985 -0.003328897
v -0.003215674 0.0004542014 -0.003363515
v -0.003251798 0.0006941647 -0.003335111
v -0.003272672 0.000362879 -0.003306732
v -0.00328533 0.0004477787 -0.003340088
v -0.003308216 0.0006982911 -0.003313447
v -0.003141529 0.0004296961 -0.00337286
v -0.003178698 0.000731204 -0.00334599
v -0.00317153 0.0002904247 -0.003301212
v -0.003200986 0.0003873507 -0.003339849
v -0.003138591 0.0007797985 -0.003326481
v -0.003066649 0.0003984064 -0.003380988
v -0.003112526 0.0007383055 -0.003367326
v -0.003028215 0.0003420694 -0.003367339
v -0.003048005 0.0007583087 -0.003377163
v -0.003065695 0.0002065135 -0.003291705
v -0.003088345 0.0002765473 -0.003317593
v -0.003102781 0.0003417966 -0.003345015
v -0.003077796 0.0007846044 -0.003345442
v -0.002970457 0.0003135382 -0.003373245
v -0.003009105 0.000802414 -0.003346663
v -0.002926918 0.0002590738 -0.003363059
v -0.002964967 0.0001251815 -0.00328767
v -0.00298738 0.0001948287 -0.0033108
v -0.003010342 0.0002650592 -0.003336428
v -0.002844568 0.0002242396 -0.003378456
v -0.002904783 0.0008084488 -0.003355535
v -0.00284553 0.00006827852 -0.00330204
v -0.00290982 0.0001803481 -0.003332072
v -0.002759138 0.0001871754 -0.003392355
v -0.002811596 0.0008213236 -0.003328696
v -0.002716482 0.000125923 -0.003376548
v -0.002742826 -0.00001405946 -0.003287996
v -0.002771802 0.00005622853 -0.003321708
v -0.002792951 0.0001263697 -0.003350015
v -0.002662025 0.00009280958 -0.003372961
v -0.002726783 0.000797025 -0.003336928
v -0.00260938 -0.00001800008 -0.003306031
v -0.002635908 0.00003328078 -0.003343785
v -0.00263523 0.0007595795 -0.003322033
v -0.002647928 -0.00006430763 -0.003270741
v -0.002667811 -0.000007087563 -0.003312968
v -0.002711253 0.00005521865 -0.003340351
v -0.002559818 -0.000002874401 -0.003307877
v -0.002569057 0.0007128317 -0.003363037
v -0.002544319 0.00004196829 -0.003338818
v -0.002498952 0.0001116958 -0.003359897
v -0.002452231 0.0001826259 -0.003378631
v -0.002516533 0.0006732722 -0.003373519
v -0.002416352 0.0002146246 -0.003361059
v -0.002471276 0.000610725 -0.003371135
v -0.002404924 0.0002850052 -0.0033668
v -0.002407646 0.0003808513 -0.003378835
v -0.002410568 0.0004747301 -0.003364999
v -0.002423328 0.000545026 -0.003352896
v -0.002443453 0.00007692754 -0.003299944
v -0.002425645 0.0001503228 -0.00333318
v -0.002481947 0.0006585234 -0.003347083
v -0.002397268 0.000123741 -0.003275605
v -0.002386208 0.0002193085 -0.003305715
v -0.002377238 0.0003266468 -0.003313899
v -0.002381401 0.0004220332 -0.003313388
v -0.002395305 0.0005070787 -0.003309006
v -0.003491935 0.0004931165 -0.003232058
v -0.003489473 0.0005710757 -0.003232071
v -0.003547813 0.000389423 -0.003169286
v -0.003549743 0.0004747174 -0.003178673
v -0.003437761 0.0004417271 -0.00326447
v -0.003466828 0.0006268893 -0.003238723
v -0.003405883 0.0003820374 -0.003261132
v -0.003421389 0.0006897528 -0.003241247
v -0.003475208 0.0003045432 -0.00318889
v -0.003476111 0.0003993555 -0.00322194
v -0.003476649 0.000677005 -0.003203787
v -0.003335802 0.0003367999 -0.003271722
v -0.003367122 0.0007528703 -0.00323664
v -0.003370628 0.0002130332 -0.003196432
v -0.003396416 0.0003131947 -0.003232452
v -0.003328521 0.0008265043 -0.003196078
v -0.003260802 0.0002954241 -0.003277734
v -0.00329684 0.0007513026 -0.003279102
v -0.003217143 0.0002413557 -0.003264026
v -0.003213258 0.0007665941 -0.003306098
v -0.003273829 0.000122374 -0.003189517
v -0.003286022 0.0001856971 -0.003215067
v -0.003296795 0.000248857 -0.003241912
v -0.003236347 0.0008216393 -0.003246674
v -0.003252585 0.0008839919 -0.003178058
v -0.003152543 0.0002115916 -0.003268375
v -0.003164335 0.0008167293 -0.003281553
v -0.00310747 0.0001571508 -0.00325678
v -0.00316593 0.00005810832 -0.003196836
v -0.003197921 0.0001622573 -0.003232606
v -0.00315021 0.0008756492 -0.003220087
v -0.003042064 0.0001274899 -0.003263809
v -0.003077045 0.0008313435 -0.003293606
v -0.002995056 0.0000705043 -0.003254635
v -0.003066486 -0.00002338312 -0.00319312
v -0.003078814 0.00007760996 -0.003232082
v -0.003030472 0.000891159 -0.003224474
v -0.002913611 0.00002885251 -0.003262024
v -0.002967475 0.0008506991 -0.003290228
v -0.002954634 -0.0001027905 -0.003188279
v -0.00297918 -0.000004034955 -0.003227552
v -0.00292458 0.0008945767 -0.003222127
v -0.002830445 -0.00001349684 -0.003266633
v -0.002865495 0.0008546758 -0.003279715
v -0.002784478 -0.00007195604 -0.003243188
v -0.002874281 -0.0001708216 -0.003165327
v -0.002870492 -0.0001247246 -0.003197011
v -0.002872922 -0.00006488173 -0.003227885
v -0.002833452 0.0008872998 -0.003207908
v -0.002695593 -0.0001020395 -0.003225677
v -0.002763319 0.0008407144 -0.003253736
v -0.002651615 -0.00009562148 -0.003250988
v -0.002804695 -0.0001990253 -0.003154715
v -0.002790724 -0.0001444956 -0.003192514
v -0.002762994 0.0008742219 -0.003177014
v -0.002636734 -0.00009201909 -0.00325684
v -0.002679177 0.0007986661 -0.003260891
v -0.002620544 -0.00008265223 -0.003254829
v -0.002602878 0.0007500799 -0.003213126
v -0.00274447 -0.0002059806 -0.003156141
v -0.00263206 -0.00009505371 -0.003234962
v -0.002571877 -0.00004854556 -0.003241464
v -0.002549415 0.0007131451 -0.003283575
v -0.002502593 0.000024201 -0.003296976
v -0.00252407 0.0006805597 -0.003204757
v -0.002454519 0.00003360402 -0.003272128
v -0.002504834 0.0006828045 -0.003325426
v -0.002419405 0.00005574666 -0.003245797
v -0.00246035 0.00063767 -0.003313185
v -0.002476216 0.000006653846 -0.003236007
v -0.002466597 0.0006123439 -0.003197153
v -0.002484915 0.0006591193 -0.003263799
v -0.002384448 0.0000989933 -0.003230139
v -0.002423519 0.000578466 -0.00331146
v -0.002372486 0.0001724157 -0.003228593
v -0.002367926 0.0002811696 -0.00324737
v -0.002368846 0.0003707884 -0.003263115
v -0.002383325 0.0004576104 -0.003247224
v -0.002402822 0.0005387877 -0.00326552
v -0.002396115 0.00006585485 -0.003205854
v -0.00241703 0.0005324787 -0.003206487
v -0.002435763 0.0005977222 -0.003258726
v -0.00359342 0.0003684454 -0.003134786
v -0.003622132 0.0004624865 -0.003110829
v -0.003647959 0.0002817638 -0.003081712
v -0.00365172 0.0003744575 -0.003092122
v -0.003674317 0.0004445137 -0.003070738
v -0.003545258 0.0003235351 -0.003158152
v -0.00359131 0.0005403117 -0.003132408
v -0.00351208 0.0002669217 -0.003157425
v -0.003543133 0.0005593203 -0.003178859
v -0.003526792 0.0006593812 -0.003153764
v -0.003579764 0.0001939795 -0.003091749
v -0.003578293 0.0002864853 -0.003124611
v -0.00358425 0.0006122611 -0.003116084
v -0.003577637 0.0006628942 -0.003095388
v -0.003454939 0.0002290797 -0.003169141
v -0.003475879 0.0007303169 -0.003162448
v -0.003413719 0.0001726299 -0.003160919
v -0.00342012 0.0007966309 -0.003156095
v -0.00348498 0.00009833984 -0.003093414
v -0.003490326 0.0001917943 -0.003134534
v -0.003473532 0.0007827886 -0.003120443
v -0.003352769 0.0001357927 -0.003167452
v -0.003377753 0.0008643332 -0.003129757
v -0.003309118 0.00007859211 -0.003156159
v -0.003327971 0.0009012896 -0.003125114
v -0.003385768 0.000009306152 -0.003090016
v -0.003391266 0.00009856519 -0.003133336
v -0.003375928 0.0008982219 -0.003097404
v -0.00322982 0.00003147929 -0.003162664
v -0.003266533 0.0009310396 -0.003121942
v -0.00327832 -0.00007725538 -0.003086343
v -0.003296227 0.00001199358 -0.003127541
v -0.00323889 0.0009687566 -0.003078515
v -0.0031496 -0.00001389689 -0.003170279
v -0.003193137 0.0009319682 -0.003142455
v -0.003103624 -0.0000676198 -0.003160679
v -0.003170069 -0.000142735 -0.003090709
v -0.003185823 -0.00005825613 -0.003133925
v -0.003150834 0.0009784413 -0.00308559
v -0.003040266 -0.00009697895 -0.003167419
v -0.003091698 0.0009364781 -0.003154465
v -0.003002452 -0.000143154 -0.003152768
v -0.003090479 -0.0001991443 -0.003078728
v -0.003082389 -0.0001327008 -0.003130302
v -0.00304966 0.0009851435 -0.0030876
v -0.002947129 -0.0001678023 -0.003152299
v -0.0029759 0.0009424777 -0.00315021
v -0.002919365 -0.0002039877 -0.00312668
v -0.00299946 -0.0001962205 -0.00310944
v -0.002968462 0.0009869445 -0.003084
v -0.002857161 -0.0002201166 -0.003117123
v -0.002885339 0.0009237807 -0.003164842
v -0.002780733 -0.0002270601 -0.003119415
v -0.002812583 0.0009185842 -0.003137259
v -0.002706671 -0.0001774597 -0.003138326
v -0.002735327 0.0008903411 -0.003114883
v -0.002735767 -0.0002201234 -0.003117654
v -0.0027329 -0.0002236702 -0.003144218
v -0.002715556 -0.0002107356 -0.003154248
v -0.002626757 -0.000104694 -0.00315697
v -0.002680784 0.0008228593 -0.003165244
v -0.002720464 -0.0002199481 -0.003155547
v -0.002556324 0.0006923729 -0.003118387
v -0.002610925 0.0007606753 -0.003130971
v -0.002715817 -0.0002162513 -0.003147009
v -0.002660808 -0.0001433211 -0.003098707
v -0.00256569 -0.00006094105 -0.003160738
v -0.002502494 0.0006386418 -0.003154081
v -0.002477741 0.0006029241 -0.003150231
v -0.002497359 0.0005999036 -0.003105836
v -0.002575825 0.000712751 -0.003080571
v -0.002592097 0.0007386091 -0.003085802
v -0.002506047 -0.00001245738 -0.003156349
v -0.002453832 0.0005577182 -0.003149336
v -0.002434316 0.00003308385 -0.003189799
v -0.00242389 0.0004933645 -0.00315174
v -0.002444308 0.00005860681 -0.003118784
v -0.002427163 0.0001299193 -0.003081244
v -0.002445216 0.0004003693 -0.003062934
v -0.002458892 0.0005013097 -0.003093221
v -0.002402997 0.00006883969 -0.003169461
v -0.00239719 0.0004538527 -0.003184986
v -0.002379978 0.0001075477 -0.003190891
v -0.002377255 0.0001617188 -0.00316979
v -0.002376452 0.0002442239 -0.003176902
v -0.00238035 0.0003621691 -0.003193878
v -0.002398138 0.0001141563 -0.003140417
v -0.002400201 0.0001952193 -0.003112734
v -0.002407594 0.0003110699 -0.00311061
v -0.002414557 0.0004195751 -0.003131724
v -0.00369403 0.0002671369 -0.003046723
v -0.003704603 0.0003417004 -0.003049096
v -0.00370736 0.0004221737 -0.003043493
v -0.003752698 0.000144262 -0.002965896
v -0.00376743 0.0002234299 -0.002969568
v -0.003747453 0.0002990445 -0.002998806
v -0.003747016 0.00039179 -0.003003959
v -0.003738797 0.0004549713 -0.002998374
v -0.003651387 0.0002188157 -0.00306309
v -0.003696345 0.0005085738 -0.003018953
v -0.003619907 0.0001604625 -0.003058263
v -0.003636252 0.0005840262 -0.003056524
v -0.00360728 0.0006550516 -0.003057026
v -0.003679238 0.00008211938 -0.00299117
v -0.003693122 0.0001859772 -0.0030197
v -0.00356193 0.0001185869 -0.003069267
v -0.003578019 0.0007149975 -0.003042324
v -0.003517292 0.00005817054 -0.003059964
v -0.003514908 0.0007672231 -0.003078775
v -0.003599825 0.000005118332 -0.002996708
v -0.003595447 0.00008303826 -0.003034178
v -0.003458349 0.000023083 -0.00306758
v -0.00346947 0.0008265226 -0.003076066
v -0.003422996 -0.00001627147 -0.00306153
v -0.003419417 0.0008826969 -0.003064575
v -0.003479682 -0.00002899896 -0.0030298
v -0.003466119 0.0008676423 -0.003026714
v -0.003370671 -0.00006339206 -0.003056595
v -0.003364922 0.0009282788 -0.003064734
v -0.003309655 -0.0001147495 -0.003052079
v -0.00330835 0.0009514642 -0.003073732
v -0.003357204 -0.0001421059 -0.00301477
v -0.003344032 0.0009648316 -0.003023695
v -0.003242908 -0.0001670208 -0.00304538
v -0.003290642 0.0009883831 -0.003017469
v -0.003270356 -0.000229345 -0.002988863
v -0.003156429 -0.0002017779 -0.003055833
v -0.003212045 0.001008934 -0.003015367
v -0.003114747 -0.0002405104 -0.003035333
v -0.003209166 -0.0002812636 -0.00296226
v -0.003182127 -0.0002385544 -0.003014226
v -0.003039662 -0.0002539425 -0.003031085
v -0.00311503 0.001022883 -0.003018223
v -0.003125145 -0.0002841591 -0.002979636
v -0.002937293 -0.0002395359 -0.003068042
v -0.002998804 0.001032935 -0.003016276
v -0.002933951 0.001002522 -0.003056658
v -0.002854001 -0.0002475058 -0.003041543
v -0.002889859 0.0009661787 -0.003097192
v -0.002776097 -0.0002329143 -0.003071066
v -0.00288334 0.001021303 -0.003020682
v -0.002844523 0.001067927 -0.002966475
v -0.002738124 -0.0002082597 -0.003057341
v -0.002779484 0.0009609407 -0.003055358
v -0.002705065 0.0009037824 -0.003063441
v -0.002803142 0.001025677 -0.003000092
v -0.002689697 -0.0001596277 -0.003033705
v -0.002678884 0.0008565112 -0.003091398
v -0.002633733 -0.0001070981 -0.003051241
v -0.00253447 0.0006491528 -0.003038432
v -0.002650432 0.000868633 -0.00304217
v -0.002570023 -0.00004878309 -0.003077161
v -0.002499141 0.0005596532 -0.003048596
v -0.002566869 0.0007004783 -0.003064697
v -0.002625025 0.0007966935 -0.003076854
v -0.002508693 0.00002425146 -0.003057549
v -0.002470643 0.0001000127 -0.003033346
v -0.002470148 0.0003741449 -0.002991291
v -0.002484076 0.0004842593 -0.00301304
v -0.002583026 0.0007248906 -0.003062401
v -0.002596308 0.00075063 -0.003058184
v -0.002554913 0.000004203833 -0.002995092
v -0.002508912 0.000570072 -0.00300217
v -0.00257509 0.0007308485 -0.003035748
v -0.002597963 0.0007705758 -0.003043227
v -0.002519366 0.001025782 -0.002954008
v -0.002450572 0.0001591335 -0.003026754
v -0.002440042 0.0003226291 -0.003045034
v -0.002428229 0.0001868507 -0.003056546
v -0.002427871 0.0002510478 -0.00305628
v -0.002453281 0.0002230243 -0.003007939
v -0.002454163 0.0002899683 -0.003008573
v -0.002485486 0.001014755 -0.002948301
v -0.002484272 0.001050594 -0.002944231
v -0.003788874 0.0001206272 -0.002931533
v -0.003812184 0.0001878413 -0.00291474
v -0.003802765 0.0002897826 -0.002924924
v -0.003783977 0.000376886 -0.002944138
v -0.00376676 0.0004380414 -0.002960508
v -0.003823733 0.00008720473 -0.002883994
v -0.003855227 0.000171342 -0.002856897
v -0.003742845 0.00005687754 -0.002942927
v -0.003750598 0.0004981424 -0.002942229
v -0.003766717 -0.00002101181 -0.002894576
v -0.003668994 0.00001399504 -0.002969407
v -0.003722368 0.0005744028 -0.00292264
v -0.003622459 -0.00004012432 -0.002965871
v -0.003681995 0.000603677 -0.002975852
v -0.003642547 0.0006864956 -0.002961447
v -0.00368969 -0.00011159 -0.00289471
v -0.003685851 -0.00003473581 -0.002937089
v -0.003693059 0.0006484987 -0.002907021
v -0.003674961 0.0006910384 -0.002894512
v -0.00354348 -0.00007762625 -0.002978428
v -0.003599124 0.0007571552 -0.002956143
v -0.003554585 0.0007946302 -0.002981171
v -0.003502581 0.0008406429 -0.003003787
v -0.003597514 -0.0001887459 -0.002890666
v -0.003606867 -0.0001049526 -0.002937206
v -0.003582835 0.0008041394 -0.002907378
v -0.003455258 -0.0001212759 -0.00298883
v -0.00345983 0.0009029097 -0.00296233
v -0.003407743 -0.0001800101 -0.002971538
v -0.003393919 0.0009435255 -0.002997031
v -0.003497851 -0.000249212 -0.002888659
v -0.003498979 -0.0001686999 -0.002942665
v -0.003345956 -0.0002132245 -0.002972978
v -0.003346769 0.0009874991 -0.002960044
v -0.003317617 -0.0002567557 -0.00294969
v -0.003425747 -0.0002999303 -0.002870221
v -0.003398978 -0.0002419394 -0.002929948
v -0.003269762 -0.0002796499 -0.002945668
v -0.003278523 0.001021602 -0.002943017
v -0.003249427 -0.0003081004 -0.002915236
v -0.003327869 -0.0002993807 -0.002899286
v -0.003187407 -0.0003175337 -0.002912545
v -0.003189087 0.001052543 -0.002934398
v -0.003141661 0.001091917 -0.00288216
v -0.00311431 -0.000320757 -0.002916106
v -0.003087598 0.001065925 -0.002952309
v -0.003059299 -0.00029742 -0.002962863
v -0.003059121 -0.0003159748 -0.002913032
v -0.003061553 0.001104423 -0.002896886
v -0.002978799 -0.0002821014 -0.002957702
v -0.003018243 0.001080777 -0.002946971
v -0.002939026 0.00108957 -0.002941989
v -0.003005622 0.001105949 -0.00291171
v -0.002882384 -0.0002578916 -0.00293121
v -0.002859572 0.001109893 -0.002925507
v -0.002799042 -0.0002326119 -0.00299719
v -0.002803204 0.001096653 -0.00293737
v -0.002811031 0.001144013 -0.002892643
v -0.002750577 -0.0001927323 -0.00296137
v -0.002780208 0.001060899 -0.002965514
v -0.002729625 0.001015926 -0.002989272
v -0.002720361 0.001095385 -0.00293058
v -0.002740061 0.001164572 -0.002878238
v -0.0027042 -0.0001394218 -0.002928347
v -0.002682797 0.0009433677 -0.003018389
v -0.002658347 -0.0001112627 -0.002976134
v -0.002612419 -0.00004098922 -0.002947177
v -0.002541082 0.0007223157 -0.002989717
v -0.002587707 0.0008109407 -0.003012749
v -0.00261894 0.0009053456 -0.003000469
v -0.002551632 0.001012563 -0.00295857
v -0.002663293 -0.00008633707 -0.002906667
v -0.002644003 -0.00005060674 -0.002884979
v -0.002610916 0.001007837 -0.002964067
v -0.002622486 0.001102463 -0.002922356
v -0.002663528 0.001160185 -0.002884468
v -0.002567794 0.00003064705 -0.002928992
v -0.002507267 0.0006286794 -0.002960814
v -0.002522405 0.0009776935 -0.002954866
v -0.002550108 0.001038349 -0.00295374
v -0.002524182 0.00008029718 -0.00295908
v -0.002486692 0.000180243 -0.00295685
v -0.002478838 0.0002937644 -0.002946864
v -0.002485585 0.0003829063 -0.002927605
v -0.002486952 0.0004585427 -0.00294448
v -0.00249714 0.0005359537 -0.002961094
v -0.00251871 0.001057795 -0.002947096
v -0.002557716 0.00008479348 -0.00288235
v -0.002499383 0.0007195967 -0.002945311
v -0.002519042 0.0008044191 -0.002960465
v -0.002556095 0.0009002719 -0.002971042
v -0.002546776 0.001084851 -0.00293231
v -0.002570403 0.001155277 -0.002888368
v -0.002460089 0.0009824754 -0.002939762
v -0.002492225 0.001083885 -0.002933108
v -0.002440374 0.001033755 -0.002932507
v -0.002451058 0.001079796 -0.002925593
v -0.002462293 0.0006684984 -0.002909559
v -0.002444659 0.0007804141 -0.00291605
v -0.002466385 0.0009001063 -0.002936966
v -0.002463565 0.001136606 -0.002893583
v -0.002368678 0.0008735995 -0.002897706
v -0.002385669 0.0009827559 -0.002912157
v -0.002381752 0.001082322 -0.002899083
v -0.00236361 0.001154664 -0.002862308
v -0.002269223 0.0006690798 -0.00279814
v -0.002294719 0.0008857644 -0.002870925
v -0.002298081 0.000953569 -0.002877791
v -0.002296441 0.001042129 -0.00287441
v -0.002292773 0.001123308 -0.002853339
v -0.003870345 0.00004508956 -0.002810484
v -0.003872791 0.0001221628 -0.00282751
v -0.003828068 0.000003057509 -0.002855188
v -0.003882885 0.0001848078 -0.002797632
v -0.003802506 -0.00005558834 -0.002853233
v -0.003850428 0.0002629724 -0.002835697
v -0.003819545 0.0003721902 -0.002857
v -0.003787119 0.0004519764 -0.002890852
v -0.003843326 -0.0001033231 -0.002759004
v -0.003842646 -0.00004273279 -0.002810907
v -0.003758404 -0.00009278177 -0.002866433
v -0.00376411 0.0005410612 -0.002839358
v -0.00372358 -0.000147984 -0.002852385
v -0.003724099 0.0006267587 -0.002836956
v -0.003691355 0.0006881782 -0.002842059
v -0.003791228 -0.000176341 -0.00275267
v -0.003785449 -0.0001220635 -0.002817714
v -0.003670591 -0.0001805549 -0.002861794
v -0.003659728 0.0007267721 -0.002864558
v -0.003637381 -0.0002182088 -0.002851786
v -0.00362213 0.0007655468 -0.002887143
v -0.003695399 -0.0002210819 -0.002803775
v -0.003638267 0.00077182 -0.002817705
v -0.003582543 -0.000266548 -0.00283929
v -0.003591962 0.0008223238 -0.002817966
v -0.003531524 0.0008590398 -0.002898206
v -0.00357851 -0.0003605908 -0.002760132
v -0.003616753 -0.0003102246 -0.002779991
v -0.003499018 -0.0003036604 -0.002845353
v -0.003474197 0.0009280525 -0.002844827
v -0.003464325 -0.0003351728 -0.002820523
v -0.003409103 0.0009644901 -0.002905072
v -0.003537158 -0.0003377437 -0.002796711
v -0.003388683 -0.0003379112 -0.002825113
v -0.003347178 0.001012014 -0.00286992
v -0.003277066 -0.0003358956 -0.002844091
v -0.003272158 0.001054904 -0.002851476
v -0.003207739 0.001081088 -0.002860278
v -0.003240043 0.00108579 -0.00281058
v -0.003175698 -0.0003403248 -0.002842736
v -0.003187638 0.001106014 -0.002811385
v -0.003103485 -0.0003324692 -0.00286935
v -0.003127246 -0.0003383537 -0.002819245
v -0.00305885 -0.0003164543 -0.002845144
v -0.003110366 0.001128648 -0.00282039
v -0.002971476 -0.0002813178 -0.002842355
v -0.003004019 0.001144841 -0.002848715
v -0.002900303 0.001145677 -0.002880424
v -0.002894443 -0.0002477836 -0.002831463
v -0.002859118 0.001183738 -0.00284541
v -0.002820458 -0.0002229729 -0.002897878
v -0.002843692 -0.0002136282 -0.002814546
v -0.002774557 -0.0001632294 -0.002833744
v -0.002793465 0.001199226 -0.002838539
v -0.002704797 -0.00009788543 -0.002841689
v -0.00266643 -0.00005724095 -0.002848307
v -0.002638825 -0.000006732593 -0.002830707
v -0.002711385 0.001211673 -0.002834543
v -0.002594144 0.00004196616 -0.0028583
v -0.002572889 0.000116607 -0.002807524
v -0.002617286 0.001215706 -0.002836464
v -0.002530811 0.0001655833 -0.00285909
v -0.002500904 0.0002633408 -0.002870125
v -0.002487371 0.0003576185 -0.002874364
v -0.002483421 0.0004362617 -0.002889251
v -0.002471699 0.0005443171 -0.002895477
v -0.002422061 0.0006298771 -0.002868582
v -0.002513135 0.001213794 -0.002837347
v -0.00240125 0.0007133696 -0.002878975
v -0.002376375 0.0007879778 -0.002885684
v -0.002413312 0.000561321 -0.002829024
v -0.002319162 0.0008217292 -0.002868503
v -0.002405005 0.001210715 -0.002827693
v -0.002291532 0.000658825 -0.002803878
v -0.002365126 0.0005801193 -0.00279462
v -0.002343808 0.0006648173 -0.002830105
v -0.00234356 0.0007523865 -0.002860995
v -0.002276336 0.0006488959 -0.002785515
v -0.002264652 0.000702774 -0.002799709
v -0.002263512 0.0008543062 -0.002847704
v -0.002295265 0.001196417 -0.002805704
v -0.002255983 0.0006718755 -0.002778454
v -0.002239046 0.0009217011 -0.00284437
v -0.002226213 0.001004451 -0.002840534
v -0.002222691 0.00108597 -0.002829382
v -0.002229868 0.00114899 -0.002809885
v -0.002313608 0.0006149167 -0.002779072
v -0.002276672 0.0007763953 -0.002830984
v -0.002213944 0.0007780173 -0.002778665
v -0.002206056 0.0008643604 -0.002803198
v -0.002175962 0.0009597561 -0.002797402
v -0.002162235 0.001046249 -0.002786687
v -0.002170246 0.001123733 -0.002774336
v -0.003872854 -0.00009517455 -0.00269821
v -0.003881706 -0.00002018911 -0.00274544
v -0.003894448 0.0000475038 -0.002755278
v -0.003895338 0.0001128138 -0.002764711
v -0.00383927 -0.0001498409 -0.00271095
v -0.003897377 0.0001768178 -0.002750054
v -0.003800032 -0.0002023982 -0.002685596
v -0.003885257 0.000248549 -0.002724598
v -0.003852587 0.0003665796 -0.002742887
v -0.003808716 0.000465656 -0.002778562
v -0.003899201 0.0001529702 -0.002698887
v -0.003879672 0.0003368564 -0.002675359
v -0.003865181 0.0003986385 -0.002662815
v -0.003860043 0.0004275176 -0.002635878
v -0.003744371 -0.0002360732 -0.00272386
v -0.003782192 0.0005389467 -0.002746915
v -0.003746374 0.00060869 -0.002740961
v -0.003706721 0.0006801508 -0.002762482
v -0.003670192 0.0007351607 -0.002784355
v -0.003800996 0.0005077221 -0.002709093
v -0.003678096 -0.0002912528 -0.002729351
v -0.003632414 0.0007894387 -0.002738818
v -0.003586537 -0.0003691849 -0.00272641
v -0.003621818 -0.0003415978 -0.002737248
v -0.003638971 -0.000335731 -0.002682769
v -0.003564048 -0.0003796869 -0.002747771
v -0.003582573 0.0008481713 -0.002708293
v -0.003541988 -0.0003728209 -0.002761181
v -0.003534309 0.0008879043 -0.002777959
v -0.003547669 -0.0003789287 -0.002736807
v -0.003484117 -0.0003630672 -0.002756205
v -0.003478947 0.000942601 -0.002734733
v -0.003415394 0.0009826095 -0.002799321
v -0.003371924 -0.0003563205 -0.002752087
v -0.003346023 0.001033883 -0.002759231
v -0.00328211 0.001072418 -0.00277354
v -0.003264109 -0.0003506082 -0.002751897
v -0.003240521 0.001099815 -0.002747832
v -0.003180267 -0.0003448985 -0.002775761
v -0.003133168 -0.0003284887 -0.002757336
v -0.003175208 0.001134476 -0.002733802
v -0.003061176 -0.0002963805 -0.002744381
v -0.003084652 0.001178771 -0.002733564
v -0.003025098 0.001236947 -0.00269011
v -0.002972674 -0.0002554313 -0.0027317
v -0.002998015 0.001200457 -0.002768195
v -0.002895521 -0.00022591 -0.002757415
v -0.002928015 0.001191991 -0.002814775
v -0.002941448 0.001236949 -0.002741405
v -0.002963881 0.001272131 -0.002667213
v -0.002849067 -0.0001858238 -0.002740778
v -0.002861113 0.001225667 -0.002789386
v -0.00286394 0.001274681 -0.00270409
v -0.002802477 -0.0001312193 -0.002714395
v -0.002776671 0.001248306 -0.002776983
v -0.002744292 -0.00009069002 -0.002751709
v -0.002688032 -0.00003280595 -0.002768632
v -0.002774802 -0.00008031493 -0.002675841
v -0.002750122 0.001294279 -0.002703015
v -0.002654893 0.00002558668 -0.002749054
v -0.002677666 0.00126187 -0.00277512
v -0.002618203 0.00007872168 -0.002751261
v -0.002650974 0.00005889531 -0.002707962
v -0.002640041 0.001307458 -0.002702494
v -0.002583289 0.0001450313 -0.002737358
v -0.002571561 0.001268684 -0.00277525
v -0.002552401 0.0001872067 -0.002761971
v -0.002517352 0.0002571048 -0.002783279
v -0.002492397 0.0003328718 -0.002809153
v -0.002460674 0.000440833 -0.002812789
v -0.002569844 0.0001896743 -0.002698336
v -0.002526117 0.001315267 -0.002700534
v -0.002399636 0.0005102922 -0.002769508
v -0.00246136 0.001269489 -0.002771585
v -0.002428897 0.0004392361 -0.002729755
v -0.002412884 0.001313427 -0.002697115
v -0.002351616 0.0005523388 -0.002753199
v -0.002353541 0.001262068 -0.00275896
v -0.002370072 0.0004909413 -0.002690698
v -0.002313834 0.001298886 -0.002689461
v -0.002311218 0.0005703617 -0.002717028
v -0.002257541 0.001246605 -0.002728977
v -0.00226468 0.0006375508 -0.002737903
v -0.002221631 0.0007096607 -0.002740036
v -0.002270833 0.0005981043 -0.002678159
v -0.002243224 0.001277554 -0.002669704
v -0.002179733 0.0007781679 -0.00272802
v -0.002203627 0.001187745 -0.002755184
v -0.002162751 0.0008437543 -0.002739358
v -0.002148218 0.0009158261 -0.002750488
v -0.002115707 0.0009958501 -0.00272902
v -0.002110167 0.001087613 -0.00271813
v -0.00214198 0.001156673 -0.002714977
v -0.002149805 0.000817951 -0.00268734
v -0.002080835 0.0009945857 -0.00267553
v -0.002074436 0.001042419 -0.002686137
v -0.003880743 -0.00009027802 -0.002637111
v -0.003892221 -0.00003735426 -0.00267648
v -0.003898628 0.00005052951 -0.00268665
v -0.003882148 0.0003316468 -0.002622635
v -0.003877488 0.0003732548 -0.002638312
v -0.003870652 0.0004059374 -0.002627832
v -0.003848197 -0.0001533577 -0.002649879
v -0.003893073 0.0001168817 -0.002629313
v -0.003887558 0.0002826935 -0.002649176
v -0.003865679 0.0004235092 -0.0026218
v -0.003803307 -0.0002067347 -0.002630241
v -0.003886652 0.0002052637 -0.002624188
v -0.00385397 0.0004297863 -0.002614495
v -0.003887848 0.00005655205 -0.002600447
v -0.003863015 0.0004122865 -0.002604754
v -0.003729141 -0.0002623537 -0.002640017
v -0.003825861 0.0004574347 -0.002646215
v -0.003658928 -0.0003193444 -0.002621752
v -0.00377402 0.0005554332 -0.002659528
v -0.003736589 0.0006270756 -0.002650472
v -0.003715452 0.0006694681 -0.002686881
v -0.003674696 0.0007330313 -0.002683823
v -0.003780506 -0.0002180459 -0.002595504
v -0.003613385 -0.0003472066 -0.002637712
v -0.003620392 0.0008032179 -0.002628887
v -0.003625057 -0.0003309036 -0.002595623
v -0.00365981 0.0007475203 -0.002593489
v -0.003559567 -0.0003653184 -0.002687204
v -0.003570276 0.0008616908 -0.002622531
v -0.003531798 0.0009008764 -0.002675138
v -0.003468467 -0.0003593926 -0.002664436
v -0.003482813 0.0009435486 -0.002633933
v -0.003422513 0.000988462 -0.002688447
v -0.003429159 -0.0003403247 -0.00259794
v -0.003359052 -0.0003529437 -0.00267239
v -0.003366672 0.00103034 -0.0026387
v -0.003300805 0.001072508 -0.002694121
v -0.003337551 -0.0003321561 -0.0026086
v -0.003285662 -0.0003454192 -0.002673008
v -0.003244194 0.00111301 -0.002655848
v -0.003213919 -0.00033863 -0.002706583
v -0.003258794 -0.0003272743 -0.002636564
v -0.003171942 -0.0003044299 -0.00265205
v -0.003171017 0.001168019 -0.002623604
v -0.003094864 0.001221814 -0.002635723
v -0.003073513 -0.0002626834 -0.002634763
v -0.003055813 0.00125544 -0.0026305
v -0.003019944 0.001269678 -0.002640001
v -0.003036956 -0.0002269388 -0.002583885
v -0.003042231 0.001274543 -0.002601171
v -0.002998587 -0.0002373896 -0.002644247
v -0.002997075 0.001288647 -0.002602639
v -0.002931945 -0.0002049759 -0.002660155
v -0.002988182 -0.0002169691 -0.002610072
v -0.002862976 -0.0001524533 -0.002654067
v -0.002921408 0.001301195 -0.002612966
v -0.002825025 -0.00009612177 -0.002620485
v -0.002870464 -0.0001248903 -0.002597249
v -0.002779704 -0.00004857185 -0.002620338
v -0.002823373 0.001315557 -0.002620471
v -0.002734416 -0.00002422479 -0.002665679
v -0.002682444 0.00003143111 -0.002684343
v -0.002762684 -0.000004168458 -0.002587159
v -0.002651013 0.00009823168 -0.002647438
v -0.002715072 0.001331052 -0.002620619
v -0.002602462 0.0001499205 -0.002674836
v -0.002573368 0.000213539 -0.002630564
v -0.002600146 0.001344136 -0.002617619
v -0.002536712 0.0002479003 -0.002696335
v -0.002482302 0.0003466161 -0.002713249
v -0.002426373 0.0004100213 -0.002661725
v -0.002476977 0.001354726 -0.002612789
v -0.002465219 0.0003560104 -0.002620556
v -0.002412191 0.001375062 -0.002566854
v -0.002389011 0.0004398401 -0.002625468
v -0.002360341 0.001342212 -0.002622321
v -0.002351818 0.0004782028 -0.00261363
v -0.002307238 0.0005387689 -0.002638147
v -0.002424395 0.0003940642 -0.002588415
v -0.00235366 0.001364527 -0.002563605
v -0.002261 0.0005933192 -0.002625528
v -0.002281079 0.001311907 -0.002635579
v -0.002223898 0.0006624827 -0.002649251
v -0.002177628 0.0007502456 -0.00267075
v -0.002220969 0.001279436 -0.002612477
v -0.002277893 0.000560379 -0.002580549
v -0.002143251 0.0008122821 -0.002618463
v -0.002171711 0.00121959 -0.002667334
v -0.002115902 0.0009138686 -0.002661794
v -0.002097248 0.001141122 -0.00264239
v -0.002077949 0.0009920927 -0.002633043
v -0.002072313 0.001084411 -0.002668986
v -0.002063077 0.001025683 -0.002655297
v -0.002059617 0.001056326 -0.002654298
v -0.002067623 0.001039092 -0.002618813
v -0.002067394 0.001083151 -0.002634618
v -0.002092719 0.001172194 -0.002602561
v -0.003872406 -0.00008582658 -0.002586411
v -0.00388539 -0.00002180915 -0.00260844
v -0.003873733 0.000326028 -0.002579282
v -0.003869118 0.0003742994 -0.002596427
v -0.003862185 -0.0001278385 -0.002602442
v -0.003867335 0.0000240986 -0.002545894
v -0.003880443 0.0002796607 -0.002592905
v -0.003837814 0.0004071225 -0.002560375
v -0.003862696 0.0001199845 -0.002534196
v -0.003862948 0.0002298385 -0.002537126
v -0.003847812 -0.0001173557 -0.002560871
v -0.003845858 -0.0000531109 -0.002529117
v -0.003865255 0.000293024 -0.002546493
v -0.003853655 0.0003406662 -0.002540413
v -0.003819664 -0.0001707935 -0.002582398
v -0.0038004 0.0004579341 -0.002536843
v -0.003740509 -0.0002103951 -0.002535132
v -0.003771885 0.000522394 -0.002553278
v -0.003735168 0.0006039439 -0.002568054
v -0.003699306 0.0006828053 -0.002598858
v -0.003800168 -0.0001276773 -0.002513461
v -0.0036627 -0.0002867091 -0.002561823
v -0.003662898 0.0007237181 -0.002520321
v -0.003601932 -0.000320663 -0.002561677
v -0.003630353 0.0007787842 -0.002542702
v -0.003564306 -0.0003485671 -0.002610163
v -0.003576721 0.0008399283 -0.002524302
v -0.003504504 -0.0003440214 -0.002589571
v -0.003530279 0.0008992814 -0.002586255
v -0.003553103 -0.0003275377 -0.002556451
v -0.003494716 -0.000316515 -0.002538981
v -0.003490011 0.0009334057 -0.0025578
v -0.003434152 0.0009786899 -0.002572622
v -0.003521224 0.0008988307 -0.00251593
v -0.003403413 -0.000306124 -0.002537091
v -0.003373455 0.00102424 -0.002533501
v -0.003311968 0.001071495 -0.00258773
v -0.003289393 -0.0002926591 -0.00255557
v -0.003250631 0.001120774 -0.00254388
v -0.003184113 -0.0002534286 -0.002539789
v -0.003193157 0.001174342 -0.002506068
v -0.003101683 -0.0002359996 -0.002551978
v -0.003133366 0.001218208 -0.00255091
v -0.003080064 0.001255134 -0.002578438
v -0.003143946 -0.000215842 -0.002495064
v -0.003076901 -0.0002026617 -0.002514159
v -0.003039916 0.001282176 -0.002548811
v -0.002993201 -0.0001833415 -0.002552077
v -0.002975228 0.001304449 -0.00253843
v -0.002914512 -0.0001512236 -0.002584955
v -0.002953016 -0.0001338449 -0.002517471
v -0.002889337 -0.00008741488 -0.002527014
v -0.002889604 0.001323291 -0.002535907
v -0.002812907 -0.00003023632 -0.002548096
v -0.002774288 0.00002287239 -0.002534013
v -0.00278968 0.001339955 -0.002534237
v -0.002721848 0.00006274925 -0.002565277
v -0.002769244 0.0000554859 -0.002499579
v -0.002665596 0.0001317591 -0.002560322
v -0.002681009 0.001354584 -0.002530418
v -0.002620397 0.0001680699 -0.002592646
v -0.002643293 0.0001777521 -0.002521061
v -0.00259007 0.0002300263 -0.002530173
v -0.002560001 0.00136791 -0.00252082
v -0.002521866 0.0002900879 -0.002601731
v -0.00247201 0.001379282 -0.002543107
v -0.002473348 0.0003439359 -0.002540011
v -0.002431526 0.001385419 -0.002522008
v -0.002421148 0.0003902768 -0.002513316
v -0.002383388 0.001379912 -0.002526435
v -0.002378481 0.000436127 -0.002564996
v -0.002322365 0.0004981065 -0.002535971
v -0.002332222 0.001360049 -0.002524431
v -0.002372249 0.0004336716 -0.002501102
v -0.002346267 0.0004596174 -0.002484205
v -0.002271543 0.0005663742 -0.002524316
v -0.002289408 0.001328552 -0.00257219
v -0.002238998 0.0006210439 -0.002561702
v -0.002207734 0.0006759997 -0.002569303
v -0.002177174 0.0007344436 -0.00257868
v -0.002218348 0.00127304 -0.002536156
v -0.002245795 0.0006125402 -0.002485119
v -0.002146896 0.0007983964 -0.00254698
v -0.002157786 0.001231502 -0.002587802
v -0.002125264 0.000871215 -0.002553976
v -0.002103688 0.0009874197 -0.002547426
v -0.002086648 0.001086432 -0.002584632
v -0.002165446 0.0007625374 -0.002505926
v -0.002131441 0.001020695 -0.002460043
v -0.002152929 0.001200046 -0.002527897
v -0.002101921 0.001157179 -0.002572533
v -0.00211294 0.001194505 -0.002610281
v -0.002096468 0.001183292 -0.002588861
v -0.002115666 0.001196579 -0.002575954
v -0.003824577 0.00003083149 -0.002466373
v -0.003819427 0.0001094401 -0.002439714
v -0.003821591 0.0001971388 -0.002445102
v -0.003838818 0.0002832864 -0.002489959
v -0.003819361 0.0003494281 -0.00247846
v -0.003776559 -0.00004985295 -0.002438731
v -0.003794611 0.0004120095 -0.002471107
v -0.00368692 -0.0001966017 -0.002462675
v -0.003730396 -0.0001393563 -0.002452018
v -0.003761212 0.0004779547 -0.002459031
v -0.003722373 0.0005656048 -0.002455478
v -0.003694554 0.000653768 -0.002496587
v -0.003781978 0.00001546774 -0.002407667
v -0.003784377 0.00006911673 -0.002391994
v -0.003785722 0.0001414211 -0.002378745
v -0.003784709 0.000359501 -0.002416685
v -0.003663576 -0.0002429057 -0.00249726
v -0.003659582 0.0006977445 -0.002444766
v -0.003621762 0.0007641461 -0.002454819
v -0.003620015 -0.0002173767 -0.002444389
v -0.003654216 -0.0001539739 -0.002407345
v -0.003691025 0.0005655604 -0.002362221
v -0.003677297 0.000633251 -0.002401414
v -0.00358176 -0.0002816359 -0.002504683
v -0.003578667 0.0008162356 -0.002426687
v -0.003545192 -0.0002345471 -0.00243907
v -0.003563596 -0.0001740382 -0.002386633
v -0.00348088 -0.0002718008 -0.002478055
v -0.003527059 0.0008748759 -0.002430841
v -0.003475658 0.0009353376 -0.002488879
v -0.003418406 0.0009822272 -0.002475594
v -0.0034649 -0.0002117035 -0.002409296
v -0.003382296 -0.0002582545 -0.002471754
v -0.003376859 0.00101676 -0.002468613
v -0.003322706 0.001060048 -0.002460502
v -0.003361307 -0.0002078329 -0.002411345
v -0.003386245 0.0009988091 -0.002405675
v -0.003289784 -0.0002388929 -0.002468458
v -0.003243084 0.001130183 -0.002429142
v -0.003225777 -0.0001974447 -0.00243817
v -0.003297703 -0.0002036434 -0.002417999
v -0.00328593 0.001082347 -0.002370865
v -0.003136777 -0.0001723622 -0.002442535
v -0.003191349 0.001180704 -0.002429964
v -0.003146781 0.001216817 -0.002461533
v -0.003090856 0.001255441 -0.002500233
v -0.003105107 -0.0001211763 -0.002397612
v -0.003057146 -0.0001602222 -0.002468379
v -0.003030206 0.00128742 -0.002470799
v -0.003001705 -0.0001409434 -0.002481633
v -0.00303715 -0.0001204601 -0.002431543
v -0.002976154 -0.00008995485 -0.00244406
v -0.002951988 0.001313976 -0.002458206
v -0.002919482 -0.00003217228 -0.002428242
v -0.002859155 0.001333782 -0.002448041
v -0.002860614 -0.00002059139 -0.002475904
v -0.002813758 0.00003153517 -0.002469584
v -0.002877438 0.00002177523 -0.002408158
v -0.002840606 0.00006921723 -0.002393144
v -0.002773244 0.0001032651 -0.002430334
v -0.002757559 0.001350144 -0.002444139
v -0.002695674 0.0001460045 -0.002480111
v -0.0026486 0.0002070061 -0.002448521
v -0.002655271 0.001360938 -0.002437019
v -0.002593653 0.0002565507 -0.002436107
v -0.00255082 0.001359608 -0.002410722
v -0.002534185 0.0002933874 -0.002490157
v -0.002478769 0.001377735 -0.002484718
v -0.002552325 0.0002956488 -0.002410473
v -0.002480051 0.0003494036 -0.002426034
v -0.002411716 0.001377336 -0.002484144
v -0.002408111 0.0004016758 -0.002451138
v -0.002367881 0.0004382812 -0.002442261
v -0.002444348 0.001354625 -0.002425091
v -0.002329668 0.0004842682 -0.002445989
v -0.002364306 0.001371057 -0.002494138
v -0.002283338 0.000556217 -0.002444882
v -0.002330058 0.001349994 -0.002484653
v -0.002353576 0.0004600028 -0.002392361
v -0.002370397 0.001301555 -0.002386668
v -0.002370287 0.001350891 -0.002453092
v -0.002242136 0.000637009 -0.002408034
v -0.002285117 0.001323004 -0.002506054
v -0.002203969 0.0006971081 -0.00247876
v -0.00215888 0.0009938936 -0.00239939
v -0.002208931 0.00123641 -0.002479514
v -0.002252558 0.001279388 -0.002474322
v -0.00226369 0.001231569 -0.002408478
v -0.002309092 0.001311328 -0.002450529
v -0.002171246 0.0007718322 -0.002450496
v -0.002129097 0.0009638618 -0.002454194
v -0.002163156 0.001060892 -0.002416846
v -0.002185634 0.001182634 -0.00246133
v -0.002146479 0.0008234571 -0.002478271
v -0.002129363 0.0009031259 -0.002473149
v -0.002133542 0.001103949 -0.002495188
v -0.002164109 0.0008117213 -0.002416868
v -0.002199594 0.00113322 -0.002407703
v -0.003794063 0.0002882085 -0.002407887
v -0.003767245 0.0002170548 -0.002351673
v -0.00375452 0.0003355454 -0.002353423
v -0.00372521 0.0000234975 -0.002349287
v -0.003747704 0.0001102539 -0.002334384
v -0.003757447 0.0001596711 -0.002334575
v -0.003754282 0.0004113337 -0.002389612
v -0.003715538 0.0004885692 -0.002360948
v -0.003759958 0.0002803578 -0.002346052
v -0.003691554 -0.00007582374 -0.002379198
v -0.003679454 0.0005304723 -0.002303204
v -0.003654569 0.0006039157 -0.002301945
v -0.003632465 0.0007012982 -0.002359493
v -0.003598492 0.0007727671 -0.00237763
v -0.003629794 -0.00001630506 -0.002305137
v -0.003718495 0.0002862229 -0.002287796
v -0.003684823 0.0004723971 -0.002280841
v -0.003607408 -0.0001031593 -0.002348239
v -0.003560197 0.0008174973 -0.00235401
v -0.00353951 -0.0001229931 -0.00233747
v -0.003545461 -0.00006383888 -0.002300589
v -0.003541717 0.00001466306 -0.002248707
v -0.003493674 -0.000157181 -0.002356969
v -0.003509876 0.0008682226 -0.002327699
v -0.003455648 0.0009343205 -0.002387746
v -0.003474929 -0.0001080981 -0.002317714
v -0.00346213 -0.00003970304 -0.002268303
v -0.003461921 0.000907705 -0.00229248
v -0.003416199 -0.0001588971 -0.002357957
v -0.003397922 0.0009649744 -0.002296656
v -0.00333459 0.001031757 -0.002344753
v -0.003381304 -0.00009725168 -0.002308794
v -0.003315048 -0.0001584977 -0.002370025
v -0.003276763 0.001068952 -0.002288505
v -0.003217464 -0.0001177283 -0.002355396
v -0.003237336 0.001119285 -0.002331274
v -0.003304772 -0.0001097821 -0.002326247
v -0.003135322 -0.00006480794 -0.002326305
v -0.003195829 0.001167131 -0.00236531
v -0.003156808 0.001205809 -0.002394133
v -0.003088895 0.001249523 -0.002395505
v -0.003150771 -0.000008665013 -0.002264226
v -0.003159592 0.00003220526 -0.002221713
v -0.003138636 0.001202667 -0.002328154
v -0.003052227 -0.00007438535 -0.002373973
v -0.003009163 0.001290677 -0.00239066
v -0.003041715 0.001269393 -0.00234547
v -0.002991656 -0.00002134097 -0.002356282
v -0.002926625 0.001313259 -0.002372279
v -0.002932263 0.00001455291 -0.002363334
v -0.002907737 0.00007103082 -0.002323686
v -0.002972357 0.00003735588 -0.002306879
v -0.002963441 0.00007114613 -0.002277922
v -0.002990251 0.001282134 -0.00231706
v -0.00283778 0.0001158916 -0.002338008
v -0.002821979 0.001330469 -0.0023488
v -0.002829571 0.0001627679 -0.002280241
v -0.002905775 0.001298555 -0.002286382
v -0.002789471 0.0001510813 -0.002341516
v -0.002725009 0.001348567 -0.002369328
v -0.00272714 0.0001867396 -0.002360614
v -0.002783966 0.0001797568 -0.002303075
v -0.002646772 0.0002404136 -0.002369648
v -0.00264772 0.001349757 -0.002348877
v -0.002595769 0.0002743235 -0.002372483
v -0.002627378 0.0002720473 -0.002319439
v -0.002563954 0.0003111458 -0.002328256
v -0.002578078 0.001340663 -0.002327468
v -0.002491388 0.0003642882 -0.002305287
v -0.002485792 0.001321869 -0.002337165
v -0.002407978 0.0004145022 -0.002362989
v -0.002403587 0.001262786 -0.002299925
v -0.002356305 0.0004661394 -0.002337795
v -0.002329187 0.001244225 -0.002345892
v -0.002315491 0.000516616 -0.002360392
v -0.002270403 0.0006015489 -0.002341262
v -0.002292798 0.00121097 -0.002346979
v -0.002335395 0.0005019014 -0.002288765
v -0.002329887 0.001199887 -0.002298773
v -0.002242397 0.0006644661 -0.002330677
v -0.002262782 0.001160938 -0.002344057
v -0.002220211 0.0007055853 -0.002366151
v -0.00219245 0.0007759568 -0.002382719
v -0.002188978 0.000947302 -0.002343461
v -0.002221044 0.001057409 -0.002335974
v -0.002233425 0.0007080985 -0.002300179
v -0.002294076 0.001127754 -0.002281033
v -0.002175017 0.0008366544 -0.002373518
v -0.002150459 0.0009235006 -0.002404867
v -0.00215223 0.0008615343 -0.0024151
v -0.002171794 0.0008838445 -0.002364844
v -0.00369624 0.0001033015 -0.002285921
v -0.003719591 0.0001795411 -0.002290632
v -0.00370901 0.000392367 -0.002295623
v -0.003662825 0.00005178788 -0.002282855
v -0.003666346 0.0002352501 -0.002225724
v -0.003693233 0.0003424652 -0.002253856
v -0.003669541 0.0004321682 -0.002235998
v -0.003608928 0.00005019135 -0.002252367
v -0.003666631 0.0003207185 -0.002216164
v -0.003645708 0.0005199073 -0.002223674
v -0.003631789 0.0005999961 -0.002232803
v -0.003612626 0.000670039 -0.002247997
v -0.003589187 0.0007533361 -0.002301951
v -0.003635813 0.0001070652 -0.002238396
v -0.003667088 0.0001603524 -0.002241691
v -0.00367443 0.0003769094 -0.002230115
v -0.003556209 0.0000997766 -0.002200932
v -0.003544975 0.0008071742 -0.002268508
v -0.003495069 0.00005953826 -0.002204201
v -0.003495714 0.0008573236 -0.002238773
v -0.003602982 0.0001863354 -0.00218404
v -0.003585364 0.0006793487 -0.002172982
v -0.00357135 0.0007398271 -0.002215906
v -0.003470791 0.00001787853 -0.002227447
v -0.003438015 0.0009062115 -0.002213537
v -0.003419326 8.340577e-7 -0.002232834
v -0.003420345 0.00005456379 -0.002192929
v -0.003384376 -0.00003756836 -0.00226104
v -0.00336942 0.0009556475 -0.002186799
v -0.003322748 0.001013501 -0.002243694
v -0.003346544 0.000009263154 -0.002223934
v -0.003340912 0.00006738536 -0.002174885
v -0.00330374 -0.00005833158 -0.002282816
v -0.003243559 0.001056701 -0.002189709
v -0.003215029 -0.00004133668 -0.002280751
v -0.003210985 0.00001475616 -0.002228629
v -0.003217928 0.001108104 -0.002249179
v -0.003182599 0.001155315 -0.002288349
v -0.003270895 -0.000006535588 -0.002240318
v -0.003273808 0.00004470596 -0.002195138
v -0.003193723 0.00006940756 -0.002181441
v -0.003120202 0.001185891 -0.002248661
v -0.003110744 0.00002640721 -0.002241583
v -0.003132309 0.00005947879 -0.002203019
v -0.003184895 0.001103192 -0.002183342
v -0.003161244 0.001141915 -0.002217343
v -0.003074538 -0.00001418329 -0.002299069
v -0.0030609 0.001238579 -0.002291651
v -0.00302378 0.0000201895 -0.002289755
v -0.003022556 0.00007055273 -0.002240705
v -0.003062989 0.00003211159 -0.002255789
v -0.00308741 0.00005956267 -0.002218539
v -0.002955652 0.0001040739 -0.002247522
v -0.00297331 0.001256491 -0.002237269
v -0.002892394 0.0001308271 -0.002265377
v -0.002943308 0.0001462977 -0.00220521
v -0.002885977 0.0001777253 -0.002206603
v -0.002874484 0.001273278 -0.002203294
v -0.00282856 0.001309213 -0.002262288
v -0.002792552 0.0002132489 -0.002234066
v -0.00273214 0.00132412 -0.002276896
v -0.002693305 0.0002456122 -0.002284825
v -0.002795683 0.001297011 -0.002215861
v -0.002641758 0.0002927017 -0.002243022
v -0.002635881 0.00133007 -0.002284146
v -0.002567627 0.0003420008 -0.002218325
v -0.002565783 0.001312782 -0.002268201
v -0.002525301 0.0003803982 -0.002165312
v -0.002497393 0.0003772147 -0.002229216
v -0.002489022 0.001282596 -0.002257204
v -0.002441609 0.0004086141 -0.002258837
v -0.002380592 0.0004566556 -0.00227397
v -0.002391683 0.001216674 -0.002251378
v -0.002440833 0.001245854 -0.002239342
v -0.002470885 0.0004054907 -0.002191376
v -0.00243867 0.00119778 -0.002192957
v -0.002487916 0.0012499 -0.002209122
v -0.002343747 0.0005166642 -0.002205283
v -0.002355685 0.001162597 -0.002238193
v -0.002296266 0.0005707504 -0.002259123
v -0.002258627 0.0006797163 -0.002242046
v -0.002324835 0.001116543 -0.002235359
v -0.002370743 0.001106452 -0.002183278
v -0.002238068 0.000735452 -0.002265807
v -0.002290962 0.001065717 -0.002247582
v -0.002221568 0.0007622142 -0.00230508
v -0.002211186 0.0008597622 -0.002306045
v -0.002245156 0.000974677 -0.002269986
v -0.00230131 0.0005748426 -0.002184416
v -0.002276124 0.000622682 -0.002189093
v -0.002251028 0.0007956101 -0.002224185
v -0.002270217 0.0009110018 -0.00220955
v -0.00231017 0.001009524 -0.002193899
v -0.003609833 0.0002903384 -0.002153895
v -0.003627969 0.0004043542 -0.002165862
v -0.003598227 0.0005142158 -0.002124041
v -0.003605526 0.0006042031 -0.002168662
v -0.003549344 0.0002484617 -0.00211187
v -0.003570051 0.0006534614 -0.002111689
v -0.00351513 0.0001750772 -0.002134187
v -0.003549958 0.0007238812 -0.002135762
v -0.003526257 0.0007951333 -0.002182773
v -0.003474872 0.0008475837 -0.002154351
v -0.003565696 0.0002985681 -0.002100431
v -0.003573277 0.0003535582 -0.002093596
v -0.003570913 0.0004401704 -0.002075351
v -0.003469241 0.0001118766 -0.002160107
v -0.003410361 0.0008924556 -0.002114502
v -0.003428402 0.0001704285 -0.002100539
v -0.003458321 0.0008369733 -0.00208977
v -0.003380912 0.0001142585 -0.002138192
v -0.003333012 0.0009480511 -0.002098775
v -0.003298022 0.0009982695 -0.002151512
v -0.003338616 0.0001689563 -0.002078734
v -0.003273007 0.0001125141 -0.00213219
v -0.003228934 0.001022511 -0.00210085
v -0.003262831 0.0001716326 -0.002067658
v -0.003275564 0.0009839316 -0.002085194
v -0.003192567 0.0001108525 -0.002140971
v -0.003155929 0.001076959 -0.002109391
v -0.00312974 0.00112912 -0.002155141
v -0.003109515 0.001164718 -0.002189393
v -0.003111522 0.0001085367 -0.002162554
v -0.00304372 0.001201776 -0.002193153
v -0.003010506 0.0001294946 -0.002183225
v -0.003058206 0.0001587014 -0.00212368
v -0.003073546 0.001124051 -0.002096836
v -0.003074299 0.001158956 -0.002145556
v -0.002976043 0.0001841365 -0.002133076
v -0.002943997 0.001224316 -0.002156758
v -0.002999509 0.00116927 -0.002107449
v -0.002886077 0.0002234656 -0.002131858
v -0.002861054 0.001236683 -0.002135712
v -0.002896524 0.001193159 -0.002089569
v -0.002810551 0.0002566099 -0.002129012
v -0.002795413 0.0012651 -0.002160546
v -0.002728642 0.000269376 -0.002185684
v -0.002737689 0.001292056 -0.002198518
v -0.002762068 0.0002892558 -0.002105659
v -0.002785832 0.001212836 -0.002091803
v -0.002674765 0.0003238954 -0.002121902
v -0.002649758 0.001295456 -0.00221492
v -0.002588093 0.0003607445 -0.002130325
v -0.002667948 0.001205553 -0.002089637
v -0.002708369 0.001256637 -0.002146506
v -0.002552436 0.0003904179 -0.002100477
v -0.002553729 0.001273694 -0.002207205
v -0.002492523 0.001194031 -0.002145707
v -0.002521737 0.001227977 -0.002164751
v -0.00255323 0.001182913 -0.002103574
v -0.00260909 0.001244684 -0.002150465
v -0.002486969 0.0004232556 -0.002117143
v -0.002461266 0.001152745 -0.002134037
v -0.00241588 0.000453653 -0.00218052
v -0.002428637 0.001095596 -0.002114553
v -0.002493048 0.001120527 -0.002080458
v -0.002378622 0.0005104232 -0.002125404
v -0.002375459 0.00103623 -0.00212757
v -0.002285398 0.0007561817 -0.002117261
v -0.002297215 0.0008669654 -0.002138766
v -0.002326797 0.0009573185 -0.002138557
v -0.002325418 0.0008514633 -0.002069119
v -0.002328508 0.0005704826 -0.002121563
v -0.002269268 0.0006744528 -0.002160924
v -0.002289025 0.0006062379 -0.002148389
v -0.002275404 0.0006411457 -0.002143739
v -0.002295685 0.0006323793 -0.002107443
v -0.002279701 0.0006774301 -0.002118374
v -0.002297441 0.000773283 -0.002064733
v -0.003574417 0.0005909691 -0.002089922
v -0.003548434 0.0005314917 -0.002041996
v -0.003557505 0.0006346757 -0.002071091
v -0.003519791 0.0003116932 -0.002053593
v -0.003530294 0.0003905802 -0.002031407
v -0.003530628 0.0004587058 -0.002017164
v -0.003524112 0.0006836997 -0.002053681
v -0.003498729 0.0007823892 -0.002096216
v -0.003544816 0.0006091879 -0.002045571
v -0.003465454 0.0002414874 -0.002060386
v -0.003465023 0.0008085475 -0.002057767
v -0.003423149 0.0008385928 -0.002037175
v -0.003456212 0.0003048792 -0.002007375
v -0.003478552 0.000362931 -0.001991634
v -0.003491049 0.0004323849 -0.001979345
v -0.003474955 0.0006877132 -0.001989002
v -0.00346345 0.0007638077 -0.002019898
v -0.00338403 0.0002165704 -0.002043941
v -0.003353451 0.0008944827 -0.002028237
v -0.00338058 0.0008494146 -0.001991345
v -0.003290022 0.0002321973 -0.002003819
v -0.003276672 0.0009483412 -0.002026673
v -0.003215601 0.0001957479 -0.002040293
v -0.003231267 0.0009914119 -0.002046519
v -0.003279597 0.0002769039 -0.001948766
v -0.003190412 0.0001506278 -0.00209647
v -0.003157326 0.001017966 -0.002022034
v -0.003118379 0.0001630838 -0.002095871
v -0.003155479 0.0001902252 -0.002053824
v -0.003210762 0.0009723873 -0.001999096
v -0.003076438 0.0002057496 -0.002056763
v -0.003057818 0.00107721 -0.002025024
v -0.003010389 0.001125996 -0.002053096
v -0.002975057 0.0002450359 -0.002041053
v -0.002938231 0.001145457 -0.002042045
v -0.002927084 0.0002929052 -0.001986847
v -0.002975566 0.001106514 -0.00200972
v -0.002878548 0.0002652988 -0.002059331
v -0.002841486 0.001156604 -0.002029373
v -0.002817311 0.0002842377 -0.002066209
v -0.002855278 0.000299036 -0.002014523
v -0.002899538 0.001109523 -0.001985592
v -0.002780162 0.0003202796 -0.002031127
v -0.00272416 0.001153908 -0.002022682
v -0.002801768 0.001108204 -0.001969101
v -0.002707453 0.000353819 -0.002020456
v -0.002626853 0.00115975 -0.002047336
v -0.0026264 0.0003795891 -0.002044542
v -0.002679123 0.0003746259 -0.002000271
v -0.002544118 0.0004221637 -0.002045038
v -0.002559383 0.00112734 -0.0020431
v -0.002511251 0.001095655 -0.002044344
v -0.002523476 0.0004705878 -0.001988454
v -0.002505456 0.0009230047 -0.001925652
v -0.002544763 0.001071836 -0.002004639
v -0.002486458 0.0004545889 -0.002049817
v -0.002451855 0.001047672 -0.002058414
v -0.002433276 0.0004778561 -0.002086863
v -0.002358183 0.0008689166 -0.002028944
v -0.002460344 0.0004956319 -0.002018163
v -0.002410799 0.0008818426 -0.001985451
v -0.002490247 0.0009891578 -0.001983651
v -0.002395902 0.0005495144 -0.002035483
v -0.002344186 0.0008318353 -0.002025058
v -0.002366241 0.0008994532 -0.002040232
v -0.002378837 0.0009870849 -0.002087991
v -0.002336724 0.0006216872 -0.002051361
v -0.00230525 0.0006873582 -0.002069555
v -0.002346892 0.0009225473 -0.002084242
v -0.002365625 0.0007848814 -0.001985921
v -0.002405217 0.000957883 -0.00203873
v -0.002314148 0.000752411 -0.00204216
v -0.002308078 0.0007991432 -0.002057718
v -0.002304812 0.0007805181 -0.002047377
v -0.002322201 0.0007913613 -0.002030293
v -0.003499174 0.0006054024 -0.001992948
v -0.003496242 0.0005099014 -0.001978656
v -0.003443574 0.0006519674 -0.001947231
v -0.003417704 0.0003448286 -0.001958524
v -0.00343808 0.0004115551 -0.001942963
v -0.003452686 0.0004768021 -0.001940769
v -0.003423383 0.0007271589 -0.001955032
v -0.003406148 0.000800545 -0.001977505
v -0.003433596 0.0005650501 -0.001928333
v -0.003385191 0.0002779611 -0.001989849
v -0.003363515 0.0008292785 -0.001956463
v -0.003316334 0.0002871314 -0.001951487
v -0.003342402 0.0008650296 -0.001972315
v -0.003348125 0.0003372988 -0.001928458
v -0.00338205 0.0003936992 -0.001915981
v -0.003386572 0.0004769401 -0.001899612
v -0.003363553 0.0005699824 -0.001879465
v -0.003366868 0.0006716506 -0.001896924
v -0.003362694 0.0007753901 -0.001928378
v -0.00326667 0.0003256535 -0.001907491
v -0.003290679 0.0008950332 -0.001968824
v -0.003236742 0.0002735404 -0.001949298
v -0.003286387 0.0007699503 -0.001880295
v -0.003312677 0.0008376864 -0.001931198
v -0.003174541 0.0002371956 -0.001995271
v -0.003230885 0.0009321962 -0.001965665
v -0.003153482 0.0009577269 -0.001940812
v -0.003163574 0.0003084511 -0.001912469
v -0.003158198 0.0003604586 -0.001859182
v -0.003209756 0.0007982989 -0.00185149
v -0.003218811 0.0008711684 -0.001903418
v -0.003076637 0.0002650451 -0.001976486
v -0.003056643 0.00101153 -0.001942136
v -0.003003831 0.000287813 -0.001963727
v -0.003061539 0.0003183909 -0.001912637
v -0.003108914 0.0003519577 -0.001870604
v -0.003081512 0.0009631218 -0.001897115
v -0.002974998 0.0003308876 -0.001919906
v -0.002968705 0.001064127 -0.001959593
v -0.00287148 0.0003451149 -0.001940731
v -0.002871033 0.00105939 -0.001926489
v -0.002816083 0.0004068918 -0.001886722
v -0.002770736 0.0003647611 -0.001960276
v -0.002762241 0.001048118 -0.001910093
v -0.002712287 0.0003767158 -0.00197286
v -0.002714223 0.001099328 -0.001963275
v -0.002731327 0.0004062682 -0.001923948
v -0.002746528 0.0004600673 -0.001862198
v -0.002669653 0.000400318 -0.001969207
v -0.00263151 0.001109794 -0.001995207
v -0.002601085 0.0004332628 -0.001976377
v -0.002552468 0.0008730769 -0.001862099
v -0.002600534 0.001071791 -0.001969904
v -0.002666539 0.0004512747 -0.001910193
v -0.002653932 0.001054946 -0.001936179
v -0.002582033 0.000495875 -0.001915178
v -0.00247098 0.0008444404 -0.001910237
v -0.002568182 0.000944139 -0.001892187
v -0.002574028 0.001031993 -0.001952859
v -0.002548721 0.000981289 -0.001930094
v -0.002510292 0.0008015562 -0.001859074
v -0.002609885 0.0009939841 -0.001903992
v -0.002481762 0.0005428506 -0.00194169
v -0.002415553 0.0008109838 -0.001942455
v -0.002401222 0.0007745909 -0.001940747
v -0.002446631 0.000614907 -0.001907075
v -0.002444555 0.0007612504 -0.001899945
v -0.002414455 0.0005881229 -0.00196212
v -0.002393538 0.0007383525 -0.001944005
v -0.002374797 0.000614087 -0.00199511
v -0.002357888 0.0006886004 -0.001991597
v -0.002397536 0.0006352644 -0.001950446
v -0.00241902 0.0006832857 -0.001915747
v -0.003303598 0.0004139363 -0.001874782
v -0.00330767 0.0005245648 -0.00185231
v -0.003305092 0.0006174796 -0.001848306
v -0.003289869 0.0006908436 -0.001851337
v -0.003254672 0.0003743342 -0.001867381
v -0.003229592 0.0007297001 -0.00183354
v -0.00321048 0.0003592891 -0.001865966
v -0.003226093 0.0004121331 -0.001842702
v -0.003231379 0.0004912936 -0.001826922
v -0.003235317 0.0005890095 -0.001818827
v -0.00324782 0.000661713 -0.001825432
v -0.003177517 0.0003954604 -0.001838259
v -0.003166231 0.0007686866 -0.001821725
v -0.003142383 0.0008398068 -0.001843562
v -0.003118447 0.0009129322 -0.001876158
v -0.003160432 0.0004579064 -0.001816071
v -0.003136161 0.000564049 -0.001790635
v -0.003166063 0.0006804031 -0.001803786
v -0.003118138 0.0004045922 -0.001834611
v -0.003056182 0.0009391155 -0.0018631
v -0.003032566 0.0003852459 -0.001858546
v -0.003027713 0.0009752008 -0.001883509
v -0.003055722 0.0004964948 -0.001796294
v -0.003055705 0.0006599577 -0.001772414
v -0.00307843 0.0007846612 -0.001803382
v -0.003061966 0.0008843698 -0.001835221
v -0.002945801 0.0003764586 -0.00187974
v -0.002953075 0.001002431 -0.001889946
v -0.0028925 0.000397975 -0.001871119
v -0.002948418 0.0004426934 -0.001828276
v -0.002956031 0.0005211461 -0.001786041
v -0.002991876 0.0005945707 -0.001764689
v -0.002955259 0.0006910646 -0.001759692
v -0.002970955 0.0007734896 -0.001776651
v -0.002983802 0.000867126 -0.00180884
v -0.002997778 0.0009389232 -0.001847215
v -0.002870927 0.000439542 -0.001839559
v -0.002845634 0.0009994438 -0.001868197
v -0.002817181 0.0004632572 -0.001834481
v -0.002869361 0.0005076788 -0.001798893
v -0.002903254 0.0005767664 -0.001767998
v -0.002887859 0.0006580564 -0.001754233
v -0.002866078 0.0007623891 -0.001758861
v -0.002887069 0.0008579277 -0.001790379
v -0.00291258 0.0009379538 -0.001832498
v -0.00277286 0.0005225137 -0.001807796
v -0.002766124 0.0009859456 -0.001855763
v -0.002779137 0.000847751 -0.001777465
v -0.002817285 0.0009315538 -0.001819973
v -0.002666987 0.00053421 -0.001835757
v -0.002689677 0.0009947959 -0.001876631
v -0.002587073 0.0007861056 -0.001798043
v -0.002607263 0.0008616502 -0.001820112
v -0.002629689 0.0009252174 -0.001849047
v -0.002607224 0.0006226915 -0.001803934
v -0.002667333 0.0008464715 -0.001786286
v -0.002723176 0.0009274094 -0.001823466
v -0.002559745 0.0005651658 -0.001862945
v -0.002507287 0.0007344073 -0.001842429
v -0.002498027 0.000591706 -0.001876711
v -0.002531742 0.0006249194 -0.001837415
v -0.002555848 0.000689045 -0.001810888
v -0.002616514 0.000781009 -0.001759588
v -0.002483711 0.0006285053 -0.001862244
v -0.002462461 0.0006997195 -0.0018707
v -0.002458659 0.0006567333 -0.001874743
v -0.002497523 0.0006700774 -0.001844125
v -0.00308173 0.0005898675 -0.001765075
v -0.003081952 0.0005565304 -0.001769925
v -0.003052735 0.0005960642 -0.001759891
v -0.003052956 0.0005627272 -0.001764741
v -0.003069923 0.0005754976 -0.00175957
v -0.00280223 0.0006104984 -0.001763826
v -0.00280354 0.0007108399 -0.001745132
v -0.00278238 0.0007773858 -0.001748517
v -0.002725871 0.0005799482 -0.001783629
v -0.002722448 0.000799252 -0.001751149
v -0.002673043 0.0006042341 -0.001783227
v -0.002710316 0.0006417967 -0.001758135
v -0.002737709 0.0006974576 -0.001742586
v -0.002747432 0.000750543 -0.001739236
v -0.002654282 0.0006552439 -0.001766881
v -0.00267249 0.0007961237 -0.001750177
v -0.002615013 0.0007031435 -0.001774383
v -0.002669061 0.0007114789 -0.001747989
v -0.002698265 0.0007559281 -0.0017396
v -0.002625844 0.0007560028 -0.00175601
v -0.002634786 0.0007953213 -0.001758797
v -0.002629485 0.0007773538 -0.001748559
v -0.002652401 0.0007675908 -0.001744
f 1 8 14
f 8 1 15
f 2 16 21
f 14 17 1
f 16 2 22
f 15 1 17
f 2 21 23
f 22 2 23
f 3 32 36
f 32 3 37
f 4 3 36
f 40 4 36
f 41 37 3
f 4 41 3
f 5 42 48
f 40 42 5
f 40 5 4
f 4 5 6
f 43 41 4
f 43 4 7
f 7 4 6
f 43 7 49
f 9 50 55
f 48 50 9
f 48 9 5
f 5 9 10
f 6 5 11
f 11 5 10
f 7 6 12
f 12 6 11
f 51 49 7
f 51 7 13
f 13 7 12
f 51 13 56
f 18 9 55
f 59 18 55
f 8 18 14
f 8 10 18
f 10 9 18
f 15 10 8
f 15 19 10
f 19 11 10
f 12 11 20
f 20 11 19
f 60 57 13
f 60 13 20
f 20 13 12
f 56 13 57
f 24 61 67
f 24 25 62
f 61 24 62
f 59 62 25
f 18 59 25
f 18 25 21
f 18 21 16
f 22 18 16
f 22 26 18
f 14 18 17
f 17 18 26
f 17 19 15
f 17 26 19
f 26 27 19
f 68 63 20
f 68 20 27
f 27 20 19
f 60 20 63
f 24 67 69
f 69 76 28
f 69 28 24
f 24 28 25
f 21 25 28
f 21 28 70
f 21 70 23
f 70 28 77
f 26 22 23
f 26 23 71
f 71 23 70
f 27 26 71
f 72 27 71
f 68 27 72
f 28 76 78
f 77 28 78
f 29 82 86
f 29 30 83
f 82 29 83
f 83 30 87
f 29 86 88
f 88 91 31
f 88 31 29
f 29 31 30
f 92 87 30
f 31 92 30
f 33 93 98
f 91 93 33
f 91 33 31
f 31 33 34
f 94 92 31
f 94 31 35
f 35 31 34
f 94 35 99
f 38 33 98
f 103 38 98
f 32 38 36
f 32 34 38
f 34 33 38
f 37 34 32
f 37 39 34
f 39 35 34
f 104 99 35
f 39 104 35
f 44 105 111
f 103 105 44
f 103 44 38
f 38 44 45
f 36 45 40
f 38 45 36
f 39 41 46
f 37 41 39
f 106 104 39
f 106 39 47
f 47 39 46
f 106 47 112
f 52 113 117
f 111 113 52
f 111 52 44
f 44 52 53
f 42 53 48
f 42 45 53
f 45 44 53
f 40 45 42
f 41 43 46
f 49 46 43
f 49 54 46
f 54 47 46
f 118 112 47
f 54 118 47
f 58 52 117
f 121 58 117
f 50 58 55
f 50 53 58
f 53 52 58
f 48 53 50
f 49 51 54
f 54 51 56
f 54 56 118
f 118 56 122
f 64 123 127
f 121 123 64
f 121 64 58
f 58 64 65
f 55 65 59
f 58 65 55
f 57 60 66
f 57 66 128
f 57 128 56
f 56 128 122
f 73 129 135
f 73 74 130
f 129 73 130
f 127 130 74
f 64 127 74
f 64 74 67
f 64 67 61
f 62 64 61
f 65 64 62
f 59 65 62
f 63 68 75
f 63 75 136
f 60 63 136
f 60 136 131
f 60 131 66
f 128 66 131
f 73 135 137
f 74 73 137
f 138 74 137
f 67 74 138
f 67 138 69
f 69 138 139
f 139 76 69
f 141 76 139
f 70 77 79
f 70 80 71
f 79 80 70
f 71 81 72
f 80 81 71
f 72 81 142
f 68 72 142
f 68 142 140
f 68 140 75
f 136 75 140
f 76 141 143
f 78 76 143
f 79 77 78
f 79 78 144
f 144 78 143
f 80 79 144
f 145 80 144
f 81 80 145
f 146 81 145
f 142 81 146
f 84 155 159
f 84 85 156
f 155 84 156
f 156 85 160
f 89 161 166
f 159 161 89
f 84 159 89
f 84 89 86
f 84 86 82
f 83 84 82
f 85 84 83
f 87 90 162
f 83 87 162
f 83 162 160
f 83 160 85
f 162 90 167
f 95 89 166
f 171 95 166
f 86 96 88
f 86 89 96
f 89 95 96
f 88 96 91
f 90 92 97
f 87 92 90
f 172 167 90
f 97 172 90
f 100 173 180
f 171 173 100
f 171 100 95
f 95 100 101
f 93 101 98
f 93 96 101
f 96 95 101
f 91 96 93
f 92 94 97
f 99 102 174
f 94 99 174
f 94 174 172
f 94 172 97
f 174 102 181
f 107 182 186
f 180 182 107
f 180 107 100
f 100 107 108
f 101 100 109
f 109 100 108
f 98 109 103
f 101 109 98
f 102 104 110
f 99 104 102
f 187 181 102
f 110 187 102
f 114 188 192
f 186 188 114
f 186 114 107
f 107 114 115
f 108 107 116
f 116 107 115
f 105 116 111
f 105 109 116
f 109 108 116
f 103 109 105
f 104 106 110
f 110 106 112
f 110 112 187
f 187 112 193
f 119 114 192
f 197 119 192
f 115 114 120
f 120 114 119
f 113 120 117
f 113 116 120
f 116 115 120
f 111 116 113
f 112 118 193
f 193 118 198
f 124 199 204
f 197 199 124
f 197 124 119
f 119 124 125
f 120 119 126
f 126 119 125
f 117 126 121
f 120 126 117
f 118 122 198
f 198 122 205
f 132 206 210
f 204 206 132
f 204 132 124
f 124 132 133
f 125 124 134
f 134 124 133
f 123 134 127
f 123 126 134
f 126 125 134
f 121 126 123
f 122 128 205
f 205 128 211
f 132 210 212
f 129 216 135
f 129 132 216
f 129 133 132
f 132 212 216
f 130 133 129
f 134 133 130
f 127 134 130
f 131 217 213
f 136 217 131
f 211 128 131
f 213 211 131
f 135 216 218
f 137 135 218
f 147 218 220
f 147 138 218
f 138 137 218
f 138 148 139
f 147 148 138
f 139 148 141
f 140 142 149
f 140 149 221
f 140 221 136
f 136 221 217
f 147 220 222
f 222 227 150
f 222 150 147
f 147 150 148
f 141 151 143
f 141 148 151
f 148 150 151
f 143 152 144
f 151 152 143
f 144 153 145
f 152 153 144
f 145 154 146
f 153 154 145
f 146 154 228
f 142 146 228
f 142 228 223
f 142 223 149
f 221 149 223
f 150 227 229
f 151 150 229
f 230 151 229
f 152 151 230
f 231 152 230
f 153 152 231
f 232 153 231
f 154 153 232
f 233 154 232
f 228 154 233
f 157 237 242
f 157 158 238
f 237 157 238
f 238 158 243
f 163 244 251
f 242 244 163
f 242 163 157
f 157 163 164
f 155 164 159
f 155 158 164
f 158 157 164
f 158 245 243
f 158 155 245
f 155 156 245
f 160 165 246
f 160 246 156
f 156 246 245
f 246 165 252
f 168 253 258
f 251 253 168
f 251 168 163
f 163 168 169
f 161 169 166
f 161 164 169
f 164 163 169
f 159 164 161
f 160 162 165
f 167 170 254
f 162 167 254
f 162 254 252
f 162 252 165
f 254 170 259
f 175 260 265
f 258 260 175
f 258 175 168
f 168 175 176
f 169 168 177
f 177 168 176
f 166 177 171
f 169 177 166
f 170 172 178
f 167 172 170
f 261 259 170
f 261 170 179
f 179 170 178
f 261 179 266
f 183 175 265
f 270 183 265
f 176 175 184
f 184 175 183
f 173 184 180
f 173 177 184
f 177 176 184
f 171 177 173
f 172 174 178
f 181 178 174
f 181 185 178
f 185 179 178
f 271 266 179
f 185 271 179
f 189 272 276
f 270 272 189
f 270 189 183
f 183 189 190
f 182 190 186
f 182 184 190
f 184 183 190
f 180 184 182
f 185 187 191
f 181 187 185
f 277 271 185
f 191 277 185
f 194 278 282
f 276 278 194
f 276 194 189
f 189 194 195
f 188 195 192
f 188 190 195
f 190 189 195
f 186 190 188
f 191 193 196
f 187 193 191
f 283 277 191
f 196 283 191
f 200 284 287
f 282 284 200
f 282 200 194
f 194 200 201
f 195 194 202
f 202 194 201
f 192 202 197
f 195 202 192
f 196 198 203
f 193 198 196
f 288 283 196
f 203 288 196
f 207 200 287
f 289 207 287
f 201 200 208
f 208 200 207
f 199 208 204
f 199 202 208
f 202 201 208
f 197 202 199
f 203 205 209
f 198 205 203
f 290 288 203
f 209 290 203
f 214 207 289
f 294 214 289
f 206 215 210
f 208 214 291
f 208 207 214
f 214 295 291
f 291 204 208
f 291 296 204
f 206 204 215
f 215 204 296
f 209 297 292
f 209 205 297
f 205 211 297
f 290 209 292
f 214 294 298
f 210 215 212
f 214 298 295
f 215 216 212
f 215 296 216
f 296 303 216
f 219 304 299
f 219 213 217
f 219 299 213
f 299 300 213
f 297 211 213
f 300 297 213
f 224 218 216
f 224 216 309
f 309 216 303
f 218 224 220
f 225 310 305
f 304 225 305
f 304 219 225
f 219 226 225
f 217 221 226
f 219 217 226
f 224 309 311
f 234 311 317
f 222 311 234
f 222 224 311
f 222 220 224
f 222 234 227
f 235 318 312
f 310 235 312
f 310 225 235
f 225 236 235
f 223 228 236
f 223 236 226
f 226 236 225
f 221 223 226
f 234 317 319
f 227 234 319
f 227 319 229
f 229 319 320
f 230 229 321
f 229 320 321
f 231 230 322
f 230 321 322
f 318 235 232
f 318 232 322
f 322 232 231
f 233 232 235
f 236 233 235
f 228 233 236
f 239 327 335
f 239 240 328
f 327 239 328
f 240 241 329
f 328 240 329
f 329 241 336
f 247 337 342
f 335 337 247
f 335 247 239
f 239 247 248
f 237 248 242
f 237 240 248
f 240 239 248
f 238 240 237
f 241 240 238
f 243 249 338
f 238 243 338
f 238 338 336
f 238 336 241
f 249 250 339
f 338 249 339
f 339 250 343
f 255 344 348
f 342 344 255
f 342 255 247
f 247 255 256
f 244 256 251
f 244 248 256
f 248 247 256
f 242 248 244
f 243 245 249
f 246 249 245
f 250 249 246
f 252 257 345
f 246 252 345
f 246 345 343
f 246 343 250
f 345 257 349
f 262 350 354
f 348 350 262
f 348 262 255
f 255 262 263
f 253 263 258
f 253 256 263
f 256 255 263
f 251 256 253
f 252 254 257
f 259 264 351
f 254 259 351
f 254 351 349
f 254 349 257
f 351 264 355
f 267 356 360
f 354 356 267
f 354 267 262
f 262 267 268
f 260 268 265
f 260 263 268
f 263 262 268
f 258 263 260
f 259 261 264
f 266 269 357
f 261 266 357
f 261 357 355
f 261 355 264
f 357 269 361
f 273 267 360
f 363 273 360
f 268 267 274
f 274 267 273
f 265 274 270
f 268 274 265
f 269 271 275
f 266 271 269
f 364 361 269
f 275 364 269
f 279 365 368
f 363 365 279
f 363 279 273
f 273 279 280
f 272 280 276
f 272 274 280
f 274 273 280
f 270 274 272
f 275 277 281
f 271 277 275
f 369 364 275
f 281 369 275
f 285 279 368
f 371 285 368
f 278 285 282
f 278 280 285
f 280 279 285
f 276 280 278
f 281 283 286
f 277 283 281
f 372 369 281
f 286 372 281
f 284 285 371
f 284 371 287
f 287 371 374
f 282 285 284
f 286 375 373
f 286 283 375
f 283 288 375
f 372 286 373
f 376 293 289
f 376 289 374
f 374 289 287
f 376 379 293
f 288 290 375
f 375 290 380
f 293 301 294
f 289 293 294
f 383 291 379
f 383 302 291
f 379 291 293
f 295 301 291
f 293 291 301
f 291 302 296
f 292 384 381
f 297 384 292
f 380 290 292
f 381 380 292
f 294 301 298
f 302 383 385
f 295 298 301
f 385 296 302
f 385 388 296
f 388 303 296
f 306 389 386
f 306 299 304
f 306 386 299
f 307 299 390
f 390 299 386
f 299 308 300
f 307 308 299
f 300 308 391
f 300 391 297
f 297 391 384
f 392 313 309
f 392 309 388
f 388 309 303
f 313 393 314
f 392 393 313
f 393 403 314
f 315 404 394
f 315 395 316
f 394 395 315
f 389 316 395
f 306 316 389
f 306 310 316
f 306 305 310
f 307 390 396
f 304 305 306
f 308 307 396
f 397 308 396
f 391 308 397
f 309 313 311
f 317 311 313
f 317 313 323
f 323 313 314
f 405 314 403
f 405 324 314
f 324 323 314
f 324 406 325
f 405 406 324
f 404 325 406
f 404 315 325
f 315 326 325
f 312 318 326
f 312 326 316
f 316 326 315
f 310 312 316
f 317 323 319
f 320 319 323
f 324 320 323
f 321 320 324
f 325 321 324
f 322 321 325
f 326 322 325
f 318 322 326
f 330 411 418
f 330 331 412
f 411 330 412
f 331 332 413
f 412 331 413
f 332 333 414
f 413 332 414
f 333 334 415
f 414 333 415
f 415 334 419
f 340 330 418
f 421 340 418
f 331 330 341
f 341 330 340
f 327 341 335
f 327 332 341
f 332 331 341
f 328 332 327
f 333 332 328
f 329 333 328
f 334 333 329
f 334 329 336
f 334 336 419
f 419 336 422
f 346 423 430
f 421 423 346
f 421 346 340
f 340 346 347
f 337 347 342
f 337 341 347
f 341 340 347
f 335 341 337
f 336 424 422
f 338 424 336
f 339 425 338
f 338 425 424
f 425 339 343
f 431 425 343
f 352 346 430
f 437 352 430
f 344 352 348
f 344 347 352
f 347 346 352
f 342 347 344
f 343 432 431
f 345 432 343
f 349 353 433
f 349 433 345
f 345 433 432
f 433 353 438
f 358 439 443
f 437 439 358
f 352 437 358
f 352 358 354
f 352 354 350
f 348 352 350
f 349 351 353
f 355 359 440
f 351 355 440
f 351 440 438
f 351 438 353
f 440 359 444
f 362 445 448
f 443 445 362
f 358 443 362
f 358 362 360
f 358 360 356
f 354 358 356
f 355 357 359
f 359 357 361
f 359 361 444
f 444 361 449
f 366 450 452
f 448 450 366
f 448 366 362
f 362 366 367
f 360 367 363
f 362 367 360
f 361 364 449
f 449 364 453
f 370 366 452
f 455 370 452
f 365 370 368
f 365 367 370
f 367 366 370
f 363 367 365
f 364 369 453
f 453 369 456
f 370 455 457
f 457 368 370
f 457 460 368
f 460 371 368
f 369 372 456
f 456 372 461
f 371 460 374
f 460 464 374
f 373 375 377
f 462 461 372
f 462 372 377
f 462 377 378
f 377 372 373
f 462 378 465
f 374 464 466
f 376 374 466
f 466 379 376
f 469 379 466
f 377 380 382
f 375 380 377
f 470 467 378
f 470 378 382
f 382 378 377
f 465 378 467
f 379 469 383
f 469 474 383
f 381 384 387
f 381 387 475
f 380 381 475
f 380 475 471
f 380 471 382
f 470 382 471
f 383 474 476
f 385 383 476
f 388 477 398
f 388 385 477
f 385 476 477
f 477 487 398
f 386 389 399
f 488 386 399
f 488 478 386
f 390 386 400
f 400 386 478
f 400 479 401
f 478 479 400
f 387 479 480
f 387 391 479
f 387 384 391
f 391 401 479
f 481 489 402
f 475 387 480
f 481 402 490
f 388 398 392
f 398 487 491
f 398 491 392
f 392 491 393
f 403 492 407
f 403 393 492
f 393 491 492
f 407 493 408
f 492 493 407
f 408 394 404
f 408 493 394
f 493 494 394
f 395 394 495
f 394 494 495
f 399 389 395
f 399 395 496
f 496 395 495
f 390 400 396
f 399 496 488
f 397 396 400
f 401 397 400
f 391 397 401
f 409 402 489
f 504 409 489
f 497 490 402
f 497 402 410
f 410 402 409
f 497 410 505
f 403 407 405
f 406 405 407
f 408 406 407
f 404 406 408
f 409 504 506
f 410 409 506
f 507 410 506
f 505 410 507
f 416 521 523
f 416 417 522
f 521 416 522
f 522 417 524
f 420 525 531
f 523 525 420
f 416 523 420
f 416 420 418
f 416 418 411
f 412 416 411
f 417 416 412
f 417 526 524
f 417 412 526
f 412 413 526
f 414 527 413
f 413 527 526
f 415 528 414
f 414 528 527
f 528 415 419
f 532 528 419
f 426 533 538
f 531 533 426
f 531 426 420
f 420 426 427
f 418 427 421
f 420 427 418
f 534 422 428
f 534 532 422
f 532 419 422
f 428 429 535
f 534 428 535
f 535 429 539
f 434 540 544
f 538 540 434
f 538 434 426
f 426 434 435
f 423 435 430
f 423 427 435
f 427 426 435
f 421 427 423
f 422 424 428
f 425 428 424
f 429 428 425
f 431 436 541
f 425 431 541
f 425 541 539
f 425 539 429
f 541 436 545
f 441 434 544
f 549 441 544
f 435 434 442
f 442 434 441
f 430 442 437
f 435 442 430
f 431 432 436
f 436 546 545
f 436 432 546
f 432 433 546
f 546 433 438
f 550 546 438
f 446 551 554
f 549 551 446
f 549 446 441
f 441 446 447
f 439 447 443
f 439 442 447
f 442 441 447
f 437 442 439
f 438 552 550
f 440 552 438
f 552 440 444
f 555 552 444
f 451 446 554
f 556 451 554
f 445 451 448
f 445 447 451
f 447 446 451
f 443 447 445
f 444 449 555
f 555 449 557
f 450 451 556
f 450 556 452
f 452 556 560
f 448 451 450
f 558 453 454
f 558 557 453
f 557 449 453
f 558 454 561
f 562 458 455
f 562 455 560
f 560 455 452
f 562 564 458
f 454 456 459
f 453 456 454
f 565 561 454
f 459 565 454
f 455 458 457
f 458 460 457
f 458 564 460
f 564 566 460
f 459 461 463
f 456 461 459
f 567 565 459
f 463 567 459
f 460 566 464
f 566 569 464
f 461 462 463
f 465 468 568
f 462 465 568
f 462 568 567
f 462 567 463
f 568 468 570
f 464 569 571
f 466 464 571
f 571 469 466
f 573 469 571
f 467 470 472
f 467 468 465
f 467 472 468
f 472 473 468
f 574 570 468
f 473 574 468
f 575 482 474
f 575 474 573
f 573 474 469
f 482 576 483
f 575 576 482
f 576 577 483
f 471 475 484
f 471 472 470
f 471 484 472
f 484 485 472
f 473 472 486
f 486 472 485
f 578 574 473
f 486 578 473
f 474 482 476
f 477 476 482
f 483 477 482
f 487 579 498
f 477 579 487
f 477 577 579
f 477 483 577
f 579 580 498
f 478 488 499
f 478 500 479
f 499 500 478
f 479 501 480
f 500 501 479
f 480 484 475
f 480 501 484
f 481 484 489
f 489 484 501
f 490 484 481
f 490 502 484
f 502 485 484
f 486 485 503
f 503 485 502
f 581 578 486
f 503 581 486
f 487 498 491
f 498 580 582
f 498 582 491
f 491 582 492
f 493 492 583
f 492 582 583
f 494 493 584
f 493 583 584
f 495 494 585
f 494 584 585
f 496 495 586
f 495 585 586
f 488 496 586
f 488 586 508
f 488 508 499
f 587 508 586
f 500 499 509
f 509 499 508
f 501 500 510
f 510 500 509
f 489 510 504
f 501 510 489
f 490 497 502
f 505 502 497
f 505 511 502
f 511 503 502
f 588 581 503
f 511 588 503
f 508 587 589
f 509 508 589
f 590 509 589
f 590 592 512
f 590 512 509
f 509 512 510
f 504 513 506
f 504 510 513
f 510 512 513
f 506 514 507
f 513 514 506
f 507 511 505
f 507 514 511
f 514 515 511
f 593 588 511
f 515 593 511
f 516 594 598
f 594 516 599
f 517 512 592
f 600 517 592
f 513 512 518
f 518 512 517
f 514 513 519
f 519 513 518
f 515 514 520
f 520 514 519
f 601 593 515
f 520 601 515
f 516 598 602
f 599 516 602
f 517 600 603
f 518 517 603
f 604 518 603
f 519 518 604
f 605 519 604
f 520 519 605
f 606 520 605
f 601 520 606
f 529 614 618
f 529 530 615
f 614 529 615
f 530 523 521
f 530 521 615
f 615 521 616
f 522 617 521
f 521 617 616
f 617 522 524
f 619 617 524
f 536 620 628
f 618 620 536
f 618 536 529
f 529 536 537
f 525 537 531
f 525 530 537
f 530 529 537
f 523 530 525
f 524 621 619
f 526 621 524
f 527 622 526
f 526 622 621
f 528 623 527
f 527 623 622
f 623 528 532
f 629 623 532
f 542 536 628
f 634 542 628
f 533 542 538
f 533 537 542
f 537 536 542
f 531 537 533
f 532 630 629
f 534 630 532
f 535 631 534
f 534 631 630
f 539 543 632
f 539 632 535
f 535 632 631
f 632 543 635
f 547 636 639
f 547 548 637
f 636 547 637
f 634 637 548
f 542 634 548
f 542 548 544
f 542 544 540
f 538 542 540
f 539 541 543
f 543 541 545
f 543 545 635
f 635 545 640
f 547 639 641
f 641 644 553
f 641 553 547
f 547 553 548
f 544 553 549
f 548 553 544
f 545 642 640
f 546 642 545
f 642 546 550
f 645 642 550
f 551 553 644
f 551 644 554
f 554 644 647
f 549 553 551
f 550 646 645
f 552 646 550
f 646 552 555
f 648 646 555
f 554 647 556
f 647 650 556
f 649 557 559
f 649 648 557
f 648 555 557
f 649 559 651
f 652 563 560
f 652 560 650
f 650 560 556
f 652 653 563
f 557 558 559
f 559 558 561
f 559 561 651
f 651 561 654
f 560 563 562
f 563 564 562
f 563 653 564
f 653 655 564
f 561 565 654
f 654 565 656
f 564 655 566
f 655 658 566
f 565 567 656
f 656 567 659
f 660 572 569
f 660 569 658
f 658 569 566
f 660 664 572
f 567 661 659
f 568 661 567
f 661 568 570
f 665 661 570
f 569 572 571
f 572 573 571
f 572 664 573
f 664 667 573
f 570 574 665
f 665 574 668
f 573 667 669
f 575 573 669
f 576 575 670
f 575 669 670
f 670 577 576
f 673 577 670
f 574 578 668
f 668 578 674
f 577 673 675
f 579 577 675
f 675 580 579
f 678 580 675
f 578 581 674
f 674 581 679
f 580 678 680
f 582 580 680
f 583 582 681
f 582 680 681
f 584 583 682
f 583 681 682
f 585 584 683
f 584 682 683
f 591 683 686
f 591 586 683
f 586 585 683
f 586 591 587
f 581 588 679
f 679 588 687
f 595 591 686
f 690 595 686
f 587 596 589
f 587 591 596
f 591 595 596
f 589 597 590
f 596 597 589
f 590 597 592
f 588 593 687
f 687 593 691
f 607 595 690
f 694 607 690
f 594 607 598
f 594 596 607
f 596 595 607
f 599 596 594
f 599 608 596
f 608 597 596
f 592 608 600
f 597 608 592
f 593 601 691
f 691 601 695
f 607 694 696
f 598 607 696
f 598 696 602
f 602 696 697
f 599 602 697
f 599 697 609
f 599 609 608
f 700 609 697
f 600 610 603
f 600 608 610
f 608 609 610
f 603 611 604
f 610 611 603
f 604 612 605
f 611 612 604
f 605 613 606
f 612 613 605
f 606 613 701
f 606 701 601
f 601 701 695
f 609 700 702
f 610 609 702
f 703 610 702
f 611 610 703
f 704 611 703
f 612 611 704
f 705 612 704
f 613 612 705
f 706 613 705
f 701 613 706
f 614 710 716
f 618 614 716
f 615 711 614
f 614 711 710
f 616 712 615
f 615 712 711
f 624 717 712
f 624 712 617
f 617 712 616
f 619 624 617
f 625 713 718
f 625 626 714
f 713 625 714
f 626 627 715
f 714 626 715
f 715 627 719
f 620 720 725
f 628 620 725
f 716 620 618
f 720 620 716
f 624 721 717
f 718 621 625
f 718 721 621
f 619 621 624
f 624 621 721
f 622 625 621
f 626 625 622
f 623 726 622
f 623 633 726
f 622 726 626
f 722 627 726
f 626 726 627
f 627 722 719
f 623 629 633
f 638 727 733
f 638 725 727
f 638 634 725
f 634 628 725
f 633 728 726
f 629 728 633
f 629 630 728
f 630 729 728
f 631 730 630
f 630 730 729
f 632 731 631
f 631 731 730
f 731 632 635
f 734 731 635
f 636 643 639
f 638 733 737
f 638 737 636
f 638 636 637
f 643 636 737
f 634 638 637
f 635 640 734
f 734 640 738
f 639 643 641
f 643 644 641
f 643 737 644
f 737 740 644
f 640 739 738
f 642 739 640
f 739 642 645
f 741 739 645
f 644 740 647
f 740 744 647
f 645 742 741
f 646 742 645
f 742 646 648
f 745 742 648
f 647 744 650
f 744 748 650
f 648 746 745
f 649 746 648
f 746 649 651
f 749 746 651
f 650 748 750
f 652 650 750
f 750 653 652
f 752 653 750
f 651 654 749
f 749 654 753
f 653 752 655
f 752 755 655
f 754 656 657
f 754 753 656
f 753 654 656
f 754 657 756
f 655 755 658
f 755 760 658
f 657 659 662
f 656 659 657
f 757 756 657
f 757 657 663
f 663 657 662
f 757 663 761
f 658 760 762
f 660 658 762
f 762 664 660
f 764 664 762
f 659 661 662
f 665 662 661
f 665 666 662
f 666 663 662
f 765 761 663
f 666 765 663
f 766 671 667
f 766 667 764
f 764 667 664
f 766 768 671
f 666 668 672
f 665 668 666
f 769 765 666
f 672 769 666
f 667 671 669
f 671 768 770
f 671 770 669
f 669 770 670
f 673 771 676
f 673 670 771
f 670 770 771
f 771 773 676
f 672 674 677
f 668 674 672
f 774 769 672
f 677 774 672
f 673 676 675
f 678 775 684
f 675 775 678
f 675 773 775
f 675 676 773
f 775 776 684
f 677 679 685
f 674 679 677
f 777 774 677
f 685 777 677
f 678 684 680
f 684 776 778
f 684 778 680
f 680 778 681
f 682 681 779
f 681 778 779
f 688 779 780
f 688 683 779
f 683 682 779
f 683 688 686
f 685 687 689
f 679 687 685
f 781 777 685
f 689 781 685
f 692 688 780
f 784 692 780
f 686 692 690
f 688 692 686
f 689 691 693
f 687 691 689
f 785 781 689
f 693 785 689
f 692 784 786
f 692 694 690
f 692 787 694
f 692 786 787
f 698 694 787
f 787 790 698
f 693 695 699
f 691 695 693
f 791 785 693
f 699 791 693
f 694 698 696
f 698 790 792
f 698 792 696
f 696 792 697
f 700 793 707
f 700 697 793
f 697 792 793
f 793 796 707
f 699 797 794
f 699 695 797
f 695 701 797
f 791 699 794
f 700 707 702
f 707 796 798
f 707 798 702
f 702 798 703
f 708 798 800
f 708 704 798
f 704 703 798
f 704 709 705
f 708 709 704
f 801 705 709
f 801 799 705
f 799 706 705
f 797 701 706
f 799 797 706
f 708 800 802
f 709 708 802
f 803 709 802
f 801 709 803
f 710 807 811
f 716 710 811
f 711 808 710
f 710 808 807
f 723 812 808
f 723 808 712
f 712 808 711
f 712 717 723
f 713 809 813
f 718 713 813
f 714 810 713
f 713 810 809
f 724 814 810
f 724 810 715
f 715 810 714
f 715 719 724
f 720 732 725
f 720 821 732
f 720 716 821
f 716 811 821
f 723 815 812
f 717 815 723
f 717 721 815
f 721 816 815
f 813 721 718
f 816 721 813
f 722 814 724
f 722 726 814
f 726 822 814
f 719 722 724
f 727 735 733
f 727 828 735
f 725 828 727
f 725 823 828
f 725 732 823
f 821 823 732
f 726 824 822
f 728 824 726
f 729 825 728
f 728 825 824
f 730 826 729
f 729 826 825
f 736 829 826
f 736 826 731
f 731 826 730
f 731 734 736
f 735 830 832
f 735 832 733
f 733 832 737
f 828 830 735
f 736 831 829
f 831 736 734
f 831 734 833
f 833 734 738
f 834 743 740
f 834 740 832
f 832 740 737
f 834 837 743
f 738 835 833
f 739 835 738
f 835 739 741
f 838 835 741
f 743 747 744
f 740 743 744
f 841 743 837
f 747 743 841
f 741 839 838
f 742 839 741
f 839 742 745
f 842 839 745
f 747 751 748
f 744 747 748
f 844 747 841
f 751 747 844
f 745 843 842
f 746 843 745
f 843 746 749
f 845 843 749
f 748 751 750
f 751 752 750
f 751 844 752
f 844 846 752
f 749 753 845
f 845 753 847
f 848 758 755
f 848 755 846
f 846 755 752
f 848 852 758
f 753 849 847
f 754 849 753
f 756 759 850
f 756 850 754
f 754 850 849
f 850 759 853
f 758 763 760
f 755 758 760
f 854 758 852
f 763 758 854
f 756 757 759
f 759 757 761
f 759 761 853
f 853 761 855
f 760 763 762
f 764 856 767
f 762 856 764
f 762 854 856
f 762 763 854
f 856 858 767
f 761 765 855
f 855 765 859
f 764 767 766
f 768 860 772
f 766 860 768
f 766 858 860
f 766 767 858
f 860 861 772
f 765 769 859
f 859 769 862
f 768 772 770
f 772 861 863
f 772 863 770
f 770 863 771
f 863 773 771
f 865 773 863
f 769 774 862
f 862 774 866
f 773 865 867
f 775 773 867
f 867 776 775
f 869 776 867
f 774 777 866
f 866 777 870
f 776 869 871
f 778 776 871
f 782 871 873
f 782 779 871
f 779 778 871
f 779 782 780
f 872 781 783
f 872 870 781
f 870 777 781
f 872 783 874
f 788 782 873
f 875 788 873
f 780 788 784
f 782 788 780
f 783 785 789
f 781 785 783
f 876 874 783
f 789 876 783
f 788 875 877
f 784 788 877
f 784 877 786
f 786 877 878
f 795 878 882
f 795 787 878
f 787 786 878
f 787 795 790
f 789 883 879
f 789 785 883
f 785 791 883
f 876 789 879
f 795 882 884
f 790 795 884
f 790 884 792
f 792 884 885
f 793 792 886
f 792 885 886
f 886 796 793
f 889 796 886
f 794 890 887
f 797 890 794
f 883 791 794
f 887 883 794
f 796 889 891
f 798 796 891
f 800 892 804
f 800 798 892
f 798 891 892
f 804 893 805
f 892 893 804
f 805 799 801
f 805 893 799
f 806 799 897
f 897 799 893
f 799 806 898
f 799 898 797
f 797 898 890
f 800 804 802
f 803 802 804
f 805 803 804
f 806 897 899
f 801 803 805
f 898 806 899
f 807 817 811
f 807 808 818
f 817 807 818
f 808 812 818
f 809 819 813
f 809 810 820
f 819 809 820
f 810 814 820
f 817 827 821
f 811 817 821
f 906 818 901
f 906 827 818
f 827 817 818
f 812 901 818
f 812 815 901
f 815 902 901
f 816 903 815
f 815 903 902
f 819 816 813
f 819 904 816
f 904 903 816
f 820 904 819
f 905 904 820
f 905 820 814
f 905 814 907
f 907 814 822
f 823 908 917
f 828 823 917
f 827 823 821
f 827 909 823
f 909 908 823
f 906 909 827
f 822 910 907
f 824 910 822
f 825 911 824
f 824 911 910
f 826 912 825
f 825 912 911
f 912 826 829
f 918 912 829
f 830 836 832
f 830 924 836
f 830 828 924
f 828 917 924
f 829 919 918
f 831 919 829
f 919 831 833
f 925 919 833
f 832 836 834
f 836 837 834
f 836 924 837
f 924 928 837
f 840 833 835
f 840 929 833
f 929 925 833
f 835 838 840
f 837 928 841
f 928 933 841
f 840 930 929
f 838 930 840
f 838 839 930
f 839 931 930
f 931 839 842
f 934 931 842
f 841 933 844
f 933 938 844
f 842 935 934
f 843 935 842
f 935 843 845
f 939 935 845
f 940 851 846
f 940 846 938
f 938 846 844
f 940 943 851
f 845 847 939
f 939 847 944
f 846 851 848
f 851 852 848
f 851 943 852
f 943 948 852
f 847 945 944
f 849 945 847
f 850 946 849
f 849 946 945
f 946 850 853
f 949 946 853
f 950 857 854
f 950 854 948
f 948 854 852
f 950 952 857
f 853 855 949
f 949 855 953
f 854 857 856
f 857 858 856
f 857 952 858
f 952 954 858
f 855 859 953
f 953 859 955
f 858 954 956
f 860 858 956
f 861 957 864
f 861 860 957
f 860 956 957
f 957 960 864
f 859 862 955
f 955 862 961
f 861 864 863
f 865 962 868
f 863 962 865
f 863 960 962
f 863 864 960
f 962 963 868
f 862 866 961
f 961 866 964
f 865 868 867
f 868 869 867
f 868 963 869
f 963 965 869
f 866 870 964
f 964 870 966
f 869 965 967
f 871 869 967
f 967 873 871
f 970 873 967
f 870 968 966
f 872 968 870
f 968 872 874
f 971 968 874
f 972 880 875
f 972 875 970
f 970 875 873
f 880 973 881
f 972 973 880
f 973 975 881
f 874 876 971
f 971 876 976
f 875 880 877
f 878 877 880
f 881 878 880
f 882 977 888
f 878 977 882
f 878 975 977
f 878 881 975
f 977 982 888
f 879 983 978
f 883 983 879
f 976 876 879
f 978 976 879
f 882 888 884
f 888 982 984
f 888 984 884
f 884 984 885
f 894 984 990
f 894 886 984
f 886 885 984
f 886 894 889
f 895 991 985
f 985 992 895
f 896 993 986
f 896 887 890
f 896 986 887
f 986 987 887
f 983 883 887
f 987 983 887
f 894 990 994
f 889 894 994
f 889 994 891
f 891 994 995
f 991 895 892
f 991 892 995
f 995 892 891
f 895 992 996
f 895 996 892
f 892 996 893
f 897 896 900
f 897 996 896
f 897 893 996
f 996 993 896
f 890 898 900
f 896 890 900
f 897 900 899
f 898 899 900
f 901 913 906
f 901 902 914
f 913 901 914
f 902 903 915
f 914 902 915
f 1000 915 903
f 1000 903 999
f 999 903 904
f 916 1001 999
f 916 999 905
f 905 999 904
f 905 907 916
f 908 920 917
f 908 909 921
f 920 908 921
f 909 1008 921
f 906 1008 909
f 906 1002 1008
f 906 913 1002
f 914 1002 913
f 1003 1002 914
f 915 1003 914
f 1004 1003 915
f 1000 1004 915
f 916 1005 1001
f 907 1005 916
f 907 910 1005
f 910 1006 1005
f 922 1009 1006
f 922 1006 911
f 911 1006 910
f 911 912 923
f 922 911 923
f 912 918 923
f 920 926 924
f 917 920 924
f 921 927 920
f 927 926 920
f 1016 921 1008
f 927 921 1016
f 922 1010 1009
f 923 1010 922
f 1011 1010 923
f 918 1011 923
f 918 919 1011
f 919 1012 1011
f 1012 919 925
f 1017 1012 925
f 926 932 928
f 924 926 928
f 1021 927 1018
f 1021 932 927
f 932 926 927
f 1016 1018 927
f 925 929 1017
f 1017 929 1022
f 932 936 933
f 928 932 933
f 1027 932 1021
f 936 932 1027
f 929 1023 1022
f 930 1023 929
f 937 1028 1023
f 937 1023 931
f 931 1023 930
f 931 934 937
f 936 941 938
f 933 936 938
f 1031 936 1027
f 941 936 1031
f 937 1029 1028
f 942 1032 1029
f 935 942 1029
f 935 1029 937
f 935 937 934
f 935 939 942
f 938 941 940
f 943 1033 947
f 940 1033 943
f 940 1031 1033
f 940 941 1031
f 1033 1036 947
f 942 1034 1032
f 1034 942 939
f 1034 939 1037
f 1037 939 944
f 947 951 948
f 943 947 948
f 1043 947 1036
f 951 947 1043
f 944 1038 1037
f 945 1038 944
f 946 1039 945
f 945 1039 1038
f 1039 946 949
f 1044 1039 949
f 948 951 950
f 951 952 950
f 951 1043 952
f 1043 1046 952
f 949 953 1044
f 1044 953 1047
f 1048 958 954
f 1048 954 1046
f 1046 954 952
f 958 1049 959
f 1048 1049 958
f 1049 1053 959
f 953 955 1047
f 1047 955 1054
f 954 958 956
f 957 956 958
f 959 957 958
f 959 960 957
f 959 1053 960
f 1053 1057 960
f 955 961 1054
f 1054 961 1058
f 960 1057 1059
f 962 960 1059
f 1059 963 962
f 1061 963 1059
f 961 964 1058
f 1058 964 1062
f 1063 969 965
f 1063 965 1061
f 1061 965 963
f 1063 1065 969
f 964 966 1062
f 1062 966 1066
f 965 969 967
f 969 970 967
f 969 1065 970
f 1065 1067 970
f 974 966 968
f 974 1068 966
f 1068 1066 966
f 968 971 974
f 970 1067 1069
f 972 970 1069
f 979 1069 1071
f 979 973 1069
f 973 972 1069
f 973 979 975
f 980 1072 1070
f 1068 980 1070
f 1068 974 980
f 974 981 980
f 971 976 981
f 974 971 981
f 979 1071 1073
f 975 979 1073
f 975 1073 977
f 977 1073 1074
f 1074 982 977
f 1078 982 1074
f 988 1079 1075
f 1072 988 1075
f 1072 980 988
f 980 989 988
f 978 983 989
f 978 989 981
f 981 989 980
f 976 978 981
f 982 1078 1080
f 984 982 1080
f 990 1081 997
f 990 984 1081
f 984 1080 1081
f 1081 1086 997
f 985 1087 1082
f 991 1087 985
f 992 1083 998
f 992 985 1083
f 985 1082 1083
f 1079 998 1083
f 988 998 1079
f 988 993 998
f 988 986 993
f 987 986 988
f 989 987 988
f 983 987 989
f 990 997 994
f 997 1086 1088
f 997 1088 994
f 994 1088 995
f 1087 991 995
f 1088 1087 995
f 992 998 996
f 993 996 998
f 999 1007 1000
f 999 1001 1007
f 1002 1013 1008
f 1093 1013 1002
f 1093 1002 1090
f 1090 1002 1003
f 1004 1091 1003
f 1003 1091 1090
f 1000 1091 1004
f 1000 1014 1091
f 1000 1007 1014
f 1094 1091 1014
f 1001 1014 1007
f 1001 1092 1014
f 1001 1005 1092
f 1092 1095 1014
f 1015 1096 1092
f 1015 1092 1006
f 1006 1092 1005
f 1006 1009 1015
f 1013 1019 1016
f 1008 1013 1016
f 1097 1013 1093
f 1097 1020 1013
f 1020 1019 1013
f 1097 1106 1020
f 1014 1098 1094
f 1095 1098 1014
f 1015 1099 1096
f 1009 1099 1015
f 1009 1010 1099
f 1010 1100 1099
f 1011 1101 1010
f 1010 1101 1100
f 1012 1102 1011
f 1011 1102 1101
f 1102 1012 1017
f 1107 1102 1017
f 1018 1024 1021
f 1018 1016 1019
f 1018 1019 1024
f 1024 1019 1025
f 1113 1020 1108
f 1113 1025 1020
f 1025 1019 1020
f 1106 1108 1020
f 1109 1022 1026
f 1109 1107 1022
f 1107 1017 1022
f 1109 1026 1114
f 1024 1030 1027
f 1021 1024 1027
f 1117 1025 1115
f 1117 1030 1025
f 1030 1024 1025
f 1113 1115 1025
f 1022 1023 1026
f 1026 1023 1028
f 1026 1028 1114
f 1114 1028 1118
f 1030 1035 1031
f 1027 1030 1031
f 1122 1030 1117
f 1035 1030 1122
f 1028 1119 1118
f 1029 1119 1028
f 1119 1029 1032
f 1123 1119 1032
f 1031 1035 1033
f 1036 1124 1040
f 1033 1124 1036
f 1033 1122 1124
f 1033 1035 1122
f 1040 1125 1041
f 1124 1125 1040
f 1125 1130 1041
f 1032 1126 1123
f 1034 1126 1032
f 1037 1042 1127
f 1037 1127 1034
f 1034 1127 1126
f 1127 1042 1131
f 1040 1132 1136
f 1040 1136 1036
f 1036 1136 1043
f 1041 1132 1040
f 1133 1132 1041
f 1130 1133 1041
f 1037 1038 1042
f 1042 1038 1039
f 1042 1039 1137
f 1042 1137 1131
f 1137 1039 1045
f 1039 1044 1045
f 1138 1050 1046
f 1138 1046 1136
f 1136 1046 1043
f 1050 1139 1051
f 1138 1139 1050
f 1139 1142 1051
f 1052 1137 1045
f 1143 1137 1052
f 1044 1047 1052
f 1045 1044 1052
f 1046 1050 1048
f 1049 1048 1050
f 1051 1049 1050
f 1053 1144 1055
f 1049 1144 1053
f 1049 1142 1144
f 1049 1051 1142
f 1144 1146 1055
f 1056 1143 1052
f 1147 1143 1056
f 1047 1054 1056
f 1052 1047 1056
f 1055 1060 1057
f 1053 1055 1057
f 1149 1055 1146
f 1060 1055 1149
f 1056 1148 1147
f 1148 1056 1054
f 1148 1054 1150
f 1150 1054 1058
f 1057 1060 1059
f 1061 1151 1064
f 1059 1151 1061
f 1059 1149 1151
f 1059 1060 1149
f 1151 1153 1064
f 1058 1062 1150
f 1150 1062 1154
f 1061 1064 1063
f 1064 1065 1063
f 1064 1153 1065
f 1153 1155 1065
f 1062 1066 1154
f 1154 1066 1156
f 1065 1155 1067
f 1155 1158 1067
f 1066 1068 1156
f 1156 1068 1159
f 1067 1158 1160
f 1069 1067 1160
f 1071 1161 1076
f 1071 1069 1161
f 1069 1160 1161
f 1161 1167 1076
f 1077 1168 1162
f 1077 1070 1072
f 1077 1162 1070
f 1162 1163 1070
f 1159 1068 1070
f 1163 1159 1070
f 1071 1076 1073
f 1076 1167 1169
f 1076 1169 1073
f 1073 1169 1074
f 1078 1170 1084
f 1078 1074 1170
f 1074 1169 1170
f 1170 1173 1084
f 1085 1174 1171
f 1168 1085 1171
f 1077 1085 1168
f 1077 1079 1085
f 1077 1075 1079
f 1072 1075 1077
f 1078 1084 1080
f 1084 1173 1175
f 1084 1175 1080
f 1080 1175 1081
f 1086 1176 1089
f 1086 1081 1176
f 1081 1175 1176
f 1089 1082 1087
f 1089 1176 1082
f 1176 1177 1082
f 1174 1085 1083
f 1174 1083 1177
f 1177 1083 1082
f 1079 1083 1085
f 1086 1089 1088
f 1087 1088 1089
f 1090 1103 1093
f 1090 1091 1104
f 1103 1090 1104
f 1091 1094 1104
f 1092 1105 1095
f 1092 1096 1105
f 1093 1103 1097
f 1106 1097 1103
f 1106 1103 1110
f 1110 1103 1104
f 1094 1110 1104
f 1094 1183 1110
f 1094 1098 1183
f 1183 1187 1110
f 1105 1098 1095
f 1105 1184 1098
f 1184 1183 1098
f 1096 1184 1105
f 1096 1099 1184
f 1099 1185 1184
f 1100 1186 1099
f 1099 1186 1185
f 1111 1188 1186
f 1111 1186 1101
f 1101 1186 1100
f 1101 1102 1112
f 1111 1101 1112
f 1102 1107 1112
f 1108 1116 1113
f 1108 1196 1116
f 1106 1196 1108
f 1106 1189 1196
f 1106 1110 1189
f 1187 1189 1110
f 1111 1190 1188
f 1112 1190 1111
f 1191 1190 1112
f 1107 1191 1112
f 1107 1109 1191
f 1109 1192 1191
f 1192 1109 1114
f 1197 1192 1114
f 1115 1120 1117
f 1115 1113 1116
f 1115 1116 1120
f 1120 1116 1121
f 1200 1116 1196
f 1121 1116 1200
f 1114 1118 1197
f 1197 1118 1201
f 1120 1128 1122
f 1117 1120 1122
f 1121 1129 1120
f 1129 1128 1120
f 1204 1121 1200
f 1129 1121 1204
f 1118 1202 1201
f 1119 1202 1118
f 1202 1119 1123
f 1205 1202 1123
f 1122 1128 1124
f 1125 1124 1128
f 1129 1125 1128
f 1129 1130 1125
f 1129 1204 1130
f 1204 1208 1130
f 1134 1123 1126
f 1134 1209 1123
f 1209 1205 1123
f 1126 1127 1135
f 1134 1126 1135
f 1127 1131 1135
f 1132 1140 1136
f 1132 1133 1141
f 1140 1132 1141
f 1133 1212 1141
f 1133 1130 1212
f 1130 1208 1212
f 1134 1210 1209
f 1135 1210 1134
f 1211 1210 1135
f 1211 1135 1131
f 1211 1131 1213
f 1213 1131 1137
f 1136 1140 1138
f 1139 1138 1140
f 1141 1139 1140
f 1142 1214 1145
f 1139 1214 1142
f 1139 1212 1214
f 1139 1141 1212
f 1214 1218 1145
f 1137 1143 1213
f 1213 1143 1219
f 1142 1145 1144
f 1145 1146 1144
f 1145 1218 1146
f 1218 1221 1146
f 1143 1147 1219
f 1219 1147 1222
f 1146 1221 1149
f 1221 1224 1149
f 1152 1147 1148
f 1152 1225 1147
f 1225 1222 1147
f 1148 1150 1152
f 1149 1224 1226
f 1151 1149 1226
f 1226 1153 1151
f 1230 1153 1226
f 1152 1227 1225
f 1227 1152 1150
f 1227 1150 1231
f 1231 1150 1154
f 1232 1157 1155
f 1232 1155 1230
f 1230 1155 1153
f 1232 1235 1157
f 1154 1156 1231
f 1231 1156 1236
f 1157 1164 1158
f 1155 1157 1158
f 1241 1157 1235
f 1164 1157 1241
f 1165 1242 1237
f 1165 1238 1166
f 1237 1238 1165
f 1166 1238 1236
f 1166 1236 1159
f 1159 1236 1156
f 1158 1164 1160
f 1164 1241 1243
f 1164 1243 1160
f 1160 1243 1161
f 1243 1167 1161
f 1246 1167 1243
f 1172 1247 1244
f 1242 1172 1244
f 1165 1172 1242
f 1165 1168 1172
f 1165 1162 1168
f 1163 1162 1165
f 1166 1163 1165
f 1159 1163 1166
f 1178 1169 1167
f 1178 1167 1252
f 1252 1167 1246
f 1169 1179 1170
f 1178 1179 1169
f 1253 1170 1179
f 1253 1248 1170
f 1173 1170 1180
f 1180 1170 1248
f 1180 1249 1181
f 1248 1249 1180
f 1181 1250 1182
f 1249 1250 1181
f 1247 1182 1250
f 1172 1182 1247
f 1172 1174 1182
f 1172 1171 1174
f 1168 1171 1172
f 1178 1252 1254
f 1179 1178 1254
f 1255 1179 1254
f 1173 1180 1175
f 1179 1255 1253
f 1176 1175 1180
f 1181 1176 1180
f 1177 1176 1181
f 1182 1177 1181
f 1174 1177 1182
f 1183 1193 1187
f 1183 1184 1194
f 1193 1183 1194
f 1184 1185 1195
f 1194 1184 1195
f 1260 1195 1185
f 1260 1185 1259
f 1259 1185 1186
f 1259 1186 1188
f 1261 1259 1188
f 1189 1198 1196
f 1189 1268 1198
f 1187 1268 1189
f 1187 1262 1268
f 1187 1193 1262
f 1194 1262 1193
f 1263 1262 1194
f 1195 1263 1194
f 1264 1263 1195
f 1260 1264 1195
f 1188 1265 1261
f 1190 1265 1188
f 1191 1266 1190
f 1190 1266 1265
f 1199 1269 1266
f 1199 1266 1192
f 1192 1266 1191
f 1192 1197 1199
f 1198 1203 1200
f 1196 1198 1200
f 1276 1198 1268
f 1203 1198 1276
f 1199 1270 1269
f 1270 1199 1197
f 1270 1197 1277
f 1277 1197 1201
f 1203 1206 1204
f 1200 1203 1204
f 1279 1203 1276
f 1206 1203 1279
f 1207 1201 1202
f 1207 1280 1201
f 1280 1277 1201
f 1202 1205 1207
f 1206 1281 1284
f 1206 1284 1204
f 1204 1284 1208
f 1279 1281 1206
f 1207 1282 1280
f 1282 1207 1205
f 1282 1205 1285
f 1285 1205 1209
f 1286 1215 1212
f 1286 1212 1284
f 1284 1212 1208
f 1286 1289 1215
f 1216 1209 1210
f 1216 1290 1209
f 1290 1285 1209
f 1210 1211 1217
f 1216 1210 1217
f 1211 1213 1217
f 1212 1215 1214
f 1215 1218 1214
f 1215 1289 1218
f 1289 1292 1218
f 1216 1291 1290
f 1291 1220 1293
f 1291 1216 1220
f 1216 1217 1220
f 1213 1219 1220
f 1217 1213 1220
f 1218 1292 1221
f 1292 1296 1221
f 1223 1293 1220
f 1297 1293 1223
f 1219 1222 1223
f 1220 1219 1223
f 1298 1228 1224
f 1298 1224 1296
f 1296 1224 1221
f 1298 1301 1228
f 1229 1297 1223
f 1302 1297 1229
f 1222 1225 1229
f 1223 1222 1229
f 1224 1228 1226
f 1228 1230 1226
f 1228 1301 1230
f 1301 1304 1230
f 1233 1302 1229
f 1305 1302 1233
f 1225 1227 1234
f 1225 1234 1229
f 1229 1234 1233
f 1227 1231 1234
f 1230 1304 1306
f 1232 1230 1306
f 1306 1235 1232
f 1308 1235 1306
f 1239 1305 1233
f 1309 1305 1239
f 1234 1240 1233
f 1240 1239 1233
f 1231 1236 1240
f 1234 1231 1240
f 1235 1308 1241
f 1308 1314 1241
f 1245 1315 1310
f 1309 1245 1310
f 1239 1245 1309
f 1239 1242 1245
f 1239 1237 1242
f 1238 1237 1239
f 1240 1238 1239
f 1236 1238 1240
f 1241 1314 1316
f 1243 1241 1316
f 1316 1246 1243
f 1321 1246 1316
f 1251 1322 1317
f 1317 1323 1251
f 1244 1315 1245
f 1244 1247 1315
f 1247 1324 1315
f 1242 1244 1245
f 1325 1256 1252
f 1325 1252 1321
f 1321 1252 1246
f 1256 1326 1257
f 1325 1326 1256
f 1257 1248 1253
f 1257 1326 1248
f 1258 1248 1330
f 1330 1248 1326
f 1251 1331 1322
f 1251 1248 1331
f 1251 1249 1248
f 1258 1331 1248
f 1251 1323 1327
f 1251 1327 1249
f 1249 1327 1250
f 1324 1247 1250
f 1327 1324 1250
f 1252 1256 1254
f 1255 1254 1256
f 1257 1255 1256
f 1258 1330 1332
f 1253 1255 1257
f 1331 1258 1332
f 1259 1267 1260
f 1259 1261 1267
f 1262 1271 1268
f 1262 1263 1272
f 1271 1262 1272
f 1263 1264 1273
f 1272 1263 1273
f 1264 1335 1273
f 1260 1335 1264
f 1260 1334 1335
f 1260 1267 1334
f 1274 1336 1334
f 1265 1274 1334
f 1265 1334 1267
f 1265 1267 1261
f 1265 1266 1275
f 1274 1265 1275
f 1266 1269 1275
f 1271 1337 1343
f 1271 1343 1268
f 1268 1343 1276
f 1272 1337 1271
f 1338 1337 1272
f 1273 1338 1272
f 1339 1338 1273
f 1335 1339 1273
f 1274 1340 1336
f 1275 1340 1274
f 1341 1340 1275
f 1278 1344 1341
f 1270 1278 1341
f 1270 1341 1275
f 1270 1275 1269
f 1270 1277 1278
f 1345 1283 1279
f 1345 1279 1343
f 1343 1279 1276
f 1345 1353 1283
f 1278 1346 1344
f 1346 1278 1277
f 1346 1277 1354
f 1354 1277 1280
f 1281 1287 1284
f 1281 1358 1287
f 1279 1358 1281
f 1279 1355 1358
f 1279 1283 1355
f 1353 1355 1283
f 1288 1280 1282
f 1288 1359 1280
f 1359 1354 1280
f 1282 1285 1288
f 1284 1287 1286
f 1287 1289 1286
f 1287 1358 1289
f 1358 1365 1289
f 1288 1360 1359
f 1360 1288 1285
f 1360 1285 1366
f 1366 1285 1290
f 1367 1294 1292
f 1367 1292 1365
f 1365 1292 1289
f 1367 1371 1294
f 1295 1290 1291
f 1295 1372 1290
f 1372 1366 1290
f 1291 1293 1295
f 1294 1299 1296
f 1292 1294 1296
f 1373 1294 1371
f 1299 1294 1373
f 1300 1372 1295
f 1374 1372 1300
f 1293 1297 1300
f 1295 1293 1300
f 1296 1299 1298
f 1299 1301 1298
f 1299 1373 1301
f 1373 1376 1301
f 1303 1374 1300
f 1377 1374 1303
f 1297 1302 1303
f 1300 1297 1303
f 1378 1307 1304
f 1378 1304 1376
f 1376 1304 1301
f 1378 1382 1307
f 1303 1379 1377
f 1379 1303 1302
f 1379 1302 1383
f 1383 1302 1305
f 1304 1307 1306
f 1308 1384 1311
f 1306 1384 1308
f 1306 1382 1384
f 1306 1307 1382
f 1384 1389 1311
f 1312 1390 1385
f 1385 1391 1312
f 1313 1392 1386
f 1313 1386 1383
f 1313 1383 1309
f 1309 1383 1305
f 1311 1318 1314
f 1308 1311 1314
f 1396 1311 1389
f 1318 1311 1396
f 1319 1390 1312
f 1397 1390 1319
f 1393 1312 1391
f 1393 1320 1312
f 1320 1319 1312
f 1392 1320 1393
f 1313 1320 1392
f 1313 1315 1320
f 1313 1310 1315
f 1309 1310 1313
f 1314 1318 1316
f 1318 1321 1316
f 1318 1396 1321
f 1396 1401 1321
f 1328 1402 1398
f 1397 1328 1398
f 1319 1328 1397
f 1319 1322 1328
f 1319 1317 1322
f 1323 1317 1319
f 1323 1319 1329
f 1329 1319 1320
f 1315 1324 1329
f 1320 1315 1329
f 1321 1401 1403
f 1325 1321 1403
f 1326 1325 1404
f 1325 1403 1404
f 1330 1328 1333
f 1330 1404 1328
f 1330 1326 1404
f 1404 1402 1328
f 1322 1331 1333
f 1328 1322 1333
f 1323 1329 1327
f 1324 1327 1329
f 1330 1333 1332
f 1331 1332 1333
f 1334 1342 1335
f 1334 1336 1342
f 1337 1347 1343
f 1337 1338 1348
f 1347 1337 1348
f 1338 1339 1349
f 1348 1338 1349
f 1339 1335 1342
f 1339 1342 1349
f 1349 1342 1350
f 1336 1340 1351
f 1336 1351 1342
f 1342 1351 1350
f 1340 1341 1352
f 1351 1340 1352
f 1341 1344 1352
f 1343 1347 1345
f 1407 1347 1348
f 1407 1353 1347
f 1407 1411 1353
f 1345 1347 1353
f 1349 1407 1348
f 1408 1407 1349
f 1350 1408 1349
f 1409 1408 1350
f 1351 1409 1350
f 1410 1409 1351
f 1410 1356 1412
f 1410 1351 1356
f 1351 1352 1356
f 1344 1346 1357
f 1344 1357 1352
f 1352 1357 1356
f 1346 1354 1357
f 1355 1361 1358
f 1413 1353 1411
f 1413 1361 1353
f 1413 1362 1361
f 1361 1355 1353
f 1413 1418 1362
f 1363 1412 1356
f 1419 1412 1363
f 1357 1364 1356
f 1364 1363 1356
f 1354 1359 1364
f 1357 1354 1364
f 1361 1368 1365
f 1358 1361 1365
f 1362 1369 1361
f 1369 1368 1361
f 1425 1362 1418
f 1369 1362 1425
f 1363 1420 1419
f 1364 1420 1363
f 1421 1420 1364
f 1370 1426 1421
f 1360 1370 1421
f 1360 1421 1364
f 1360 1364 1359
f 1360 1366 1370
f 1365 1368 1367
f 1427 1368 1369
f 1427 1371 1368
f 1427 1433 1371
f 1367 1368 1371
f 1425 1427 1369
f 1370 1428 1426
f 1428 1370 1366
f 1428 1366 1434
f 1434 1366 1372
f 1435 1375 1373
f 1435 1373 1433
f 1433 1373 1371
f 1435 1443 1375
f 1372 1374 1434
f 1434 1374 1444
f 1375 1380 1376
f 1373 1375 1376
f 1445 1375 1443
f 1445 1381 1375
f 1381 1380 1375
f 1445 1452 1381
f 1374 1377 1444
f 1444 1377 1453
f 1376 1380 1378
f 1382 1378 1380
f 1382 1380 1387
f 1387 1380 1381
f 1456 1381 1452
f 1387 1381 1456
f 1388 1377 1379
f 1388 1457 1377
f 1457 1453 1377
f 1379 1383 1388
f 1382 1387 1384
f 1387 1389 1384
f 1387 1456 1389
f 1456 1464 1389
f 1394 1465 1458
f 1394 1385 1390
f 1394 1458 1385
f 1458 1459 1385
f 1391 1460 1395
f 1391 1385 1460
f 1385 1459 1460
f 1457 1395 1460
f 1388 1395 1457
f 1388 1392 1395
f 1388 1386 1392
f 1383 1386 1388
f 1466 1399 1396
f 1466 1396 1464
f 1464 1396 1389
f 1466 1470 1399
f 1400 1465 1394
f 1471 1465 1400
f 1390 1397 1400
f 1394 1390 1400
f 1391 1395 1393
f 1392 1393 1395
f 1399 1405 1401
f 1396 1399 1401
f 1472 1399 1470
f 1472 1406 1399
f 1406 1405 1399
f 1471 1406 1472
f 1400 1406 1471
f 1400 1402 1406
f 1400 1398 1402
f 1397 1398 1400
f 1401 1405 1403
f 1404 1403 1405
f 1406 1404 1405
f 1402 1404 1406
f 1407 1414 1411
f 1407 1408 1415
f 1414 1407 1415
f 1408 1409 1416
f 1415 1408 1416
f 1409 1410 1417
f 1416 1409 1417
f 1410 1412 1417
f 1411 1414 1413
f 1418 1413 1414
f 1418 1414 1422
f 1422 1414 1415
f 1416 1423 1415
f 1423 1422 1415
f 1417 1424 1416
f 1424 1423 1416
f 1412 1419 1424
f 1417 1412 1424
f 1422 1429 1425
f 1418 1422 1425
f 1475 1423 1474
f 1475 1429 1423
f 1429 1422 1423
f 1474 1430 1476
f 1474 1423 1430
f 1423 1424 1430
f 1419 1420 1431
f 1419 1431 1424
f 1424 1431 1430
f 1420 1421 1432
f 1431 1420 1432
f 1421 1426 1432
f 1427 1436 1433
f 1427 1425 1429
f 1427 1429 1436
f 1436 1429 1437
f 1477 1429 1475
f 1477 1438 1429
f 1438 1437 1429
f 1476 1438 1477
f 1476 1430 1438
f 1430 1439 1438
f 1431 1440 1430
f 1440 1439 1430
f 1432 1441 1431
f 1441 1440 1431
f 1426 1428 1442
f 1426 1442 1432
f 1432 1442 1441
f 1428 1434 1442
f 1433 1436 1435
f 1443 1435 1436
f 1443 1436 1446
f 1446 1436 1437
f 1438 1447 1437
f 1447 1446 1437
f 1439 1448 1438
f 1448 1447 1438
f 1440 1449 1439
f 1449 1448 1439
f 1441 1450 1440
f 1450 1449 1440
f 1442 1451 1441
f 1451 1450 1441
f 1434 1444 1451
f 1442 1434 1451
f 1443 1446 1445
f 1479 1446 1447
f 1479 1452 1446
f 1479 1482 1452
f 1445 1446 1452
f 1448 1479 1447
f 1480 1479 1448
f 1449 1480 1448
f 1481 1480 1449
f 1481 1454 1483
f 1481 1449 1454
f 1449 1450 1454
f 1451 1455 1450
f 1455 1454 1450
f 1444 1453 1455
f 1451 1444 1455
f 1484 1461 1456
f 1484 1456 1482
f 1482 1456 1452
f 1484 1488 1461
f 1462 1483 1454
f 1489 1483 1462
f 1455 1463 1454
f 1463 1462 1454
f 1453 1457 1463
f 1455 1453 1463
f 1461 1467 1464
f 1456 1461 1464
f 1490 1461 1488
f 1490 1468 1461
f 1468 1467 1461
f 1468 1458 1465
f 1468 1490 1458
f 1469 1458 1493
f 1493 1458 1490
f 1462 1494 1489
f 1462 1458 1494
f 1462 1459 1458
f 1469 1494 1458
f 1460 1459 1462
f 1463 1460 1462
f 1457 1460 1463
f 1464 1467 1466
f 1470 1466 1467
f 1470 1467 1473
f 1473 1467 1468
f 1465 1471 1473
f 1465 1473 1468
f 1493 1495 1469
f 1494 1469 1495
f 1470 1473 1472
f 1471 1472 1473
f 1474 1478 1475
f 1474 1476 1478
f 1475 1478 1477
f 1476 1477 1478
f 1479 1485 1482
f 1479 1480 1486
f 1485 1479 1486
f 1480 1481 1487
f 1486 1480 1487
f 1481 1483 1487
f 1482 1485 1484
f 1488 1484 1485
f 1488 1485 1491
f 1491 1485 1486
f 1487 1492 1486
f 1492 1491 1486
f 1483 1489 1492
f 1487 1483 1492
f 1488 1491 1490
f 1493 1490 1491
f 1493 1491 1496
f 1496 1491 1492
f 1489 1494 1496
f 1492 1489 1496
f 1493 1496 1495
f 1494 1495 1496
