v 0.001228537 0.001266413 -0.002521157
v 0.0006483654 0.00122723 -0.002453376
v 0.000639452 0.001265545 -0.002447828
v 0.0007338643 0.00121754 -0.002463171
v 0.0007190633 0.001267544 -0.00245878
v 0.0008319981 0.001210417 -0.002472469
v 0.0008158665 0.00126334 -0.002471152
v 0.0009345684 0.001206798 -0.002480301
v 0.0009152288 0.001257399 -0.002482465
v 0.001035318 0.001204835 -0.002485926
v 0.001021452 0.001255048 -0.002489398
v 0.001203966 0.001257596 -0.002518704
v 0.001116314 0.001201721 -0.002486252
v 0.001131853 0.001248453 -0.002501698
v 0.001228431 0.001255306 -0.002520712
v 0.001208597 0.001280828 -0.002498234
v 0.001261306 0.001262155 -0.002502174
v 0.001208942 0.001226389 -0.00249667
v 0.001340897 0.001263697 -0.002472055
v 0.001401382 0.001259543 -0.002454072
v 0.0004440095 0.001229235 -0.002376938
v 0.0004395435 0.00126637 -0.002369851
v 0.0005825075 0.001201925 -0.002428531
v 0.0005754465 0.001240153 -0.002434384
v 0.0005126578 0.001211167 -0.002403834
v 0.0005030675 0.001256817 -0.002401274
v 0.0006468131 0.001180641 -0.002429665
v 0.000580476 0.001286973 -0.002416608
v 0.000742568 0.001165417 -0.0024358
v 0.0006760347 0.001307031 -0.002428675
v 0.0008473172 0.001159282 -0.002444691
v 0.000796199 0.001324045 -0.002430753
v 0.0008410128 0.001367324 -0.002383884
v 0.00095087 0.001157929 -0.002450173
v 0.0008895224 0.001301043 -0.002460561
v 0.001049901 0.001159766 -0.002451588
v 0.0009865047 0.001303996 -0.002461165
v 0.001148926 0.001167717 -0.0024496
v 0.001112406 0.001302293 -0.00246476
v 0.00126142 0.001177574 -0.002438259
v 0.001209942 0.001314447 -0.002449813
v 0.001302533 0.001229896 -0.002478164
v 0.001379227 0.001235896 -0.002459973
v 0.001290256 0.001296232 -0.002456013
v 0.001348256 0.001203849 -0.002446433
v 0.001434955 0.001241572 -0.002439681
v 0.001390689 0.001284351 -0.002427743
v 0.00144354 0.001261101 -0.002429453
v 0.001429523 0.001205998 -0.00241974
v 0.001511616 0.001192898 -0.002381919
v 0.001504695 0.001236118 -0.002396347
v 0.001606191 0.001199691 -0.002352525
v 0.001720285 0.001185826 -0.002322362
v 0.001800281 0.001176072 -0.002305711
v 0.000399839 0.001215696 -0.002340709
v 0.0003914136 0.001248389 -0.002345942
v 0.000356182 0.001234208 -0.002305573
v 0.0003545911 0.001266496 -0.002311573
v 0.0004533508 0.001190825 -0.002356
v 0.0003973052 0.001288249 -0.002331849
v 0.0005440603 0.001164768 -0.002377226
v 0.0004892356 0.001313033 -0.002357933
v 0.0005442152 0.001367497 -0.002318061
v 0.0006430295 0.001126099 -0.002368901
v 0.0006073626 0.001336777 -0.002379675
v 0.0006079779 0.001088411 -0.002299964
v 0.000645671 0.001379949 -0.002329576
v 0.0007602172 0.001116524 -0.00238679
v 0.0007078341 0.001353052 -0.002387883
v 0.0007789335 0.001368377 -0.002378764
v 0.0006866697 0.001082338 -0.002316761
v 0.0007293518 0.001385271 -0.002341012
v 0.000866766 0.001113115 -0.002394381
v 0.0008037084 0.001396179 -0.002320393
v 0.0008879497 0.001384441 -0.002347371
v 0.0007862489 0.001075952 -0.002324351
v 0.0009711591 0.001113951 -0.002396942
v 0.0009200071 0.001347474 -0.002410722
v 0.0008909045 0.00107329 -0.00232774
v 0.0009716476 0.001383261 -0.002335493
v 0.001074286 0.00111826 -0.00239477
v 0.001042183 0.00134746 -0.002403163
v 0.000996739 0.001074494 -0.002328365
v 0.001076584 0.001381045 -0.002317914
v 0.001177686 0.001123823 -0.002385443
v 0.001163896 0.001347399 -0.002383449
v 0.001101304 0.001078099 -0.002323861
v 0.001162261 0.00137773 -0.002295569
v 0.001276499 0.001123838 -0.002364018
v 0.001256573 0.001329633 -0.002401277
v 0.00120208 0.001081597 -0.002312428
v 0.00135815 0.001164231 -0.00239872
v 0.001338979 0.001318321 -0.002378023
v 0.00145318 0.001159015 -0.002367012
v 0.001426449 0.001300891 -0.002359419
v 0.001458661 0.001304831 -0.002305125
v 0.00155271 0.001158504 -0.002342377
v 0.001468053 0.001273504 -0.002391577
v 0.001527063 0.00126201 -0.002360218
v 0.001495031 0.001285096 -0.002337621
v 0.001656637 0.001157914 -0.002322446
v 0.001590523 0.001239842 -0.002340798
v 0.001757077 0.001154535 -0.00230508
v 0.001683748 0.001217941 -0.002313597
v 0.001850136 0.001153093 -0.002284229
v 0.001789677 0.001199119 -0.002287171
v 0.001853584 0.0011778 -0.002285357
v 0.001901472 0.001164795 -0.00226688
v 0.0003252828 0.001232752 -0.002243309
v 0.0003240835 0.001265144 -0.002270739
v 0.0002834997 0.00129672 -0.00219273
v 0.0002770466 0.001360872 -0.002156275
v 0.0003908012 0.001190506 -0.002287381
v 0.0003433828 0.001301532 -0.002274742
v 0.0003512378 0.001191493 -0.002210498
v 0.0003425406 0.001357436 -0.002216226
v 0.0004657941 0.001155572 -0.002310337
v 0.0004035014 0.001333618 -0.002294461
v 0.0004642959 0.001358673 -0.002300595
v 0.0004163264 0.001372803 -0.002255212
v 0.0005351445 0.001115839 -0.002295283
v 0.0004842468 0.001393325 -0.002254662
v 0.0005667742 0.001080052 -0.002253042
v 0.0005162909 0.001092783 -0.002219988
v 0.0006275225 0.001063761 -0.002249467
v 0.0005807288 0.001406038 -0.002258763
v 0.0007123927 0.001051628 -0.002249197
v 0.000696771 0.001412055 -0.002265554
v 0.0008118077 0.0010425 -0.00224828
v 0.0007843795 0.001421437 -0.002237746
v 0.0009190481 0.00103819 -0.002250751
v 0.0008847592 0.001411232 -0.002260424
v 0.0010266 0.001038585 -0.002253399
v 0.0009963406 0.001407968 -0.002241696
v 0.001131341 0.001040784 -0.002248241
v 0.00110115 0.001402071 -0.002216427
v 0.001190301 0.001385904 -0.002234118
v 0.001241424 0.001043449 -0.002235055
v 0.001261273 0.001355557 -0.002301218
v 0.00128476 0.001085088 -0.002301081
v 0.00124225 0.001378651 -0.002199525
v 0.001373187 0.00111239 -0.002323438
v 0.001387561 0.001326846 -0.002283149
v 0.0014592 0.001311629 -0.002251192
v 0.001331647 0.001067033 -0.00225902
v 0.00148677 0.001116929 -0.002305451
v 0.001511149 0.001292237 -0.002274517
v 0.001421005 0.001071472 -0.002247101
v 0.001499745 0.00130203 -0.00221416
v 0.001591987 0.001120372 -0.002292197
v 0.001560171 0.001268145 -0.002305621
v 0.001527602 0.00107902 -0.002240469
v 0.001694982 0.001122242 -0.002280763
v 0.001639767 0.0012473 -0.002279421
v 0.001628799 0.001085176 -0.002236241
v 0.001793309 0.001123047 -0.002267737
v 0.001729287 0.001227089 -0.002257492
v 0.001729739 0.001087798 -0.002227409
v 0.001872645 0.001122585 -0.002250942
v 0.001808308 0.001210973 -0.002232058
v 0.001830726 0.001091145 -0.002216723
v 0.001925675 0.00113933 -0.002246758
v 0.001889287 0.00118464 -0.002237948
v 0.001946697 0.001157743 -0.002235865
v 0.001932306 0.001099473 -0.002201564
v 0.002010006 0.001091071 -0.002165557
v 0.00200025 0.001127357 -0.00219186
v 0.002060361 0.001096839 -0.002144788
v 0.0002284877 0.001309822 -0.002112406
v 0.0002409021 0.001343327 -0.002126353
v 0.0002517474 0.001269955 -0.00212981
v 0.000248677 0.001382815 -0.002104996
v 0.0002268239 0.001280106 -0.002089744
v 0.0002960899 0.001232496 -0.002165835
v 0.0003125099 0.001416285 -0.002120411
v 0.0003456131 0.001180287 -0.002127852
v 0.0003319084 0.00146569 -0.002061067
v 0.0004351978 0.00113826 -0.002210858
v 0.0004095666 0.001407245 -0.002190877
v 0.0004991332 0.001088661 -0.002142016
v 0.0005679337 0.001065784 -0.00219051
v 0.0005053857 0.001428652 -0.002185608
v 0.0006438346 0.00104418 -0.002176894
v 0.0006096491 0.001435612 -0.002183898
v 0.0007329046 0.001026936 -0.002168161
v 0.000712004 0.001438501 -0.002171382
v 0.0008383723 0.001010139 -0.002156482
v 0.0008133969 0.001435772 -0.002163165
v 0.0008218022 0.0009876874 -0.002075251
v 0.0009542956 0.001006576 -0.002175781
v 0.0009151988 0.001429547 -0.0021583
v 0.0008958091 0.0009832575 -0.002098616
v 0.001058258 0.001005506 -0.002179025
v 0.0010104 0.001423471 -0.002143816
v 0.0009891081 0.0009777137 -0.002105979
v 0.001158516 0.001005792 -0.002173532
v 0.001082469 0.001417645 -0.002120932
v 0.001088542 0.0009741191 -0.002106552
v 0.001242638 0.001004559 -0.002160087
v 0.001168179 0.001400803 -0.002139579
v 0.001255855 0.001382122 -0.00211313
v 0.001186907 0.0009736693 -0.002103534
v 0.001339997 0.001025275 -0.002181263
v 0.001321202 0.001356683 -0.002194518
v 0.001285285 0.0009788334 -0.002102191
v 0.001470644 0.001029852 -0.002164481
v 0.001427589 0.001326769 -0.002164938
v 0.001512298 0.001300644 -0.002155956
v 0.001390173 0.0009855652 -0.002096839
v 0.001570486 0.001050758 -0.00218626
v 0.001579109 0.001275872 -0.002213201
v 0.001562476 0.001285844 -0.002117415
v 0.001658418 0.001050029 -0.002173318
v 0.001674309 0.001248554 -0.002214686
v 0.001763533 0.001052863 -0.002164935
v 0.001751949 0.001230411 -0.002182146
v 0.001869532 0.001057442 -0.002155271
v 0.001851994 0.00120506 -0.002164175
v 0.001858458 0.001203213 -0.002090815
v 0.001966448 0.001061433 -0.00213907
v 0.001929422 0.001182484 -0.002176606
v 0.001918241 0.001186735 -0.002119824
v 0.002042237 0.001067555 -0.002120151
v 0.001969707 0.001161942 -0.002195804
v 0.00201688 0.001143063 -0.002155079
v 0.001978031 0.001164542 -0.002138232
v 0.002089881 0.001077073 -0.002104142
v 0.002058007 0.001118144 -0.002135297
v 0.002091758 0.001096591 -0.002116661
v 0.0002134065 0.00136222 -0.002044445
v 0.0002102695 0.00130846 -0.002067634
v 0.0002447229 0.001421911 -0.002057203
v 0.0002203489 0.001281151 -0.002051266
v 0.0002804285 0.001455362 -0.002052587
v 0.0002078697 0.001311942 -0.002022249
v 0.0002496231 0.001463034 -0.002010423
v 0.0002670369 0.001237361 -0.002070393
v 0.0003038953 0.001493816 -0.001995011
v 0.0003383953 0.001176203 -0.002024228
v 0.0003722534 0.001490049 -0.002026152
v 0.0004225017 0.001124954 -0.002073043
v 0.000424754 0.001457491 -0.002095969
v 0.00049987 0.001081413 -0.002057751
v 0.0004363043 0.001495151 -0.002015606
v 0.0005757406 0.001053364 -0.002097823
v 0.0005373687 0.001454562 -0.002119907
v 0.0005440238 0.00106048 -0.002010122
v 0.0006624994 0.001028566 -0.002103815
v 0.0006280544 0.001458635 -0.002098315
v 0.0007392737 0.001005786 -0.002070176
v 0.0007354618 0.001455362 -0.00207938
v 0.000786782 0.0009802007 -0.002010305
v 0.0008522746 0.0009715562 -0.00203704
v 0.0008404347 0.001447931 -0.002071342
v 0.0009207726 0.0009601856 -0.002033288
v 0.0009351116 0.001439875 -0.002065725
v 0.001015655 0.0009487654 -0.002032334
v 0.001019848 0.001431848 -0.002053371
v 0.001119151 0.0009426202 -0.002034213
v 0.001102226 0.001420202 -0.00204527
v 0.001223082 0.0009426488 -0.002035803
v 0.001185788 0.001403878 -0.002033866
v 0.001267387 0.001383803 -0.002012383
v 0.001326847 0.0009455036 -0.002030664
v 0.001338031 0.00135924 -0.002089059
v 0.001440642 0.0009480556 -0.002016815
v 0.001403766 0.001339328 -0.002054993
v 0.001480117 0.0009884558 -0.00208583
v 0.001572905 0.001010671 -0.002112904
v 0.001486062 0.001311537 -0.002062847
v 0.001574507 0.001283005 -0.002028193
v 0.001531919 0.0009697239 -0.002041934
v 0.001688678 0.001013727 -0.002103894
v 0.001655338 0.001258053 -0.002121035
v 0.00162039 0.0009743926 -0.002038331
v 0.001797549 0.001017513 -0.002097427
v 0.001768669 0.001226391 -0.002078669
v 0.001834465 0.001203759 -0.00201967
v 0.001724317 0.0009793513 -0.002035601
v 0.0019034 0.001022423 -0.00208811
v 0.001897827 0.001188853 -0.002060623
v 0.001829978 0.0009824692 -0.002028175
v 0.001998618 0.001031031 -0.002074032
v 0.00195547 0.00116756 -0.002068286
v 0.001935359 0.0009885354 -0.002016791
v 0.002068035 0.001048422 -0.002061102
v 0.002026008 0.001135777 -0.002086608
v 0.002033697 0.001001877 -0.001993096
v 0.002100096 0.001067828 -0.002062102
v 0.002082812 0.001103612 -0.002084554
v 0.002104606 0.001085353 -0.002088219
v 0.002089477 0.0009947048 -0.00192923
v 0.002095798 0.001081345 -0.002049018
v 0.0002067053 0.001336502 -0.001941381
v 0.0001988276 0.001401099 -0.001947804
v 0.0002172563 0.001436002 -0.001986387
v 0.0002313856 0.001274621 -0.001991011
v 0.0002450359 0.001491768 -0.001940973
v 0.00028292 0.0012211 -0.00196392
v 0.0003052473 0.001543402 -0.001898386
v 0.0003438289 0.001172382 -0.001928658
v 0.0003299728 0.001586002 -0.001842459
v 0.0003946195 0.001137379 -0.00197724
v 0.0003937729 0.001524207 -0.001950916
v 0.0004836858 0.001512226 -0.001963867
v 0.000470566 0.001095128 -0.001969591
v 0.0005303752 0.001481605 -0.002034338
v 0.0005517123 0.001055994 -0.001924128
v 0.0005739407 0.001506426 -0.001942037
v 0.0006301841 0.001028781 -0.002007698
v 0.0006507034 0.001477859 -0.002005509
v 0.0006781453 0.001495329 -0.001913724
v 0.0007106488 0.0009967239 -0.001969389
v 0.0007707654 0.001468939 -0.001974779
v 0.0007629373 0.000974817 -0.001945229
v 0.000713867 0.0009855593 -0.001900679
v 0.000762729 0.001486674 -0.001883036
v 0.0008384489 0.0009578768 -0.001962942
v 0.000871793 0.001454309 -0.001994366
v 0.0009336351 0.0009347791 -0.001953913
v 0.0009492458 0.001447108 -0.001977746
v 0.001039885 0.0009143995 -0.001948166
v 0.001033723 0.001436334 -0.001967944
v 0.001017529 0.0008878994 -0.001874895
v 0.001155461 0.000910919 -0.001966131
v 0.001115559 0.001423162 -0.001953785
v 0.001094124 0.0008842008 -0.001894343
v 0.001259074 0.0009103823 -0.00196755
v 0.001197433 0.001406099 -0.001935182
v 0.00127728 0.001385445 -0.001912333
v 0.001191031 0.000879843 -0.001901165
v 0.001359773 0.0009111734 -0.001959498
v 0.001343942 0.001361294 -0.001987755
v 0.00129151 0.0008779158 -0.001899293
v 0.001446236 0.00090976 -0.001943634
v 0.001419692 0.001336337 -0.001967938
v 0.001390191 0.0008786271 -0.001892164
v 0.001552185 0.0009285583 -0.001961699
v 0.00149895 0.00130889 -0.001947544
v 0.001579308 0.001280462 -0.001919481
v 0.001488068 0.0008838039 -0.001887338
v 0.001661364 0.0009467896 -0.001981216
v 0.001664018 0.001254156 -0.001999529
v 0.001752933 0.0009450129 -0.001967747
v 0.001746844 0.001225714 -0.001960992
v 0.001820414 0.001196862 -0.001926625
v 0.001860131 0.000947267 -0.001957806
v 0.001899874 0.001178118 -0.001996329
v 0.001963253 0.000952526 -0.001942865
v 0.001973784 0.001144833 -0.001993547
v 0.002047606 0.0009568881 -0.001912982
v 0.002050712 0.001101885 -0.002004559
v 0.002084223 0.00104823 -0.001983605
v 0.002051586 0.001078813 -0.001921906
v 0.002102681 0.000960208 -0.001868905
v 0.002104372 0.001017294 -0.001908008
v 0.002115329 0.0009897035 -0.001876603
v 0.0002097967 0.001335771 -0.001827563
v 0.0001946439 0.001403069 -0.001856931
v 0.0002065227 0.001460504 -0.001894686
v 0.0002459402 0.001269012 -0.001883892
v 0.0002371354 0.001532849 -0.001838269
v 0.0002846736 0.001578647 -0.001826688
v 0.0002376407 0.001287221 -0.001791678
v 0.0002999505 0.00121071 -0.001879646
v 0.0003240918 0.001611946 -0.001785737
v 0.0003530019 0.001172422 -0.001835076
v 0.0003750106 0.001604841 -0.001811671
v 0.000409905 0.001130709 -0.001893071
v 0.0003881339 0.001570123 -0.001867254
v 0.0004492909 0.001596774 -0.001805577
v 0.0004821852 0.001090574 -0.001859808
v 0.0005040686 0.001547505 -0.001872558
v 0.0005513625 0.001053877 -0.001821237
v 0.0005317392 0.001583672 -0.001789825
v 0.0006365471 0.001016623 -0.001885371
v 0.0006154694 0.00152315 -0.001866126
v 0.0006944673 0.0009841635 -0.001823397
v 0.0007691443 0.0009628741 -0.001883009
v 0.0007109785 0.001513899 -0.001822975
v 0.0007989276 0.001493047 -0.001824875
v 0.0008474634 0.0009348601 -0.001872353
v 0.0008670436 0.001468422 -0.001892242
v 0.0008637527 0.001486308 -0.001797918
v 0.0009400593 0.0009046702 -0.001864498
v 0.0009705007 0.001451674 -0.001902485
v 0.0009765308 0.0008795534 -0.001827212
v 0.000922992 0.0008849973 -0.001791314
v 0.001036262 0.0008670019 -0.001827507
v 0.001044826 0.001441898 -0.001880889
v 0.001120351 0.0008560727 -0.00183064
v 0.00112754 0.001427421 -0.001862307
v 0.001218896 0.000847873 -0.001831283
v 0.00120918 0.00140997 -0.001837637
v 0.001290658 0.001388057 -0.001813462
v 0.001323119 0.0008449014 -0.001829549
v 0.001354922 0.001361676 -0.001889101
v 0.001427971 0.0008468683 -0.001825411
v 0.001431254 0.001335454 -0.001866815
v 0.001539455 0.0008510689 -0.001817379
v 0.001506261 0.001307675 -0.001843003
v 0.001572747 0.0008889566 -0.001883425
v 0.001579381 0.001278831 -0.001815035
v 0.001663883 0.0009090548 -0.001909566
v 0.001657938 0.001251321 -0.001887998
v 0.001624077 0.0008728523 -0.001845702
v 0.001781846 0.0009096172 -0.001897695
v 0.001733172 0.001220979 -0.001855047
v 0.001806858 0.001188129 -0.001825681
v 0.001710131 0.000874181 -0.001838
v 0.001890362 0.0009119606 -0.001886941
v 0.001895849 0.001163283 -0.00190526
v 0.001816233 0.0008749125 -0.001827218
v 0.001989555 0.0009165644 -0.001870468
v 0.001979708 0.001119041 -0.001890599
v 0.002026703 0.001079233 -0.001833344
v 0.001923037 0.0008780907 -0.001815475
v 0.002069334 0.000923649 -0.001843685
v 0.002081409 0.001045924 -0.001883663
v 0.002020702 0.0008851698 -0.001798284
v 0.002118293 0.0009339522 -0.00180928
v 0.002108941 0.001010972 -0.001841979
v 0.002128951 0.0009694223 -0.001807077
v 0.002099317 0.0008980673 -0.001770615
v 0.00019634 0.001397026 -0.001740108
v 0.0001979298 0.00148195 -0.001780205
v 0.0002166532 0.00132799 -0.001747838
v 0.0002152631 0.001549149 -0.001756962
v 0.0002498668 0.001283934 -0.001713188
v 0.0002588207 0.00159538 -0.001747945
v 0.0002194169 0.001574237 -0.001714007
v 0.0002901623 0.001230458 -0.001786507
v 0.0003218668 0.001637302 -0.001723917
v 0.0003615463 0.001175451 -0.001732441
v 0.0003568089 0.001668769 -0.001666866
v 0.0004220414 0.001128235 -0.001794265
v 0.0004054946 0.001639885 -0.001734666
v 0.0004248961 0.001679953 -0.001655166
v 0.000489586 0.001087677 -0.001765597
v 0.0005115718 0.001619449 -0.001736189
v 0.000540531 0.001057297 -0.001742576
v 0.0005815201 0.00159431 -0.00174034
v 0.000502478 0.001079229 -0.001697797
v 0.0006086388 0.001020181 -0.001759547
v 0.0006249562 0.001555206 -0.00178354
v 0.0006810008 0.0009768817 -0.001723118
v 0.0006421835 0.001586116 -0.001712196
v 0.0007630046 0.0009495408 -0.001793696
v 0.0007123908 0.001535506 -0.001761282
v 0.0008448783 0.0009104053 -0.001771384
v 0.0008027678 0.001517075 -0.001741941
v 0.0008900302 0.0008766737 -0.001719199
v 0.0008986533 0.001492807 -0.001740793
v 0.000967485 0.000863915 -0.001767074
v 0.0009631669 0.001466603 -0.001803444
v 0.0009623742 0.001485463 -0.001712669
v 0.001041076 0.0008426924 -0.001755067
v 0.001063356 0.00144712 -0.00180424
v 0.001136964 0.0008253622 -0.001756178
v 0.001138183 0.001435887 -0.001767939
v 0.001244205 0.0008109285 -0.00175215
v 0.001227148 0.001415992 -0.001738783
v 0.001310462 0.001391298 -0.001717711
v 0.001217984 0.0007806516 -0.001682707
v 0.00135955 0.0008118282 -0.001761497
v 0.00136918 0.001362897 -0.001789243
v 0.001296692 0.0007800756 -0.001694649
v 0.001463821 0.0008128717 -0.001755832
v 0.001443684 0.001335381 -0.001768718
v 0.001395947 0.0007790056 -0.001695393
v 0.001562384 0.0008109245 -0.001738636
v 0.001512477 0.001307308 -0.001746693
v 0.001578686 0.001277998 -0.001716897
v 0.001495002 0.0007787204 -0.001687074
v 0.001639082 0.0008415401 -0.001784918
v 0.001650956 0.001248362 -0.001783883
v 0.001741928 0.0008393258 -0.001767249
v 0.001721578 0.001215656 -0.001752568
v 0.00179156 0.00118059 -0.001722274
v 0.001851559 0.0008412609 -0.001755126
v 0.001880977 0.00115127 -0.001799692
v 0.001960155 0.0008464659 -0.001740944
v 0.001947878 0.001112705 -0.001769003
v 0.002002586 0.001075978 -0.0017335
v 0.002057501 0.0008576409 -0.001723904
v 0.002068559 0.001042336 -0.001791492
v 0.002137263 0.0008724211 -0.001690141
v 0.002108387 0.001003396 -0.001758079
v 0.002151504 0.0009244966 -0.001727999
v 0.002139446 0.0009680206 -0.001730575
v 0.00218081 0.000892616 -0.001665993
v 0.0001964898 0.00141226 -0.00163084
v 0.0001899615 0.001473605 -0.001671352
v 0.0002015379 0.001538259 -0.001695393
v 0.000217613 0.001345112 -0.001669522
v 0.0002319361 0.00159331 -0.001650371
v 0.000257409 0.001296669 -0.001616789
v 0.0002893377 0.001642035 -0.001663832
v 0.0003041491 0.001232417 -0.00167248
v 0.0003263158 0.0016763 -0.001608718
v 0.0003683912 0.001180939 -0.001624628
v 0.0004381315 0.001122516 -0.00168672
v 0.0003978933 0.00170104 -0.001590044
v 0.0004931303 0.001084327 -0.001624257
v 0.000469707 0.001699085 -0.001604796
v 0.0005503865 0.001048216 -0.001676387
v 0.0005081733 0.001665307 -0.00165589
v 0.0005330861 0.001698449 -0.001581768
v 0.0006097832 0.001008739 -0.001654442
v 0.0006059213 0.001624232 -0.001670408
v 0.0006690895 0.0009674415 -0.001623464
v 0.0006854513 0.001596977 -0.001659825
v 0.0007478088 0.0009362213 -0.001690464
v 0.0007200866 0.001560445 -0.001702059
v 0.0007610828 0.001587383 -0.001617127
v 0.0008108069 0.0008979389 -0.001664721
v 0.0008229663 0.001550607 -0.001642071
v 0.0008596831 0.0008690185 -0.001645015
v 0.0008053784 0.0008821547 -0.001593818
v 0.000835314 0.001577634 -0.001574469
v 0.0009418902 0.0008450091 -0.001671502
v 0.0009125333 0.001514299 -0.001660509
v 0.0009982327 0.001492394 -0.001655028
v 0.001044581 0.0008104746 -0.001663583
v 0.001049553 0.001465459 -0.001714747
v 0.001015506 0.0007882843 -0.001582592
v 0.001074178 0.001483981 -0.00161501
v 0.001150091 0.0007940049 -0.001686698
v 0.001159035 0.001449869 -0.00165705
v 0.001164825 0.0007689928 -0.001636062
v 0.001090277 0.0007769327 -0.001612267
v 0.001145683 0.001475252 -0.001570708
v 0.001230854 0.0007556399 -0.001627441
v 0.001261454 0.001419904 -0.001644089
v 0.001330778 0.001394594 -0.001640961
v 0.001326352 0.0007478944 -0.001628976
v 0.001390051 0.001364342 -0.001684637
v 0.00137552 0.001381583 -0.001602912
v 0.001429631 0.0007455236 -0.001627892
v 0.001460681 0.001333317 -0.001688287
v 0.001539852 0.0007448784 -0.001615748
v 0.001515709 0.001309312 -0.001655932
v 0.00157689 0.0007800036 -0.001678028
v 0.001579281 0.001277587 -0.001623863
v 0.001661901 0.0008013356 -0.001704935
v 0.001645552 0.001245491 -0.00168484
v 0.001627328 0.0007642168 -0.001638675
v 0.001778554 0.00080516 -0.001693682
v 0.001712029 0.00121061 -0.001653556
v 0.001776616 0.001174674 -0.001621526
v 0.001713974 0.0007689095 -0.0016316
v 0.001889916 0.0008091716 -0.001679592
v 0.0018603 0.001143355 -0.00169012
v 0.001818302 0.0007741981 -0.001620537
v 0.002006127 0.0008160472 -0.001657021
v 0.001927048 0.001106232 -0.001667677
v 0.001979888 0.001075442 -0.001653154
v 0.001924236 0.0007785571 -0.001601143
v 0.001928805 0.001093933 -0.001597232
v 0.002091996 0.0008377467 -0.001661987
v 0.002049877 0.001037959 -0.001683284
v 0.002140617 0.0008418895 -0.001628829
v 0.002113644 0.0009916952 -0.001673646
v 0.002154671 0.0009521293 -0.001666412
v 0.002128227 0.0009735959 -0.001610601
v 0.002183872 0.000865192 -0.001620226
v 0.002183313 0.0009163194 -0.001646442
v 0.002199339 0.00089008 -0.001624089
v 0.0002016546 0.001427696 -0.00154982
v 0.0001912702 0.001468584 -0.001591153
v 0.0002011247 0.001532843 -0.001599101
v 0.0002213019 0.00136471 -0.001578361
v 0.0002279831 0.001589285 -0.001560162
v 0.0002625256 0.001326777 -0.001510699
v 0.0002746502 0.001643521 -0.001569189
v 0.0002232502 0.001392732 -0.00151017
v 0.0002143555 0.001552422 -0.001520246
v 0.0003114385 0.001245308 -0.001567116
v 0.0003371899 0.001692841 -0.001539591
v 0.0003702035 0.00119339 -0.001518405
v 0.0004306967 0.001133071 -0.001574978
v 0.0003997184 0.001720849 -0.001510034
v 0.0004888488 0.001086646 -0.001527366
v 0.0005492762 0.001042808 -0.00158759
v 0.0004929961 0.001726442 -0.001517753
v 0.0005805913 0.001709952 -0.001529921
v 0.0006058264 0.00100008 -0.001564338
v 0.0006168908 0.001672589 -0.001578093
v 0.0006521237 0.0009647802 -0.001545496
v 0.0006110242 0.0009867428 -0.001497815
v 0.000648964 0.001701004 -0.001501697
v 0.0007272626 0.000921991 -0.001570591
v 0.0007020327 0.001627502 -0.001592719
v 0.0007805126 0.0008768864 -0.001516887
v 0.0008587113 0.0008516699 -0.001576372
v 0.0008043331 0.001614332 -0.001530909
v 0.0008767067 0.001586813 -0.001521104
v 0.0009396535 0.0008137157 -0.00156822
v 0.0009141593 0.001552398 -0.001563131
v 0.0009728774 0.0007843872 -0.001528451
v 0.0009178956 0.0007957633 -0.001488435
v 0.0009379467 0.001577824 -0.001486498
v 0.00103492 0.0007648757 -0.001535865
v 0.001001521 0.001515851 -0.001581235
v 0.001133708 0.0007450365 -0.001556954
v 0.001099513 0.001506443 -0.001518772
v 0.001175142 0.001483078 -0.001511162
v 0.00124236 0.0007182715 -0.001546434
v 0.001225709 0.001452244 -0.001555176
v 0.001215013 0.0006862372 -0.001472788
v 0.001227687 0.001474413 -0.001475759
v 0.001358153 0.0007136586 -0.001562603
v 0.001322003 0.001413119 -0.001559288
v 0.001391584 0.00138451 -0.00154232
v 0.001295135 0.0006832719 -0.00149264
v 0.001459109 0.0007116137 -0.001560726
v 0.001448737 0.001348032 -0.001591174
v 0.001392645 0.0006799241 -0.001499357
v 0.001435848 0.001368815 -0.001499487
v 0.001543691 0.0007090024 -0.00154599
v 0.001524318 0.00130907 -0.001576339
v 0.001579538 0.001279707 -0.001529578
v 0.001488627 0.0006795371 -0.001495286
v 0.001648286 0.0007263992 -0.001558502
v 0.001643661 0.001242303 -0.001588082
v 0.001583725 0.000684209 -0.001488054
v 0.001757406 0.0007439713 -0.001569567
v 0.001707232 0.00120522 -0.001562424
v 0.001759288 0.001174485 -0.001542735
v 0.001715776 0.00119513 -0.001495201
v 0.001852504 0.0007439936 -0.00154239
v 0.001843488 0.001134163 -0.001568456
v 0.001911419 0.001091028 -0.00151691
v 0.001966989 0.0007514631 -0.001516351
v 0.001986586 0.001060553 -0.001586303
v 0.002010305 0.0007845012 -0.001581142
v 0.002090083 0.0008097824 -0.001590718
v 0.002064009 0.001013017 -0.001579647
v 0.002114752 0.0009698137 -0.001535094
v 0.002053405 0.0007754629 -0.001528932
v 0.002162398 0.0008331183 -0.001561786
v 0.002162878 0.0009388949 -0.001590852
v 0.002130209 0.0007929826 -0.001493894
v 0.00219598 0.0008579365 -0.001556829
v 0.002193146 0.0009028543 -0.001582526
v 0.002203953 0.0008779746 -0.001587515
v 0.002184957 0.0007934204 -0.001432045
v 0.00219627 0.0008787561 -0.001538465
v 0.0002024693 0.001491691 -0.001520944
v 0.0002126396 0.001440442 -0.001491145
v 0.0002225427 0.001531194 -0.001467557
v 0.0002869809 0.001333472 -0.001413205
v 0.0002442838 0.001413456 -0.001440315
v 0.0002528805 0.001600287 -0.001470836
v 0.0002995583 0.001667369 -0.001488062
v 0.000221237 0.001479914 -0.001457297
v 0.0003188249 0.001261933 -0.001466948
v 0.0003532599 0.001707361 -0.0014602
v 0.0003701036 0.001214442 -0.001408115
v 0.0003236032 0.001279235 -0.001391091
v 0.0004278645 0.001143122 -0.001470913
v 0.0004331913 0.001744072 -0.001428404
v 0.000483478 0.001091591 -0.001423553
v 0.0004870009 0.001777836 -0.001361383
v 0.0005518948 0.001032849 -0.001484553
v 0.0005288412 0.001762503 -0.001415317
v 0.0005973629 0.0009875142 -0.001422492
v 0.0005442388 0.001786952 -0.001358615
v 0.0006567349 0.0009501019 -0.001478534
v 0.000608982 0.001734587 -0.001449412
v 0.0006937638 0.001709282 -0.001443368
v 0.0007120575 0.0009072693 -0.001462139
v 0.0007382419 0.001667182 -0.001489623
v 0.0007571059 0.0008719803 -0.001441387
v 0.000712182 0.0008911684 -0.001395231
v 0.0007583117 0.00169842 -0.001403799
v 0.0008365977 0.0008322781 -0.001466791
v 0.0008220907 0.001640678 -0.001464922
v 0.0008862802 0.0007880814 -0.001416327
v 0.0009635003 0.0007679071 -0.001467423
v 0.0008922193 0.001614521 -0.001451317
v 0.0009886308 0.001589131 -0.001415756
v 0.001039256 0.000736712 -0.001463018
v 0.001018332 0.001548469 -0.001482494
v 0.001134686 0.0007039554 -0.001463439
v 0.00110699 0.001533057 -0.00143799
v 0.001168268 0.000673281 -0.001424279
v 0.001110872 0.0006770118 -0.001393643
v 0.001233665 0.0006584672 -0.00142441
v 0.001180099 0.001505505 -0.001437033
v 0.001264135 0.001481576 -0.001404274
v 0.001326253 0.0006491911 -0.001431319
v 0.001294378 0.00144715 -0.001471359
v 0.00142595 0.000646795 -0.001433771
v 0.001380261 0.001407374 -0.001461621
v 0.00145645 0.001372392 -0.00141803
v 0.00152646 0.0006487092 -0.001426392
v 0.001506389 0.00132847 -0.001486802
v 0.001582671 0.00128467 -0.001425977
v 0.001632201 0.0006544223 -0.001412227
v 0.001652433 0.001234998 -0.00148341
v 0.001667177 0.0006892462 -0.001476952
v 0.001707128 0.001198271 -0.001420604
v 0.001761438 0.0007090361 -0.001490512
v 0.001767961 0.001164087 -0.001474779
v 0.001716755 0.0006739512 -0.00142779
v 0.001892652 0.0007127672 -0.00144978
v 0.001834359 0.001124752 -0.001449869
v 0.001903725 0.001082099 -0.001417088
v 0.001805556 0.0006772871 -0.001400979
v 0.001977299 0.0007280323 -0.001448655
v 0.001982537 0.00104801 -0.001492194
v 0.002052847 0.0007482852 -0.001451261
v 0.002050524 0.00100428 -0.001475517
v 0.00209797 0.000967179 -0.001459668
v 0.002053468 0.0009895954 -0.001406772
v 0.002138498 0.0007635666 -0.00141438
v 0.002156159 0.0009179902 -0.001492501
v 0.0021855 0.0008409903 -0.001461686
v 0.002188622 0.0007753009 -0.001383884
v 0.002206622 0.0008072439 -0.001423745
v 0.002209344 0.0007927006 -0.001402401
v 0.0002823281 0.001410156 -0.001337299
v 0.0002546852 0.001520255 -0.00139
v 0.0002725349 0.001600952 -0.001390622
v 0.0003080614 0.001661514 -0.001402135
v 0.0003083119 0.001326973 -0.00134703
v 0.0003683338 0.001717701 -0.001387624
v 0.0003870383 0.001215257 -0.001312121
v 0.0003429129 0.001276539 -0.001325386
v 0.0004177707 0.001751186 -0.001330391
v 0.0003498405 0.001692103 -0.001316656
v 0.0004272943 0.001153193 -0.001371398
v 0.0004744977 0.001786705 -0.001300715
v 0.0004735148 0.001102644 -0.001311255
v 0.0004249355 0.001164476 -0.001295987
v 0.0004376948 0.00176814 -0.001265989
v 0.0005357331 0.001038478 -0.001372831
v 0.0005253783 0.001797352 -0.001318669
v 0.0005863085 0.0009829736 -0.001325077
v 0.0005687526 0.001795479 -0.001325344
v 0.0006537075 0.0009339281 -0.001382403
v 0.0006040892 0.001772618 -0.001354745
v 0.000694554 0.0008876107 -0.001325364
v 0.0005995466 0.00179126 -0.001296052
v 0.0007575845 0.000855125 -0.001377455
v 0.0007038852 0.001734801 -0.001356357
v 0.0007945672 0.001707372 -0.001334369
v 0.0008139178 0.000813514 -0.001363585
v 0.0008483447 0.001666076 -0.001382733
v 0.0008598749 0.0007790747 -0.001346796
v 0.0008113813 0.0007940828 -0.001302192
v 0.0008569927 0.001697236 -0.001287524
v 0.0009394221 0.0007466535 -0.001376585
v 0.0009613258 0.001627948 -0.00135372
v 0.00103611 0.001600487 -0.001342499
v 0.001035309 0.000700492 -0.001376276
v 0.001082171 0.001566503 -0.001377448
v 0.001070808 0.0006668447 -0.001341787
v 0.001015631 0.0006756912 -0.0013088
v 0.001094089 0.001591812 -0.001302323
v 0.001147465 0.0006473712 -0.001357785
v 0.001155081 0.001538015 -0.001375018
v 0.001248699 0.0006188504 -0.001352284
v 0.001231651 0.001519493 -0.001336205
v 0.001300515 0.001488888 -0.001331344
v 0.001221241 0.0005844512 -0.001283457
v 0.001359559 0.0006139539 -0.001366676
v 0.001347298 0.00145031 -0.001372105
v 0.001298981 0.0005813502 -0.001298287
v 0.001351346 0.001475397 -0.001288568
v 0.001461617 0.0006137981 -0.001364657
v 0.001416273 0.001410397 -0.001369546
v 0.001476667 0.001382377 -0.001319471
v 0.001395987 0.0005794967 -0.001301764
v 0.001569532 0.0006161684 -0.001348463
v 0.001525828 0.001333708 -0.001371925
v 0.001593505 0.001290326 -0.001317567
v 0.001494902 0.0005811168 -0.001293748
v 0.00164496 0.0006288707 -0.001353114
v 0.001648696 0.001240946 -0.001371103
v 0.001709273 0.001197794 -0.00132542
v 0.001725199 0.0006419892 -0.001351613
v 0.001766911 0.001159155 -0.001381844
v 0.001850017 0.0006487462 -0.00130984
v 0.001831462 0.001117824 -0.001350725
v 0.001895483 0.0006818742 -0.001370091
v 0.001896668 0.001075979 -0.001317864
v 0.001993104 0.0007064935 -0.001371984
v 0.001981571 0.001032488 -0.001385657
v 0.002033738 0.0009890262 -0.001328198
v 0.001938646 0.0006702465 -0.001313374
v 0.002087869 0.0007340377 -0.001372787
v 0.002099053 0.0009502711 -0.001391579
v 0.002147726 0.0007506979 -0.001341519
v 0.002147075 0.0008949427 -0.001373487
v 0.002183111 0.0008369227 -0.001335028
v 0.002189974 0.0007761294 -0.001330806
v 0.002209001 0.0008093536 -0.001391044
v 0.002209631 0.0007886466 -0.001371688
v 0.002203904 0.0008000439 -0.00134223
v 0.0003025528 0.00142888 -0.001240286
v 0.0002882901 0.001507227 -0.001276205
v 0.0002985179 0.001605763 -0.001313052
v 0.0003176207 0.001349967 -0.0012773
v 0.0003418648 0.001656326 -0.001229547
v 0.0003596265 0.00129103 -0.001219925
v 0.0003923456 0.001725274 -0.001247727
v 0.0003245503 0.001378932 -0.001205777
v 0.0004016604 0.001206632 -0.001246751
v 0.0004432664 0.001756616 -0.001199441
v 0.0004809922 0.001088883 -0.001205852
v 0.0004370344 0.00115358 -0.001229762
v 0.0004712486 0.001786303 -0.001250808
v 0.000529307 0.001034448 -0.001269124
v 0.0005118416 0.001798383 -0.00126684
v 0.0005789958 0.0009708645 -0.001226459
v 0.0004938105 0.001786493 -0.001217264
v 0.0006343391 0.0009284652 -0.001281273
v 0.0005591758 0.001800501 -0.001281591
v 0.0006787106 0.000877772 -0.001242886
v 0.0005938383 0.001791218 -0.001245677
v 0.0005437969 0.001792269 -0.001221014
v 0.0007485061 0.0008350311 -0.001288921
v 0.0006583326 0.001769322 -0.00125789
v 0.000787988 0.0007866674 -0.001238913
v 0.0008611987 0.0007562636 -0.001288802
v 0.0007893919 0.001731608 -0.001230924
v 0.0008908462 0.001703724 -0.00121746
v 0.00094364 0.0007056204 -0.001288458
v 0.0009441099 0.001669565 -0.001264359
v 0.0009856622 0.0006712478 -0.001269687
v 0.0009403398 0.00066775 -0.001214728
v 0.0009514376 0.001692192 -0.001177507
v 0.001048175 0.0006406705 -0.001271657
v 0.001047391 0.001626273 -0.001261863
v 0.00112512 0.001599959 -0.00124293
v 0.0009911461 0.0006152899 -0.001182339
v 0.001153293 0.0006064347 -0.001287034
v 0.001171112 0.001563974 -0.001285691
v 0.001168104 0.0005705358 -0.0012364
v 0.001087192 0.0005865084 -0.001212533
v 0.001176361 0.00159029 -0.001202197
v 0.001237452 0.0005528615 -0.001232723
v 0.001240478 0.001540322 -0.001264719
v 0.001332019 0.0005458088 -0.001237103
v 0.00130125 0.001513948 -0.001252528
v 0.001379936 0.001483364 -0.001208102
v 0.001432107 0.0005454305 -0.001233424
v 0.001418854 0.001436316 -0.001274802
v 0.001496949 0.001395956 -0.001215363
v 0.001540854 0.0005492655 -0.001218799
v 0.001544036 0.001342907 -0.001264665
v 0.001575713 0.0005842403 -0.001280338
v 0.001606591 0.001299091 -0.001214434
v 0.00165856 0.0006037151 -0.00129293
v 0.001661135 0.001242045 -0.001258827
v 0.001717477 0.001195444 -0.001247699
v 0.001622119 0.000570924 -0.001237243
v 0.001778712 0.0006095861 -0.00125477
v 0.001771777 0.001154367 -0.001278645
v 0.001704497 0.0005745786 -0.001212987
v 0.001751165 0.001173255 -0.001201263
v 0.00186215 0.0006240163 -0.00124406
v 0.001836303 0.001110946 -0.001268893
v 0.001886083 0.001077655 -0.001221344
v 0.001949745 0.0006424448 -0.001227462
v 0.001959135 0.00103285 -0.001273581
v 0.002002934 0.0006789364 -0.001283563
v 0.002020506 0.0009848758 -0.001226855
v 0.002084895 0.0007119796 -0.001278287
v 0.002089099 0.0009390551 -0.001293643
v 0.002038383 0.000672553 -0.001223382
v 0.002156039 0.0007564418 -0.00126159
v 0.002137869 0.0008850411 -0.001266313
v 0.00218355 0.0007977196 -0.001277025
v 0.002163602 0.000837195 -0.00122963
v 0.002134272 0.0008752447 -0.001188041
v 0.0003075468 0.001496185 -0.001190306
v 0.0003126063 0.001575429 -0.001211578
v 0.0003161932 0.001434952 -0.001175748
v 0.0003418177 0.001620483 -0.001155364
v 0.0003727923 0.001301635 -0.001098497
v 0.0003400602 0.001396169 -0.001127683
v 0.0003858175 0.001689153 -0.00115368
v 0.0003235518 0.001475763 -0.001132388
v 0.0003281087 0.001548819 -0.001131801
v 0.0004023064 0.001218296 -0.001168436
v 0.0004370309 0.001728857 -0.001122049
v 0.0004810924 0.00107572 -0.001106609
v 0.000440841 0.001147966 -0.001137443
v 0.0005272477 0.001020114 -0.001168176
v 0.0005014566 0.001764037 -0.001146002
v 0.0005786385 0.0009404626 -0.00112057
v 0.0006292863 0.0009097146 -0.001195975
v 0.0005970717 0.001773734 -0.001161535
v 0.0006667176 0.0008700658 -0.001187463
v 0.000653822 0.0008578383 -0.00112653
v 0.0007170831 0.0008259875 -0.001194143
v 0.0007009812 0.00175751 -0.001144865
v 0.0007677387 0.0007774974 -0.00118239
v 0.0007380279 0.0007652175 -0.001112361
v 0.0008400625 0.0007273439 -0.001196451
v 0.0007890902 0.0017412 -0.001115392
v 0.0008764261 0.0006787248 -0.001162547
v 0.0008254003 0.0006794565 -0.00110449
v 0.0009084489 0.0006419428 -0.001143278
v 0.0008914651 0.001717755 -0.001120952
v 0.0009460109 0.0005985604 -0.001120119
v 0.0009798642 0.001694422 -0.001117825
v 0.0008818618 0.000617728 -0.001085261
v 0.001022958 0.0005658519 -0.001135924
v 0.001028082 0.001665225 -0.001162853
v 0.001028746 0.00168206 -0.001082004
v 0.00114229 0.000531384 -0.001158554
v 0.001123999 0.001623639 -0.001161604
v 0.001197326 0.001597923 -0.001137543
v 0.001117747 0.0004860551 -0.001086418
v 0.001263882 0.0005128339 -0.001169843
v 0.00124933 0.001560666 -0.001182731
v 0.001201056 0.0004767734 -0.001101005
v 0.001240756 0.001587457 -0.001090179
v 0.001367699 0.0005087466 -0.001171493
v 0.001339364 0.001522961 -0.001151483
v 0.001399762 0.001494 -0.001130849
v 0.001307204 0.0004692152 -0.001105475
v 0.001468224 0.0005104 -0.001162602
v 0.00145354 0.001451193 -0.001144825
v 0.001516203 0.001404413 -0.001136104
v 0.001410177 0.0004721537 -0.00110605
v 0.001426575 0.001486559 -0.001089997
v 0.00156477 0.0005100484 -0.00113707
v 0.001565393 0.00135547 -0.00114692
v 0.001620849 0.001303892 -0.001136901
v 0.001503838 0.0004763904 -0.001094721
v 0.001542919 0.001391768 -0.001098154
v 0.001639562 0.0005418092 -0.001171957
v 0.001658506 0.001261564 -0.001160398
v 0.001654828 0.001280814 -0.001092925
v 0.001750208 0.0005427736 -0.001128741
v 0.001707164 0.001213122 -0.001178204
v 0.001787035 0.0005778721 -0.001182955
v 0.001759617 0.001176942 -0.001122675
v 0.001871676 0.0005985345 -0.001180416
v 0.001812562 0.001129375 -0.001182952
v 0.001880643 0.001082308 -0.001121765
v 0.001834787 0.0005646047 -0.001131141
v 0.001973813 0.0006067418 -0.001121957
v 0.001948482 0.001033292 -0.001171017
v 0.002011129 0.0009838702 -0.001121224
v 0.001914071 0.0005699239 -0.001092986
v 0.002050343 0.0006512782 -0.001137494
v 0.002084155 0.0009268649 -0.001181617
v 0.002087595 0.0006880006 -0.001187954
v 0.002117501 0.0008829825 -0.001114158
v 0.002129885 0.0007252395 -0.001178649
v 0.002148497 0.0008435327 -0.001153333
v 0.002159411 0.0007879809 -0.00116072
v 0.002110346 0.0006894397 -0.001121356
v 0.0003811403 0.001297895 -0.0009852775
v 0.0003585354 0.001394978 -0.001022367
v 0.0003458998 0.001497889 -0.001056837
v 0.0003658667 0.001611205 -0.001072454
v 0.0004085512 0.001684052 -0.001072719
v 0.0004062876 0.00121811 -0.001069351
v 0.0004622479 0.00171666 -0.001052115
v 0.0004799251 0.001054264 -0.001011035
v 0.0004397841 0.001139093 -0.001030109
v 0.0004072316 0.001212347 -0.0009877596
v 0.0005203271 0.001004224 -0.001071655
v 0.0005415961 0.001745607 -0.001056071
v 0.0006038328 0.0008690227 -0.001036424
v 0.0005488086 0.0009367468 -0.001017281
v 0.0005104562 0.0009915901 -0.0009938524
v 0.0006620892 0.0008070298 -0.00105079
v 0.0006320258 0.001754086 -0.001057001
v 0.0007001944 0.0007317922 -0.001009125
v 0.0007617078 0.0007012615 -0.001054798
v 0.0007255923 0.0017463 -0.001042927
v 0.0007921181 0.0006681257 -0.001051507
v 0.0007680447 0.0006556031 -0.001007928
v 0.0008250269 0.000634018 -0.001047587
v 0.0008212231 0.001732835 -0.001034588
v 0.0008657819 0.0005984631 -0.001046654
v 0.0008325766 0.0005863587 -0.001000865
v 0.0009323396 0.0005601546 -0.001058559
v 0.0008997729 0.001719438 -0.001025119
v 0.0008933925 0.000522116 -0.0009853555
v 0.001043659 0.0005153912 -0.001083545
v 0.0009740687 0.001702227 -0.001043492
v 0.001066437 0.0004715848 -0.00104269
v 0.001045143 0.001679608 -0.001013425
v 0.0009847526 0.0004913803 -0.001016454
v 0.001138219 0.0004463962 -0.001040455
v 0.001090067 0.00165578 -0.001072178
v 0.001241498 0.0004247673 -0.001034661
v 0.001177588 0.001619794 -0.001051837
v 0.001256338 0.001590814 -0.00100472
v 0.001225991 0.0003815771 -0.0009776071
v 0.001365964 0.0004249732 -0.001036052
v 0.001303218 0.001558478 -0.001075897
v 0.001303414 0.0003823128 -0.0009800332
v 0.001457814 0.0004437028 -0.001051211
v 0.0013828 0.001518691 -0.001055366
v 0.001456355 0.001475696 -0.001025496
v 0.001550683 0.0004411206 -0.001021339
v 0.001512932 0.001424083 -0.001069419
v 0.001582048 0.0004786943 -0.001075724
v 0.001569664 0.001380071 -0.001035604
v 0.001664972 0.0005011677 -0.001085789
v 0.001619038 0.001323367 -0.001067474
v 0.001669888 0.001282936 -0.001017491
v 0.001634039 0.0004621461 -0.001028309
v 0.001775559 0.0005029179 -0.001041122
v 0.001705844 0.001233175 -0.001080858
v 0.001769838 0.00118333 -0.001023066
v 0.001717141 0.000467221 -0.001003253
v 0.00185121 0.0005360272 -0.001063615
v 0.001821147 0.001132096 -0.001072803
v 0.001883537 0.001085581 -0.001019238
v 0.001954851 0.0005424879 -0.001002244
v 0.001944388 0.001035213 -0.001068607
v 0.001988199 0.0005781382 -0.001050892
v 0.002004786 0.0009857818 -0.001016829
v 0.002052987 0.0006098716 -0.001037585
v 0.002065891 0.0009331413 -0.001069089
v 0.002108795 0.0008817138 -0.001021153
v 0.002027115 0.0005712876 -0.0009944923
v 0.00210966 0.000664123 -0.001041131
v 0.002143235 0.000835075 -0.001079109
v 0.002145079 0.0007286745 -0.001063014
v 0.002154903 0.0007880111 -0.001048394
v 0.0003957965 0.001244614 -0.0009021354
v 0.0003772093 0.001327618 -0.0008953112
v 0.000367764 0.001393221 -0.0009267346
v 0.0003641019 0.001480718 -0.0009548449
v 0.00037173 0.001562492 -0.0009860079
v 0.0004135132 0.001643166 -0.0009837798
v 0.0004204892 0.001170945 -0.0009461258
v 0.0004913571 0.001693229 -0.0009525751
v 0.0004833784 0.001013429 -0.0009122372
v 0.0004471873 0.001103459 -0.0009356528
v 0.0004344617 0.00163405 -0.0008980476
v 0.0005225101 0.000945925 -0.0009450619
v 0.0005745686 0.00173133 -0.00098009
v 0.0005635789 0.0008585408 -0.0009278468
v 0.0006283471 0.000797755 -0.0009772978
v 0.000650816 0.001733917 -0.0009631296
v 0.0007138688 0.0006533296 -0.0009412161
v 0.0006507603 0.0007272257 -0.0009324706
v 0.0006046543 0.0007763233 -0.0009121121
v 0.0007723333 0.0006091505 -0.0009641494
v 0.0007492695 0.001727904 -0.0009456381
v 0.0007966898 0.0005768012 -0.0009577401
v 0.0007662313 0.0005726659 -0.0009216001
v 0.0007263029 0.001709417 -0.0008671554
v 0.0008276208 0.0005410387 -0.0009505631
v 0.0008531474 0.001719407 -0.0009581459
v 0.0008666274 0.0005027135 -0.0009446896
v 0.0008262341 0.0004925255 -0.000900673
v 0.0008014245 0.001707081 -0.0008826946
v 0.000928349 0.0004622768 -0.0009456704
v 0.0009372145 0.001706683 -0.000968473
v 0.0008944044 0.0004197113 -0.0008822176
v 0.0008928809 0.001697789 -0.0008961989
v 0.001051538 0.0004309475 -0.0009825689
v 0.0009996657 0.001693455 -0.000976546
v 0.001038645 0.001675917 -0.0009459785
v 0.0009933449 0.0003914166 -0.0009093327
v 0.0009777491 0.001686029 -0.0009143049
v 0.001155637 0.0004005226 -0.0009867836
v 0.001107739 0.001650144 -0.0009634223
v 0.001180869 0.0003609485 -0.0009441145
v 0.001100711 0.0003690881 -0.0009305336
v 0.001252696 0.0003454967 -0.0009304503
v 0.001196524 0.001616909 -0.0009383131
v 0.001267433 0.001588529 -0.0009062243
v 0.001354844 0.0003394917 -0.0009130246
v 0.001327368 0.001558196 -0.0009718303
v 0.001384521 0.0003818723 -0.0009715787
v 0.001466077 0.00040283 -0.0009847283
v 0.001400534 0.001520403 -0.0009400228
v 0.001470702 0.001480651 -0.0009050863
v 0.001436062 0.0003610969 -0.0009285239
v 0.00155874 0.0004010051 -0.0009526935
v 0.001523443 0.001433726 -0.0009700708
v 0.001581378 0.001389374 -0.000920154
v 0.001514276 0.0003657706 -0.0009105867
v 0.001659799 0.0004209648 -0.0009435395
v 0.001628133 0.001335208 -0.0009714376
v 0.001682104 0.001287934 -0.0009190828
v 0.00160292 0.0003747595 -0.0008881259
v 0.001771752 0.0004427648 -0.000929084
v 0.001724713 0.001235604 -0.0009719385
v 0.001796669 0.0004739575 -0.0009778247
v 0.001781061 0.001187103 -0.0009215225
v 0.001872483 0.0004977238 -0.0009755954
v 0.00182941 0.001136146 -0.0009706373
v 0.001887203 0.001089121 -0.0009184642
v 0.001841084 0.000462534 -0.0009289376
v 0.001966049 0.0005063418 -0.0009117715
v 0.001944047 0.001037769 -0.0009665634
v 0.002001719 0.0009869843 -0.0009142875
v 0.001906671 0.0004693429 -0.0008902845
v 0.002040846 0.0005513478 -0.0009168378
v 0.002059155 0.0009332536 -0.0009665817
v 0.002073081 0.0005870819 -0.0009605872
v 0.002105265 0.0008757765 -0.0009217371
v 0.002111623 0.000626808 -0.0009537586
v 0.002140105 0.0008264476 -0.0009846762
v 0.002148677 0.0006915607 -0.0009362926
v 0.002155111 0.0007647548 -0.0009612271
v 0.002100097 0.0005904586 -0.0008987376
v 0.0003998354 0.001237392 -0.0008084532
v 0.0003839853 0.001313876 -0.0008283447
v 0.0003761466 0.001392161 -0.0008459562
v 0.0003746408 0.001462172 -0.0008765216
v 0.0003951668 0.001558612 -0.0008878973
v 0.0004194137 0.001165814 -0.0008677114
v 0.000426321 0.001605742 -0.0008523557
v 0.0004728863 0.0009911426 -0.0007862286
v 0.0004460421 0.001087698 -0.0008344805
v 0.0004740859 0.00163739 -0.0008426077
v 0.0004265392 0.001568252 -0.0008063101
v 0.0005102268 0.0009252815 -0.0008642434
v 0.0005670317 0.001696428 -0.0008857641
v 0.0005748171 0.0007609727 -0.0008439251
v 0.0005281348 0.0008425171 -0.0008206285
v 0.0004973005 0.0009014471 -0.0007833928
v 0.0005338118 0.001646638 -0.0007996532
v 0.0006178406 0.0007245732 -0.000881119
v 0.0006614391 0.001711425 -0.0008797721
v 0.0007050677 0.0006026506 -0.0008836829
v 0.0006574171 0.0006643627 -0.0008813739
v 0.0006790245 0.001691109 -0.0008227315
v 0.0006606705 0.0005847784 -0.0008175489
v 0.0006155243 0.0006823733 -0.000839463
v 0.0006084733 0.001675137 -0.0008102505
v 0.0007439274 0.0005334003 -0.0008637622
v 0.0007455996 0.001684412 -0.0008150249
v 0.0007810537 0.0004815495 -0.000855217
v 0.0007430913 0.0004666208 -0.0008109009
v 0.0008222428 0.0004366072 -0.0008493721
v 0.0008372928 0.001677451 -0.0008225176
v 0.0008698562 0.0003938237 -0.0008451869
v 0.0008325519 0.0003729139 -0.0008051845
v 0.0009369423 0.0003528199 -0.0008440005
v 0.0009353419 0.001667616 -0.0008377273
v 0.000911554 0.0002992036 -0.0007880889
v 0.001054315 0.0003269411 -0.0008666228
v 0.001039086 0.001654205 -0.0008675245
v 0.001008347 0.0002801658 -0.0008055217
v 0.001172202 0.0003160307 -0.0008837223
v 0.001135342 0.001628306 -0.0008635913
v 0.001115097 0.0002656888 -0.0008158069
v 0.001280803 0.0002998646 -0.0008668592
v 0.001210182 0.001605874 -0.0008505211
v 0.001261373 0.001584434 -0.0008293949
v 0.001219564 0.0002576488 -0.0008128615
v 0.001219975 0.00159149 -0.0007914352
v 0.001364891 0.0002942519 -0.0008442567
v 0.00133018 0.001555242 -0.0008541523
v 0.001315951 0.0002558695 -0.0007961651
v 0.001460588 0.0003173575 -0.0008458265
v 0.001413453 0.001515642 -0.0008321053
v 0.001478083 0.001479771 -0.000803501
v 0.001405246 0.0002661967 -0.0007808309
v 0.001557748 0.0003401421 -0.0008435899
v 0.001530972 0.001439549 -0.0008622147
v 0.001583625 0.001393958 -0.0008140933
v 0.00164062 0.0003448899 -0.0008013856
v 0.00163551 0.001341357 -0.0008668764
v 0.001678064 0.0003803437 -0.0008582525
v 0.001688577 0.001289132 -0.0008168977
v 0.001759795 0.0004019128 -0.000845688
v 0.001735767 0.001238045 -0.000870645
v 0.001787831 0.001188814 -0.0008239804
v 0.001715617 0.0003661753 -0.0007984067
v 0.001846324 0.0004363298 -0.0008609213
v 0.001835394 0.001139665 -0.0008712974
v 0.001887288 0.001092986 -0.000820253
v 0.001923449 0.0004486661 -0.0008091016
v 0.001943026 0.001040791 -0.0008655828
v 0.001968076 0.0004795983 -0.0008444316
v 0.001996696 0.0009880887 -0.0008117523
v 0.002026011 0.0005139952 -0.0008330411
v 0.002055132 0.0009305091 -0.0008635058
v 0.002102559 0.0008652175 -0.0008179768
v 0.002095977 0.0005692866 -0.0008131396
v 0.002140123 0.0008123163 -0.0008865059
v 0.002140884 0.0006335693 -0.0008512117
v 0.002163451 0.0006900693 -0.0008351242
v 0.002159487 0.0007453191 -0.0008590572
v 0.0004072005 0.001237639 -0.000732603
v 0.0003947048 0.00131004 -0.000755083
v 0.0003865344 0.001377608 -0.000782446
v 0.0003970808 0.001474101 -0.0007925034
v 0.0004201189 0.001166012 -0.0007776153
v 0.0004268884 0.001529376 -0.0007579842
v 0.0004791121 0.0009095197 -0.0006907763
v 0.0004622597 0.00101376 -0.0006891593
v 0.0004441876 0.001100351 -0.0007228955
v 0.0004789383 0.001571676 -0.0007442182
v 0.000423245 0.00118396 -0.0007079573
v 0.0004322763 0.001484729 -0.0007166312
v 0.0005038508 0.0008452249 -0.0007485577
v 0.0005671679 0.001621033 -0.0007415278
v 0.0005977344 0.0005560045 -0.000724509
v 0.0005817098 0.0006691653 -0.0007764188
v 0.0005286646 0.0007638237 -0.0007490263
v 0.0004960606 0.000815684 -0.0006938966
v 0.0005360447 0.001562206 -0.0006857585
v 0.0006673266 0.0004978838 -0.0007663589
v 0.0006665089 0.00164865 -0.0007555994
v 0.0007037087 0.0004338326 -0.0007600713
v 0.0006410418 0.0003749018 -0.0006781591
v 0.0006480239 0.00044774 -0.0007196161
v 0.0006111403 0.001588314 -0.0006840157
v 0.0007553815 0.000395009 -0.0007735151
v 0.0007719467 0.001645781 -0.0007529942
v 0.0007894628 0.0003419519 -0.0007606079
v 0.0007054415 0.0002798557 -0.0006769271
v 0.0007187841 0.0003633526 -0.0007287989
v 0.0007072342 0.001600646 -0.0006870768
v 0.0008437161 0.0003083325 -0.0007664363
v 0.0008749218 0.001639768 -0.0007611531
v 0.0008838773 0.0002601533 -0.0007474126
v 0.0007880848 0.0002020519 -0.0006720861
v 0.0008031511 0.0002765458 -0.0007235949
v 0.0008109345 0.001601243 -0.000691766
v 0.0009636335 0.0002340719 -0.0007506633
v 0.0009784896 0.001630958 -0.0007748381
v 0.0008937923 0.0001953929 -0.0006975383
v 0.0009165346 0.001597342 -0.0007001958
v 0.001064533 0.0002178446 -0.0007553598
v 0.001077428 0.001618717 -0.0007857016
v 0.001010295 0.0001704711 -0.0006952641
v 0.00102076 0.001591336 -0.0007107281
v 0.001164567 0.0002113919 -0.00075387
v 0.001161002 0.001605049 -0.0007901828
v 0.001191154 0.001581315 -0.0007448049
v 0.001112021 0.0001658289 -0.0006938011
v 0.001118382 0.001584767 -0.0007238699
v 0.001259039 0.0002119625 -0.0007402455
v 0.001264013 0.001562626 -0.0007584444
v 0.001201532 0.0001700043 -0.0006854832
v 0.001353432 0.0002192664 -0.0007099102
v 0.001354046 0.001531026 -0.000755484
v 0.001281584 0.0001777463 -0.0006627587
v 0.001442958 0.0002455253 -0.0007054785
v 0.001427107 0.001502773 -0.0007446111
v 0.001478384 0.0002778679 -0.000762037
v 0.001477575 0.001474436 -0.0007226059
v 0.001560511 0.0003038082 -0.0007556931
v 0.001528229 0.001440711 -0.0007637963
v 0.001572763 0.001393525 -0.0007150995
v 0.001507758 0.0002672517 -0.0007062485
v 0.001637765 0.0003208098 -0.0007345767
v 0.001633875 0.001341419 -0.0007615615
v 0.001689148 0.001281396 -0.0007142433
v 0.001711019 0.0003415537 -0.0007116006
v 0.001741662 0.001235551 -0.0007733695
v 0.001771554 0.0003739185 -0.0007628549
v 0.001789771 0.001186991 -0.0007352013
v 0.001854927 0.0004073207 -0.0007504254
v 0.001836097 0.00114217 -0.0007759849
v 0.001880861 0.001097325 -0.0007279672
v 0.001795946 0.000368743 -0.0006988728
v 0.001943271 0.0004442293 -0.0007290332
v 0.001936432 0.00104514 -0.0007658873
v 0.001992014 0.0004773262 -0.0007720329
v 0.001984661 0.0009908099 -0.0007105644
v 0.002055004 0.0005229659 -0.0007380585
v 0.002047486 0.0009260322 -0.000756976
v 0.00209692 0.0008450137 -0.00070469
v 0.002110418 0.0005778539 -0.000707169
v 0.002140376 0.0007942666 -0.0007872041
v 0.00214366 0.0006203827 -0.0007540965
v 0.002162498 0.0006654436 -0.0007786393
v 0.002161739 0.0007226789 -0.000762373
v 0.002141709 0.0006233442 -0.000685746
v 0.002139583 0.0007718414 -0.000709395
v 0.0004128423 0.001304248 -0.0006896383
v 0.0004087759 0.001395214 -0.0007161277
v 0.000419768 0.001237324 -0.0006787577
v 0.000436461 0.00143542 -0.0006760834
v 0.0004805212 0.0008159634 -0.0006074867
v 0.0004732787 0.0009175087 -0.0005973083
v 0.0004686977 0.0009938056 -0.0006181916
v 0.000460775 0.001086731 -0.0006305861
v 0.0004454571 0.00119114 -0.0006430921
v 0.0004858703 0.001480288 -0.000654805
v 0.0004348435 0.001278466 -0.0006433103
v 0.0004451757 0.001370538 -0.0006449316
v 0.000502718 0.0007533791 -0.0006711791
v 0.0005665103 0.001524624 -0.0006336005
v 0.0005937314 0.0003839915 -0.0006405639
v 0.0005802258 0.000461923 -0.0006559073
v 0.0005419112 0.00056663 -0.0006505987
v 0.0005318232 0.0006643069 -0.0006846007
v 0.0005519595 0.0003847241 -0.0005844476
v 0.000521504 0.0005226554 -0.0005872407
v 0.0005040847 0.0006316998 -0.0005999718
v 0.0004950463 0.0007157659 -0.0006200369
v 0.0005394625 0.001464079 -0.0005983036
v 0.0006207454 0.0003171996 -0.0006366168
v 0.0006520769 0.001544338 -0.0006284189
v 0.0006604089 0.0002379411 -0.000633502
v 0.0006266837 0.0001084215 -0.0005555653
v 0.0006013039 0.0001688225 -0.0005684112
v 0.00059597 0.0002504438 -0.0005907716
v 0.0006057552 0.00148225 -0.0005837909
v 0.0007172535 0.0002012829 -0.000646368
v 0.0007502738 0.001552319 -0.0006298979
v 0.0007604508 0.0001497918 -0.0006314721
v 0.0006877251 0.00007936546 -0.0005611986
v 0.0006757714 0.000155025 -0.0005999238
v 0.0006950558 0.001494221 -0.0005775772
v 0.0008443004 0.0001315315 -0.0006373517
v 0.0008551006 0.001553728 -0.0006350175
v 0.0007740241 0.00008467857 -0.0005841787
v 0.0007964614 0.001500955 -0.0005782241
v 0.000949287 0.0001202022 -0.0006370578
v 0.000961956 0.001552045 -0.0006427311
v 0.0008860116 0.00007125305 -0.0005840022
v 0.0009027994 0.001503809 -0.0005827469
v 0.001059517 0.00011621 -0.0006208839
v 0.001069399 0.001548955 -0.0006541181
v 0.0009789484 0.00007195583 -0.000573065
v 0.001010717 0.001503809 -0.0005894718
v 0.00115021 0.0001359808 -0.0006349333
v 0.001184317 0.001545344 -0.0006774349
v 0.001120296 0.001501263 -0.0005989081
v 0.001219592 0.0001433542 -0.0006100813
v 0.001292445 0.001522628 -0.0006789389
v 0.001229339 0.001492883 -0.0006071943
v 0.001292053 0.0001605091 -0.0005843985
v 0.001382016 0.001501286 -0.0006817947
v 0.001341448 0.0001871633 -0.0006315887
v 0.001332732 0.001478282 -0.0006142548
v 0.001404972 0.0002134896 -0.0006314288
v 0.001440039 0.001486327 -0.0006877814
v 0.001467067 0.001469538 -0.000675789
v 0.001433248 0.001458707 -0.0006297335
v 0.001487903 0.0002463849 -0.0006263895
v 0.001506335 0.001438854 -0.0006753508
v 0.001551786 0.0002760637 -0.0006694047
v 0.001549191 0.001390615 -0.0006378004
v 0.001495788 0.001412893 -0.0006018569
v 0.001624543 0.0003036016 -0.0006606888
v 0.001616632 0.00133382 -0.0006495113
v 0.001692014 0.001254358 -0.0006078887
v 0.001695064 0.0003252367 -0.0006117322
v 0.00174787 0.001221992 -0.0006852067
v 0.001787253 0.001184363 -0.0006772877
v 0.001776033 0.001180026 -0.0006125794
v 0.00177562 0.0003559995 -0.0006118723
v 0.001829021 0.001143184 -0.0006820991
v 0.001843901 0.0003860452 -0.0006528188
v 0.001871363 0.001100497 -0.0006648595
v 0.001852182 0.001101911 -0.0005902168
v 0.001918198 0.0004304078 -0.0006356958
v 0.001917933 0.001053302 -0.0006645783
v 0.001999615 0.0004809924 -0.0006773941
v 0.001967665 0.0009945566 -0.0006287385
v 0.001920564 0.001029004 -0.0005739278
v 0.002062869 0.0005450806 -0.0006329697
v 0.002027625 0.0009254177 -0.000644359
v 0.002114365 0.0006091127 -0.0006348711
v 0.002112005 0.0007682993 -0.0006250357
v 0.00207013 0.000852082 -0.0006123839
v 0.002139609 0.0006531421 -0.000645962
v 0.00215025 0.0007260321 -0.0006851605
v 0.002157313 0.0006709158 -0.0007043618
v 0.002140372 0.0006978099 -0.0006441544
v 0.0005131451 0.0003652033 -0.0004953413
v 0.0005016515 0.0004895407 -0.0005109715
v 0.0004891236 0.0006058251 -0.0005211812
v 0.0004810528 0.0007226016 -0.0005388585
v 0.0004755355 0.0008173726 -0.0005205496
v 0.0004779838 0.0008944455 -0.000532334
v 0.0004810209 0.0009862188 -0.000543253
v 0.0004778625 0.001063447 -0.0005663244
v 0.0004886736 0.001170119 -0.0005579119
v 0.0004777237 0.001291342 -0.0005879233
v 0.0005014493 0.00139808 -0.0005924523
v 0.0005411757 0.0002939313 -0.0005470813
v 0.0005635091 0.001415865 -0.0005574373
v 0.0006011136 0.00009242037 -0.0005288651
v 0.0005781091 0.0001388868 -0.0005346501
v 0.0005570065 0.0002138629 -0.0005446536
v 0.0005807853 0.00009543873 -0.0004936082
v 0.0005438399 0.0001865582 -0.0005010904
v 0.0005269225 0.0002635207 -0.0005103931
v 0.0005432841 0.00119657 -0.0004872525
v 0.000534202 0.001275033 -0.000523759
v 0.0005287048 0.001349362 -0.0005497815
v 0.0006434855 0.00005523949 -0.0005220074
v 0.000642498 0.001427118 -0.0005377283
v 0.000625245 0.00003125527 -0.000480838
v 0.0006015059 0.001277704 -0.0004741498
v 0.0005884478 0.001353586 -0.0005167026
v 0.0007286387 0.00003221852 -0.0005305746
v 0.0007398146 0.001438082 -0.0005297791
v 0.0006847717 0.000008724207 -0.0004910689
v 0.0006794078 0.001357846 -0.0004876682
v 0.0008283561 0.0000259635 -0.0005265894
v 0.0008453299 0.001447506 -0.0005306954
v 0.0007575541 -0.000002059552 -0.0004902346
v 0.0007891214 0.001382542 -0.0004853362
v 0.0009191982 0.00003975349 -0.0005350604
v 0.0009523839 0.001451723 -0.0005344158
v 0.0008950853 0.001393129 -0.0004867317
v 0.0009830481 0.00004976563 -0.0005098564
v 0.001060225 0.00145216 -0.0005390882
v 0.001047587 0.00007952498 -0.0005454716
v 0.001001657 0.001397341 -0.0004891534
v 0.001137009 0.0001108904 -0.0005542371
v 0.001168476 0.001448785 -0.0005440676
v 0.001108868 0.001397142 -0.000491359
v 0.001230494 0.0001361235 -0.0005299294
v 0.001275419 0.001440906 -0.0005498816
v 0.001216913 0.001392767 -0.0004937394
v 0.00129999 0.0001622625 -0.000506938
v 0.001377054 0.001428731 -0.0005592867
v 0.001357004 0.0001860228 -0.0005608514
v 0.001325445 0.001384523 -0.000499299
v 0.001426776 0.0002191128 -0.0005458963
v 0.001447817 0.001416743 -0.0005690584
v 0.001483167 0.001392484 -0.0005580054
v 0.001440366 0.001370168 -0.0005137674
v 0.001497648 0.0002525245 -0.0005295649
v 0.001540319 0.001354383 -0.0005607964
v 0.001560961 0.0002741286 -0.0005900356
v 0.001556358 0.0002806119 -0.0005107427
v 0.001512909 0.001316042 -0.0004823158
v 0.001630462 0.0003064336 -0.0005439953
v 0.00162019 0.001299763 -0.0005648803
v 0.001724168 0.00119667 -0.0005272171
v 0.001654224 0.001250362 -0.0005175094
v 0.001585579 0.001291275 -0.0005025539
v 0.001716354 0.0003393698 -0.0005305829
v 0.001787166 0.001144365 -0.0005321188
v 0.001823649 0.001093334 -0.0004904236
v 0.001788011 0.0003722762 -0.0005122275
v 0.001877591 0.001053082 -0.0005173547
v 0.001850866 0.0003930928 -0.0005680206
v 0.001919408 0.0009925595 -0.0004960975
v 0.00184411 0.0004059328 -0.0004904935
v 0.001909463 0.0004426344 -0.0005158854
v 0.001975034 0.000960346 -0.0005601346
v 0.001988363 0.000496212 -0.0005651797
v 0.002041569 0.0005600256 -0.0005511409
v 0.002025647 0.0008895971 -0.0005545347
v 0.002081505 0.0005990943 -0.0005793615
v 0.002103192 0.0006747144 -0.000581759
v 0.002079724 0.0007517575 -0.0005449452
v 0.002063368 0.0008189227 -0.0005507168
v 0.002051273 0.0006221905 -0.0005186468
v 0.002051417 0.000704914 -0.0004991692
v 0.002039537 0.0007853362 -0.0004923064
v 0.002022329 0.0008499419 -0.0005008144
v 0.0005730838 0.00009743841 -0.0004529674
v 0.0005489413 0.0001628261 -0.0004578138
v 0.0005251423 0.0002678007 -0.0004565548
v 0.0005128563 0.0003832357 -0.0004198005
v 0.0004970951 0.0004778368 -0.0004361614
v 0.000488458 0.0005832135 -0.0004447887
v 0.0004851425 0.0006907362 -0.0004528507
v 0.0004847069 0.0007930901 -0.0004603039
v 0.0004850796 0.0008712822 -0.000473718
v 0.0005051967 0.0009708917 -0.0004638708
v 0.0005112132 0.001087725 -0.0004958095
v 0.000594732 0.00005493347 -0.0004619663
v 0.0005589289 0.001149823 -0.0004506383
v 0.0006248051 0.00002639319 -0.0004529979
v 0.0005871265 0.001209573 -0.0004485148
v 0.0006090471 0.00006748016 -0.0004314444
v 0.0005767345 0.0001405717 -0.0004223722
v 0.0005519259 0.0002159611 -0.0004203535
v 0.0005481906 0.0003092951 -0.0003913205
v 0.0005508396 0.00099586 -0.0003918798
v 0.0005549468 0.001077011 -0.0004277244
v 0.0006586458 0.000005816672 -0.0004626304
v 0.0006298106 0.001241165 -0.0004372346
v 0.0006661873 0.001289919 -0.0004492738
v 0.0006689916 0.00002261622 -0.0004334869
v 0.0006559034 0.00006948415 -0.0004068704
v 0.0006225502 0.000117718 -0.0004008316
v 0.0006090031 0.0002129605 -0.0003790831
v 0.0006139689 0.00108098 -0.0003730533
v 0.0006166676 0.001169772 -0.0004151447
v 0.0007124871 -0.000004565647 -0.000459502
v 0.0007392201 0.001312952 -0.0004463466
v 0.0007456673 0.0000137781 -0.0004299864
v 0.0007093415 0.0000515268 -0.0004056774
v 0.0006985221 0.0001284408 -0.000376334
v 0.0007038202 0.001168484 -0.0003769876
v 0.0006876867 0.001243073 -0.0004190053
v 0.0007720168 -0.000006899419 -0.0004581465
v 0.0008379011 0.001328296 -0.00044455
v 0.0008180657 3.696753e-7 -0.0004782224
v 0.0008247342 0.00001589888 -0.0004418092
v 0.0007950006 0.00006786693 -0.0003969478
v 0.0008148339 0.001196431 -0.0003673482
v 0.0007773885 0.001256456 -0.0004078843
v 0.0008974129 0.00002437629 -0.0004805753
v 0.0009427506 0.001337099 -0.0004451066
v 0.0009116865 0.00005809086 -0.0004219161
v 0.0009220592 0.001210804 -0.0003640614
v 0.0008811267 0.001270701 -0.000404696
v 0.000971276 0.00004863376 -0.0004606656
v 0.001048946 0.001340418 -0.0004458312
v 0.00105474 0.00008445576 -0.000469176
v 0.0009883732 0.00006881108 -0.0004332966
v 0.001029184 0.001218885 -0.0003629531
v 0.0009871919 0.001278803 -0.0004041474
v 0.001166167 0.0001234438 -0.0004685445
v 0.001156151 0.001338735 -0.0004455183
v 0.001197986 0.000158808 -0.0004077049
v 0.001133725 0.001221694 -0.0003610644
v 0.001093349 0.00128126 -0.0004031608
v 0.001246222 0.0001497408 -0.0004596177
v 0.00126599 0.001331685 -0.0004446872
v 0.001268489 0.0001791774 -0.0004111616
v 0.001230452 0.001217817 -0.0003561043
v 0.001200626 0.001276933 -0.0003995277
v 0.001298894 0.0001711894 -0.0004503457
v 0.001373007 0.001325043 -0.0004501729
v 0.001358133 0.0002006689 -0.0004657561
v 0.001312075 0.0001893121 -0.0004245399
v 0.001321384 0.001258261 -0.0003885257
v 0.001439891 0.000239381 -0.0004664283
v 0.00145102 0.001316165 -0.0004558356
v 0.00150187 0.0002773417 -0.000446516
v 0.001493214 0.001281894 -0.0004343397
v 0.001448947 0.0002610213 -0.0004216734
v 0.00141674 0.001217996 -0.0003641575
v 0.001428663 0.001273449 -0.000411846
v 0.001582555 0.0003110087 -0.0004532758
v 0.001555612 0.001264111 -0.0004446036
v 0.001611409 0.0003567644 -0.0003928723
v 0.001509596 0.001225838 -0.0003905967
v 0.001661146 0.0003389516 -0.0004595657
v 0.001616624 0.001245169 -0.0004635506
v 0.001672803 0.001198572 -0.0004565225
v 0.001687541 0.000380216 -0.0004005579
v 0.001603333 0.001207242 -0.0004122534
v 0.001731889 0.0003664233 -0.0004542429
v 0.001749597 0.001136987 -0.0004532005
v 0.001790871 0.00040659 -0.0004326878
v 0.001800639 0.001072467 -0.0004177142
v 0.001737775 0.0003921153 -0.0004096789
v 0.001864338 0.0004452552 -0.0004404359
v 0.001860369 0.001031943 -0.0004497461
v 0.001894513 0.0009481646 -0.000414508
v 0.001888762 0.0005073989 -0.0003984832
v 0.001915518 0.0004760218 -0.0004507169
v 0.001970519 0.0009095924 -0.0004800366
v 0.00195425 0.0004930292 -0.0004856999
v 0.001993101 0.000557445 -0.0004822192
v 0.002001592 0.0006501519 -0.0004498583
v 0.00200032 0.0007433982 -0.0004399439
v 0.001990451 0.0008281837 -0.0004483545
v 0.001941897 0.0005196165 -0.0004385125
v 0.001937928 0.0005873302 -0.0004037211
v 0.001946878 0.0006917598 -0.0003905463
v 0.001944375 0.0007904038 -0.0003931449
v 0.00193965 0.0008699998 -0.0004135611
v 0.0005189313 0.000475963 -0.0003755082
v 0.000506661 0.0005676785 -0.0003801296
v 0.0005068982 0.000668343 -0.0003809356
v 0.0005113457 0.0007763224 -0.0003873498
v 0.0005152561 0.0008882971 -0.0004061145
v 0.0005351199 0.000401829 -0.0003714508
v 0.0005602062 0.0009456234 -0.0003557161
v 0.0005715274 0.0003744295 -0.0003503042
v 0.0005899491 0.001007206 -0.0003498112
v 0.0005716789 0.0004616883 -0.0003307362
v 0.0005484631 0.0005572527 -0.0003293689
v 0.0005380856 0.0006392733 -0.0003323331
v 0.0005663413 0.0007519447 -0.0003102086
v 0.0005590693 0.0008671024 -0.000337663
v 0.0005976702 0.0003122916 -0.0003530061
v 0.0006334601 0.00104012 -0.0003346031
v 0.0006511473 0.0002830117 -0.0003393496
v 0.0006758504 0.00109298 -0.0003426982
v 0.0006468737 0.0003836614 -0.0003161037
v 0.0006361082 0.0004856455 -0.0002944529
v 0.0006015484 0.0005448439 -0.0002968191
v 0.0006061515 0.0006472984 -0.0002812755
v 0.0006260591 0.000871509 -0.0002791594
v 0.0006181278 0.0009648861 -0.0003158168
v 0.0006862434 0.0002195229 -0.0003471118
v 0.0007516379 0.00111856 -0.0003339678
v 0.0007512316 0.0001948888 -0.0003411822
v 0.0007456117 0.0002926641 -0.0003140172
v 0.0007382517 0.0003909119 -0.0002885989
v 0.0007096609 0.0004667593 -0.0002774056
v 0.0006809094 0.0005668484 -0.0002647826
v 0.0007050373 0.0009675152 -0.0002737415
v 0.0006907916 0.001042806 -0.0003121728
v 0.0007939216 0.0001401455 -0.0003582673
v 0.0008530993 0.001135613 -0.0003256685
v 0.0008462365 0.0002125756 -0.0003266478
v 0.0008515354 0.0002987121 -0.0002951736
v 0.0008185793 0.0003711885 -0.0002790854
v 0.0007864287 0.0004420847 -0.0002667377
v 0.0007933422 0.0005300887 -0.0002471725
v 0.0008017969 0.0009971559 -0.0002580281
v 0.0007801183 0.001057183 -0.0002944782
v 0.0008860948 0.0001246013 -0.0003683994
v 0.0009623585 0.001148515 -0.0003225023
v 0.0009646071 0.0001909168 -0.0003355965
v 0.0009364769 0.0002720765 -0.0002976943
v 0.0009159379 0.0003558923 -0.0002715607
v 0.0008835986 0.0004541705 -0.0002504948
v 0.000888427 0.001065008 -0.000280766
v 0.001000914 0.0001150036 -0.0003936343
v 0.001071184 0.001158466 -0.0003221596
v 0.00111051 0.0001364837 -0.0004046581
v 0.001072968 0.0001865615 -0.0003481272
v 0.001040107 0.0002620878 -0.0003021538
v 0.001000954 0.0003305872 -0.000273796
v 0.00100802 0.0004213326 -0.0002465996
v 0.001006816 0.001086673 -0.000283103
v 0.001155228 0.0001853151 -0.0003631708
v 0.001173802 0.001164108 -0.0003211846
v 0.001158738 0.0002586313 -0.0003149638
v 0.001105287 0.0003558519 -0.0002650594
v 0.001117124 0.001096518 -0.0002828027
v 0.00122983 0.000210479 -0.0003629466
v 0.001253103 0.001170617 -0.0003225188
v 0.001297589 0.001202417 -0.0003440549
v 0.00127728 0.0002829053 -0.0003222104
v 0.001230142 0.0003553186 -0.0002719752
v 0.001233936 0.001105468 -0.000282847
v 0.00131791 0.0002252344 -0.0003867199
v 0.001353436 0.001202515 -0.0003455164
v 0.001399571 0.0002486463 -0.0004071516
v 0.001400651 0.001170282 -0.0003258373
v 0.001377878 0.0002953978 -0.0003450542
v 0.001353035 0.0003750961 -0.0002806703
v 0.001326793 0.001085528 -0.0002687735
v 0.001327336 0.001151325 -0.0003096507
v 0.001454214 0.0002931788 -0.0003829755
v 0.001479839 0.001162064 -0.0003325135
v 0.001530247 0.0003287244 -0.0003849379
v 0.001470429 0.0003685337 -0.0003202887
v 0.001450218 0.0004492136 -0.0002596173
v 0.001419735 0.001103603 -0.0002849351
v 0.001564499 0.0003859856 -0.0003402345
v 0.001576797 0.001154287 -0.0003526335
v 0.001570862 0.0004732879 -0.0002834295
v 0.001543369 0.001082035 -0.0002912625
v 0.001643643 0.0004184848 -0.0003440608
v 0.001674031 0.001137427 -0.000384658
v 0.00169194 0.0005001536 -0.0003085984
v 0.001660151 0.0005867499 -0.0002602206
v 0.001643311 0.001008442 -0.0002760029
v 0.001633978 0.001091315 -0.0003236604
v 0.001736748 0.0004353758 -0.0003680981
v 0.00174632 0.001093753 -0.0003868029
v 0.001819118 0.0004670967 -0.0003824795
v 0.001776564 0.00104723 -0.0003650534
v 0.001780626 0.0005129448 -0.0003333894
v 0.001755144 0.0005897953 -0.0002946836
v 0.001734603 0.0006948833 -0.0002657482
v 0.001737042 0.0008162871 -0.0002642102
v 0.001715637 0.0009272057 -0.0002733066
v 0.001716706 0.0009982026 -0.0002973567
v 0.00171356 0.001055654 -0.000332794
v 0.001841836 0.0005230834 -0.0003541968
v 0.001828144 0.001008537 -0.000383336
v 0.001879889 0.0005646527 -0.0003601836
v 0.001886863 0.0006382223 -0.000349208
v 0.001885637 0.0007389194 -0.0003438297
v 0.00187779 0.000854183 -0.0003557852
v 0.001838956 0.0009408518 -0.0003525792
v 0.001829956 0.0005812384 -0.000327012
v 0.001820861 0.0006705417 -0.000307752
v 0.001813237 0.0007792538 -0.0003018985
v 0.001797711 0.0008874165 -0.0003071776
v 0.001774324 0.0009849415 -0.0003256168
v 0.0006244399 0.0007998914 -0.0002605009
v 0.0006209051 0.0007405366 -0.0002610531
v 0.0006624284 0.0008439894 -0.0002447156
v 0.0006620822 0.0007129996 -0.0002444198
v 0.0006893093 0.0008958539 -0.0002479266
v 0.0006790603 0.0007865043 -0.0002349229
v 0.0006873408 0.0006580763 -0.0002453445
v 0.0007553294 0.0009280907 -0.0002391523
v 0.0007457169 0.0007292544 -0.0002237159
v 0.0007543084 0.0008126905 -0.0002184906
v 0.000720887 0.0008598447 -0.0002289032
v 0.0007671433 0.0006317116 -0.0002327374
v 0.000823479 0.0009528663 -0.0002342304
v 0.0008520671 0.0006061431 -0.0002235747
v 0.0008693745 0.0009975905 -0.0002467832
v 0.000863584 0.0007005391 -0.0002108165
v 0.0008343408 0.0007995623 -0.0002097662
v 0.0008101023 0.0008836472 -0.0002195477
v 0.0008913509 0.0005464515 -0.0002293671
v 0.0009479923 0.001013618 -0.0002490781
v 0.0009546502 0.0006262623 -0.0002095588
v 0.0009688946 0.0007207983 -0.0001982673
v 0.0009369195 0.0007927374 -0.000200598
v 0.0009099881 0.0008749465 -0.000210113
v 0.0008896667 0.0009471547 -0.0002270027
v 0.0009798449 0.000522455 -0.0002250271
v 0.00105146 0.001022507 -0.0002480682
v 0.001067287 0.0005013213 -0.0002216673
v 0.001079088 0.000597671 -0.0002029731
v 0.001055471 0.000699663 -0.0001926837
v 0.001039021 0.0007882334 -0.0001923012
v 0.001013117 0.0008709972 -0.0002030342
v 0.0009833325 0.00094826 -0.0002228827
v 0.001107502 0.0004468226 -0.0002333327
v 0.001161997 0.001026646 -0.0002443889
v 0.001165412 0.0005316926 -0.0002102097
v 0.001180871 0.0006242573 -0.0001916842
v 0.001153986 0.000692947 -0.0001853504
v 0.001139973 0.0007786776 -0.000183865
v 0.001122213 0.0008664417 -0.0001944143
v 0.001089594 0.0009488555 -0.0002175426
v 0.001195314 0.0004388547 -0.0002352864
v 0.001271953 0.001024722 -0.0002376116
v 0.001272116 0.0005211888 -0.0002116484
v 0.001260095 0.0006108301 -0.0001924647
v 0.001246412 0.0006984336 -0.0001806195
v 0.001221613 0.0007664629 -0.0001773845
v 0.00124572 0.000858436 -0.0001805719
v 0.001203521 0.000946397 -0.0002089042
v 0.001297357 0.000440898 -0.0002387051
v 0.001374007 0.001027252 -0.0002379176
v 0.001377483 0.0004552257 -0.0002401256
v 0.001363569 0.0005174772 -0.0002164364
v 0.001354817 0.0006032559 -0.0001965758
v 0.001340169 0.0006981231 -0.0001823969
v 0.001317454 0.0008038254 -0.0001739674
v 0.001323105 0.0009394979 -0.0001971333
v 0.001429608 0.0005068098 -0.0002273466
v 0.001471831 0.001024181 -0.0002446471
v 0.001453627 0.0005916539 -0.0002079236
v 0.001436284 0.000690416 -0.0001902995
v 0.00141717 0.0007855436 -0.0001824639
v 0.001396772 0.0008840055 -0.0001850567
v 0.001416841 0.0009661778 -0.0002120247
v 0.001506163 0.0005313857 -0.0002346538
v 0.00155428 0.001005135 -0.0002481209
v 0.001581417 0.0005643926 -0.00024014
v 0.00158837 0.0009527551 -0.000234303
v 0.001550282 0.0006133881 -0.000217294
v 0.001528526 0.0006882651 -0.0002020115
v 0.001510053 0.0007773589 -0.0001944709
v 0.001484288 0.0008532947 -0.0001935816
v 0.001502407 0.0009395773 -0.0002145018
v 0.00161415 0.0006232478 -0.0002293161
v 0.001642019 0.0009239597 -0.0002416812
v 0.00166047 0.0006680754 -0.0002360921
v 0.001670493 0.0007482356 -0.0002332114
v 0.001661246 0.0008451974 -0.0002346809
v 0.001606785 0.0006856815 -0.0002168716
v 0.001596367 0.0007704214 -0.0002111756
v 0.001574263 0.0008687734 -0.000213255
v 0.001313636 0.0008904007 -0.0001722513
v 0.001312461 0.0008628712 -0.0001675636
v 0.001344225 0.0008957128 -0.0001730549
v 0.00134305 0.0008681833 -0.0001683672
v 0.001330948 0.0008820871 -0.0001655051
f 1 12 15
f 12 1 16
f 1 15 17
f 16 1 17
f 2 23 27
f 2 3 24
f 23 2 24
f 24 3 28
f 4 2 27
f 29 4 27
f 3 2 5
f 5 2 4
f 30 28 3
f 5 30 3
f 6 4 29
f 31 6 29
f 5 4 7
f 7 4 6
f 32 30 5
f 7 32 5
f 8 6 31
f 34 8 31
f 7 6 9
f 9 6 8
f 35 32 7
f 9 35 7
f 10 8 34
f 36 10 34
f 9 8 11
f 11 8 10
f 37 35 9
f 11 37 9
f 13 10 36
f 38 13 36
f 11 10 14
f 14 10 13
f 39 37 11
f 14 39 11
f 18 13 38
f 40 18 38
f 12 18 15
f 12 14 18
f 14 13 18
f 14 12 16
f 14 16 39
f 39 16 41
f 18 40 42
f 19 42 43
f 17 42 19
f 17 18 42
f 17 15 18
f 17 19 44
f 17 44 16
f 16 44 41
f 20 19 43
f 46 20 43
f 47 44 19
f 20 47 19
f 20 46 48
f 47 20 48
f 21 55 59
f 21 22 56
f 55 21 56
f 56 22 60
f 25 21 59
f 61 25 59
f 22 21 26
f 26 21 25
f 62 60 22
f 26 62 22
f 23 25 61
f 23 61 27
f 27 61 64
f 24 25 23
f 26 25 24
f 26 24 28
f 26 28 62
f 62 28 65
f 27 64 29
f 64 68 29
f 28 30 65
f 65 30 69
f 29 68 31
f 68 73 31
f 70 32 33
f 70 69 32
f 69 30 32
f 70 33 74
f 31 73 34
f 73 77 34
f 33 78 75
f 33 32 78
f 32 35 78
f 74 33 75
f 34 77 36
f 77 81 36
f 35 37 78
f 78 37 82
f 36 81 38
f 81 85 38
f 37 39 82
f 82 39 86
f 38 85 40
f 85 89 40
f 39 41 86
f 86 41 90
f 45 42 40
f 45 40 92
f 92 40 89
f 42 45 43
f 41 44 90
f 90 44 93
f 49 45 92
f 94 49 92
f 43 49 46
f 45 49 43
f 44 47 93
f 93 47 95
f 50 49 94
f 97 50 94
f 46 51 48
f 46 49 51
f 49 50 51
f 48 51 98
f 48 98 47
f 47 98 95
f 52 50 97
f 101 52 97
f 102 99 51
f 102 51 52
f 52 51 50
f 98 51 99
f 53 52 101
f 103 53 101
f 104 102 52
f 53 104 52
f 54 53 103
f 105 54 103
f 106 104 53
f 54 106 53
f 54 105 107
f 106 54 107
f 57 109 113
f 57 58 110
f 109 57 110
f 110 58 114
f 55 57 113
f 55 113 59
f 59 113 117
f 56 57 55
f 58 57 56
f 58 56 60
f 58 60 114
f 114 60 118
f 59 117 61
f 117 121 61
f 119 62 63
f 119 118 62
f 118 60 62
f 119 63 122
f 66 123 125
f 66 121 123
f 66 64 121
f 64 61 121
f 63 65 67
f 62 65 63
f 126 122 63
f 67 126 63
f 71 66 125
f 127 71 125
f 64 71 68
f 66 71 64
f 67 69 72
f 65 69 67
f 128 126 67
f 72 128 67
f 76 71 127
f 129 76 127
f 68 76 73
f 71 76 68
f 69 70 72
f 72 70 74
f 72 74 128
f 128 74 130
f 79 76 129
f 131 79 129
f 73 79 77
f 76 79 73
f 75 78 80
f 75 80 132
f 75 132 74
f 74 132 130
f 83 79 131
f 133 83 131
f 77 83 81
f 79 83 77
f 80 82 84
f 78 82 80
f 134 132 80
f 84 134 80
f 87 83 133
f 135 87 133
f 81 87 85
f 83 87 81
f 84 86 88
f 82 86 84
f 136 134 84
f 88 136 84
f 91 87 135
f 138 91 135
f 85 91 89
f 87 91 85
f 88 139 137
f 88 86 139
f 86 90 139
f 136 88 137
f 91 138 140
f 140 89 91
f 140 142 89
f 142 92 89
f 90 93 139
f 139 93 143
f 92 142 94
f 142 146 94
f 96 147 144
f 96 144 143
f 96 143 95
f 95 143 93
f 94 146 97
f 146 150 97
f 100 147 96
f 151 147 100
f 95 98 100
f 96 95 100
f 97 150 101
f 150 153 101
f 99 151 100
f 99 102 151
f 102 154 151
f 98 99 100
f 101 153 103
f 153 156 103
f 102 104 154
f 154 104 157
f 103 156 105
f 156 159 105
f 104 106 157
f 157 106 160
f 108 107 105
f 108 105 162
f 162 105 159
f 107 108 163
f 107 163 106
f 106 163 160
f 108 162 164
f 163 108 164
f 111 169 171
f 111 112 170
f 169 111 170
f 170 112 172
f 109 115 113
f 111 171 174
f 111 174 109
f 111 109 110
f 115 109 174
f 114 111 110
f 114 116 111
f 116 112 111
f 175 172 112
f 116 175 112
f 115 176 178
f 115 178 113
f 113 178 117
f 174 176 115
f 116 118 120
f 114 118 116
f 179 175 116
f 120 179 116
f 124 180 181
f 124 178 180
f 124 121 178
f 121 117 178
f 118 119 120
f 120 119 122
f 120 122 179
f 179 122 182
f 123 124 181
f 123 181 125
f 125 181 183
f 121 124 123
f 122 126 182
f 182 126 184
f 125 183 127
f 183 185 127
f 126 128 184
f 184 128 186
f 127 185 129
f 185 187 129
f 128 130 186
f 186 130 188
f 129 187 131
f 187 190 131
f 130 132 188
f 188 132 191
f 131 190 133
f 190 193 133
f 132 134 191
f 191 134 194
f 133 193 135
f 193 196 135
f 134 136 194
f 194 136 197
f 135 196 138
f 196 199 138
f 137 139 141
f 137 141 200
f 137 200 136
f 136 200 197
f 145 140 138
f 145 138 203
f 203 138 199
f 140 145 142
f 141 204 201
f 141 139 204
f 139 143 204
f 200 141 201
f 148 145 203
f 206 148 203
f 142 148 146
f 145 148 142
f 144 147 149
f 144 149 207
f 144 207 143
f 143 207 204
f 152 148 206
f 210 152 206
f 146 152 150
f 148 152 146
f 149 211 208
f 149 147 211
f 147 151 211
f 207 149 208
f 155 152 210
f 213 155 210
f 150 155 153
f 152 155 150
f 151 154 211
f 211 154 214
f 158 155 213
f 215 158 213
f 153 158 156
f 155 158 153
f 154 157 214
f 214 157 216
f 161 158 215
f 217 161 215
f 156 161 159
f 158 161 156
f 157 160 216
f 216 160 218
f 165 161 217
f 220 165 217
f 159 165 162
f 161 165 159
f 160 163 218
f 218 163 221
f 166 165 220
f 223 166 220
f 162 167 164
f 162 165 167
f 165 166 167
f 164 167 224
f 164 224 163
f 163 224 221
f 168 166 223
f 227 168 223
f 228 225 167
f 228 167 168
f 168 167 166
f 224 167 225
f 168 227 229
f 228 168 229
f 169 173 171
f 231 173 169
f 231 169 230
f 230 169 170
f 230 170 172
f 232 230 172
f 173 233 237
f 173 237 171
f 171 237 174
f 231 233 173
f 234 175 177
f 234 232 175
f 232 172 175
f 234 177 238
f 176 239 241
f 178 176 241
f 237 176 174
f 239 176 237
f 177 242 240
f 177 175 242
f 175 179 242
f 238 177 240
f 180 243 245
f 181 180 245
f 241 180 178
f 243 180 241
f 179 182 242
f 242 182 246
f 181 245 183
f 245 248 183
f 182 184 246
f 246 184 249
f 183 248 185
f 248 250 185
f 184 186 249
f 249 186 251
f 189 252 253
f 189 250 252
f 189 187 250
f 187 185 250
f 186 188 251
f 251 188 254
f 192 189 253
f 255 192 253
f 187 192 190
f 189 192 187
f 188 191 254
f 254 191 256
f 195 192 255
f 257 195 255
f 190 195 193
f 192 195 190
f 191 194 256
f 256 194 258
f 198 195 257
f 259 198 257
f 193 198 196
f 195 198 193
f 194 197 258
f 258 197 260
f 202 198 259
f 261 202 259
f 196 202 199
f 198 202 196
f 197 200 260
f 260 200 262
f 205 202 261
f 264 205 261
f 199 205 203
f 202 205 199
f 201 265 263
f 204 265 201
f 262 200 201
f 263 262 201
f 209 205 264
f 266 209 264
f 203 209 206
f 205 209 203
f 204 207 265
f 265 207 267
f 209 266 268
f 268 206 209
f 268 269 206
f 269 210 206
f 208 211 212
f 208 212 270
f 208 270 207
f 207 270 267
f 210 269 213
f 269 273 213
f 212 274 271
f 212 211 274
f 211 214 274
f 270 212 271
f 213 273 215
f 273 276 215
f 214 216 274
f 274 216 277
f 215 276 217
f 276 280 217
f 219 281 278
f 219 278 277
f 219 277 218
f 218 277 216
f 217 280 220
f 280 283 220
f 222 281 219
f 284 281 222
f 218 221 222
f 219 218 222
f 220 283 223
f 283 286 223
f 226 284 222
f 287 284 226
f 221 224 226
f 222 221 226
f 223 286 227
f 286 289 227
f 225 287 226
f 225 228 287
f 228 290 287
f 224 225 226
f 227 289 291
f 229 227 291
f 290 228 229
f 291 290 229
f 235 294 297
f 235 231 230
f 235 230 294
f 294 230 295
f 232 236 296
f 232 296 230
f 230 296 295
f 296 236 298
f 233 235 297
f 233 297 237
f 237 297 299
f 231 235 233
f 232 234 236
f 236 234 238
f 236 238 298
f 298 238 300
f 239 301 303
f 241 239 303
f 299 239 237
f 301 239 299
f 240 242 244
f 240 244 304
f 240 304 238
f 238 304 300
f 243 247 245
f 243 306 247
f 243 241 306
f 241 303 306
f 244 307 305
f 244 242 307
f 242 246 307
f 304 244 305
f 247 308 310
f 247 310 245
f 245 310 248
f 306 308 247
f 246 249 307
f 307 249 311
f 248 310 250
f 310 313 250
f 249 251 311
f 311 251 314
f 252 315 318
f 253 252 318
f 313 252 250
f 315 252 313
f 251 254 314
f 314 254 319
f 253 318 255
f 318 320 255
f 254 256 319
f 319 256 321
f 255 320 257
f 320 322 257
f 256 258 321
f 321 258 323
f 257 322 259
f 322 325 259
f 258 260 323
f 323 260 326
f 259 325 261
f 325 328 261
f 260 262 326
f 326 262 329
f 261 328 264
f 328 332 264
f 263 333 330
f 265 333 263
f 329 262 263
f 330 329 263
f 264 332 266
f 332 335 266
f 265 267 333
f 333 267 336
f 272 268 266
f 272 266 338
f 338 266 335
f 268 272 269
f 267 270 336
f 336 270 339
f 275 272 338
f 342 275 338
f 269 275 273
f 272 275 269
f 271 343 340
f 274 343 271
f 339 270 271
f 340 339 271
f 279 275 342
f 344 279 342
f 273 279 276
f 275 279 273
f 274 277 343
f 343 277 345
f 282 279 344
f 347 282 344
f 276 282 280
f 279 282 276
f 278 348 346
f 281 348 278
f 345 277 278
f 346 345 278
f 285 282 347
f 349 285 347
f 280 285 283
f 282 285 280
f 281 284 348
f 348 284 350
f 288 285 349
f 351 288 349
f 283 288 286
f 285 288 283
f 284 287 350
f 350 287 352
f 292 288 351
f 355 292 351
f 292 353 288
f 292 356 353
f 288 353 286
f 293 289 353
f 286 353 289
f 293 353 352
f 293 352 290
f 290 352 287
f 292 355 357
f 289 293 291
f 292 357 356
f 290 291 293
f 294 358 361
f 297 294 361
f 295 359 294
f 294 359 358
f 296 360 295
f 295 360 359
f 360 296 298
f 362 360 298
f 297 361 299
f 361 365 299
f 363 300 302
f 363 362 300
f 362 298 300
f 363 302 366
f 301 367 369
f 303 301 369
f 365 301 299
f 367 301 365
f 302 370 368
f 302 300 370
f 300 304 370
f 366 302 368
f 303 369 306
f 369 372 306
f 305 307 309
f 305 309 373
f 305 373 304
f 304 373 370
f 308 374 376
f 310 308 376
f 372 308 306
f 374 308 372
f 309 311 312
f 307 311 309
f 377 373 309
f 312 377 309
f 316 378 379
f 316 376 378
f 316 313 376
f 313 310 376
f 312 314 317
f 311 314 312
f 380 377 312
f 317 380 312
f 315 316 379
f 315 379 318
f 318 379 382
f 313 316 315
f 317 383 381
f 317 314 383
f 314 319 383
f 380 317 381
f 318 382 320
f 382 385 320
f 319 321 383
f 383 321 386
f 324 387 389
f 324 385 387
f 324 322 385
f 322 320 385
f 321 323 386
f 386 323 390
f 327 324 389
f 391 327 389
f 322 327 325
f 324 327 322
f 323 326 390
f 390 326 392
f 331 327 391
f 393 331 391
f 325 331 328
f 327 331 325
f 326 329 392
f 392 329 394
f 334 331 393
f 396 334 393
f 328 334 332
f 331 334 328
f 330 397 395
f 333 397 330
f 394 329 330
f 395 394 330
f 337 334 396
f 398 337 396
f 332 337 335
f 334 337 332
f 333 336 397
f 397 336 399
f 341 337 398
f 400 341 398
f 335 341 338
f 337 341 335
f 336 339 399
f 399 339 401
f 341 400 402
f 402 338 341
f 402 404 338
f 404 342 338
f 340 405 403
f 343 405 340
f 401 339 340
f 403 401 340
f 342 404 344
f 404 407 344
f 343 345 405
f 405 345 408
f 344 407 347
f 407 411 347
f 346 412 409
f 348 412 346
f 408 345 346
f 409 408 346
f 347 411 349
f 411 414 349
f 348 350 412
f 412 350 415
f 349 414 351
f 414 418 351
f 354 419 416
f 354 416 415
f 354 415 352
f 352 415 350
f 351 418 355
f 418 421 355
f 353 419 354
f 353 356 419
f 356 422 419
f 352 353 354
f 355 421 423
f 357 355 423
f 422 356 357
f 423 422 357
f 358 364 361
f 427 364 358
f 427 358 425
f 425 358 359
f 360 426 359
f 359 426 425
f 426 360 362
f 428 426 362
f 364 429 432
f 364 432 361
f 361 432 365
f 427 429 364
f 362 430 428
f 363 430 362
f 430 363 366
f 433 430 366
f 367 434 436
f 369 367 436
f 432 367 365
f 434 367 432
f 368 370 371
f 368 371 437
f 368 437 366
f 366 437 433
f 369 436 372
f 436 439 372
f 371 373 375
f 370 373 371
f 440 437 371
f 375 440 371
f 374 441 444
f 376 374 444
f 439 374 372
f 441 374 439
f 375 445 442
f 375 373 445
f 373 377 445
f 440 375 442
f 378 446 448
f 379 378 448
f 444 378 376
f 446 378 444
f 377 380 445
f 445 380 449
f 379 448 382
f 448 450 382
f 381 383 384
f 381 384 451
f 381 451 380
f 380 451 449
f 388 452 454
f 388 450 452
f 388 385 450
f 385 382 450
f 384 455 453
f 384 383 455
f 383 386 455
f 451 384 453
f 387 388 454
f 387 454 389
f 389 454 457
f 385 388 387
f 386 390 455
f 455 390 458
f 389 457 391
f 457 459 391
f 390 392 458
f 458 392 460
f 391 459 393
f 459 461 393
f 392 394 460
f 460 394 462
f 393 461 396
f 461 465 396
f 395 466 463
f 397 466 395
f 462 394 395
f 463 462 395
f 396 465 398
f 465 468 398
f 397 399 466
f 466 399 469
f 398 468 400
f 468 471 400
f 399 401 469
f 469 401 472
f 406 402 400
f 406 400 475
f 475 400 471
f 402 406 404
f 403 476 473
f 405 476 403
f 472 401 403
f 473 472 403
f 410 406 475
f 477 410 475
f 404 410 407
f 406 410 404
f 405 408 476
f 476 408 478
f 413 410 477
f 480 413 477
f 407 413 411
f 410 413 407
f 409 481 479
f 412 481 409
f 478 408 409
f 479 478 409
f 417 413 480
f 482 417 480
f 411 417 414
f 413 417 411
f 412 415 481
f 481 415 483
f 420 417 482
f 485 420 482
f 414 420 418
f 417 420 414
f 416 486 484
f 419 486 416
f 483 415 416
f 484 483 416
f 424 420 485
f 487 424 485
f 418 424 421
f 420 424 418
f 419 422 486
f 486 422 488
f 424 487 489
f 421 424 489
f 421 489 423
f 423 489 490
f 488 422 423
f 490 488 423
f 425 492 495
f 427 425 495
f 426 493 425
f 425 493 492
f 428 431 494
f 428 494 426
f 426 494 493
f 494 431 496
f 429 497 499
f 432 429 499
f 495 429 427
f 497 429 495
f 428 430 431
f 433 435 498
f 430 433 498
f 430 498 496
f 430 496 431
f 498 435 500
f 434 501 502
f 436 434 502
f 499 434 432
f 501 434 499
f 435 437 438
f 433 437 435
f 503 500 435
f 438 503 435
f 443 504 506
f 443 502 504
f 443 439 502
f 439 436 502
f 438 507 505
f 438 437 507
f 437 440 507
f 503 438 505
f 441 443 506
f 441 506 444
f 444 506 509
f 439 443 441
f 442 445 447
f 442 447 510
f 442 510 440
f 440 510 507
f 446 511 513
f 448 446 513
f 509 446 444
f 511 446 509
f 447 514 512
f 447 445 514
f 445 449 514
f 510 447 512
f 448 513 450
f 513 516 450
f 449 451 514
f 514 451 517
f 452 518 521
f 454 452 521
f 516 452 450
f 518 452 516
f 453 455 456
f 453 456 522
f 453 522 451
f 451 522 517
f 454 521 457
f 521 524 457
f 456 525 523
f 456 455 525
f 455 458 525
f 522 456 523
f 457 524 459
f 524 528 459
f 458 460 525
f 525 460 529
f 464 530 533
f 464 528 530
f 464 461 528
f 461 459 528
f 460 462 529
f 529 462 534
f 467 464 533
f 536 467 533
f 461 467 465
f 464 467 461
f 463 537 535
f 466 537 463
f 534 462 463
f 535 534 463
f 470 467 536
f 539 470 536
f 465 470 468
f 467 470 465
f 466 469 537
f 537 469 540
f 474 470 539
f 541 474 539
f 468 474 471
f 470 474 468
f 469 472 540
f 540 472 542
f 474 541 543
f 543 471 474
f 543 545 471
f 545 475 471
f 473 546 544
f 476 546 473
f 542 472 473
f 544 542 473
f 475 545 477
f 545 548 477
f 476 478 546
f 546 478 549
f 477 548 480
f 548 552 480
f 479 553 550
f 481 553 479
f 549 478 479
f 550 549 479
f 480 552 482
f 552 555 482
f 481 483 553
f 553 483 556
f 482 555 485
f 555 560 485
f 484 561 557
f 486 561 484
f 556 483 484
f 557 556 484
f 485 560 487
f 560 562 487
f 486 488 561
f 561 488 563
f 491 489 487
f 491 487 566
f 566 487 562
f 567 489 491
f 567 564 489
f 564 490 489
f 563 488 490
f 564 563 490
f 491 566 568
f 567 491 568
f 492 569 572
f 495 492 572
f 493 570 492
f 492 570 569
f 494 571 493
f 493 571 570
f 571 494 496
f 573 571 496
f 497 574 578
f 499 497 578
f 572 497 495
f 574 497 572
f 496 575 573
f 498 575 496
f 575 498 500
f 579 575 500
f 501 580 581
f 502 501 581
f 578 501 499
f 580 501 578
f 500 503 579
f 579 503 582
f 504 583 584
f 506 504 584
f 581 504 502
f 583 504 581
f 505 507 508
f 505 508 585
f 505 585 503
f 503 585 582
f 506 584 509
f 584 587 509
f 508 588 586
f 508 507 588
f 507 510 588
f 585 508 586
f 511 589 592
f 513 511 592
f 587 511 509
f 589 511 587
f 512 514 515
f 512 515 593
f 512 593 510
f 510 593 588
f 519 594 595
f 519 592 594
f 519 516 592
f 516 513 592
f 515 517 520
f 514 517 515
f 596 593 515
f 520 596 515
f 518 519 595
f 518 595 521
f 521 595 598
f 516 519 518
f 520 599 597
f 520 517 599
f 517 522 599
f 596 520 597
f 526 600 603
f 526 598 600
f 526 524 598
f 524 521 598
f 523 525 527
f 523 527 604
f 523 604 522
f 522 604 599
f 531 526 603
f 605 531 603
f 524 531 528
f 526 531 524
f 527 529 532
f 525 529 527
f 606 604 527
f 532 606 527
f 530 531 605
f 530 605 533
f 533 605 608
f 528 531 530
f 532 609 607
f 532 529 609
f 529 534 609
f 606 532 607
f 533 608 536
f 608 612 536
f 535 537 538
f 535 538 613
f 535 613 534
f 534 613 609
f 536 612 539
f 612 616 539
f 538 617 614
f 538 537 617
f 537 540 617
f 613 538 614
f 539 616 541
f 616 620 541
f 540 542 617
f 617 542 621
f 547 543 541
f 547 541 624
f 624 541 620
f 543 547 545
f 544 625 622
f 546 625 544
f 621 542 544
f 622 621 544
f 551 547 624
f 627 551 624
f 545 551 548
f 547 551 545
f 546 549 625
f 625 549 628
f 554 551 627
f 631 554 627
f 548 554 552
f 551 554 548
f 550 632 629
f 553 632 550
f 628 549 550
f 629 628 550
f 558 554 631
f 634 558 631
f 552 558 555
f 554 558 552
f 559 635 633
f 559 633 632
f 559 632 556
f 556 632 553
f 558 634 636
f 636 555 558
f 636 637 555
f 637 560 555
f 557 635 559
f 557 561 635
f 561 638 635
f 556 557 559
f 560 637 562
f 637 641 562
f 565 642 639
f 565 639 638
f 565 638 563
f 563 638 561
f 562 641 566
f 641 644 566
f 564 642 565
f 564 567 642
f 567 645 642
f 563 564 565
f 566 644 646
f 568 566 646
f 645 567 568
f 646 645 568
f 569 576 572
f 650 576 569
f 650 569 649
f 649 569 570
f 577 651 649
f 577 649 571
f 571 649 570
f 571 573 577
f 574 652 657
f 578 574 657
f 576 574 572
f 576 653 574
f 653 652 574
f 650 653 576
f 577 654 651
f 573 654 577
f 573 575 654
f 575 655 654
f 655 575 579
f 658 655 579
f 580 659 661
f 581 580 661
f 657 580 578
f 659 580 657
f 579 582 658
f 658 582 662
f 583 663 665
f 584 583 665
f 661 583 581
f 663 583 661
f 582 585 662
f 662 585 666
f 590 667 669
f 590 665 667
f 590 587 665
f 587 584 665
f 586 588 591
f 586 591 670
f 586 670 585
f 585 670 666
f 589 590 669
f 589 669 592
f 592 669 672
f 587 590 589
f 591 673 671
f 591 588 673
f 588 593 673
f 670 591 671
f 594 674 677
f 595 594 677
f 672 594 592
f 674 594 672
f 593 596 673
f 673 596 678
f 601 679 680
f 601 677 679
f 601 598 677
f 598 595 677
f 597 599 602
f 597 602 681
f 597 681 596
f 596 681 678
f 600 601 680
f 600 680 603
f 603 680 683
f 598 601 600
f 602 684 682
f 602 599 684
f 599 604 684
f 681 602 682
f 603 683 605
f 683 685 605
f 604 606 684
f 684 606 686
f 610 687 689
f 610 685 687
f 610 608 685
f 608 605 685
f 607 609 611
f 607 611 690
f 607 690 606
f 606 690 686
f 615 610 689
f 692 615 689
f 608 615 612
f 610 615 608
f 611 693 691
f 611 609 693
f 609 613 693
f 690 611 691
f 618 615 692
f 694 618 692
f 612 618 616
f 615 618 612
f 614 617 619
f 614 619 695
f 614 695 613
f 613 695 693
f 623 618 694
f 697 623 694
f 616 623 620
f 618 623 616
f 619 698 696
f 619 617 698
f 617 621 698
f 695 619 696
f 626 623 697
f 700 626 697
f 620 626 624
f 623 626 620
f 622 701 699
f 625 701 622
f 698 621 622
f 699 698 622
f 626 700 702
f 702 624 626
f 702 704 624
f 704 627 624
f 630 705 703
f 630 703 701
f 630 701 628
f 628 701 625
f 627 704 631
f 704 707 631
f 629 705 630
f 629 632 705
f 632 708 705
f 628 629 630
f 631 707 634
f 707 711 634
f 633 712 709
f 635 712 633
f 708 632 633
f 709 708 633
f 640 636 634
f 640 634 713
f 713 634 711
f 636 640 637
f 635 638 712
f 712 638 714
f 643 640 713
f 717 643 713
f 637 643 641
f 640 643 637
f 639 718 715
f 642 718 639
f 714 638 639
f 715 714 639
f 647 643 717
f 720 647 717
f 647 719 643
f 647 721 719
f 643 719 641
f 648 644 719
f 641 719 644
f 648 719 718
f 648 718 645
f 645 718 642
f 647 720 722
f 644 648 646
f 647 722 721
f 645 646 648
f 649 656 650
f 649 651 656
f 652 660 657
f 727 660 652
f 727 652 723
f 723 652 653
f 656 653 650
f 656 724 653
f 724 723 653
f 651 724 656
f 651 654 724
f 654 725 724
f 655 726 654
f 654 726 725
f 726 655 658
f 728 726 658
f 659 729 733
f 661 659 733
f 660 659 657
f 660 730 659
f 730 729 659
f 727 730 660
f 731 662 664
f 731 728 662
f 728 658 662
f 731 664 734
f 663 735 738
f 665 663 738
f 733 663 661
f 735 663 733
f 664 666 668
f 662 666 664
f 739 734 664
f 668 739 664
f 667 740 742
f 669 667 742
f 738 667 665
f 740 667 738
f 668 743 741
f 668 666 743
f 666 670 743
f 739 668 741
f 675 744 746
f 675 742 744
f 675 672 742
f 672 669 742
f 671 673 676
f 671 676 747
f 671 747 670
f 670 747 743
f 674 675 746
f 674 746 677
f 677 746 749
f 672 675 674
f 676 750 748
f 676 673 750
f 673 678 750
f 747 676 748
f 679 751 754
f 680 679 754
f 749 679 677
f 751 679 749
f 678 681 750
f 750 681 755
f 680 754 683
f 754 757 683
f 682 758 756
f 684 758 682
f 755 681 682
f 756 755 682
f 688 759 762
f 688 757 759
f 688 685 757
f 685 683 757
f 684 686 758
f 758 686 763
f 687 688 762
f 687 762 689
f 689 762 764
f 685 688 687
f 686 690 763
f 763 690 765
f 689 764 692
f 764 768 692
f 691 769 766
f 693 769 691
f 765 690 691
f 766 765 691
f 692 768 694
f 768 772 694
f 693 695 769
f 769 695 773
f 694 772 697
f 772 776 697
f 696 777 774
f 698 777 696
f 773 695 696
f 774 773 696
f 697 776 700
f 776 780 700
f 699 781 778
f 701 781 699
f 777 698 699
f 778 777 699
f 706 702 700
f 706 700 783
f 783 700 780
f 702 706 704
f 703 784 782
f 705 784 703
f 781 701 703
f 782 781 703
f 710 706 783
f 785 710 783
f 704 710 707
f 706 710 704
f 705 708 784
f 784 708 786
f 710 785 787
f 787 707 710
f 787 789 707
f 789 711 707
f 709 790 788
f 712 790 709
f 786 708 709
f 788 786 709
f 711 789 713
f 789 793 713
f 716 794 791
f 716 791 790
f 716 790 714
f 714 790 712
f 713 793 717
f 793 795 717
f 715 794 716
f 715 718 794
f 718 796 794
f 714 715 716
f 717 795 720
f 795 798 720
f 719 799 797
f 721 799 719
f 796 718 719
f 797 796 719
f 720 798 800
f 722 720 800
f 799 721 722
f 800 799 722
f 723 802 805
f 727 723 805
f 724 803 723
f 723 803 802
f 725 804 724
f 724 804 803
f 732 806 804
f 732 804 726
f 726 804 725
f 726 728 732
f 729 736 733
f 810 736 729
f 810 729 807
f 807 729 730
f 805 730 727
f 807 730 805
f 732 808 806
f 737 811 808
f 731 737 808
f 731 808 732
f 731 732 728
f 731 734 737
f 735 812 815
f 738 735 815
f 736 735 733
f 736 813 735
f 813 812 735
f 810 813 736
f 737 814 811
f 814 737 734
f 814 734 816
f 816 734 739
f 740 817 819
f 742 740 819
f 815 740 738
f 817 740 815
f 741 743 745
f 741 745 820
f 741 820 739
f 739 820 816
f 744 821 824
f 746 744 824
f 819 744 742
f 821 744 819
f 745 825 822
f 745 743 825
f 743 747 825
f 820 745 822
f 752 826 827
f 752 824 826
f 752 749 824
f 749 746 824
f 748 750 753
f 748 753 828
f 748 828 747
f 747 828 825
f 751 752 827
f 751 827 754
f 754 827 830
f 749 752 751
f 753 831 829
f 753 750 831
f 750 755 831
f 828 753 829
f 760 832 835
f 760 830 832
f 760 757 830
f 757 754 830
f 756 758 761
f 756 761 836
f 756 836 755
f 755 836 831
f 759 760 835
f 759 835 762
f 762 835 839
f 757 760 759
f 761 840 837
f 761 758 840
f 758 763 840
f 836 761 837
f 767 841 844
f 767 839 841
f 767 764 839
f 764 762 839
f 763 765 840
f 840 765 845
f 770 767 844
f 846 770 844
f 764 770 768
f 767 770 764
f 766 769 771
f 766 771 847
f 766 847 765
f 765 847 845
f 775 770 846
f 849 775 846
f 768 775 772
f 770 775 768
f 771 850 848
f 771 769 850
f 769 773 850
f 847 771 848
f 779 775 849
f 852 779 849
f 772 779 776
f 775 779 772
f 774 853 851
f 777 853 774
f 850 773 774
f 851 850 774
f 779 852 854
f 854 776 779
f 854 856 776
f 856 780 776
f 778 857 855
f 781 857 778
f 853 777 778
f 855 853 778
f 780 856 783
f 856 860 783
f 782 861 858
f 784 861 782
f 857 781 782
f 858 857 782
f 783 860 785
f 860 864 785
f 784 786 861
f 861 786 865
f 792 787 785
f 792 785 867
f 867 785 864
f 787 792 789
f 788 868 866
f 790 868 788
f 865 786 788
f 866 865 788
f 792 867 869
f 869 789 792
f 869 871 789
f 871 793 789
f 791 872 870
f 794 872 791
f 868 790 791
f 870 868 791
f 793 871 795
f 871 874 795
f 794 796 872
f 872 796 875
f 876 801 798
f 876 798 874
f 874 798 795
f 801 797 799
f 801 876 797
f 876 877 797
f 875 796 797
f 877 875 797
f 798 801 800
f 799 800 801
f 802 809 805
f 881 809 802
f 881 802 879
f 879 802 803
f 804 880 803
f 803 880 879
f 880 804 806
f 882 880 806
f 807 883 888
f 810 807 888
f 809 807 805
f 809 884 807
f 884 883 807
f 881 884 809
f 806 885 882
f 808 885 806
f 885 808 811
f 889 885 811
f 812 890 892
f 815 812 892
f 813 891 812
f 812 891 890
f 888 813 810
f 891 813 888
f 818 811 814
f 818 893 811
f 893 889 811
f 814 816 818
f 817 894 895
f 819 817 895
f 892 817 815
f 894 817 892
f 823 893 818
f 896 893 823
f 816 820 823
f 818 816 823
f 821 897 899
f 824 821 899
f 895 821 819
f 897 821 895
f 822 896 823
f 822 825 896
f 825 900 896
f 820 822 823
f 826 901 903
f 827 826 903
f 899 826 824
f 901 826 899
f 825 828 900
f 900 828 904
f 833 905 907
f 833 903 905
f 833 830 903
f 830 827 903
f 829 831 834
f 829 834 908
f 829 908 828
f 828 908 904
f 838 909 912
f 907 909 838
f 833 907 838
f 833 838 835
f 833 835 832
f 830 833 832
f 834 913 910
f 834 831 913
f 831 836 913
f 908 834 910
f 842 838 912
f 915 842 912
f 835 842 839
f 838 842 835
f 837 840 843
f 837 843 916
f 837 916 836
f 836 916 913
f 841 842 915
f 841 915 844
f 844 915 919
f 839 842 841
f 843 920 917
f 843 840 920
f 840 845 920
f 916 843 917
f 844 919 846
f 919 923 846
f 845 847 920
f 920 847 924
f 846 923 849
f 923 927 849
f 848 928 925
f 850 928 848
f 924 847 848
f 925 924 848
f 849 927 852
f 927 932 852
f 851 933 929
f 853 933 851
f 928 850 851
f 929 928 851
f 859 854 852
f 859 852 937
f 937 852 932
f 854 859 856
f 855 938 934
f 857 938 855
f 933 853 855
f 934 933 855
f 862 859 937
f 940 862 937
f 856 862 860
f 859 862 856
f 858 861 863
f 858 863 941
f 858 941 857
f 857 941 938
f 862 940 942
f 942 860 862
f 942 944 860
f 944 864 860
f 863 945 943
f 863 861 945
f 861 865 945
f 941 863 943
f 864 944 867
f 944 948 867
f 866 949 946
f 868 949 866
f 945 865 866
f 946 945 866
f 873 869 867
f 873 867 952
f 952 867 948
f 869 873 871
f 870 953 950
f 872 953 870
f 949 868 870
f 950 949 870
f 873 952 954
f 954 871 873
f 954 956 871
f 956 874 871
f 878 957 955
f 878 955 953
f 878 953 875
f 875 953 872
f 874 956 958
f 876 874 958
f 957 878 877
f 957 877 958
f 958 877 876
f 875 877 878
f 879 886 881
f 879 880 887
f 886 879 887
f 880 882 887
f 883 960 965
f 888 883 965
f 884 961 883
f 883 961 960
f 886 884 881
f 886 962 884
f 962 961 884
f 887 962 886
f 963 962 887
f 882 963 887
f 882 885 963
f 885 964 963
f 964 885 889
f 966 964 889
f 890 967 970
f 892 890 970
f 891 968 890
f 890 968 967
f 965 891 888
f 968 891 965
f 889 893 966
f 966 893 971
f 898 972 975
f 898 895 894
f 898 894 972
f 972 894 973
f 970 894 892
f 973 894 970
f 893 896 971
f 971 896 976
f 902 977 978
f 975 977 902
f 898 975 902
f 898 902 899
f 898 899 897
f 895 898 897
f 896 900 976
f 976 900 979
f 906 980 982
f 978 980 906
f 902 978 906
f 902 906 903
f 902 903 901
f 899 902 901
f 900 904 979
f 979 904 983
f 911 984 986
f 982 984 911
f 906 982 911
f 906 911 907
f 906 907 905
f 903 906 905
f 904 908 983
f 983 908 987
f 909 911 986
f 909 986 912
f 912 986 989
f 907 911 909
f 910 913 914
f 910 914 990
f 910 990 908
f 908 990 987
f 918 991 994
f 918 989 991
f 918 915 989
f 915 912 989
f 914 995 992
f 914 913 995
f 913 916 995
f 990 914 992
f 921 918 994
f 996 921 994
f 915 921 919
f 918 921 915
f 917 920 922
f 917 922 997
f 917 997 916
f 916 997 995
f 926 921 996
f 1000 926 996
f 919 926 923
f 921 926 919
f 922 1001 998
f 922 920 1001
f 920 924 1001
f 997 922 998
f 930 926 1000
f 1003 930 1000
f 923 930 927
f 926 930 923
f 925 928 931
f 925 931 1004
f 925 1004 924
f 924 1004 1001
f 935 930 1003
f 1006 935 1003
f 927 935 932
f 930 935 927
f 929 933 936
f 929 936 1007
f 928 929 1007
f 928 1007 1005
f 928 1005 931
f 1004 931 1005
f 935 1006 1008
f 1008 932 935
f 1008 1010 932
f 1010 937 932
f 934 938 939
f 934 939 1011
f 933 934 1011
f 933 1011 1009
f 933 1009 936
f 1007 936 1009
f 937 1010 940
f 1010 1014 940
f 939 1015 1012
f 939 938 1015
f 938 941 1015
f 1011 939 1012
f 947 942 940
f 947 940 1018
f 1018 940 1014
f 942 947 944
f 943 1019 1016
f 945 1019 943
f 1015 941 943
f 1016 1015 943
f 951 947 1018
f 1021 951 1018
f 944 951 948
f 947 951 944
f 946 1022 1020
f 949 1022 946
f 1019 945 946
f 1020 1019 946
f 951 1021 1023
f 1023 948 951
f 1023 1025 948
f 1025 952 948
f 950 1026 1024
f 953 1026 950
f 1022 949 950
f 1024 1022 950
f 959 954 952
f 959 952 1029
f 1029 952 1025
f 954 959 956
f 955 1030 1027
f 957 1030 955
f 1026 953 955
f 1027 1026 955
f 959 1029 1031
f 956 959 1031
f 956 1031 958
f 958 1031 1032
f 1030 957 958
f 1032 1030 958
f 969 1033 1039
f 969 965 960
f 969 960 1033
f 1033 960 1034
f 961 1035 960
f 960 1035 1034
f 962 1036 961
f 961 1036 1035
f 963 1037 962
f 962 1037 1036
f 964 1038 963
f 963 1038 1037
f 1038 964 966
f 1040 1038 966
f 974 1041 1044
f 974 970 967
f 974 967 1041
f 1041 967 1042
f 1039 968 969
f 1039 1042 968
f 1042 967 968
f 965 969 968
f 966 971 1040
f 1040 971 1045
f 972 1046 1047
f 975 972 1047
f 1044 973 974
f 1044 1046 973
f 1046 972 973
f 970 974 973
f 971 976 1045
f 1045 976 1048
f 981 1049 1052
f 981 978 977
f 981 977 1049
f 1049 977 1050
f 1047 977 975
f 1050 977 1047
f 976 979 1048
f 1048 979 1053
f 985 1054 1057
f 1052 1054 985
f 981 1052 985
f 981 985 982
f 981 982 980
f 978 981 980
f 979 983 1053
f 1053 983 1058
f 988 1059 1062
f 1057 1059 988
f 985 1057 988
f 985 988 986
f 985 986 984
f 982 985 984
f 983 987 1058
f 1058 987 1063
f 993 988 1062
f 1066 993 1062
f 986 993 989
f 988 993 986
f 987 990 1063
f 1063 990 1067
f 991 993 1066
f 991 1066 994
f 994 1066 1071
f 989 993 991
f 992 1072 1068
f 995 1072 992
f 1067 990 992
f 1068 1067 992
f 999 1073 1075
f 999 1071 1073
f 999 996 1071
f 996 994 1071
f 995 997 1072
f 1072 997 1076
f 1002 999 1075
f 1078 1002 1075
f 996 1002 1000
f 999 1002 996
f 998 1079 1077
f 1001 1079 998
f 1076 997 998
f 1077 1076 998
f 1002 1078 1080
f 1080 1000 1002
f 1080 1081 1000
f 1081 1003 1000
f 1001 1004 1079
f 1079 1004 1082
f 1003 1081 1006
f 1081 1085 1006
f 1005 1086 1083
f 1007 1086 1005
f 1082 1004 1005
f 1083 1082 1005
f 1013 1008 1006
f 1013 1006 1089
f 1089 1006 1085
f 1008 1013 1010
f 1009 1090 1087
f 1011 1090 1009
f 1086 1007 1009
f 1087 1086 1009
f 1017 1013 1089
f 1093 1017 1089
f 1010 1017 1014
f 1013 1017 1010
f 1012 1094 1091
f 1015 1094 1012
f 1090 1011 1012
f 1091 1090 1012
f 1017 1093 1095
f 1095 1014 1017
f 1095 1097 1014
f 1097 1018 1014
f 1016 1098 1096
f 1019 1098 1016
f 1094 1015 1016
f 1096 1094 1016
f 1018 1097 1021
f 1097 1101 1021
f 1020 1102 1099
f 1022 1102 1020
f 1098 1019 1020
f 1099 1098 1020
f 1028 1023 1021
f 1028 1021 1105
f 1105 1021 1101
f 1023 1028 1025
f 1024 1106 1103
f 1026 1106 1024
f 1102 1022 1024
f 1103 1102 1024
f 1028 1105 1107
f 1107 1025 1028
f 1107 1109 1025
f 1109 1029 1025
f 1027 1110 1108
f 1030 1110 1027
f 1106 1026 1027
f 1108 1106 1027
f 1029 1109 1111
f 1031 1029 1111
f 1032 1031 1112
f 1031 1111 1112
f 1110 1030 1032
f 1112 1110 1032
f 1033 1114 1119
f 1039 1033 1119
f 1034 1115 1033
f 1033 1115 1114
f 1035 1116 1034
f 1034 1116 1115
f 1036 1117 1035
f 1035 1117 1116
f 1037 1118 1036
f 1036 1118 1117
f 1043 1120 1118
f 1043 1118 1038
f 1038 1118 1037
f 1038 1040 1043
f 1041 1121 1125
f 1044 1041 1125
f 1042 1122 1041
f 1041 1122 1121
f 1119 1042 1039
f 1122 1042 1119
f 1043 1123 1120
f 1123 1043 1040
f 1123 1040 1126
f 1126 1040 1045
f 1051 1127 1131
f 1051 1047 1046
f 1051 1046 1127
f 1127 1046 1128
f 1125 1046 1044
f 1128 1046 1125
f 1045 1048 1126
f 1126 1048 1132
f 1055 1133 1139
f 1055 1052 1049
f 1055 1049 1133
f 1133 1049 1134
f 1131 1050 1051
f 1131 1134 1050
f 1134 1049 1050
f 1047 1051 1050
f 1056 1140 1135
f 1056 1135 1132
f 1056 1132 1053
f 1053 1132 1048
f 1060 1141 1143
f 1139 1141 1060
f 1055 1139 1060
f 1055 1060 1057
f 1055 1057 1054
f 1052 1055 1054
f 1061 1140 1056
f 1144 1140 1061
f 1053 1058 1061
f 1056 1053 1061
f 1064 1145 1147
f 1143 1145 1064
f 1060 1143 1064
f 1060 1064 1062
f 1060 1062 1059
f 1057 1060 1059
f 1065 1144 1061
f 1148 1144 1065
f 1058 1063 1065
f 1061 1058 1065
f 1069 1064 1147
f 1150 1069 1147
f 1062 1069 1066
f 1064 1069 1062
f 1070 1148 1065
f 1151 1148 1070
f 1063 1067 1070
f 1065 1063 1070
f 1074 1069 1150
f 1153 1074 1150
f 1066 1074 1071
f 1069 1074 1066
f 1068 1151 1070
f 1068 1072 1151
f 1072 1154 1151
f 1067 1068 1070
f 1073 1074 1153
f 1073 1153 1075
f 1075 1153 1156
f 1071 1074 1073
f 1072 1076 1154
f 1154 1076 1157
f 1075 1156 1078
f 1156 1161 1078
f 1077 1162 1158
f 1079 1162 1077
f 1157 1076 1077
f 1158 1157 1077
f 1084 1080 1078
f 1084 1078 1164
f 1164 1078 1161
f 1080 1084 1081
f 1079 1082 1162
f 1162 1082 1165
f 1088 1084 1164
f 1168 1088 1164
f 1081 1088 1085
f 1084 1088 1081
f 1083 1169 1166
f 1086 1169 1083
f 1165 1082 1083
f 1166 1165 1083
f 1092 1088 1168
f 1171 1092 1168
f 1085 1092 1089
f 1088 1092 1085
f 1087 1172 1170
f 1090 1172 1087
f 1169 1086 1087
f 1170 1169 1087
f 1092 1171 1173
f 1173 1089 1092
f 1173 1175 1089
f 1175 1093 1089
f 1091 1176 1174
f 1094 1176 1091
f 1172 1090 1091
f 1174 1172 1091
f 1100 1095 1093
f 1100 1093 1179
f 1179 1093 1175
f 1095 1100 1097
f 1096 1180 1177
f 1098 1180 1096
f 1176 1094 1096
f 1177 1176 1096
f 1104 1100 1179
f 1182 1104 1179
f 1097 1104 1101
f 1100 1104 1097
f 1099 1183 1181
f 1102 1183 1099
f 1180 1098 1099
f 1181 1180 1099
f 1104 1182 1184
f 1184 1101 1104
f 1184 1186 1101
f 1186 1105 1101
f 1103 1187 1185
f 1106 1187 1103
f 1183 1102 1103
f 1185 1183 1103
f 1113 1107 1105
f 1113 1105 1189
f 1189 1105 1186
f 1107 1113 1109
f 1108 1190 1188
f 1110 1190 1108
f 1187 1106 1108
f 1188 1187 1108
f 1113 1189 1191
f 1109 1113 1191
f 1109 1191 1111
f 1111 1191 1192
f 1112 1111 1193
f 1111 1192 1193
f 1190 1110 1112
f 1193 1190 1112
f 1114 1194 1198
f 1119 1114 1198
f 1115 1195 1114
f 1114 1195 1194
f 1116 1196 1115
f 1115 1196 1195
f 1117 1197 1116
f 1116 1197 1196
f 1124 1199 1197
f 1124 1197 1118
f 1118 1197 1117
f 1118 1120 1124
f 1129 1200 1206
f 1129 1125 1121
f 1129 1121 1200
f 1200 1121 1201
f 1122 1202 1121
f 1121 1202 1201
f 1198 1122 1119
f 1202 1122 1198
f 1124 1203 1199
f 1130 1207 1203
f 1123 1130 1203
f 1123 1203 1124
f 1123 1124 1120
f 1123 1126 1130
f 1136 1208 1213
f 1136 1137 1209
f 1208 1136 1209
f 1137 1131 1127
f 1137 1127 1209
f 1209 1127 1210
f 1206 1128 1129
f 1206 1210 1128
f 1210 1127 1128
f 1125 1129 1128
f 1138 1207 1130
f 1214 1207 1138
f 1126 1132 1138
f 1130 1126 1138
f 1142 1215 1219
f 1213 1215 1142
f 1136 1213 1142
f 1136 1142 1139
f 1136 1139 1133
f 1134 1136 1133
f 1137 1136 1134
f 1131 1137 1134
f 1135 1214 1138
f 1135 1140 1214
f 1140 1220 1214
f 1132 1135 1138
f 1146 1221 1225
f 1219 1221 1146
f 1142 1219 1146
f 1142 1146 1143
f 1142 1143 1141
f 1139 1142 1141
f 1140 1144 1220
f 1220 1144 1226
f 1149 1227 1231
f 1225 1227 1149
f 1146 1225 1149
f 1146 1149 1147
f 1146 1147 1145
f 1143 1146 1145
f 1144 1148 1226
f 1226 1148 1232
f 1152 1149 1231
f 1235 1152 1231
f 1147 1152 1150
f 1149 1152 1147
f 1148 1151 1232
f 1232 1151 1236
f 1155 1152 1235
f 1239 1155 1235
f 1150 1155 1153
f 1152 1155 1150
f 1151 1154 1236
f 1236 1154 1240
f 1159 1155 1239
f 1244 1159 1239
f 1153 1159 1156
f 1155 1159 1153
f 1160 1245 1241
f 1160 1241 1240
f 1160 1240 1157
f 1157 1240 1154
f 1163 1159 1244
f 1247 1163 1244
f 1156 1163 1161
f 1159 1163 1156
f 1158 1245 1160
f 1158 1162 1245
f 1162 1248 1245
f 1157 1158 1160
f 1167 1163 1247
f 1250 1167 1247
f 1161 1167 1164
f 1163 1167 1161
f 1162 1165 1248
f 1248 1165 1251
f 1167 1250 1252
f 1252 1164 1167
f 1252 1254 1164
f 1254 1168 1164
f 1166 1255 1253
f 1169 1255 1166
f 1251 1165 1166
f 1253 1251 1166
f 1168 1254 1171
f 1254 1258 1171
f 1170 1259 1256
f 1172 1259 1170
f 1255 1169 1170
f 1256 1255 1170
f 1178 1173 1171
f 1178 1171 1261
f 1261 1171 1258
f 1173 1178 1175
f 1174 1262 1260
f 1176 1262 1174
f 1259 1172 1174
f 1260 1259 1174
f 1178 1261 1263
f 1263 1175 1178
f 1263 1265 1175
f 1265 1179 1175
f 1177 1266 1264
f 1180 1266 1177
f 1262 1176 1177
f 1264 1262 1177
f 1179 1265 1182
f 1265 1269 1182
f 1181 1270 1267
f 1183 1270 1181
f 1266 1180 1181
f 1267 1266 1181
f 1182 1269 1271
f 1184 1182 1271
f 1271 1186 1184
f 1273 1186 1271
f 1185 1274 1272
f 1187 1274 1185
f 1270 1183 1185
f 1272 1270 1185
f 1186 1273 1189
f 1273 1276 1189
f 1188 1277 1275
f 1190 1277 1188
f 1274 1187 1188
f 1275 1274 1188
f 1189 1276 1278
f 1191 1189 1278
f 1192 1191 1279
f 1191 1278 1279
f 1193 1192 1280
f 1192 1279 1280
f 1277 1190 1193
f 1280 1277 1193
f 1194 1204 1198
f 1285 1204 1194
f 1285 1194 1283
f 1283 1194 1195
f 1196 1284 1195
f 1195 1284 1283
f 1205 1286 1284
f 1205 1284 1197
f 1197 1284 1196
f 1197 1199 1205
f 1211 1287 1295
f 1211 1206 1200
f 1211 1200 1287
f 1287 1200 1288
f 1201 1289 1200
f 1200 1289 1288
f 1202 1290 1201
f 1201 1290 1289
f 1204 1202 1198
f 1204 1291 1202
f 1291 1290 1202
f 1285 1291 1204
f 1205 1292 1286
f 1212 1296 1292
f 1203 1212 1292
f 1203 1292 1205
f 1203 1205 1199
f 1203 1207 1212
f 1216 1297 1306
f 1216 1217 1298
f 1297 1216 1298
f 1217 1213 1208
f 1217 1208 1298
f 1298 1208 1299
f 1209 1300 1208
f 1208 1300 1299
f 1295 1210 1211
f 1295 1300 1210
f 1300 1209 1210
f 1206 1211 1210
f 1218 1296 1212
f 1307 1296 1218
f 1207 1214 1218
f 1212 1207 1218
f 1222 1308 1313
f 1306 1308 1222
f 1306 1222 1216
f 1216 1222 1223
f 1215 1223 1219
f 1215 1217 1223
f 1217 1216 1223
f 1213 1217 1215
f 1224 1307 1218
f 1314 1307 1224
f 1214 1220 1224
f 1218 1214 1224
f 1228 1315 1319
f 1313 1315 1228
f 1313 1228 1222
f 1222 1228 1229
f 1221 1229 1225
f 1221 1223 1229
f 1223 1222 1229
f 1219 1223 1221
f 1230 1314 1224
f 1320 1314 1230
f 1220 1226 1230
f 1224 1220 1230
f 1233 1228 1319
f 1323 1233 1319
f 1227 1233 1231
f 1227 1229 1233
f 1229 1228 1233
f 1225 1229 1227
f 1234 1320 1230
f 1324 1320 1234
f 1226 1232 1234
f 1230 1226 1234
f 1237 1233 1323
f 1327 1237 1323
f 1231 1237 1235
f 1233 1237 1231
f 1238 1324 1234
f 1328 1324 1238
f 1232 1236 1238
f 1234 1232 1238
f 1242 1237 1327
f 1331 1242 1327
f 1235 1242 1239
f 1237 1242 1235
f 1243 1328 1238
f 1332 1328 1243
f 1236 1240 1243
f 1238 1236 1243
f 1246 1242 1331
f 1334 1246 1331
f 1239 1246 1244
f 1242 1246 1239
f 1241 1332 1243
f 1241 1245 1332
f 1245 1335 1332
f 1240 1241 1243
f 1249 1246 1334
f 1337 1249 1334
f 1244 1249 1247
f 1246 1249 1244
f 1245 1248 1335
f 1335 1248 1338
f 1249 1337 1339
f 1339 1247 1249
f 1339 1341 1247
f 1341 1250 1247
f 1248 1251 1338
f 1338 1251 1342
f 1257 1252 1250
f 1257 1250 1345
f 1345 1250 1341
f 1252 1257 1254
f 1253 1346 1343
f 1255 1346 1253
f 1342 1251 1253
f 1343 1342 1253
f 1257 1345 1347
f 1347 1254 1257
f 1347 1350 1254
f 1350 1258 1254
f 1256 1351 1348
f 1259 1351 1256
f 1346 1255 1256
f 1348 1346 1256
f 1258 1350 1261
f 1350 1353 1261
f 1260 1354 1352
f 1262 1354 1260
f 1351 1259 1260
f 1352 1351 1260
f 1268 1263 1261
f 1268 1261 1357
f 1357 1261 1353
f 1263 1268 1265
f 1264 1358 1355
f 1266 1358 1264
f 1354 1262 1264
f 1355 1354 1264
f 1268 1357 1359
f 1359 1265 1268
f 1359 1362 1265
f 1362 1269 1265
f 1267 1363 1360
f 1270 1363 1267
f 1358 1266 1267
f 1360 1358 1267
f 1269 1362 1364
f 1271 1269 1364
f 1364 1273 1271
f 1367 1273 1364
f 1272 1368 1365
f 1274 1368 1272
f 1363 1270 1272
f 1365 1363 1272
f 1369 1281 1276
f 1369 1276 1367
f 1367 1276 1273
f 1369 1372 1281
f 1282 1373 1370
f 1282 1275 1277
f 1282 1370 1275
f 1370 1371 1275
f 1368 1274 1275
f 1371 1368 1275
f 1276 1281 1278
f 1281 1372 1374
f 1281 1374 1278
f 1278 1374 1279
f 1373 1282 1280
f 1373 1280 1374
f 1374 1280 1279
f 1277 1280 1282
f 1283 1293 1285
f 1283 1284 1294
f 1293 1283 1294
f 1284 1286 1294
f 1301 1376 1387
f 1301 1302 1377
f 1376 1301 1377
f 1302 1303 1378
f 1377 1302 1378
f 1303 1304 1379
f 1378 1303 1379
f 1304 1295 1287
f 1304 1287 1379
f 1379 1287 1380
f 1288 1381 1287
f 1287 1381 1380
f 1289 1382 1288
f 1288 1382 1381
f 1290 1383 1289
f 1289 1383 1382
f 1291 1384 1290
f 1290 1384 1383
f 1293 1291 1285
f 1293 1385 1291
f 1385 1384 1291
f 1294 1385 1293
f 1386 1385 1294
f 1305 1388 1386
f 1292 1305 1386
f 1292 1386 1294
f 1292 1294 1286
f 1292 1296 1305
f 1309 1389 1398
f 1309 1310 1390
f 1389 1309 1390
f 1310 1311 1391
f 1390 1310 1391
f 1387 1391 1311
f 1301 1387 1311
f 1301 1311 1306
f 1301 1306 1297
f 1298 1301 1297
f 1302 1301 1298
f 1299 1302 1298
f 1303 1302 1299
f 1300 1303 1299
f 1304 1303 1300
f 1295 1304 1300
f 1312 1388 1305
f 1399 1388 1312
f 1296 1307 1312
f 1305 1296 1312
f 1316 1309 1398
f 1403 1316 1398
f 1310 1309 1317
f 1317 1309 1316
f 1308 1317 1313
f 1308 1311 1317
f 1311 1310 1317
f 1306 1311 1308
f 1318 1399 1312
f 1404 1399 1318
f 1307 1314 1318
f 1312 1307 1318
f 1321 1316 1403
f 1407 1321 1403
f 1315 1321 1319
f 1315 1317 1321
f 1317 1316 1321
f 1313 1317 1315
f 1322 1404 1318
f 1408 1404 1322
f 1314 1320 1322
f 1318 1314 1322
f 1325 1321 1407
f 1411 1325 1407
f 1319 1325 1323
f 1321 1325 1319
f 1326 1408 1322
f 1412 1408 1326
f 1320 1324 1326
f 1322 1320 1326
f 1329 1325 1411
f 1414 1329 1411
f 1323 1329 1327
f 1325 1329 1323
f 1330 1412 1326
f 1415 1412 1330
f 1324 1328 1330
f 1326 1324 1330
f 1329 1414 1416
f 1416 1327 1329
f 1416 1418 1327
f 1418 1331 1327
f 1333 1415 1330
f 1419 1415 1333
f 1328 1332 1333
f 1330 1328 1333
f 1331 1418 1334
f 1418 1421 1334
f 1336 1419 1333
f 1422 1419 1336
f 1332 1335 1336
f 1333 1332 1336
f 1334 1421 1337
f 1421 1424 1337
f 1340 1422 1336
f 1425 1422 1340
f 1335 1338 1340
f 1336 1335 1340
f 1337 1424 1426
f 1339 1337 1426
f 1426 1341 1339
f 1428 1341 1426
f 1344 1425 1340
f 1429 1425 1344
f 1338 1342 1344
f 1340 1338 1344
f 1341 1428 1345
f 1428 1432 1345
f 1349 1433 1430
f 1429 1349 1430
f 1344 1349 1429
f 1344 1346 1349
f 1344 1343 1346
f 1342 1343 1344
f 1345 1432 1434
f 1347 1345 1434
f 1434 1350 1347
f 1437 1350 1434
f 1348 1433 1349
f 1348 1351 1433
f 1351 1438 1433
f 1346 1348 1349
f 1350 1437 1353
f 1437 1442 1353
f 1356 1443 1439
f 1356 1352 1354
f 1356 1439 1352
f 1439 1440 1352
f 1438 1351 1352
f 1440 1438 1352
f 1353 1442 1357
f 1442 1445 1357
f 1361 1446 1444
f 1443 1361 1444
f 1356 1361 1443
f 1356 1358 1361
f 1356 1355 1358
f 1354 1355 1356
f 1357 1445 1447
f 1359 1357 1447
f 1447 1362 1359
f 1450 1362 1447
f 1366 1451 1448
f 1446 1366 1448
f 1361 1366 1446
f 1361 1363 1366
f 1361 1360 1363
f 1358 1360 1361
f 1362 1450 1452
f 1364 1362 1452
f 1452 1367 1364
f 1453 1367 1452
f 1365 1451 1366
f 1365 1368 1451
f 1368 1454 1451
f 1363 1365 1366
f 1367 1453 1455
f 1369 1367 1455
f 1372 1456 1375
f 1372 1369 1456
f 1369 1455 1456
f 1375 1370 1373
f 1375 1456 1370
f 1456 1457 1370
f 1371 1370 1458
f 1370 1457 1458
f 1454 1368 1371
f 1458 1454 1371
f 1372 1375 1374
f 1373 1374 1375
f 1392 1463 1474
f 1392 1393 1464
f 1463 1392 1464
f 1393 1394 1465
f 1464 1393 1465
f 1394 1387 1376
f 1394 1376 1465
f 1465 1376 1466
f 1377 1467 1376
f 1376 1467 1466
f 1378 1468 1377
f 1377 1468 1467
f 1379 1469 1378
f 1378 1469 1468
f 1380 1470 1379
f 1379 1470 1469
f 1381 1471 1380
f 1380 1471 1470
f 1382 1472 1381
f 1381 1472 1471
f 1383 1473 1382
f 1382 1473 1472
f 1395 1475 1473
f 1395 1473 1384
f 1384 1473 1383
f 1384 1385 1396
f 1395 1384 1396
f 1385 1386 1397
f 1396 1385 1397
f 1386 1388 1397
f 1400 1476 1484
f 1474 1476 1400
f 1392 1474 1400
f 1392 1400 1398
f 1392 1398 1389
f 1390 1392 1389
f 1393 1392 1390
f 1391 1393 1390
f 1394 1393 1391
f 1387 1394 1391
f 1395 1477 1475
f 1477 1401 1485
f 1477 1395 1401
f 1395 1396 1401
f 1397 1402 1396
f 1402 1401 1396
f 1388 1399 1402
f 1397 1388 1402
f 1405 1400 1484
f 1493 1405 1484
f 1398 1405 1403
f 1400 1405 1398
f 1401 1486 1485
f 1486 1406 1494
f 1486 1401 1406
f 1401 1402 1406
f 1399 1404 1406
f 1402 1399 1406
f 1409 1405 1493
f 1500 1409 1493
f 1403 1409 1407
f 1405 1409 1403
f 1410 1494 1406
f 1501 1494 1410
f 1404 1408 1410
f 1406 1404 1410
f 1409 1500 1502
f 1502 1407 1409
f 1502 1507 1407
f 1507 1411 1407
f 1413 1501 1410
f 1508 1501 1413
f 1408 1412 1413
f 1410 1408 1413
f 1411 1507 1414
f 1507 1512 1414
f 1417 1508 1413
f 1513 1508 1417
f 1412 1415 1417
f 1413 1412 1417
f 1414 1512 1514
f 1416 1414 1514
f 1514 1418 1416
f 1518 1418 1514
f 1420 1513 1417
f 1519 1513 1420
f 1415 1419 1420
f 1417 1415 1420
f 1418 1518 1421
f 1518 1523 1421
f 1423 1519 1420
f 1524 1519 1423
f 1419 1422 1423
f 1420 1419 1423
f 1421 1523 1424
f 1523 1528 1424
f 1427 1524 1423
f 1529 1524 1427
f 1422 1425 1427
f 1423 1422 1427
f 1424 1528 1530
f 1426 1424 1530
f 1530 1428 1426
f 1533 1428 1530
f 1431 1529 1427
f 1534 1529 1431
f 1425 1429 1431
f 1427 1425 1431
f 1535 1435 1432
f 1535 1432 1533
f 1533 1432 1428
f 1535 1540 1435
f 1436 1541 1536
f 1534 1436 1536
f 1431 1436 1534
f 1431 1433 1436
f 1431 1430 1433
f 1429 1430 1431
f 1432 1435 1434
f 1435 1437 1434
f 1435 1540 1437
f 1540 1544 1437
f 1441 1541 1436
f 1545 1541 1441
f 1433 1438 1441
f 1436 1433 1441
f 1437 1544 1442
f 1544 1549 1442
f 1439 1550 1546
f 1443 1550 1439
f 1545 1441 1440
f 1545 1440 1546
f 1546 1440 1439
f 1438 1440 1441
f 1551 1449 1445
f 1551 1445 1549
f 1549 1445 1442
f 1551 1554 1449
f 1444 1555 1552
f 1446 1555 1444
f 1550 1443 1444
f 1552 1550 1444
f 1445 1449 1447
f 1449 1450 1447
f 1449 1554 1450
f 1554 1558 1450
f 1448 1559 1556
f 1451 1559 1448
f 1555 1446 1448
f 1556 1555 1448
f 1450 1558 1560
f 1452 1450 1560
f 1453 1561 1459
f 1453 1452 1561
f 1452 1560 1561
f 1459 1562 1460
f 1561 1562 1459
f 1460 1563 1461
f 1562 1563 1460
f 1461 1564 1462
f 1563 1564 1461
f 1462 1564 1559
f 1462 1559 1454
f 1454 1559 1451
f 1453 1459 1455
f 1456 1455 1459
f 1460 1456 1459
f 1457 1456 1460
f 1461 1457 1460
f 1458 1457 1461
f 1462 1458 1461
f 1454 1458 1462
f 1463 1478 1474
f 1463 1464 1479
f 1478 1463 1479
f 1464 1465 1480
f 1479 1464 1480
f 1465 1466 1481
f 1480 1465 1481
f 1575 1481 1466
f 1575 1466 1570
f 1570 1466 1467
f 1468 1571 1467
f 1467 1571 1570
f 1469 1572 1468
f 1468 1572 1571
f 1470 1573 1469
f 1469 1573 1572
f 1471 1574 1470
f 1470 1574 1573
f 1482 1576 1574
f 1482 1574 1472
f 1472 1574 1471
f 1472 1473 1483
f 1482 1472 1483
f 1473 1475 1483
f 1476 1487 1484
f 1476 1474 1478
f 1476 1478 1487
f 1487 1478 1488
f 1479 1489 1478
f 1489 1488 1478
f 1480 1490 1479
f 1490 1489 1479
f 1584 1481 1577
f 1584 1490 1481
f 1490 1480 1481
f 1575 1577 1481
f 1482 1578 1576
f 1578 1491 1585
f 1578 1482 1491
f 1482 1483 1491
f 1475 1477 1492
f 1475 1492 1483
f 1483 1492 1491
f 1477 1485 1492
f 1487 1495 1493
f 1484 1487 1493
f 1488 1496 1487
f 1496 1495 1487
f 1489 1497 1488
f 1497 1496 1488
f 1594 1490 1586
f 1594 1497 1490
f 1497 1489 1490
f 1584 1586 1490
f 1491 1587 1585
f 1587 1498 1595
f 1587 1491 1498
f 1491 1492 1498
f 1485 1486 1499
f 1485 1499 1492
f 1492 1499 1498
f 1486 1494 1499
f 1495 1503 1500
f 1493 1495 1500
f 1496 1504 1495
f 1504 1503 1495
f 1603 1497 1596
f 1603 1504 1497
f 1504 1496 1497
f 1594 1596 1497
f 1505 1595 1498
f 1604 1595 1505
f 1499 1506 1498
f 1506 1505 1498
f 1494 1501 1506
f 1499 1494 1506
f 1500 1503 1502
f 1507 1502 1503
f 1507 1503 1509
f 1509 1503 1504
f 1612 1504 1603
f 1509 1504 1612
f 1510 1604 1505
f 1613 1604 1510
f 1506 1511 1505
f 1511 1510 1505
f 1501 1508 1511
f 1506 1501 1511
f 1509 1515 1512
f 1507 1509 1512
f 1619 1509 1612
f 1515 1509 1619
f 1516 1613 1510
f 1620 1613 1516
f 1511 1517 1510
f 1517 1516 1510
f 1508 1513 1517
f 1511 1508 1517
f 1512 1515 1514
f 1518 1621 1520
f 1514 1621 1518
f 1514 1619 1621
f 1514 1515 1619
f 1621 1627 1520
f 1521 1620 1516
f 1628 1620 1521
f 1517 1522 1516
f 1522 1521 1516
f 1513 1519 1522
f 1517 1513 1522
f 1520 1525 1523
f 1518 1520 1523
f 1632 1520 1627
f 1525 1520 1632
f 1526 1628 1521
f 1633 1628 1526
f 1522 1527 1521
f 1527 1526 1521
f 1519 1524 1527
f 1522 1519 1527
f 1525 1531 1528
f 1523 1525 1528
f 1638 1525 1632
f 1531 1525 1638
f 1526 1634 1633
f 1634 1532 1639
f 1634 1526 1532
f 1526 1527 1532
f 1524 1529 1532
f 1527 1524 1532
f 1528 1531 1530
f 1533 1640 1537
f 1530 1640 1533
f 1530 1638 1640
f 1530 1531 1638
f 1640 1646 1537
f 1538 1647 1641
f 1639 1538 1641
f 1639 1532 1538
f 1532 1539 1538
f 1529 1534 1539
f 1532 1529 1539
f 1533 1537 1535
f 1540 1648 1542
f 1535 1648 1540
f 1535 1646 1648
f 1535 1537 1646
f 1648 1652 1542
f 1543 1647 1538
f 1653 1647 1543
f 1536 1541 1543
f 1536 1543 1539
f 1539 1543 1538
f 1534 1536 1539
f 1542 1547 1544
f 1540 1542 1544
f 1656 1542 1652
f 1547 1542 1656
f 1548 1653 1543
f 1657 1653 1548
f 1541 1545 1548
f 1543 1541 1548
f 1547 1553 1549
f 1544 1547 1549
f 1662 1547 1656
f 1553 1547 1662
f 1546 1657 1548
f 1546 1550 1657
f 1550 1663 1657
f 1545 1546 1548
f 1549 1553 1551
f 1554 1664 1557
f 1551 1664 1554
f 1551 1662 1664
f 1551 1553 1662
f 1664 1673 1557
f 1552 1674 1665
f 1555 1674 1552
f 1663 1550 1552
f 1665 1663 1552
f 1557 1565 1558
f 1554 1557 1558
f 1675 1557 1673
f 1675 1566 1557
f 1566 1565 1557
f 1566 1676 1567
f 1675 1676 1566
f 1567 1677 1568
f 1676 1677 1567
f 1568 1678 1569
f 1677 1678 1568
f 1569 1556 1559
f 1569 1678 1556
f 1678 1679 1556
f 1674 1555 1556
f 1679 1674 1556
f 1558 1565 1560
f 1561 1560 1565
f 1566 1561 1565
f 1562 1561 1566
f 1567 1562 1566
f 1563 1562 1567
f 1568 1563 1567
f 1564 1563 1568
f 1569 1564 1568
f 1559 1564 1569
f 1570 1579 1575
f 1570 1571 1580
f 1579 1570 1580
f 1571 1572 1581
f 1580 1571 1581
f 1572 1573 1582
f 1581 1572 1582
f 1573 1574 1583
f 1582 1573 1583
f 1574 1576 1583
f 1577 1588 1584
f 1577 1575 1579
f 1577 1579 1588
f 1588 1579 1589
f 1580 1590 1579
f 1590 1589 1579
f 1581 1591 1580
f 1591 1590 1580
f 1686 1582 1685
f 1686 1591 1582
f 1591 1581 1582
f 1685 1592 1687
f 1685 1582 1592
f 1582 1583 1592
f 1576 1578 1593
f 1576 1593 1583
f 1583 1593 1592
f 1578 1585 1593
f 1586 1597 1594
f 1586 1584 1588
f 1586 1588 1597
f 1597 1588 1598
f 1589 1599 1588
f 1599 1598 1588
f 1590 1600 1589
f 1600 1599 1589
f 1691 1591 1688
f 1691 1600 1591
f 1600 1590 1591
f 1686 1688 1591
f 1592 1689 1687
f 1689 1601 1692
f 1689 1592 1601
f 1592 1593 1601
f 1585 1587 1602
f 1585 1602 1593
f 1593 1602 1601
f 1587 1595 1602
f 1596 1605 1603
f 1596 1594 1597
f 1596 1597 1605
f 1605 1597 1606
f 1598 1607 1597
f 1607 1606 1597
f 1599 1608 1598
f 1608 1607 1598
f 1600 1609 1599
f 1609 1608 1599
f 1696 1600 1691
f 1609 1600 1696
f 1610 1692 1601
f 1697 1692 1610
f 1602 1611 1601
f 1611 1610 1601
f 1595 1604 1611
f 1602 1595 1611
f 1605 1614 1612
f 1603 1605 1612
f 1606 1615 1605
f 1615 1614 1605
f 1607 1616 1606
f 1616 1615 1606
f 1608 1617 1607
f 1617 1616 1607
f 1703 1609 1698
f 1703 1617 1609
f 1617 1608 1609
f 1696 1698 1609
f 1610 1699 1697
f 1699 1618 1704
f 1699 1610 1618
f 1610 1611 1618
f 1604 1613 1618
f 1611 1604 1618
f 1614 1622 1619
f 1612 1614 1619
f 1615 1623 1614
f 1623 1622 1614
f 1616 1624 1615
f 1624 1623 1615
f 1617 1625 1616
f 1625 1624 1616
f 1710 1617 1703
f 1625 1617 1710
f 1626 1704 1618
f 1711 1704 1626
f 1613 1620 1626
f 1618 1613 1626
f 1619 1622 1621
f 1627 1621 1622
f 1627 1622 1629
f 1629 1622 1623
f 1624 1630 1623
f 1630 1629 1623
f 1718 1625 1712
f 1718 1630 1625
f 1630 1624 1625
f 1710 1712 1625
f 1631 1711 1626
f 1719 1711 1631
f 1620 1628 1631
f 1626 1620 1631
f 1629 1635 1632
f 1627 1629 1632
f 1630 1636 1629
f 1636 1635 1629
f 1726 1630 1718
f 1636 1630 1726
f 1637 1719 1631
f 1727 1719 1637
f 1628 1633 1637
f 1631 1628 1637
f 1635 1642 1638
f 1632 1635 1638
f 1636 1643 1635
f 1643 1642 1635
f 1734 1636 1726
f 1643 1636 1734
f 1644 1727 1637
f 1735 1727 1644
f 1633 1634 1645
f 1633 1645 1637
f 1637 1645 1644
f 1634 1639 1645
f 1638 1642 1640
f 1646 1640 1642
f 1646 1642 1649
f 1649 1642 1643
f 1736 1643 1734
f 1736 1650 1643
f 1650 1649 1643
f 1736 1742 1650
f 1651 1735 1644
f 1743 1735 1651
f 1641 1647 1651
f 1641 1651 1645
f 1645 1651 1644
f 1639 1641 1645
f 1646 1649 1648
f 1652 1648 1649
f 1652 1649 1654
f 1654 1649 1650
f 1749 1650 1742
f 1654 1650 1749
f 1655 1743 1651
f 1750 1743 1655
f 1647 1653 1655
f 1651 1647 1655
f 1654 1658 1656
f 1652 1654 1656
f 1751 1654 1749
f 1751 1659 1654
f 1659 1658 1654
f 1751 1758 1659
f 1660 1759 1752
f 1750 1660 1752
f 1750 1655 1660
f 1655 1661 1660
f 1653 1657 1661
f 1655 1653 1661
f 1658 1666 1662
f 1656 1658 1662
f 1659 1667 1658
f 1667 1666 1658
f 1760 1659 1758
f 1760 1668 1659
f 1668 1667 1659
f 1668 1761 1669
f 1760 1761 1668
f 1669 1762 1670
f 1761 1762 1669
f 1759 1670 1762
f 1759 1660 1670
f 1660 1671 1670
f 1661 1672 1660
f 1672 1671 1660
f 1657 1663 1672
f 1661 1657 1672
f 1662 1666 1664
f 1673 1664 1666
f 1673 1666 1680
f 1680 1666 1667
f 1668 1681 1667
f 1681 1680 1667
f 1669 1682 1668
f 1682 1681 1668
f 1670 1683 1669
f 1683 1682 1669
f 1671 1684 1670
f 1684 1683 1670
f 1665 1674 1684
f 1665 1684 1672
f 1672 1684 1671
f 1663 1665 1672
f 1673 1680 1675
f 1676 1675 1680
f 1681 1676 1680
f 1677 1676 1681
f 1682 1677 1681
f 1678 1677 1682
f 1683 1678 1682
f 1679 1678 1683
f 1684 1679 1683
f 1674 1679 1684
f 1685 1690 1686
f 1685 1687 1690
f 1688 1693 1691
f 1688 1686 1690
f 1688 1690 1693
f 1693 1690 1694
f 1687 1689 1695
f 1687 1695 1690
f 1690 1695 1694
f 1689 1692 1695
f 1693 1700 1696
f 1691 1693 1696
f 1694 1701 1693
f 1701 1700 1693
f 1695 1702 1694
f 1702 1701 1694
f 1692 1697 1702
f 1695 1692 1702
f 1698 1705 1703
f 1698 1696 1700
f 1698 1700 1705
f 1705 1700 1706
f 1701 1707 1700
f 1707 1706 1700
f 1702 1708 1701
f 1708 1707 1701
f 1697 1699 1709
f 1697 1709 1702
f 1702 1709 1708
f 1699 1704 1709
f 1705 1713 1710
f 1703 1705 1710
f 1706 1714 1705
f 1714 1713 1705
f 1707 1715 1706
f 1715 1714 1706
f 1708 1716 1707
f 1716 1715 1707
f 1709 1717 1708
f 1717 1716 1708
f 1704 1711 1717
f 1709 1704 1717
f 1712 1720 1718
f 1712 1710 1713
f 1712 1713 1720
f 1720 1713 1721
f 1714 1722 1713
f 1722 1721 1713
f 1715 1723 1714
f 1723 1722 1714
f 1716 1724 1715
f 1724 1723 1715
f 1717 1725 1716
f 1725 1724 1716
f 1711 1719 1725
f 1717 1711 1725
f 1720 1728 1726
f 1718 1720 1726
f 1721 1729 1720
f 1729 1728 1720
f 1722 1730 1721
f 1730 1729 1721
f 1723 1731 1722
f 1731 1730 1722
f 1724 1732 1723
f 1732 1731 1723
f 1725 1733 1724
f 1733 1732 1724
f 1719 1727 1733
f 1725 1719 1733
f 1728 1737 1734
f 1726 1728 1734
f 1729 1738 1728
f 1738 1737 1728
f 1730 1739 1729
f 1739 1738 1729
f 1731 1740 1730
f 1740 1739 1730
f 1767 1732 1766
f 1767 1740 1732
f 1740 1731 1732
f 1766 1741 1768
f 1766 1732 1741
f 1732 1733 1741
f 1727 1735 1741
f 1733 1727 1741
f 1734 1737 1736
f 1742 1736 1737
f 1742 1737 1744
f 1744 1737 1738
f 1739 1745 1738
f 1745 1744 1738
f 1740 1746 1739
f 1746 1745 1739
f 1769 1740 1767
f 1769 1747 1740
f 1747 1746 1740
f 1768 1747 1769
f 1768 1741 1747
f 1741 1748 1747
f 1735 1743 1748
f 1741 1735 1748
f 1744 1753 1749
f 1742 1744 1749
f 1745 1754 1744
f 1754 1753 1744
f 1746 1755 1745
f 1755 1754 1745
f 1747 1756 1746
f 1756 1755 1746
f 1748 1757 1747
f 1757 1756 1747
f 1743 1750 1757
f 1748 1743 1757
f 1749 1753 1751
f 1758 1751 1753
f 1758 1753 1763
f 1763 1753 1754
f 1755 1764 1754
f 1764 1763 1754
f 1756 1765 1755
f 1765 1764 1755
f 1752 1759 1765
f 1752 1765 1757
f 1757 1765 1756
f 1750 1752 1757
f 1758 1763 1760
f 1761 1760 1763
f 1764 1761 1763
f 1762 1761 1764
f 1765 1762 1764
f 1759 1762 1765
f 1766 1770 1767
f 1766 1768 1770
f 1767 1770 1769
f 1768 1769 1770
