v -0.001830214 0.001178824 -0.002332128
v -0.00177026 0.001164486 -0.00233523
v -0.001722432 0.001131879 -0.002333118
v -0.001715312 0.001159196 -0.002318575
v -0.001983457 0.001163799 -0.002252602
v -0.001863655 0.001172116 -0.002327383
v -0.001912895 0.001154829 -0.002298448
v -0.001826563 0.001144347 -0.002333881
v -0.001876301 0.001191636 -0.002303629
v -0.00186784 0.001105589 -0.002308289
v -0.001763134 0.001128631 -0.002343073
v -0.001813691 0.001197408 -0.002305659
v -0.001737878 0.001110262 -0.002336856
v -0.001778347 0.001088471 -0.002316339
v -0.001709303 0.001094921 -0.002307853
v -0.001745697 0.001187417 -0.002298591
v -0.00167733 0.001129171 -0.002286217
v -0.001695413 0.001168802 -0.00228411
v -0.00171974 0.001048766 -0.002272894
v -0.002027377 0.001138607 -0.002214923
v -0.001974029 0.001123711 -0.002259543
v -0.002015215 0.001177568 -0.002211341
v -0.002010396 0.001093036 -0.002219499
v -0.001924663 0.001107673 -0.002287222
v -0.001948704 0.00119584 -0.002247496
v -0.001900113 0.00108211 -0.002286404
v -0.00194207 0.001063527 -0.002245944
v -0.001850234 0.001052155 -0.002274369
v -0.001872419 0.001214109 -0.002255803
v -0.001881257 0.001005011 -0.002213575
v -0.00177487 0.001035849 -0.002273169
v -0.001793294 0.001211737 -0.002250253
v -0.001740377 0.001011268 -0.002238376
v -0.001800665 0.001002076 -0.002225993
v -0.001689979 0.001017823 -0.0022133
v -0.001716617 0.001192309 -0.002239157
v -0.001661388 0.001071277 -0.002240408
v -0.001637261 0.001115308 -0.002222091
v -0.001661682 0.001157269 -0.002232218
v -0.00222817 0.001053514 -0.002032311
v -0.002062709 0.001088048 -0.002165786
v -0.002067063 0.001154524 -0.002149702
v -0.002187992 0.001006639 -0.002059183
v -0.002138627 0.001085132 -0.002087749
v -0.002009009 0.001037523 -0.002184639
v -0.002007223 0.001200947 -0.002167412
v -0.002080322 0.0009966363 -0.002110088
v -0.002059636 0.001186354 -0.002120425
v -0.001947735 0.00100749 -0.002194633
v -0.001931125 0.001218809 -0.002199586
v -0.001910661 0.0009689324 -0.002163233
v -0.002007375 0.0009215065 -0.002083605
v -0.001979753 0.0009732351 -0.002143098
v -0.001829103 0.0009587626 -0.002147665
v -0.001858606 0.001224016 -0.002187273
v -0.001912521 0.0009214054 -0.002098198
v -0.00174113 0.0009834563 -0.002175622
v -0.001766401 0.001212758 -0.002174127
v -0.001676841 0.0009957794 -0.002142222
v -0.001676159 0.001181846 -0.002157108
v -0.001645221 0.001033362 -0.002178168
v -0.001614581 0.001080704 -0.002155491
v -0.001623513 0.001136919 -0.002167728
v -0.001631158 0.00102691 -0.002120548
v -0.001593667 0.001092152 -0.002106348
v -0.001596051 0.001118645 -0.002116093
v -0.002274696 0.001035421 -0.002001593
v -0.002342579 0.0009029873 -0.00196145
v -0.002330427 0.0009572866 -0.001973317
v -0.002270787 0.0009959586 -0.002011356
v -0.002258028 0.001060104 -0.001990575
v -0.002226963 0.000950005 -0.002028839
v -0.002300088 0.000872249 -0.001970698
v -0.002287323 0.0009275395 -0.001995482
v -0.002151602 0.0009356905 -0.00205269
v -0.002195586 0.001099652 -0.002013218
v -0.002214848 0.0008722428 -0.00199852
v -0.002077268 0.0009177291 -0.002066155
v -0.002100021 0.001159009 -0.002053404
v -0.002038221 0.0008745972 -0.002038842
v -0.002031835 0.001200452 -0.002100604
v -0.002140263 0.0008124643 -0.001974525
v -0.002110261 0.0008691309 -0.00202277
v -0.001961346 0.0008641598 -0.002022141
v -0.001945609 0.00121849 -0.002118671
v -0.002049302 0.0008204252 -0.001980706
v -0.001880423 0.0008837003 -0.00203507
v -0.001837249 0.001219704 -0.002103006
v -0.00183333 0.0009163434 -0.002071374
v -0.001741825 0.0009569716 -0.002061647
v -0.001738781 0.001203488 -0.002090154
v -0.001660696 0.0009966914 -0.002087114
v -0.001633322 0.00102064 -0.002077668
v -0.00166322 0.001178558 -0.002074499
v -0.001664048 0.001014527 -0.002028364
v -0.001657448 0.001160754 -0.002022964
v -0.001616106 0.001064765 -0.002073804
v -0.001619806 0.001154279 -0.002108505
v -0.001594254 0.00110644 -0.002081073
v -0.001599914 0.001133147 -0.002078971
v -0.001622348 0.001120013 -0.002038043
v -0.001622592 0.001153306 -0.002061735
v -0.002369033 0.0008859019 -0.001936225
v -0.002365783 0.0009233401 -0.001943341
v -0.002386576 0.0008133192 -0.001888831
v -0.002348553 0.0008403222 -0.001928835
v -0.00235184 0.0009615495 -0.00195042
v -0.002310234 0.001005309 -0.001952193
v -0.002354472 0.0007842726 -0.00189208
v -0.002360025 0.000940596 -0.001918882
v -0.002275942 0.0008202873 -0.001951427
v -0.002241966 0.001071849 -0.001931959
v -0.002294306 0.0007503906 -0.001885021
v -0.002310172 0.0007872917 -0.001916374
v -0.002295624 0.001019396 -0.001890738
v -0.002209914 0.0008027733 -0.001957785
v -0.002162176 0.001127238 -0.001961594
v -0.00217091 0.0007657069 -0.00192938
v -0.002212462 0.0007339744 -0.001887128
v -0.002247342 0.0007696613 -0.001922062
v -0.002102453 0.0007763209 -0.001939642
v -0.002075457 0.001164103 -0.001941634
v -0.002012223 0.001198285 -0.002034066
v -0.002048795 0.0007750914 -0.001917787
v -0.001912255 0.001210929 -0.002027675
v -0.001977817 0.0008122107 -0.001930157
v -0.002016566 0.0007796671 -0.001889594
v -0.001978364 0.001193194 -0.0019598
v -0.0018937 0.0008548349 -0.001969809
v -0.001805412 0.001202491 -0.00201774
v -0.001824139 0.0008943784 -0.002003345
v -0.001844294 0.0008737618 -0.00193243
v -0.00188444 0.001190841 -0.001937319
v -0.001784662 0.0009215929 -0.001940529
v -0.001714061 0.001185221 -0.00201906
v -0.001695345 0.001166333 -0.00198679
v -0.001759661 0.001166355 -0.00194083
v -0.001718692 0.0009907869 -0.001943578
v -0.001676579 0.00113563 -0.001979497
v -0.001677724 0.001029838 -0.001968586
v -0.001658495 0.001074402 -0.001987704
v -0.001699496 0.001053185 -0.00191796
v -0.001710254 0.001111171 -0.001920286
v -0.002395949 0.0007985691 -0.001871019
v -0.002383542 0.0007849586 -0.00187329
v -0.002387319 0.0008220798 -0.001871412
v -0.002376581 0.0008725271 -0.001902435
v -0.002374002 0.0007933768 -0.001858975
v -0.002346693 0.000764188 -0.001865875
v -0.002362462 0.0009055501 -0.001883832
v -0.002298694 0.0007426683 -0.001856624
v -0.0023289 0.0009541169 -0.001868787
v -0.002320359 0.0007733364 -0.001842896
v -0.0023409 0.0008497265 -0.001843751
v -0.002255931 0.0007282541 -0.001863252
v -0.002300336 0.001001474 -0.001852473
v -0.002255353 0.001038781 -0.001839418
v -0.002248491 0.0007413591 -0.001838343
v -0.002267101 0.0007904611 -0.001809875
v -0.002288861 0.0009774347 -0.001807998
v -0.002214349 0.0007217013 -0.001859121
v -0.002164572 0.001109165 -0.001858078
v -0.002180406 0.000723179 -0.001868893
v -0.002176344 0.000732687 -0.001847313
v -0.002188072 0.0007636741 -0.001807283
v -0.002208142 0.001060934 -0.001784085
v -0.002127888 0.0007447207 -0.001886985
v -0.002083401 0.001148796 -0.001859586
v -0.002056486 0.0007632432 -0.001872718
v -0.002108949 0.0007589922 -0.001833718
v -0.00200925 0.0007983393 -0.001835048
v -0.001992848 0.001170533 -0.001861974
v -0.001908208 0.0008407203 -0.00188615
v -0.001839575 0.000889426 -0.001856386
v -0.001858649 0.001168525 -0.001824903
v -0.001835427 0.001171406 -0.001749012
v -0.00177404 0.0009594884 -0.001839165
v -0.001766359 0.001138436 -0.001861164
v -0.00173383 0.001030703 -0.001846328
v -0.001736234 0.001093586 -0.001845219
v -0.001755616 0.001014198 -0.001780411
v -0.002298281 0.0009108974 -0.001795105
v -0.00226566 0.000847095 -0.001774211
v -0.002265339 0.0009434725 -0.001748272
v -0.002238964 0.001001575 -0.001745476
v -0.002252738 0.000895202 -0.00173553
v -0.002208222 0.000805089 -0.001768878
v -0.002191742 0.001048105 -0.001712835
v -0.002161539 0.001090728 -0.001764317
v -0.002115145 0.0008009844 -0.001759635
v -0.002084449 0.001131748 -0.001776479
v -0.002010028 0.0008320788 -0.001721226
v -0.001969492 0.001162709 -0.001736979
v -0.001917985 0.0008538924 -0.001787636
v -0.001884685 0.001176902 -0.001734777
v -0.001838426 0.0009190206 -0.00174656
v -0.001849639 0.001183624 -0.001687953
v -0.001781314 0.0009769866 -0.001751923
v -0.001806269 0.001169902 -0.001710417
v -0.001760376 0.001027233 -0.001709113
v -0.00178634 0.001141557 -0.001778192
v -0.001749473 0.001085225 -0.001746061
v -0.001772918 0.001148202 -0.001700428
v -0.002213598 0.0009310978 -0.001663632
v -0.002205742 0.0009993985 -0.001666044
v -0.002189577 0.0008523359 -0.001706122
v -0.002169527 0.001036874 -0.00162934
v -0.002134738 0.001087822 -0.001690131
v -0.002093568 0.0008403557 -0.001656973
v -0.00205953 0.001126622 -0.001664159
v -0.002007612 0.0008548434 -0.001614094
v -0.001984339 0.001159583 -0.001625232
v -0.001925508 0.0008750873 -0.00167839
v -0.001912976 0.00118039 -0.001668195
v -0.001857404 0.0009260925 -0.001630149
v -0.001867327 0.001192622 -0.001627452
v -0.001796625 0.0009761769 -0.00167549
v -0.001758133 0.001034866 -0.001625595
v -0.001798248 0.001188911 -0.001622791
v -0.001741996 0.001079539 -0.001660879
v -0.001739285 0.001142805 -0.001629325
v -0.001703302 0.00116075 -0.001555966
v -0.002173567 0.0009156431 -0.001537074
v -0.002186319 0.0009771748 -0.001583016
v -0.002150532 0.0008739438 -0.001598657
v -0.002151971 0.0010242 -0.001532224
v -0.002115591 0.001080045 -0.001595065
v -0.00207784 0.0008549298 -0.001551344
v -0.00205019 0.001122855 -0.001560744
v -0.002003073 0.0008626886 -0.001511461
v -0.00198232 0.001161767 -0.001530446
v -0.001931 0.0008870468 -0.00157135
v -0.001920936 0.001185829 -0.001586907
v -0.001861433 0.000930472 -0.001526848
v -0.001857587 0.001205534 -0.001558733
v -0.001800666 0.0009811429 -0.001580112
v -0.001746669 0.001040557 -0.001535505
v -0.001796154 0.001222517 -0.001526727
v -0.001720471 0.001102473 -0.001578747
v -0.001682346 0.001146001 -0.001519448
v -0.001713366 0.001215898 -0.001513444
v -0.001682244 0.001179401 -0.00151634
v -0.001675947 0.001268486 -0.001443449
v -0.001641575 0.001244962 -0.001435085
v -0.002158816 0.0008958281 -0.001422257
v -0.002168738 0.0009599103 -0.001474506
v -0.002128272 0.0008689399 -0.001485919
v -0.002138109 0.001016645 -0.001418312
v -0.002101996 0.001074421 -0.001495685
v -0.0020644 0.0008508642 -0.001449271
v -0.002038652 0.001123515 -0.001454382
v -0.002092095 0.001074488 -0.001415658
v -0.001994607 0.0008580361 -0.001419362
v -0.001971052 0.001168663 -0.001451069
v -0.001929658 0.0008886511 -0.001471723
v -0.001916811 0.00119456 -0.001502358
v -0.001857337 0.0009254076 -0.001429511
v -0.001848437 0.001224697 -0.001471443
v -0.001794955 0.0009809706 -0.001482412
v -0.001724455 0.001038867 -0.001436619
v -0.001770756 0.001254283 -0.001450019
v -0.001697898 0.001098289 -0.001501135
v -0.001713461 0.001269702 -0.00144945
v -0.001731359 0.001285339 -0.001412583
v -0.001669412 0.001136715 -0.001482682
v -0.001689622 0.001293159 -0.001402787
v -0.001648688 0.001179069 -0.001457492
v -0.0016678 0.001111028 -0.001439205
v -0.001605008 0.001222893 -0.00140466
v -0.001640896 0.001287101 -0.001387829
v -0.001595317 0.001262363 -0.001369264
v -0.001599052 0.001185934 -0.001387713
v -0.002163838 0.00086625 -0.001318362
v -0.002167474 0.0009374097 -0.001355824
v -0.002113003 0.0008419175 -0.001363099
v -0.002145691 0.0009937128 -0.001313647
v -0.002144762 0.0008214267 -0.001282278
v -0.002171407 0.0009455411 -0.00127836
v -0.00204479 0.0008387257 -0.001372543
v -0.002103163 0.001053323 -0.001341083
v -0.002058851 0.001100959 -0.00137117
v -0.001985588 0.0008436425 -0.001340798
v -0.001993115 0.001150412 -0.001359197
v -0.001923239 0.0008792335 -0.001381677
v -0.001914687 0.00120046 -0.001409609
v -0.001846798 0.0009086601 -0.001337092
v -0.001834977 0.001244969 -0.001369497
v -0.001787303 0.0009672266 -0.001389488
v -0.001767308 0.001278669 -0.001382626
v -0.001727157 0.0009983351 -0.001344336
v -0.001724238 0.001298758 -0.001356959
v -0.001779762 0.0009469358 -0.001320505
v -0.001668669 0.001064433 -0.001365143
v -0.001668227 0.001309062 -0.001335437
v -0.001623923 0.001132301 -0.001380504
v -0.001577168 0.001157714 -0.001328716
v -0.00159883 0.00130526 -0.00130571
v -0.001569432 0.001217032 -0.001347397
v -0.001547352 0.001261868 -0.001299793
v -0.001502243 0.00125501 -0.001251601
v -0.002176163 0.0008243279 -0.001221915
v -0.002182194 0.0008932569 -0.001260724
v -0.002130183 0.0007874257 -0.001224888
v -0.002178057 0.0009298284 -0.001210239
v -0.002107656 0.0008060203 -0.001280683
v -0.00215504 0.0009765346 -0.001244305
v -0.002045754 0.0008151987 -0.001297834
v -0.002109564 0.001033371 -0.001239976
v -0.002051709 0.001097539 -0.001289029
v -0.002076016 0.0007845099 -0.001236208
v -0.001971893 0.0008259896 -0.00127995
v -0.001985524 0.001148283 -0.001241798
v -0.001916647 0.000859622 -0.001306824
v -0.00191652 0.001200218 -0.0013028
v -0.001992713 0.0007900642 -0.001220366
v -0.001857464 0.0008746808 -0.001274246
v -0.001846211 0.001244783 -0.001252084
v -0.00177843 0.00128128 -0.001309936
v -0.00189294 0.0008003392 -0.001186888
v -0.001907695 0.0008342031 -0.001245236
v -0.001805641 0.0009088775 -0.001280196
v -0.001717817 0.001307311 -0.001276761
v -0.001737553 0.0009480605 -0.001268346
v -0.001810869 0.0008653432 -0.001219281
v -0.001678339 0.001016449 -0.001299842
v -0.001651925 0.001323618 -0.00125457
v -0.001611992 0.001076859 -0.001292809
v -0.001661048 0.0009868179 -0.001239426
v -0.001563617 0.001130202 -0.001282584
v -0.001592683 0.001332964 -0.001228347
v -0.001526717 0.0011831 -0.00126622
v -0.001557351 0.00109167 -0.001237349
v -0.0014844 0.001226087 -0.001236023
v -0.001520359 0.001315799 -0.001225888
v -0.00145426 0.001263214 -0.001203641
v -0.001471298 0.001185788 -0.001204096
v -0.001432818 0.001344764 -0.001164269
v -0.001378827 0.001290552 -0.001153401
v -0.00136328 0.001358327 -0.00113242
v -0.001318099 0.001334466 -0.001119622
v -0.002207493 0.0007890865 -0.001121108
v -0.002197352 0.0008660395 -0.001170234
v -0.002234591 0.0007335266 -0.001053717
v -0.002242947 0.0007837754 -0.001055998
v -0.002159998 0.0007689061 -0.001165594
v -0.002183142 0.0009205636 -0.001123827
v -0.002147601 0.0009797449 -0.001172792
v -0.002080876 0.0007446846 -0.001158794
v -0.00209662 0.001036029 -0.001131494
v -0.002045038 0.001092426 -0.001185271
v -0.002106017 0.0006951516 -0.001087576
v -0.00195817 0.0007488875 -0.001146257
v -0.001980783 0.001143469 -0.001133097
v -0.001916745 0.001196525 -0.001188911
v -0.002018086 0.0006985176 -0.001090775
v -0.001868559 0.0007677666 -0.001138027
v -0.001845498 0.001242604 -0.001131286
v -0.001821636 0.0008097081 -0.001162495
v -0.00177929 0.001283155 -0.001212431
v -0.001892401 0.0007134929 -0.001084101
v -0.001760341 0.0008439479 -0.001162914
v -0.001708136 0.001314808 -0.001176106
v -0.001713669 0.0009087042 -0.001197688
v -0.001784882 0.0007112364 -0.001053049
v -0.001784539 0.0007797051 -0.001113683
v -0.001775548 0.001284534 -0.001126786
v -0.001643966 0.0009467812 -0.001181053
v -0.00163523 0.001337036 -0.001182232
v -0.001598391 0.001017833 -0.00121142
v -0.001699354 0.0007650051 -0.001065837
v -0.001682841 0.0008612602 -0.001131258
v -0.001557579 0.001040291 -0.001190336
v -0.001568167 0.001353303 -0.001149411
v -0.00150921 0.001089129 -0.001179182
v -0.001493108 0.001362996 -0.001157279
v -0.001619657 0.0008330101 -0.001069737
v -0.001578064 0.0009578414 -0.001136044
v -0.001459295 0.001142439 -0.001167599
v -0.001450175 0.00138559 -0.001122663
v -0.001414652 0.00119118 -0.001151387
v -0.001452102 0.001095162 -0.001127319
v -0.001366123 0.001239453 -0.001138304
v -0.001390722 0.001393998 -0.001105777
v -0.001323666 0.001268835 -0.001118286
v -0.001356717 0.001193971 -0.001109192
v -0.001290428 0.001312724 -0.001108158
v -0.001312295 0.001396429 -0.001080606
v -0.001260907 0.001347112 -0.001079281
v -0.001272792 0.001282115 -0.001086309
v -0.001207943 0.001360501 -0.001035568
v -0.00226275 0.0007176383 -0.0009951791
v -0.002261925 0.0007565994 -0.001017196
v -0.002229211 0.0006904369 -0.001019757
v -0.002256586 0.000802353 -0.001004069
v -0.002215083 0.0007022317 -0.001055128
v -0.002220535 0.0008484111 -0.001070733
v -0.002174808 0.0007196741 -0.001094026
v -0.002187093 0.0009204768 -0.001027986
v -0.00215284 0.000677129 -0.001051573
v -0.002142379 0.0009797269 -0.001078789
v -0.002195993 0.000683443 -0.001043759
v -0.002085462 0.0006605443 -0.001035781
v -0.002088355 0.001036176 -0.001029618
v -0.002036743 0.001089955 -0.001080517
v -0.001977572 0.0006549445 -0.00102639
v -0.001976573 0.001138537 -0.001029529
v -0.001919029 0.001188444 -0.001081429
v -0.001864846 0.0006570793 -0.00101508
v -0.001870517 0.001221005 -0.001033816
v -0.001765667 0.000660397 -0.0009973771
v -0.001803377 0.001264329 -0.001033306
v -0.001721271 0.0007084594 -0.001032348
v -0.001736465 0.001302957 -0.001083699
v -0.001684438 0.000726419 -0.00103233
v -0.001659775 0.001334463 -0.00108684
v -0.001641048 0.0007497405 -0.001021067
v -0.001690405 0.0006924396 -0.001001406
v -0.001593452 0.0008026852 -0.001029261
v -0.001580333 0.001367348 -0.001041669
v -0.001538449 0.0008710165 -0.001035056
v -0.001494454 0.001003851 -0.001098256
v -0.00150533 0.001385042 -0.001093787
v -0.001582773 0.0007656855 -0.000989746
v -0.001447521 0.001041349 -0.001083612
v -0.001439489 0.001409356 -0.001059863
v -0.00139676 0.001097384 -0.001078596
v -0.001478316 0.0008683068 -0.0009805978
v -0.001449134 0.0009701356 -0.001031406
v -0.001347067 0.001152446 -0.001076371
v -0.001362205 0.00142931 -0.001032564
v -0.001301238 0.001203307 -0.001070519
v -0.00133626 0.001113087 -0.001039073
v -0.001257833 0.001249889 -0.001062618
v -0.00128391 0.001448534 -0.00101178
v -0.001221216 0.001290633 -0.001042342
v -0.001246658 0.001215134 -0.001032012
v -0.001226383 0.00146687 -0.0009912095
v -0.001177537 0.001329929 -0.001005529
v -0.001231933 0.001415633 -0.001031632
v -0.001172483 0.001392208 -0.0009860273
v -0.001176018 0.001283451 -0.0009957546
v -0.001193242 0.001447489 -0.0009901214
v -0.002282481 0.0007067153 -0.0009323182
v -0.002278027 0.000756963 -0.000963385
v -0.002369674 0.0005992829 -0.0007901996
v -0.002249367 0.000678623 -0.000968448
v -0.002268804 0.0008111414 -0.0009266129
v -0.0022307 0.0008637478 -0.0009751162
v -0.002179746 0.0006516735 -0.0009875059
v -0.002188616 0.0009270039 -0.0009290749
v -0.002138559 0.000981677 -0.0009793687
v -0.002064629 0.0006138257 -0.0009614435
v -0.002082855 0.001036947 -0.0009277085
v -0.002030133 0.001088053 -0.0009782545
v -0.002090774 0.0005745184 -0.0008961343
v -0.001942081 0.0006101249 -0.0009623508
v -0.001972402 0.001135366 -0.0009293341
v -0.001919408 0.001181501 -0.0009832227
v -0.002007207 0.0005716567 -0.0009029501
v -0.001840687 0.0006121314 -0.0009557785
v -0.00186071 0.001222382 -0.0009496268
v -0.001906649 0.0005708333 -0.0009023871
v -0.001767533 0.0006157195 -0.0009450435
v -0.001796134 0.001262729 -0.0009214002
v -0.001731156 0.001302327 -0.0009966554
v -0.001813341 0.0005762402 -0.0008994454
v -0.001713023 0.0006463324 -0.0009610392
v -0.001657532 0.001337582 -0.0009683638
v -0.001636502 0.0006800614 -0.0009494917
v -0.001718941 0.0005979542 -0.0008992889
v -0.001575211 0.0007258471 -0.0009500455
v -0.001583529 0.001371438 -0.000934278
v -0.001520221 0.0007812128 -0.0009504028
v -0.001507618 0.001398479 -0.00100301
v -0.001564027 0.0006896126 -0.0009081794
v -0.001468067 0.0008336505 -0.0009459153
v -0.001429124 0.00142745 -0.0009697676
v -0.001413201 0.0008984621 -0.0009472623
v -0.001374617 0.00102083 -0.001003776
v -0.001456372 0.0007991263 -0.0009117026
v -0.001317019 0.001067136 -0.0009888582
v -0.001330847 0.001459342 -0.0009343249
v -0.001281312 0.001140723 -0.001012178
v -0.001260942 0.001477381 -0.000966207
v -0.001343238 0.000903613 -0.0008941034
v -0.00133124 0.000988743 -0.0009436785
v -0.001231051 0.001168501 -0.0009867782
v -0.001221962 0.001486766 -0.0009494146
v -0.001200069 0.001231757 -0.000997231
v -0.001274017 0.0009763512 -0.0008899185
v -0.001259351 0.001080198 -0.0009489125
v -0.001259332 0.001484001 -0.0009225703
v -0.001167832 0.001249825 -0.0009704818
v -0.001194801 0.001474297 -0.0009651413
v -0.001134441 0.00130171 -0.0009395067
v -0.001132485 0.001398342 -0.0009120661
v -0.00116832 0.001448074 -0.0009474994
v -0.001206675 0.001054552 -0.0008888832
v -0.001175646 0.001175275 -0.0009347317
v -0.001071969 0.001287318 -0.0008700788
v -0.001082053 0.0013497 -0.0008625475
v -0.002376658 0.0005981791 -0.000764187
v -0.002350334 0.0005838842 -0.0007841557
v -0.002371103 0.0006172889 -0.0007876011
v -0.002354691 0.0006083797 -0.0008029597
v -0.002307586 0.0007000646 -0.0008669679
v -0.002296615 0.0007556578 -0.0008891042
v -0.002341039 0.0006547263 -0.000809047
v -0.002262695 0.00064308 -0.0008941799
v -0.002282413 0.0008157556 -0.0008352377
v -0.002237257 0.0008728034 -0.0008799372
v -0.002310218 0.0005991376 -0.0008184999
v -0.00216395 0.0005997827 -0.0009078393
v -0.002190156 0.0009338407 -0.0008271883
v -0.002144698 0.0005604734 -0.0008564341
v -0.002136207 0.0009854704 -0.0008772977
v -0.002226679 0.0005757339 -0.0008392701
v -0.002071179 0.0005426668 -0.0008450689
v -0.002080238 0.001038971 -0.0008247709
v -0.002025816 0.001087509 -0.000876649
v -0.001973544 0.0005351252 -0.0008428565
v -0.001969421 0.001134496 -0.0008292595
v -0.001915075 0.001179323 -0.0008865946
v -0.001875419 0.0005347932 -0.0008421359
v -0.0018556 0.001221127 -0.000850292
v -0.001784727 0.0005411424 -0.0008410897
v -0.001792663 0.001260784 -0.0008170187
v -0.001727916 0.001300502 -0.0008902553
v -0.001709974 0.0005487486 -0.0008331864
v -0.001657448 0.001336194 -0.0008591558
v -0.00161976 0.0005981064 -0.0008525861
v -0.001673483 0.0005168417 -0.0007832716
v -0.001535068 0.0006527973 -0.0008571753
v -0.001584665 0.001370116 -0.0008275687
v -0.001496596 0.0007220201 -0.0008866725
v -0.001508092 0.001403531 -0.0009011529
v -0.001529671 0.0005973012 -0.0008081909
v -0.001437165 0.0007548527 -0.0008666643
v -0.001429136 0.001432846 -0.0008689241
v -0.001394802 0.0008255022 -0.0008822303
v -0.001456163 0.0006060977 -0.0007783352
v -0.001459541 0.0006781088 -0.0008292581
v -0.001338767 0.000848575 -0.0008557775
v -0.001362924 0.001452275 -0.0008349339
v -0.001298801 0.0009016618 -0.0008600632
v -0.001379491 0.0006748104 -0.0007811614
v -0.001370168 0.0007685833 -0.0008299508
v -0.001252706 0.0009346578 -0.0008487923
v -0.001272398 0.001469689 -0.0008438271
v -0.001221209 0.0009877014 -0.0008589922
v -0.001225776 0.001486902 -0.0009041287
v -0.001291225 0.0007633233 -0.0007809644
v -0.001279451 0.0008589557 -0.0008238278
v -0.001185179 0.001022614 -0.0008541386
v -0.001190769 0.001478619 -0.000922802
v -0.001128184 0.001093826 -0.0008508431
v -0.001097016 0.001218779 -0.0008802277
v -0.00116017 0.001450536 -0.0008801988
v -0.001211901 0.0008532112 -0.0007824317
v -0.001187071 0.0009604768 -0.0008217955
v -0.00120298 0.001474488 -0.000868493
v -0.001052871 0.00125192 -0.0008470126
v -0.001111707 0.001411184 -0.0008309677
v -0.001019299 0.001299127 -0.0008018469
v -0.001057177 0.001372735 -0.0007974377
v -0.001054494 0.001105291 -0.0008045532
v -0.001042354 0.001193099 -0.000821834
v -0.0009590815 0.001281211 -0.0007515593
v -0.002388155 0.0005966155 -0.0007048851
v -0.002380317 0.0006363497 -0.0007465301
v -0.002360757 0.000570478 -0.0007423501
v -0.002367301 0.0006987127 -0.0007300704
v -0.002325031 0.0007456567 -0.0007958913
v -0.00229463 0.0005458338 -0.0007572482
v -0.002296278 0.0008233031 -0.0007329395
v -0.002243703 0.0008808216 -0.0007785644
v -0.002311791 0.000505964 -0.0006816113
v -0.002164814 0.0005249525 -0.0007855619
v -0.002192226 0.0009412732 -0.0007225635
v -0.002135921 0.0009902744 -0.0007733679
v -0.002234142 0.0004908959 -0.0007001858
v -0.002047849 0.0005047013 -0.0007798034
v -0.0020807 0.001042271 -0.0007212355
v -0.002024511 0.001088624 -0.0007744735
v -0.002125433 0.0004745841 -0.0007090787
v -0.00194217 0.0004980966 -0.0007794184
v -0.001969383 0.001135494 -0.0007279391
v -0.00191266 0.001178797 -0.0007869129
v -0.002014549 0.000464092 -0.0007120717
v -0.001843809 0.0004982693 -0.0007812387
v -0.001853755 0.001220647 -0.0007489592
v -0.001907593 0.000459041 -0.0007148617
v -0.001756173 0.0005041059 -0.0007835511
v -0.001791737 0.001259893 -0.0007138422
v -0.001723396 0.000471713 -0.0007352813
v -0.00172654 0.001298084 -0.0007846617
v -0.001805667 0.0004604194 -0.0007220337
v -0.001640426 0.0004655544 -0.0007158734
v -0.001657218 0.001333293 -0.0007529528
v -0.001588829 0.000531573 -0.0007739977
v -0.001508179 0.0005444197 -0.0007558514
v -0.001583784 0.001366308 -0.0007225465
v -0.001508784 0.001401537 -0.0007974118
v -0.001552311 0.000492148 -0.0007243532
v -0.001443492 0.0005629124 -0.0007424066
v -0.001431391 0.001427898 -0.0007707689
v -0.001402944 0.0006070171 -0.000753083
v -0.001464567 0.0005049833 -0.0007055678
v -0.001351231 0.0006376287 -0.0007455194
v -0.001350768 0.001446977 -0.0007546561
v -0.001312905 0.0006898711 -0.0007546279
v -0.001372456 0.0005091765 -0.0006759689
v -0.001373153 0.0005756223 -0.0007180379
v -0.001257806 0.0007294377 -0.0007464695
v -0.001276947 0.001452932 -0.00074189
v -0.001221436 0.0007868123 -0.0007556212
v -0.001284097 0.0005764581 -0.0006807898
v -0.001279109 0.000659433 -0.0007214848
v -0.001164369 0.0008377249 -0.0007497394
v -0.001185579 0.001448744 -0.0007805999
v -0.001128635 0.0009221795 -0.00076945
v -0.001092653 0.001023226 -0.0007949297
v -0.001186002 0.0006673419 -0.0006833015
v -0.001182213 0.0007589947 -0.0007226957
v -0.001026472 0.001069817 -0.0007720646
v -0.001086503 0.001411194 -0.0007355192
v -0.0009959333 0.001145093 -0.0007750106
v -0.0009762365 0.001227417 -0.0007732756
v -0.001017368 0.00136712 -0.0007400893
v -0.001088073 0.0007689899 -0.0006831447
v -0.001080837 0.0008730172 -0.0007218649
v -0.001040959 0.0009905675 -0.0007486503
v -0.000933785 0.001246803 -0.0007331188
v -0.0009667135 0.001329453 -0.0007176466
v -0.0009296831 0.001285709 -0.0007087894
v -0.001002505 0.0008634517 -0.0006798029
v -0.0009677107 0.0009715602 -0.0006995681
v -0.0009605177 0.001083277 -0.0007293168
v -0.0009365911 0.001184424 -0.0007319227
v -0.0009890593 0.001367853 -0.0006984838
v -0.0008922644 0.001062465 -0.0006799449
v -0.0008846913 0.001150622 -0.0006803927
v -0.0008952774 0.00123982 -0.0006762973
v -0.002409244 0.000584204 -0.0006149051
v -0.002396637 0.0006593582 -0.0006609546
v -0.002363768 0.0005434113 -0.0006802137
v -0.002377542 0.0007247754 -0.0006611445
v -0.002350109 0.0005005474 -0.0006327176
v -0.002344533 0.0007671757 -0.0006943491
v -0.002388467 0.0005250206 -0.0006083495
v -0.002359332 0.0007678272 -0.0006234021
v -0.002293345 0.0004702602 -0.0006256958
v -0.00230903 0.0008291402 -0.0006202705
v -0.002248701 0.0008897962 -0.0006721154
v -0.002198944 0.0004456253 -0.0006309408
v -0.00219255 0.0009500456 -0.0006188079
v -0.002137282 0.0009960806 -0.0006695417
v -0.002089827 0.0004317069 -0.0006401136
v -0.002083919 0.001046262 -0.0006189951
v -0.002026616 0.001091148 -0.0006718956
v -0.001980778 0.0004235349 -0.0006460721
v -0.001972614 0.001137821 -0.000625719
v -0.001913307 0.001179954 -0.0006854926
v -0.001867303 0.0004136877 -0.0006453567
v -0.001854679 0.00122177 -0.0006466556
v -0.001884643 0.0003734493 -0.0005808626
v -0.001741106 0.0004222553 -0.0006680423
v -0.001792624 0.001260638 -0.0006106522
v -0.001726185 0.001296555 -0.0006804167
v -0.001803672 0.0003735586 -0.0005953744
v -0.001647092 0.0004105274 -0.0006534713
v -0.001656069 0.001330753 -0.0006482467
v -0.00170172 0.0003693484 -0.0006028421
v -0.001549248 0.0004354225 -0.0006676298
v -0.001579124 0.001362225 -0.000618319
v -0.001505604 0.001395908 -0.0006962873
v -0.00159931 0.0003713773 -0.0006081868
v -0.001436636 0.0004461188 -0.0006513718
v -0.001422916 0.001419688 -0.0006769454
v -0.00149246 0.0003818195 -0.0006090672
v -0.001354985 0.0004654557 -0.0006421889
v -0.001336241 0.001434754 -0.0006646549
v -0.001308879 0.0005103505 -0.0006547449
v -0.001373647 0.0004034849 -0.0006034268
v -0.001250877 0.0005411409 -0.0006499454
v -0.00124576 0.001440165 -0.0006690618
v -0.001209322 0.0005938931 -0.000659836
v -0.001270782 0.0004059379 -0.0005802659
v -0.001273525 0.000477278 -0.0006219613
v -0.001149939 0.0006336103 -0.0006536721
v -0.001157901 0.001431646 -0.0006675367
v -0.001108845 0.0006922245 -0.0006613755
v -0.001172466 0.0004750839 -0.0005884328
v -0.001172799 0.0005624997 -0.0006299037
v -0.001050146 0.0007358802 -0.00065369
v -0.001090141 0.001416221 -0.000649435
v -0.001012473 0.0007957023 -0.0006598871
v -0.001071996 0.0005002259 -0.0005691051
v -0.001076662 0.0005721312 -0.0005993753
v -0.001072878 0.0006600901 -0.0006330211
v -0.0009547556 0.0008454456 -0.0006514335
v -0.001026019 0.001392721 -0.0006705558
v -0.000920173 0.0009240035 -0.0006608582
v -0.0008910496 0.000998583 -0.0006673723
v -0.0009752146 0.001362064 -0.0006527209
v -0.0009872069 0.0005780121 -0.000572271
v -0.0009813769 0.0006671498 -0.0006008006
v -0.0009732071 0.0007642732 -0.0006310784
v -0.001009062 0.001385094 -0.0006079812
v -0.0008434944 0.001045453 -0.0006494403
v -0.0009253839 0.001312208 -0.0006414612
v -0.0008240971 0.001114359 -0.0006365307
v -0.0008248285 0.001204313 -0.0006045774
v -0.0008717318 0.001270881 -0.0006011188
v -0.000905698 0.0006641509 -0.0005736856
v -0.0008754752 0.0007682812 -0.0005936676
v -0.0008727783 0.0008768586 -0.0006234491
v -0.0008432289 0.00098169 -0.000636906
v -0.0007894528 0.000871314 -0.0005873521
v -0.00076459 0.0009744558 -0.0005957671
v -0.0007814729 0.001058955 -0.0006119183
v -0.0007418296 0.001146865 -0.0005696516
v -0.000692602 0.001072433 -0.0005629285
v -0.00003768134 -0.001219163 -0.0005282607
v -0.00001525168 -0.001229731 -0.0005432899
v -0.002419172 0.0005353777 -0.0005483435
v -0.002437859 0.000589883 -0.0005286927
v -0.002415682 0.0006523342 -0.0005641918
v -0.002387807 0.0007198526 -0.0005944314
v -0.002447709 0.0005489409 -0.0004913859
v -0.002453087 0.0005856588 -0.0004789372
v -0.002363676 0.0004805111 -0.0005583354
v -0.002349636 0.00078225 -0.0005505049
v -0.002274934 0.0004248969 -0.0005419045
v -0.002291949 0.0008499949 -0.0005120385
v -0.002244819 0.0009020929 -0.0005660378
v -0.002294043 0.0003938989 -0.0004666051
v -0.002163142 0.000402199 -0.0005631239
v -0.002187809 0.0009600314 -0.0005235558
v -0.002139021 0.001002128 -0.0005703068
v -0.002222985 0.0003772004 -0.0004869064
v -0.002055751 0.000391403 -0.0005759384
v -0.002089555 0.001048461 -0.0005209974
v -0.002031806 0.00109383 -0.0005702306
v -0.002124811 0.0003613121 -0.0005005202
v -0.001956317 0.0003847058 -0.0005849371
v -0.001978308 0.001139751 -0.0005234366
v -0.001936322 0.0003534659 -0.0005389437
v -0.001916669 0.001182251 -0.0005828155
v -0.002019896 0.0003531846 -0.0005178329
v -0.00186677 0.0003398538 -0.0005342147
v -0.00185738 0.001223936 -0.0005432969
v -0.001767038 0.0003229636 -0.0005333447
v -0.001794319 0.001262367 -0.0005071245
v -0.001726422 0.001296429 -0.0005766245
v -0.001787685 0.0002810562 -0.0004726973
v -0.001653694 0.0003215644 -0.0005504558
v -0.00165406 0.001329012 -0.0005433437
v -0.001706998 0.0002771169 -0.0004881783
v -0.001547508 0.0003228198 -0.0005579991
v -0.00156756 0.001358864 -0.0005067246
v -0.001495522 0.001389666 -0.0005992034
v -0.001602457 0.0002716779 -0.0005008701
v -0.001439877 0.0003306147 -0.0005591685
v -0.001408847 0.00140943 -0.0005857255
v -0.001495093 0.000272134 -0.0005100825
v -0.001476991 0.001385631 -0.0005204871
v -0.001335376 0.0003419585 -0.0005534193
v -0.001310907 0.001420139 -0.0005699767
v -0.001388961 0.0002786855 -0.0005124706
v -0.001402824 0.001396326 -0.0004949376
v -0.001255942 0.0003570085 -0.000548101
v -0.001217785 0.001427781 -0.000597258
v -0.001204551 0.0004010087 -0.0005609131
v -0.001274533 0.0002956083 -0.0005100252
v -0.001129588 0.0004257814 -0.0005525801
v -0.001145548 0.00141744 -0.0005757836
v -0.001165835 0.0002990373 -0.0004910216
v -0.001186713 0.0003571108 -0.0005308335
v -0.001174342 0.001405414 -0.000496478
v -0.00105383 0.0004553162 -0.000544642
v -0.001062699 0.001403967 -0.0005959101
v -0.001008239 0.0005079872 -0.0005532932
v -0.001037609 0.001386941 -0.0005504717
v -0.001071048 0.0003069958 -0.0004760123
v -0.001080637 0.0003823244 -0.0005167056
v -0.00110393 0.001398705 -0.0005193246
v -0.0009515856 0.0005440153 -0.0005493736
v -0.0009782574 0.001356264 -0.000562231
v -0.0009146028 0.0005998175 -0.0005568676
v -0.0009735674 0.0003775538 -0.0004884925
v -0.0009740532 0.0004714643 -0.0005277006
v -0.0008564693 0.0006479157 -0.000552943
v -0.0009077349 0.001311754 -0.0005432366
v -0.000821857 0.0007265906 -0.00056349
v -0.0007907805 0.0008045471 -0.0005726039
v -0.0008364058 0.001266591 -0.0005180489
v -0.0008700625 0.0003953795 -0.0004742054
v -0.0008726525 0.0004755162 -0.0005026243
v -0.0008728374 0.0005697324 -0.0005337459
v -0.000734847 0.0008595667 -0.0005645342
v -0.0007576129 0.001215464 -0.0005181211
v -0.0007077737 0.0009338185 -0.0005670538
v -0.0006831564 0.001006795 -0.0005641282
v -0.0006954513 0.001186377 -0.0005094251
v -0.0007709479 0.0004724991 -0.0004795648
v -0.0007711502 0.0005745777 -0.0005077185
v -0.0007694417 0.0006813865 -0.0005347134
v -0.0007378855 0.0007913906 -0.0005505885
v -0.0006350167 0.00104747 -0.0005403783
v -0.0006528144 0.001147283 -0.0005125302
v -0.0006196674 0.001095192 -0.0005188099
v -0.0006684613 0.0004927772 -0.0004656861
v -0.0006730151 0.0005757392 -0.000485358
v -0.0006690962 0.0006767791 -0.0005059457
v -0.0006614818 0.0007814793 -0.0005237142
v -0.0006561672 0.0008867588 -0.0005389959
v -0.00063239 0.0009862061 -0.0005390635
v -0.0006607547 0.001186156 -0.0004832083
v -0.0005998769 0.0005013933 -0.0004556291
v -0.0005908243 0.0005696364 -0.0004675362
v -0.0005698478 0.0006728688 -0.0004812037
v -0.0005746544 0.0007726109 -0.0004973507
v -0.0005702247 0.000870062 -0.0005068383
v -0.0005639826 0.0009641752 -0.0005075394
v -0.0005686617 0.00105258 -0.000497892
v -0.0004950324 0.0007694265 -0.0004760908
v -0.0004917574 0.0008541007 -0.0004810148
v -0.0004880546 0.0009411336 -0.0004785407
v -0.0004900481 0.001020244 -0.0004646372
v -0.00005749258 -0.001226361 -0.0004833157
v -0.00002150869 -0.00125834 -0.0005251312
v -0.00005005085 -0.001178171 -0.0005057459
v -0.0000224303 -0.001297354 -0.0004805586
v -0.00003166448 -0.001109768 -0.0004902612
v 0.00001002039 -0.001252627 -0.0005387614
v -0.00001794213 -0.001185397 -0.000530299
v 0.00001341434 -0.001214251 -0.0005395703
v 0.00003408397 -0.001360391 -0.0004667169
v 0.00002499186 -0.001297399 -0.0005131196
v 0.00003946994 -0.001145092 -0.0005146562
v 0.00002470318 -0.001026723 -0.0004765937
v 0.00004180655 -0.000937555 -0.0004519553
v 0.0001075192 -0.001340815 -0.0004903093
v 0.00006868538 -0.001241687 -0.0005210927
v 0.0001302413 -0.001161703 -0.000501507
v 0.0001079201 -0.001063488 -0.000488019
v 0.00009653659 -0.0009680052 -0.0004654618
v 0.0001766566 -0.001389583 -0.0004617612
v 0.0001937614 -0.001331062 -0.0004762426
v 0.0001731335 -0.001252059 -0.0004918433
v -0.002443666 0.0005315247 -0.0004546522
v -0.002456242 0.0005619518 -0.0004575014
v -0.002415677 0.0005018368 -0.0004878259
v -0.002446376 0.0005923623 -0.000447263
v -0.002426815 0.0006381079 -0.0004789881
v -0.002388046 0.0007168368 -0.0005101899
v -0.002409758 0.000499309 -0.0004198942
v -0.002438044 0.0005577676 -0.0004255241
v -0.002355071 0.0004374145 -0.0004595468
v -0.002330469 0.0007875927 -0.000454492
v -0.002319555 0.0003914242 -0.0004240051
v -0.002342143 0.0004072455 -0.0004064175
v -0.002405052 0.0005500455 -0.0003807967
v -0.002408751 0.0006188112 -0.0004071242
v -0.00237776 0.0007029238 -0.0004306335
v -0.002267197 0.0003662643 -0.0004231425
v -0.002271332 0.0008586977 -0.000434033
v -0.002225805 0.0009176476 -0.0004639222
v -0.002189277 0.000342178 -0.0004270699
v -0.002176719 0.000971122 -0.0004559486
v -0.002140845 0.001005475 -0.0004839796
v -0.002146563 0.0009990822 -0.0004257509
v -0.002086929 0.0003189087 -0.0004313874
v -0.002099544 0.001041768 -0.0004266272
v -0.002039106 0.001093624 -0.0004713302
v -0.00210345 0.0002872355 -0.0003619955
v -0.001959687 0.0003155332 -0.0004716148
v -0.001984688 0.00113766 -0.0004220906
v -0.001921216 0.001183656 -0.0004791691
v -0.002026742 0.000280636 -0.0003874996
v -0.001857145 0.0002985068 -0.0004765265
v -0.001859693 0.001225236 -0.0004391059
v -0.001842669 0.0002623995 -0.0004285156
v -0.001926082 0.0002692736 -0.0004084059
v -0.001772005 0.0002436917 -0.0004258199
v -0.001794697 0.001263486 -0.0004042269
v -0.00172738 0.001296838 -0.0004735159
v -0.001667201 0.0002228988 -0.0004315197
v -0.001656898 0.001326063 -0.000440969
v -0.001687057 0.0001786474 -0.0003725626
v -0.001549036 0.0002194334 -0.0004528116
v -0.001594589 0.00134532 -0.0004084499
v -0.001604049 0.0001728158 -0.0003904888
v -0.0014428 0.0002211191 -0.0004646492
v -0.001500989 0.001368659 -0.0004243463
v -0.001489306 0.0001622063 -0.0004026441
v -0.00134166 0.0002266025 -0.0004672674
v -0.00138624 0.001382344 -0.0004009769
v -0.001326671 0.001403108 -0.0004807173
v -0.001392811 0.0001240967 -0.0003746952
v -0.001394514 0.0001789456 -0.0004281626
v -0.001237863 0.0002296851 -0.0004581071
v -0.001240827 0.001412072 -0.0005125243
v -0.001230194 0.001397529 -0.0004460198
v -0.001284918 0.0001113922 -0.0003653376
v -0.001308079 0.0001701923 -0.0004185687
v -0.001293088 0.001395985 -0.0004370878
v -0.001134313 0.0002386267 -0.00044846
v -0.001167296 0.001387478 -0.000438086
v -0.001195492 0.0001632868 -0.0004044671
v -0.001055378 0.0002563341 -0.0004461693
v -0.001064511 0.001370108 -0.0004641818
v -0.001005438 0.0003016222 -0.0004607185
v -0.001069645 0.0001904196 -0.0004089474
v -0.000931275 0.000322452 -0.0004566175
v -0.0009736134 0.001336286 -0.0004611196
v -0.0009585802 0.0001935381 -0.0003973796
v -0.0009860244 0.0002544219 -0.0004333323
v -0.0008588293 0.0003426274 -0.0004525812
v -0.0008985208 0.001304356 -0.000455757
v -0.0008065476 0.0003908029 -0.0004611688
v -0.0008484629 0.001280953 -0.0004355852
v -0.0008570814 0.0001997806 -0.0003902309
v -0.0008832003 0.0002733273 -0.0004269081
v -0.0008928573 0.00129535 -0.0003923865
v -0.0007323025 0.0004121528 -0.0004550859
v -0.0007874961 0.001250865 -0.00044043
v -0.0007576898 0.0002041511 -0.0003839211
v -0.0007812415 0.0002738176 -0.0004139214
v -0.0007957713 0.0003392432 -0.0004409062
v -0.0006437722 0.000434703 -0.000446957
v -0.0006954031 0.00121215 -0.0004395752
v -0.0006257977 0.001178342 -0.0004521378
v -0.0006561868 0.0002089821 -0.0003794646
v -0.0006780399 0.0002852114 -0.0004066004
v -0.0007043494 0.0003535123 -0.00043218
v -0.0005673573 0.0004719961 -0.0004433947
v -0.0005758085 0.001129666 -0.0004584867
v -0.0005298051 0.0005465997 -0.0004517304
v -0.0005069692 0.0006348182 -0.0004617265
v -0.000486192 0.0007090339 -0.0004676157
v -0.0005521735 0.0002123849 -0.0003770411
v -0.0005698793 0.0002958515 -0.0004009015
v -0.0005880384 0.0003883248 -0.0004261785
v -0.0005817063 0.001168698 -0.0004058966
v -0.0004364335 0.0007625223 -0.0004605962
v -0.0004983038 0.001086607 -0.0004281747
v -0.0004214855 0.0008335855 -0.0004588411
v -0.0004163149 0.0009166051 -0.0004533904
v -0.0004180148 0.0009917761 -0.0004373194
v -0.0004326588 0.001049719 -0.00041392
v -0.0004475819 0.0002131401 -0.0003768454
v -0.0004623192 0.0002995365 -0.0003967776
v -0.0004721116 0.0003927282 -0.0004154254
v -0.0004752084 0.0004980608 -0.0004338323
v -0.0004415789 0.0006108897 -0.0004449454
v -0.0004291102 0.0007009422 -0.0004527672
v -0.0003435053 0.0002106845 -0.000378393
v -0.0003571928 0.0002992364 -0.0003952588
v -0.0003654296 0.0003920434 -0.0004092492
v -0.0003680879 0.0004902295 -0.0004209893
v -0.0003615305 0.0005924058 -0.0004297925
v -0.0003530433 0.0006920537 -0.0004351183
v -0.0003592813 0.0007891706 -0.0004392476
v -0.0003452606 0.0008885413 -0.0004274973
v -0.0003548692 0.0009603004 -0.0004159501
v -0.0003545783 0.001026279 -0.000372267
v -0.0002397246 0.0002037312 -0.0003800573
v -0.0002539365 0.0002949964 -0.0003950816
v -0.0002630548 0.0003883725 -0.0004059861
v -0.0002682935 0.0004841635 -0.000413527
v -0.0002697541 0.0005813427 -0.0004181488
v -0.0002694041 0.0006767068 -0.0004196403
v -0.0002683114 0.0007707437 -0.0004155012
v -0.0002781197 0.00085345 -0.0004082196
v -0.0002623925 0.0009487007 -0.0003681369
v -0.0000610121 -0.001271413 -0.000410277
v -0.00008761666 -0.001196575 -0.0004179734
v -0.00007886239 -0.001137102 -0.0004482714
v -0.0001309924 0.0001906673 -0.0003796479
v -0.0001526358 0.0002872416 -0.0003942613
v -0.0001640503 0.0003806781 -0.0004032618
v -0.0001714416 0.0004759596 -0.0004078413
v -0.0001790264 0.0005702562 -0.0004093777
v -0.0001829588 0.0006630998 -0.0004067785
v -0.0001941671 0.0007442323 -0.0004018805
v -0.0001719838 0.0008463694 -0.0003734773
v -0.00001703965 -0.001337208 -0.0004287066
v -0.00007015777 -0.001062143 -0.0004438172
v 0.00002253029 -0.001387086 -0.0004016855
v -0.00003853556 -0.001025785 -0.0004566184
v -0.00002336827 -0.0009391871 -0.0004276144
v -0.00007219512 -0.0009926478 -0.0004146168
v -0.00006977378 -0.0009403151 -0.0003962286
v -0.00005680222 0.0001327457 -0.0003679765
v -0.00003716664 0.000214586 -0.0003823251
v -0.00005712829 0.0002833215 -0.0003914599
v -0.00007162897 0.0003698484 -0.0003990232
v -0.0000781369 0.00046198 -0.0004012879
v -0.00008704778 0.0005594215 -0.0003997305
v -0.0001087328 0.0006415957 -0.0003978724
v -0.00009254664 0.0007436409 -0.0003803891
v 0.0000744502 -0.00141604 -0.0004292881
v 0.00003151803 -0.0008769403 -0.0004273541
v 0.0000864396 -0.001397794 -0.0004671115
v 0.00007028766 -0.0007949802 -0.0004057463
v 0.0000722775 -0.0006958462 -0.0003776837
v 0.00002983421 0.0001233209 -0.0003611837
v 0.00002819983 0.0001958834 -0.0003739907
v 0.00002714621 0.0002770425 -0.0003838423
v 0.00001535014 0.0003627019 -0.0003904086
v -0.000004342176 0.0004384112 -0.0003942391
v 0.00001482016 0.0005362167 -0.0003861096
v -0.0000169596 0.0006528177 -0.0003800321
v 0.0001245803 -0.001404656 -0.0004678846
v 0.00009127987 -0.0008835035 -0.0004400755
v 0.0001554389 -0.001427457 -0.0004419684
v 0.0001921332 -0.001087155 -0.0004759228
v 0.0001721678 -0.0009905414 -0.0004622648
v 0.000150711 -0.0009120365 -0.0004472118
v 0.000113021 -0.001426934 -0.0004460644
v 0.0001672701 -0.0008208926 -0.0004203978
v 0.0001482373 -0.0007166513 -0.0003940118
v 0.0001341995 -0.0006220855 -0.000370485
v 0.0001485212 -0.0005477517 -0.0003559086
v 0.00009631739 0.0001794059 -0.0003625081
v 0.0001025481 0.000259669 -0.0003703759
v 0.00009956252 0.000351435 -0.0003758734
v 0.0000833021 0.0004541233 -0.0003784129
v 0.0002335878 -0.001428327 -0.0004132146
v 0.0002055235 -0.00116865 -0.0004825918
v 0.0002563449 -0.001360749 -0.0004475586
v 0.0002584564 -0.001283026 -0.000463819
v 0.000250906 -0.001210068 -0.0004699761
v 0.0002795625 -0.001122402 -0.0004539253
v 0.0002577741 -0.00101232 -0.000445027
v 0.0002318006 -0.0009036557 -0.0004312128
v 0.0002519437 -0.0008124822 -0.0004095619
v 0.0002352473 -0.0007337111 -0.0003956992
v 0.0002190122 -0.0006420286 -0.0003784093
v 0.0002094892 -0.000558566 -0.000362005
v 0.0003377427 -0.001387787 -0.0004113812
v 0.0003388759 -0.001307731 -0.0004337498
v 0.0003335455 -0.001210827 -0.0004413938
v 0.0003642137 -0.001122821 -0.0004261885
v 0.000347173 -0.001037091 -0.0004214226
v 0.0003235344 -0.0009339409 -0.0004133722
v 0.0003036169 -0.0008502978 -0.0004055679
v 0.0003259446 -0.0007601664 -0.0003855517
v 0.0003050243 -0.0006590255 -0.0003736363
v 0.0002885146 -0.0005715263 -0.0003615031
v 0.0004317258 -0.001402853 -0.0003835942
v 0.0004209933 -0.001330994 -0.0004066445
v 0.0004184859 -0.001246209 -0.000414569
v 0.0004141894 -0.001166261 -0.000413783
v 0.0004408478 -0.001072395 -0.0003962243
v 0.000414428 -0.0009574366 -0.0003896597
v 0.0003880394 -0.0008456566 -0.0003822799
v 0.0005181256 -0.001404934 -0.0003673839
v 0.0005027754 -0.001340974 -0.0003851748
v 0.0004856728 -0.001272928 -0.0003952751
v 0.0005059981 -0.001171461 -0.00038663
v 0.0005778464 -0.001347876 -0.0003670495
v 0.0005685255 -0.001259553 -0.0003738671
v -0.002359296 0.0004411382 -0.0003780889
v -0.002387404 0.0004980779 -0.0003660066
v -0.002303239 0.0003819845 -0.0003696792
v -0.002372166 0.0005339902 -0.0003385149
v -0.002363867 0.0006000486 -0.0003431232
v -0.002347414 0.0006844856 -0.0003625195
v -0.002327142 0.0007538005 -0.0003876897
v -0.002311684 0.0004159721 -0.0003140058
v -0.002349363 0.0004806002 -0.0003247392
v -0.002238691 0.0003444577 -0.0003701503
v -0.0022755 0.0008200303 -0.0003778032
v -0.002217988 0.000897649 -0.0003795233
v -0.002175411 0.0009616067 -0.0004004985
v -0.002303798 0.0004642684 -0.000275897
v -0.002318986 0.0005494953 -0.0002912626
v -0.00229294 0.0006617015 -0.0002952717
v -0.002282655 0.0007546167 -0.000329361
v -0.002170875 0.0003117602 -0.0003542535
v -0.002133023 0.001003417 -0.000380353
v -0.002136808 0.000280278 -0.0003200661
v -0.002175351 0.0002945466 -0.0002953413
v -0.002229353 0.0007446776 -0.0002688192
v -0.002204961 0.0008426768 -0.0003025192
v -0.002141593 0.0009619684 -0.0003205238
v -0.002080238 0.0002629035 -0.0003216404
v -0.002093237 0.001037301 -0.0003476359
v -0.00204483 0.001088155 -0.0003803648
v -0.002049679 0.001075265 -0.0003153097
v -0.001994848 0.0002438818 -0.0003304369
v -0.001991811 0.00112339 -0.0003194336
v -0.001924016 0.001180258 -0.0003741534
v -0.001875713 0.000220419 -0.0003498443
v -0.001857403 0.001223447 -0.000335414
v -0.001904188 0.0001797864 -0.000270215
v -0.0017599 0.0001988757 -0.0003702825
v -0.001790238 0.0012624 -0.0003049187
v -0.00174163 0.0001601481 -0.0003271181
v -0.001727261 0.001296344 -0.0003731527
v -0.001822973 0.0001691875 -0.0003005036
v -0.001671235 0.0001394008 -0.0003284868
v -0.001657372 0.00132243 -0.0003459068
v -0.00157128 0.0001173668 -0.0003357891
v -0.001578208 0.001343531 -0.0003302877
v -0.001590584 0.00007513685 -0.0002799053
v -0.001480222 0.0001102383 -0.0003501867
v -0.001486733 0.001359387 -0.0003203183
v -0.001440158 0.00007959256 -0.0003213058
v -0.001516935 0.00007403461 -0.0002992029
v -0.001360223 0.00006757076 -0.000315308
v -0.001402669 0.001365847 -0.0003078075
v -0.001251345 0.00005351076 -0.0003077385
v -0.001284833 0.001376057 -0.0003573962
v -0.001203758 0.0001008432 -0.0003557581
v -0.00112322 0.0001166457 -0.0003644322
v -0.001163971 0.001361752 -0.0003549721
v -0.001163162 0.00006848799 -0.0003259029
v -0.001021896 0.0001239775 -0.0003620794
v -0.001059576 0.001340646 -0.0003637315
v -0.001080189 0.00006382119 -0.0003200293
v -0.0009211934 0.0001304802 -0.0003594993
v -0.0009644857 0.00131402 -0.0003687831
v -0.0009222215 0.001292113 -0.0003353205
v -0.0009700427 0.00005975029 -0.0003161306
v -0.0009772616 0.001297779 -0.0002944308
v -0.0008272699 0.0001352905 -0.0003573212
v -0.0008536861 0.00126989 -0.0003565274
v -0.0008773815 0.00002007549 -0.0002897909
v -0.0008809847 0.00008181656 -0.0003300926
v -0.0007322588 0.0001349989 -0.0003534693
v -0.0007670672 0.001237146 -0.0003537474
v -0.0007713293 0.000008368287 -0.0002864294
v -0.0008008328 0.0000727275 -0.0003238381
v -0.0006323013 0.0001344989 -0.000351595
v -0.0006902332 0.001212488 -0.0003410367
v -0.0006690396 -0.000001119615 -0.0002875467
v -0.0007038745 0.00006687523 -0.0003215399
v -0.0006900288 0.00120204 -0.0002763722
v -0.0005295237 0.0001332811 -0.00035209
v -0.0006288396 0.001194338 -0.0003865455
v -0.0005843714 0.001175095 -0.0003495692
v -0.0005651073 -0.00001169398 -0.0002915239
v -0.0006025833 0.00006165155 -0.0003222357
v -0.0006346097 0.001190934 -0.0003108888
v -0.0004260782 0.0001308739 -0.0003548626
v -0.0005277428 0.001139094 -0.0003636101
v -0.0004507585 -0.00003015796 -0.000296534
v -0.0004981079 0.00005528193 -0.0003254082
v -0.0003241344 0.0001258833 -0.0003587234
v -0.0004304132 0.001091713 -0.0003456951
v -0.000347508 0.001071156 -0.000292497
v -0.0003475883 -0.000100641 -0.0002851162
v -0.0003573682 -0.00001321767 -0.0003137597
v -0.0003957173 0.00005195631 -0.0003318223
v -0.0002249422 0.0001158898 -0.0003614801
v -0.0002736904 0.001026375 -0.0003021772
v -0.0002066827 0.0009937182 -0.0003005881
v -0.0002425558 -0.0001825969 -0.0002775864
v -0.0002514537 -0.00009518778 -0.0003003643
v -0.0002790448 -0.00003085593 -0.0003162806
v -0.0002993318 0.0000459824 -0.0003379
v -0.0001454973 0.0001041206 -0.0003620773
v -0.0001494396 0.0009477006 -0.0003097575
v -0.00007128813 -0.001268965 -0.0003179759
v -0.00009738139 -0.001202768 -0.0003436923
v -0.0001093492 -0.001130213 -0.0003654966
v -0.0001049817 -0.00104378 -0.0003771063
v -0.00009993862 -0.0009483837 -0.0003574472
v -0.000109883 0.0000585564 -0.0003515209
v -0.00008695135 0.0008896054 -0.0003230702
v -0.0001434354 -0.0002724782 -0.0002757522
v -0.0001386329 -0.0001756494 -0.0002931587
v -0.0001721555 -0.0001070122 -0.0003051062
v -0.0002047359 -0.00004642104 -0.0003187084
v -0.0001984956 0.0000308341 -0.0003406616
v -0.000167038 0.0009932661 -0.0002736192
v -0.00002418405 -0.001339172 -0.0003444098
v -0.00006785076 -0.0008853675 -0.0003700885
v -0.00003101065 0.00005654347 -0.0003496262
v -0.00007169344 0.0008317932 -0.0003495615
v 0.00002995921 -0.001398258 -0.0003383828
v -0.00001033922 -0.0008375015 -0.0003923275
v 0.000005621931 -0.0007447174 -0.0003669357
v -0.00001867211 0.0007945129 -0.0003469752
v -0.00005112775 -0.001304707 -0.0002945701
v -0.0000620928 -0.0007920795 -0.0003375584
v -0.00004465876 -0.0006822739 -0.0003196516
v -0.00004601631 -0.0005757323 -0.0002985618
v -0.00004669128 -0.000473395 -0.0002882376
v -0.00006205494 -0.0003632632 -0.0002829367
v -0.00003622219 -0.0002691946 -0.0002918263
v -0.00005417825 -0.0001932906 -0.0002977276
v -0.0000725633 -0.0001061677 -0.0003115493
v -0.0001116804 -0.00002026003 -0.0003302568
v -0.000003942545 0.0008590869 -0.0003029075
v 0.00007802185 -0.001429939 -0.0003620549
v 0.00002163815 -0.0006718056 -0.0003540291
v 0.00004765001 0.00007125458 -0.0003479291
v 5.82127e-8 0.0007379618 -0.0003601023
v 0.00006524838 -0.0006325471 -0.0003596404
v 0.00008787668 -0.0005700684 -0.0003494548
v 0.00009086294 0.0001198163 -0.000353505
v 0.00007919504 0.0006236421 -0.0003615063
v 0.00005322161 0.0007005829 -0.0003534134
v 0.00007326384 -0.001425503 -0.000300818
v 0.00001986052 -0.0006068216 -0.0003355989
v 0.00004612994 -0.0005077173 -0.0003220616
v 0.00004437042 -0.0003968769 -0.00030596
v 0.00004371768 -0.0002952942 -0.0003007338
v 0.00004220758 -0.0002027856 -0.000303513
v 0.00003234238 -0.0001111254 -0.0003127212
v 0.00001741163 -0.000009824592 -0.0003308306
v 0.00006063356 0.0007761433 -0.0003223897
v 0.00008776614 0.0008463144 -0.0002638279
v 0.0001453578 -0.001446154 -0.0003927648
v 0.0001240127 -0.0005059257 -0.0003416184
v 0.0001455763 0.000157352 -0.0003499042
v 0.0001046805 0.0005456754 -0.0003669629
v 0.0001708815 0.0002332644 -0.0003536127
v 0.0001791167 0.0003285781 -0.0003571184
v 0.000172085 0.000427305 -0.0003580691
v 0.0001571852 0.0005086993 -0.0003569364
v 0.0001508165 -0.0004183507 -0.0003266984
v 0.0001431707 -0.0003099579 -0.0003124067
v 0.0001393797 -0.0002118569 -0.000308207
v 0.0001356606 -0.0001165547 -0.0003115631
v 0.0001308179 -0.00001919952 -0.0003218354
v 0.0001292697 0.00008064074 -0.0003381624
v 0.0001714836 0.0005953072 -0.0003383838
v 0.0001288494 0.0006934509 -0.0003272073
v 0.0001616128 0.0007737881 -0.0002773068
v 0.0002349041 -0.001474609 -0.0003434012
v 0.0001948537 -0.0004867448 -0.0003460014
v 0.0002413899 -0.001500328 -0.0002885424
v 0.0002650775 -0.0004052318 -0.0003324837
v 0.0002478688 -0.0003132078 -0.0003194922
v 0.0002402087 -0.0002157483 -0.0003115834
v 0.0002366895 -0.0001193283 -0.0003098969
v 0.0002347528 -0.00002266016 -0.0003138641
v 0.0002337181 0.00007657376 -0.0003224784
v 0.0002314084 0.0001831933 -0.0003341759
v 0.0002550724 0.0002984012 -0.0003365952
v 0.0002556881 0.0004032652 -0.0003354094
v 0.0002368871 0.000514108 -0.0003308989
v 0.0002399636 0.0005938314 -0.0003157411
v 0.0002331267 0.0006741945 -0.000293612
v 0.0003436679 -0.001458447 -0.0003621455
v 0.0002790822 -0.0004894704 -0.0003476402
v 0.0003928638 -0.000673666 -0.0003593358
v 0.0003729085 -0.0005812908 -0.000351781
v 0.0003501738 -0.000507819 -0.0003451354
v 0.0003095689 -0.001504536 -0.0003035981
v 0.0003714706 -0.0004149604 -0.0003294426
v 0.0003517727 -0.0003135963 -0.0003188558
v 0.000340938 -0.0002174234 -0.0003110064
v 0.0003357263 -0.0001210655 -0.0003068699
v 0.0003333026 -0.00002533103 -0.0003066821
v 0.0003328208 0.00007080303 -0.0003095542
v 0.000333147 0.0001697652 -0.0003139516
v 0.0003351021 0.0002702683 -0.0003167645
v 0.0003392177 0.0003713329 -0.0003139242
v 0.0003315401 0.000476255 -0.0003062852
v 0.0003084365 0.0005860516 -0.0002932327
v 0.0004614312 -0.001457048 -0.0003480914
v 0.000409935 -0.0007534838 -0.0003648688
v 0.0005064069 -0.0009801515 -0.0003656496
v 0.000481374 -0.0008760999 -0.000359912
v 0.0004617544 -0.0007916422 -0.0003555735
v 0.0004082492 -0.001501408 -0.0003061114
v 0.0004844389 -0.0006993142 -0.0003401584
v 0.0004622331 -0.0005943419 -0.0003353163
v 0.0004413792 -0.0004891052 -0.0003286259
v 0.0004665167 -0.0003931222 -0.0003150931
v 0.0004490656 -0.0003160781 -0.0003106831
v 0.0004380215 -0.0002218341 -0.000304846
v 0.0004315312 -0.0001252551 -0.000300575
v 0.0004273142 -0.00002932767 -0.0002985875
v 0.0004235779 0.00006318055 -0.0002986276
v 0.0004251606 0.0001567398 -0.0002983724
v 0.0004238001 0.0002549313 -0.0002976854
v 0.0004085316 0.0003379886 -0.0002983546
v 0.0004294534 0.0004351901 -0.0002836525
v 0.0004019318 0.0005405414 -0.0002737913
v 0.0005429488 -0.001442687 -0.0003437268
v 0.0005280267 -0.001068004 -0.000370252
v 0.0005812877 -0.001402848 -0.0003544853
v 0.000581792 -0.001104963 -0.000360438
v 0.0005240628 -0.001488745 -0.000302999
v 0.0006014144 -0.00100952 -0.0003439004
v 0.0005726237 -0.0008976087 -0.0003377027
v 0.0005485751 -0.0007853464 -0.0003319253
v 0.0005696606 -0.0006896521 -0.00031768
v 0.0005497431 -0.0006105545 -0.0003162346
v 0.0005338234 -0.0005174976 -0.0003124508
v 0.0005339767 -0.0004235519 -0.0003050297
v 0.0005370257 -0.0003290082 -0.000297465
v 0.0005293376 -0.0002331742 -0.0002930727
v 0.0005229011 -0.0001353481 -0.0002896711
v 0.0005176838 -0.00003748786 -0.0002874067
v 0.0005106849 0.0000576296 -0.0002863883
v 0.0004965618 0.0001352546 -0.000287203
v 0.0005224917 0.0002333983 -0.0002780344
v 0.0004983121 0.0003494796 -0.0002752698
v 0.0006323067 -0.001364241 -0.0003491013
v 0.0005964555 -0.001170281 -0.0003632385
v 0.0006479154 -0.001288875 -0.000352925
v 0.0006451137 -0.001206868 -0.0003532845
v 0.0006320691 -0.001488368 -0.0002770022
v 0.000624017 -0.001426541 -0.0003257237
v 0.0006709403 -0.001103712 -0.0003379561
v 0.0006868494 -0.00099746 -0.0003213872
v 0.0006612513 -0.0009157736 -0.0003173828
v 0.0006396794 -0.0008200876 -0.0003119776
v 0.0006350522 -0.0007247438 -0.0003041312
v 0.0006325515 -0.0006299503 -0.000297114
v 0.0006169801 -0.0005359511 -0.0002940476
v 0.0005989732 -0.0004568355 -0.0002928625
v 0.0006260862 -0.000362704 -0.0002799786
v 0.0006163439 -0.0002536587 -0.0002764674
v 0.000609643 -0.0001528145 -0.0002739521
v 0.000604197 -0.0000530076 -0.0002720541
v 0.0005975256 0.00004678976 -0.0002705109
v 0.0005849589 0.0001519136 -0.0002692168
v 0.0007297483 -0.001489745 -0.0002550377
v 0.0007272264 -0.001424574 -0.0002977
v 0.0007170505 -0.001332723 -0.0003274664
v 0.0007295458 -0.001205305 -0.0003310129
v 0.0007612135 -0.001107182 -0.000317349
v 0.0007536109 -0.001027269 -0.0003097405
v 0.0007452895 -0.0009333345 -0.0002995524
v 0.0007234164 -0.000839129 -0.0002935366
v 0.0007006153 -0.0007597378 -0.0002909162
v 0.000721837 -0.000665345 -0.0002774279
v 0.0007030083 -0.0005558059 -0.0002736104
v 0.0006838135 -0.0004487678 -0.0002709167
v 0.0008307916 -0.00143058 -0.0002746161
v 0.0008191844 -0.001346808 -0.0003021568
v 0.0008203964 -0.00124821 -0.0003104964
v 0.0008266454 -0.001141853 -0.0003052073
v 0.0008166073 -0.00105895 -0.0002992185
v 0.0008356047 -0.0009667034 -0.0002826375
v 0.0008107839 -0.0008576061 -0.0002747078
v 0.0007851147 -0.0007511552 -0.0002693769
v 0.0009292754 -0.00140921 -0.0002672817
v 0.0009098052 -0.001347493 -0.0002851153
v 0.0008928828 -0.001277218 -0.0002953396
v 0.0009195945 -0.001176474 -0.000286634
v 0.0008990195 -0.00105518 -0.0002789936
v 0.0009885791 -0.001344942 -0.0002702857
v 0.0009793804 -0.001258865 -0.0002769948
v -0.002278238 0.0004089026 -0.0002664526
v -0.002234187 0.0003470007 -0.0002843217
v -0.002265915 0.0004419003 -0.0002386187
v -0.002175777 0.0002914989 -0.0002540897
v -0.002262899 0.0005090027 -0.0002368736
v -0.002251002 0.0006053437 -0.0002428697
v -0.002232886 0.0006827971 -0.0002472704
v -0.002244624 0.0003977418 -0.00023403
v -0.002132306 0.0002675666 -0.0002762162
v -0.002200302 0.0007234743 -0.000233533
v -0.00215266 0.000787401 -0.00021939
v -0.00212198 0.0009070287 -0.0002438094
v -0.002091961 0.0009840032 -0.0002538933
v -0.002078682 0.00103125 -0.000285575
v -0.002203069 0.0003649088 -0.0002017508
v -0.002213233 0.00044796 -0.0001945051
v -0.002198947 0.0005581004 -0.0001935629
v -0.002183033 0.0006715044 -0.0002061338
v -0.00206706 0.0002398906 -0.0002616802
v -0.002028285 0.00107479 -0.0002625184
v -0.002086805 0.0007975079 -0.0001664946
v -0.002078315 0.000873675 -0.0001832724
v -0.002054106 0.0009709655 -0.0002003009
v -0.002053592 0.001027333 -0.0002367801
v -0.001981593 0.0002046493 -0.0002558997
v -0.001977455 0.001110508 -0.0002408678
v -0.001949097 0.0001688073 -0.0002185515
v -0.001917901 0.001167718 -0.0002642808
v -0.001999214 0.0001803339 -0.0001895105
v -0.002003719 0.00105237 -0.0001997993
v -0.001883017 0.0001450783 -0.0002255714
v -0.001843969 0.001220116 -0.0002395013
v -0.001772296 0.0001168498 -0.0002512324
v -0.001779015 0.001256756 -0.0002133631
v -0.00172232 0.001292941 -0.000277185
v -0.001799859 0.00007358052 -0.0001754291
v -0.001660169 0.00009374713 -0.0002758509
v -0.001648392 0.001316705 -0.0002541837
v -0.001641759 0.00005632256 -0.0002349646
v -0.001720731 0.00006397736 -0.0002074618
v -0.001571795 0.00004026229 -0.0002371162
v -0.001564791 0.001335495 -0.0002392504
v -0.001459986 0.00002945408 -0.0002498296
v -0.001474241 0.001347825 -0.0002324176
v -0.001491555 -0.00001344386 -0.0001768605
v -0.001341039 0.00001738517 -0.0002536792
v -0.00137441 0.001353113 -0.0002401835
v -0.001412984 -0.00001585382 -0.0001890768
v -0.001255461 0.000004428248 -0.0002478541
v -0.001264948 0.00134838 -0.0002523673
v -0.001317552 -0.00002488863 -0.0001927119
v -0.001158189 0.00001587885 -0.0002704625
v -0.001155988 0.001333679 -0.0002628138
v -0.001218515 -0.00003241123 -0.0001989708
v -0.001043504 0.000007963558 -0.000270516
v -0.001054897 0.001312501 -0.0002720968
v -0.001017275 0.001288976 -0.0002357688
v -0.001103891 -0.00004445666 -0.0002036114
v -0.001077304 0.0012921 -0.0001968678
v -0.0009599341 0.000001928036 -0.0002720758
v -0.0009407356 0.001271007 -0.0002588387
v -0.0009167932 -0.0000302541 -0.0002471465
v -0.00102605 -0.00008518606 -0.0001684165
v -0.0009935106 -0.00004025712 -0.0002280443
v -0.0008364439 -0.00004267232 -0.0002440912
v -0.0008465415 0.001241558 -0.0002655872
v -0.0009192249 -0.00008340184 -0.0001924821
v -0.000731505 -0.00005760263 -0.0002456349
v -0.0007576504 0.001216453 -0.0002651449
v -0.0007230506 0.001195565 -0.0002257293
v -0.0008014145 -0.0001064657 -0.0001936118
v -0.0007736622 0.001197778 -0.0001962402
v -0.0006269055 -0.00006896428 -0.0002532969
v -0.0006662826 0.001180201 -0.0002336828
v -0.0006779927 -0.0001312266 -0.0002017444
v -0.0005274677 -0.0000844927 -0.0002612732
v -0.0005805395 0.001158461 -0.0002668763
v -0.0005783422 -0.0001916326 -0.0001882124
v -0.000580307 -0.0001273802 -0.0002277473
v -0.0004444211 -0.0001070383 -0.0002655409
v -0.0004865383 0.001125534 -0.0002679174
v -0.0004007109 -0.0001573505 -0.0002537988
v -0.0004740873 -0.0002450326 -0.0001929344
v -0.0004850684 -0.0001631551 -0.0002314002
v -0.0003360086 -0.0001831559 -0.0002587489
v -0.0004066674 0.001101967 -0.0002567221
v -0.0002993628 -0.0002382797 -0.0002497982
v -0.0003557786 0.001085774 -0.000228907
v -0.0003868058 -0.0003173978 -0.0001923042
v -0.0003825686 -0.0002318793 -0.0002295432
v -0.0003955643 0.001096975 -0.0001981956
v -0.0002385678 -0.0002703002 -0.0002560632
v -0.0002969969 0.001059613 -0.0002287314
v -0.0002105997 -0.0003295851 -0.0002500257
v -0.0002650341 -0.0004836231 -0.0001906113
v -0.0003115203 -0.0003930314 -0.0001959709
v -0.0002927958 -0.0003145912 -0.0002290933
v -0.0001546967 -0.000366952 -0.0002595164
v -0.000205004 0.001022487 -0.0002260187
v -0.00009346852 -0.001204137 -0.0002432251
v -0.0001201019 -0.001128336 -0.000270295
v -0.0001290807 -0.001062724 -0.0003005168
v -0.0001381895 -0.0009708777 -0.0002753114
v -0.0001212195 -0.0008611045 -0.0002915494
v -0.0001186531 -0.000745477 -0.0002721663
v -0.0001200339 -0.000638174 -0.0002612236
v -0.0001228679 -0.0005371004 -0.0002579261
v -0.0001330049 -0.0004436922 -0.000258456
v -0.0001257194 0.000985834 -0.0002394652
v -0.0001684233 -0.0008884429 -0.0002060824
v -0.000171308 -0.0007992301 -0.0002096519
v -0.000181774 -0.0006975176 -0.000205466
v -0.0002014756 -0.0005818681 -0.0002070066
v -0.0001881452 -0.0004936899 -0.0002295694
v -0.0002216796 -0.0004067479 -0.0002307025
v -0.0000579048 -0.001269245 -0.0002362612
v -0.00005473255 0.0009364164 -0.0002565793
v -0.00002285497 -0.001325438 -0.0002580377
v -0.00007371388 -0.001227302 -0.0001970177
v -0.00007201399 0.0009778697 -0.0001917522
v 0.00003467436 -0.001379248 -0.00025633
v 0.00003825758 0.0009063077 -0.0002277734
v 0.00009581718 -0.0014272 -0.0002487825
v 0.0001030841 0.0008891101 -0.0002104161
v 0.000008869561 -0.001339246 -0.0002123748
v 0.0001600223 -0.00146411 -0.0002781689
v 0.0001599747 0.0008530419 -0.0002194681
v 0.000241209 -0.001504187 -0.0002440481
v 0.0002169149 0.0008038364 -0.0002356996
v 0.0001294096 -0.001439767 -0.0002208633
v 0.0001339281 0.0008950835 -0.0001838568
v 0.0002868702 -0.001518421 -0.0002597761
v 0.0002379966 0.0007523706 -0.0002587754
v 0.0002883344 0.0007195699 -0.0002557971
v 0.0003011529 -0.001519947 -0.0002078425
v 0.000289145 0.00078277 -0.0002208545
v 0.0003662404 -0.001527743 -0.0002437981
v 0.000316532 0.0006661396 -0.0002671838
v 0.0003673382 -0.001532824 -0.0001796081
v 0.0003634701 0.0007163413 -0.0002305626
v 0.000364222 0.0007871774 -0.0001942358
v 0.0004583029 -0.001525106 -0.0002566192
v 0.0003845132 0.0006288316 -0.000256374
v 0.0004894701 0.0005176025 -0.000252752
v 0.0004552847 0.0005912664 -0.0002455296
v 0.0004542117 0.0006656853 -0.0002224256
v 0.0004464752 0.0007559292 -0.0001880674
v 0.0005453315 -0.001527844 -0.0002384099
v 0.000516785 0.0004413752 -0.0002593156
v 0.0005932316 0.0003238648 -0.0002538382
v 0.0005716354 0.0004042168 -0.0002497218
v 0.0005817567 0.0004906421 -0.0002313448
v 0.0005389467 0.0005969238 -0.0002187404
v 0.0005323584 0.0006967784 -0.0001897083
v 0.0006414629 -0.001530443 -0.0002198749
v 0.0006120619 0.0002439197 -0.0002572523
v 0.0007011442 -0.0002758765 -0.0002559383
v 0.0006929198 -0.0001756227 -0.0002540867
v 0.000686692 -0.00007504471 -0.000252654
v 0.0006803833 0.00002479397 -0.0002512493
v 0.0006720276 0.0001236425 -0.0002492289
v 0.0006614992 0.0002054298 -0.000247259
v 0.0006823273 0.0002935614 -0.0002321714
v 0.000654493 0.0004056062 -0.0002247292
v 0.000662627 0.0004967404 -0.0002058683
v 0.000623982 0.000560428 -0.0002036488
v 0.0006263488 0.0006455028 -0.000180701
v 0.0007396248 -0.001532086 -0.0001973257
v 0.0007109841 -0.0003579513 -0.0002577568
v 0.000804128 -0.001492712 -0.0002402654
v 0.0007904879 -0.0005783839 -0.000252304
v 0.0007722495 -0.0004792285 -0.0002492186
v 0.0007583361 -0.0003973966 -0.0002471291
v 0.0007860566 -0.0003082225 -0.0002332963
v 0.0007745047 -0.0002015182 -0.0002313772
v 0.0007665895 -0.000100213 -0.0002300824
v 0.0007593996 -2.133596e-7 -0.0002289795
v 0.0007505243 0.00009802773 -0.0002274363
v 0.000741521 0.0002046363 -0.0002226747
v 0.0007624862 0.0002965127 -0.0002062726
v 0.0007324075 0.0003642315 -0.0002068777
v 0.0007412239 0.0004553395 -0.0001884124
v 0.0007029682 0.0005651231 -0.0001785857
v 0.0008819714 -0.001468329 -0.0002439555
v 0.0008069635 -0.0006602805 -0.000255161
v 0.0008997724 -0.0008790591 -0.0002551348
v 0.0008760262 -0.0007803644 -0.0002492701
v 0.0008574577 -0.0006990327 -0.00024556
v 0.0008342679 -0.001511673 -0.0002093955
v 0.0008798491 -0.0006096254 -0.0002307581
v 0.0008586063 -0.0005024277 -0.0002268576
v 0.0008392631 -0.000395202 -0.0002234641
v 0.0008652231 -0.0003066543 -0.0002089666
v 0.0008552118 -0.0002254508 -0.0002072704
v 0.0008457266 -0.0001260252 -0.0002057405
v 0.0008374119 -0.00002566455 -0.0002045607
v 0.0008272342 0.00007309786 -0.0002035515
v 0.0008108238 0.0001572817 -0.000203807
v 0.0008344612 0.0002510765 -0.0001867476
v 0.0008107797 0.0003655004 -0.0001800967
v 0.0009553212 -0.001441953 -0.0002440667
v 0.0009202306 -0.0009615006 -0.0002611905
v 0.0009927346 -0.001398086 -0.00025716
v 0.0009913169 -0.001084993 -0.0002604666
v 0.0009724197 -0.001001153 -0.0002536456
v 0.0009279969 -0.001492227 -0.0002001747
v 0.0009911081 -0.0009102686 -0.0002353033
v 0.0009641565 -0.0008028476 -0.0002282184
v 0.0009393985 -0.0006960465 -0.0002228214
v 0.000961045 -0.0006074187 -0.0002073815
v 0.00094447 -0.0005261584 -0.0002041204
v 0.0009254529 -0.00042768 -0.0002004832
v 0.0009110472 -0.0003464751 -0.0001978155
v 0.0009376838 -0.0002582303 -0.0001832662
v 0.0009254581 -0.0001522979 -0.0001810837
v 0.0009161089 -0.00005123734 -0.0001794442
v 0.0009061691 0.00005015976 -0.0001779272
v 0.0008913152 0.0001580016 -0.0001760379
v 0.001042455 -0.001357237 -0.0002526845
v 0.001008332 -0.001168078 -0.0002662638
v 0.001057474 -0.001284546 -0.0002569756
v 0.001055399 -0.00120661 -0.0002573936
v 0.001035665 -0.00148743 -0.0001745765
v 0.001032779 -0.001420719 -0.0002271571
v 0.001081467 -0.001114965 -0.0002409384
v 0.001055087 -0.0009988445 -0.0002311501
v 0.001072563 -0.0009080585 -0.0002119374
v 0.001051405 -0.0008265497 -0.0002062673
v 0.001027764 -0.0007283588 -0.0002008444
v 0.001009792 -0.0006472473 -0.0001971451
v 0.001031671 -0.0005589044 -0.0001814741
v 0.001010557 -0.0004516334 -0.0001772842
v 0.0009907963 -0.0003445375 -0.0001735046
v 0.001135855 -0.001489972 -0.0001564949
v 0.00113278 -0.001419376 -0.0001984962
v 0.001123816 -0.001326871 -0.0002294569
v 0.001134002 -0.001206843 -0.0002338938
v 0.001164032 -0.001114009 -0.000217898
v 0.001145351 -0.001030749 -0.0002107179
v 0.001124022 -0.0009485302 -0.000203369
v 0.001140485 -0.0008599471 -0.0001843882
v 0.001113633 -0.0007528863 -0.0001779721
v 0.001089668 -0.0006461063 -0.0001729863
v 0.001228932 -0.001432519 -0.0001748735
v 0.001222831 -0.001345307 -0.0001996008
v 0.001220884 -0.001244957 -0.0002087829
v 0.001212702 -0.001157023 -0.0002082765
v 0.001234893 -0.001064594 -0.0001892292
v 0.00120461 -0.0009491025 -0.0001790539
v 0.001314022 -0.001422422 -0.0001603666
v 0.001294074 -0.001366273 -0.0001792114
v 0.001316213 -0.001275406 -0.0001806864
v 0.001295976 -0.00115762 -0.0001821443
v 0.001371191 -0.001350398 -0.0001578158
v -0.002178776 0.0003097273 -0.0002106056
v -0.002128795 0.0002645865 -0.000219319
v -0.002168826 0.0003317728 -0.0001717001
v -0.002144872 0.0003820225 -0.0001355397
v -0.002141843 0.0005041089 -0.0001408077
v -0.002127559 0.0006178823 -0.0001520065
v -0.002111433 0.0007205728 -0.0001652884
v -0.00212536 0.0002883757 -0.0001536121
v -0.0020595 0.0002188403 -0.0001788892
v -0.002057991 0.0007614718 -0.0001347223
v -0.002021786 0.0001788308 -0.0001482119
v -0.002034093 0.0008365365 -0.0001347268
v -0.002016749 0.0009267231 -0.0001457454
v -0.002001386 0.0009982096 -0.0001590189
v -0.002045879 0.0001957209 -0.0001284762
v -0.002089431 0.0003776244 -0.00007449128
v -0.002087025 0.0004572386 -0.00008603487
v -0.002064979 0.0005726151 -0.00009452033
v -0.002060841 0.0006829138 -0.0001179865
v -0.001960601 0.0001476933 -0.0001566881
v -0.001962741 0.001042282 -0.0001468399
v -0.001932938 0.001110245 -0.0001763554
v -0.001879676 0.0011745 -0.0001870109
v -0.002005961 0.0006587849 -0.00007169002
v -0.00199921 0.0007657573 -0.00009097467
v -0.001966351 0.0008846137 -0.00009217218
v -0.001961883 0.0009797572 -0.0001160775
v -0.001874759 0.0001008586 -0.0001558058
v -0.001821443 0.001208659 -0.0001512275
v -0.001842674 0.00006024392 -0.0001230589
v -0.001890155 0.00007088055 -0.00009124572
v -0.001913409 0.0009582647 -0.00006758214
v -0.001904479 0.001050486 -0.00009817207
v -0.001867341 0.001141222 -0.0001222254
v -0.001776909 0.00003854722 -0.0001350063
v -0.001762719 0.001247119 -0.0001417051
v -0.001712373 0.001282108 -0.0001852792
v -0.001669863 0.00001694644 -0.0001606293
v -0.001634877 0.001303333 -0.0001618816
v -0.001697281 -0.00001848348 -0.00008594392
v -0.001559932 8.094945e-7 -0.0001798823
v -0.001547017 0.001322806 -0.0001523584
v -0.001547522 -0.00002869911 -0.0001303069
v -0.001623292 -0.00002375612 -0.0001094489
v -0.001484002 -0.00004061135 -0.0001214685
v -0.001454389 0.001332568 -0.0001514192
v -0.001394298 -0.0000509302 -0.0001218563
v -0.001356836 0.001332317 -0.0001561634
v -0.001295099 -0.0000623935 -0.0001259625
v -0.001253565 0.001319373 -0.0001566248
v -0.001287034 0.001298202 -0.00007446191
v -0.001193605 -0.00007497672 -0.0001345045
v -0.001146226 0.001306593 -0.0001862427
v -0.001127862 0.00128151 -0.0001367622
v -0.001209436 0.001289527 -0.0001019218
v -0.001108397 -0.00009314092 -0.0001341701
v -0.00104383 0.001263483 -0.0001585443
v -0.001058168 -0.000115849 -0.0001148795
v -0.001109855 -0.0001212056 -0.00008639465
v -0.0009860911 -0.0001265864 -0.0001200933
v -0.000939733 0.00123039 -0.0001629881
v -0.0009741129 0.001201259 -0.00008044407
v -0.0008819833 -0.0001447357 -0.0001301134
v -0.0008369593 0.00121216 -0.0001909547
v -0.0008176464 0.001186316 -0.0001439328
v -0.0008948873 0.001192629 -0.0001121551
v -0.000762193 -0.0001763086 -0.0001370939
v -0.0007425249 0.001170763 -0.0001562405
v -0.0007803185 -0.0002214607 -0.00008019651
v -0.0006617531 -0.0001923588 -0.000158566
v -0.0006487167 0.00114727 -0.0001635657
v -0.0006162522 -0.0002224435 -0.000151773
v -0.0006742728 -0.0002446017 -0.0001077887
v -0.0005519501 -0.0002658022 -0.0001482739
v -0.0005488076 0.001124216 -0.0001701055
v -0.0005807079 -0.0003219677 -0.0000912847
v -0.0005645388 0.00109952 -0.00009154381
v -0.0004621704 -0.0003028146 -0.0001660797
v -0.0004554172 0.001109927 -0.0001939377
v -0.0004214006 -0.0003485725 -0.000160672
v -0.0004248363 0.001091478 -0.0001482208
v -0.00049011 -0.0004001775 -0.00009043249
v -0.0004843951 -0.0003394452 -0.0001335317
v -0.00049357 0.001095966 -0.0001192255
v -0.0003722607 -0.0003815467 -0.0001701088
v -0.0003567775 0.001073604 -0.0001575008
v -0.0003168006 -0.0004957054 -0.0001533212
v -0.0003410318 -0.0004430622 -0.0001601089
v -0.0003843125 -0.0004947396 -0.0001054976
v -0.0004127837 -0.0004014801 -0.0001379942
v -0.0002879516 -0.0005545794 -0.0001508265
v -0.0002720281 0.001046253 -0.0001488468
v -0.0001930079 -0.0009039523 -0.0001251417
v -0.0001998972 -0.0008398168 -0.000146406
v -0.0002262419 -0.0007596912 -0.0001301435
v -0.0002498986 -0.0006524542 -0.0001457014
v -0.0002840599 -0.0007025097 -0.00007803737
v -0.0003232127 -0.0006079545 -0.00009240313
v -0.0001676552 -0.0009547681 -0.0001825702
v -0.0002031316 0.001026227 -0.000133344
v -0.0001106448 -0.00112475 -0.0001488709
v -0.0001449134 -0.001037025 -0.0001956768
v -0.00008057129 -0.00119261 -0.0001587704
v -0.0001312167 0.001005172 -0.0001534103
v -0.00004112254 -0.001235696 -0.000135549
v -0.00005974588 0.0009846254 -0.0001207646
v -0.000008903632 -0.001299037 -0.0001772986
v -0.000005893467 0.0009539798 -0.0001699306
v 0.00005458489 -0.001341296 -0.0001440325
v 0.0001106612 -0.001404402 -0.0001730636
v 0.00009339243 0.0009295457 -0.0001387187
v 0.0001720068 -0.001446923 -0.0001747721
v 0.000180165 0.0008978304 -0.000153304
v 0.0002432791 -0.001487144 -0.0001760073
v 0.0002376068 0.0008482629 -0.0001893243
v 0.0002293648 -0.001453508 -0.0001075997
v 0.0002657338 0.0008982446 -0.00012317
v 0.0003307568 -0.001513999 -0.0001359644
v 0.0003194907 0.000842096 -0.0001679989
v 0.0003987443 -0.001531801 -0.0001276426
v 0.0003611245 0.0008931576 -0.0001122095
v 0.0004602988 -0.001541708 -0.0001784413
v 0.0004058374 0.0008312292 -0.0001552126
v 0.0004811707 0.0008144773 -0.0001501571
v 0.0004547414 -0.001537955 -0.00009743553
v 0.0004671282 0.0008810995 -0.0001066316
v 0.0005658177 -0.001547864 -0.0001791381
v 0.0005247422 0.0007680325 -0.0001641139
v 0.0005628744 0.0008236381 -0.000126995
v 0.0005532751 0.0008944317 -0.00008485427
v 0.0006420514 -0.001553391 -0.0001550866
v 0.0005998412 0.0007383554 -0.0001574991
v 0.0006738486 0.0007033208 -0.0001513147
v 0.000675153 0.0007792759 -0.0001228119
v 0.0006372923 0.0008676277 -0.00008647072
v 0.0007138025 -0.001557203 -0.0001347067
v 0.0007053418 0.0006460283 -0.0001591626
v 0.0007918692 0.000532157 -0.0001575026
v 0.0007601645 0.0006110705 -0.0001511149
v 0.0007581217 0.0006970349 -0.0001295473
v 0.0007498163 0.0007700457 -0.000109177
v 0.0007393233 0.0008342353 -0.00008247826
v 0.0008148503 -0.0015435 -0.0001456508
v 0.0008213095 0.0004520344 -0.0001627028
v 0.000896455 0.0003278336 -0.0001562485
v 0.0008741585 0.0004091834 -0.0001519892
v 0.0008805064 0.0004961085 -0.0001350142
v 0.0008368954 0.0006084997 -0.0001272581
v 0.0008329274 0.0006837395 -0.0001114538
v 0.0008235603 0.0007581168 -0.00009166175
v 0.0009321104 -0.001539682 -0.0001266297
v 0.000914599 0.0002464405 -0.000160045
v 0.001005786 -0.0001753857 -0.000156959
v 0.0009957685 -0.00007662842 -0.0001548659
v 0.0009861271 0.00002385758 -0.0001528533
v 0.0009742131 0.0001235932 -0.0001507106
v 0.0009613898 0.0002048271 -0.0001484715
v 0.0009805259 0.0002910414 -0.0001326937
v 0.0009531704 0.0004039748 -0.0001260465
v 0.0009585173 0.0004969867 -0.0001090397
v 0.000917381 0.0005672423 -0.000109666
v 0.0009098306 0.0006642778 -0.00009087176
v 0.001042174 -0.001542713 -0.0001118243
v 0.001016083 -0.0002559474 -0.0001588196
v 0.001095765 -0.0004758 -0.0001541334
v 0.001077259 -0.0003762644 -0.0001504988
v 0.0010625 -0.0002946732 -0.0001478699
v 0.001088263 -0.0002061997 -0.0001340106
v 0.00107614 -0.0001023051 -0.0001313729
v 0.00106674 -0.000001855646 -0.0001286749
v 0.001055041 0.00009955544 -0.0001260665
v 0.001037925 0.0002056094 -0.0001230631
v 0.001055758 0.0002917981 -0.0001080798
v 0.001030628 0.0003571652 -0.0001075249
v 0.001038705 0.0004491507 -0.00009029717
v 0.0009954828 0.0005669476 -0.00008330587
v 0.001154321 -0.001546607 -0.0001042642
v 0.001111486 -0.00055773 -0.0001572724
v 0.001208842 -0.001495524 -0.0001463769
v 0.001199107 -0.0007777741 -0.0001546261
v 0.00117627 -0.0006792627 -0.0001500477
v 0.001159289 -0.0005979413 -0.0001467511
v 0.001182394 -0.0005090203 -0.000131444
v 0.001163206 -0.0004003008 -0.0001274977
v 0.001144213 -0.0002898899 -0.0001238643
v 0.001164371 -0.0002000268 -0.0001113558
v 0.001153997 -0.0001253506 -0.0001095047
v 0.001148421 -0.00002904705 -0.0001052591
v 0.001136858 0.00007250378 -0.0001021172
v 0.001121379 0.0001727266 -0.00009906488
v 0.001104153 0.000255114 -0.00009649699
v 0.001114341 0.0003494332 -0.00008075772
v 0.001273531 -0.001475677 -0.0001486439
v 0.001220113 -0.0008596777 -0.0001594828
v 0.001294076 -0.0009831123 -0.0001568793
v 0.001271517 -0.0009010732 -0.000149883
v 0.001240155 -0.001520869 -0.0001227282
v 0.001287616 -0.0008113213 -0.0001314415
v 0.001260895 -0.0007032901 -0.000126659
v 0.001238615 -0.0005964292 -0.0001226805
v 0.001262215 -0.0005077717 -0.0001077503
v 0.001248631 -0.0004257151 -0.0001048581
v 0.001233534 -0.0003246334 -0.0001009737
v 0.001224672 -0.000227506 -0.00009602586
v 0.001213419 -0.0001524978 -0.00009394234
v 0.001235024 -0.00006414404 -0.00008146973
v 0.001219527 0.00004422436 -0.00007824128
v 0.001202909 0.0001467723 -0.00007486443
v 0.001179871 0.0002546014 -0.00007119687
v 0.001321603 -0.001462674 -0.0001430765
v 0.001316224 -0.00106563 -0.0001640406
v 0.001375922 -0.001437556 -0.00012962
v 0.001385471 -0.001190778 -0.0001568478
v 0.0013675 -0.001107556 -0.0001537687
v 0.001311725 -0.001507228 -0.000114364
v 0.001381562 -0.001017412 -0.0001344299
v 0.001353222 -0.0009028188 -0.0001243828
v 0.001369925 -0.0008082048 -0.0001052465
v 0.001344814 -0.0007250215 -0.0001032612
v 0.001324025 -0.0006281298 -0.0001000354
v 0.001309026 -0.0005475311 -0.00009738422
v 0.001334178 -0.0004592307 -0.00008281549
v 0.001317976 -0.0003532032 -0.00007890618
v 0.001304443 -0.0002522714 -0.0000747938
v 0.00128992 -0.0001480532 -0.0000711489
v 0.001434863 -0.001367657 -0.0001304932
v 0.001399518 -0.001270327 -0.0001561174
v 0.001439972 -0.001306949 -0.0001396403
v 0.001462018 -0.001421085 -0.00009932945
v 0.001468266 -0.001226301 -0.0001294874
v 0.001449079 -0.001107337 -0.0001254867
v 0.001458582 -0.001010521 -0.0001079866
v 0.001428146 -0.0009447162 -0.0001071056
v 0.001443668 -0.0008525701 -0.00008876076
v 0.001425854 -0.0007473106 -0.00008135844
v 0.001406883 -0.0006496548 -0.00007751743
v 0.001388365 -0.0005450749 -0.00007408485
v 0.001539887 -0.001398754 -0.00007623152
v 0.00150988 -0.001316562 -0.0001073864
v 0.001530737 -0.001234581 -0.0001064835
v 0.001544267 -0.001154216 -0.00009776541
v 0.001526992 -0.001042846 -0.00009091931
v 0.001505721 -0.0009383404 -0.00008211581
v 0.001591285 -0.001330638 -0.00007177208
v 0.001590408 -0.001238322 -0.00008239419
v -0.002062337 0.0002306449 -0.00009835461
v -0.002093052 0.0003113668 -0.00008630507
v -0.00201439 0.0001711895 -0.0001020413
v -0.002059373 0.0003392984 -0.00004178816
v -0.002042379 0.0004113424 -0.00003660564
v -0.002023495 0.0005069217 -0.00004520911
v -0.002004235 0.0005858766 -0.0000520089
v -0.002009276 0.0001863183 -0.00002924409
v -0.002044305 0.0002710422 -0.0000345622
v -0.00194745 0.0001124442 -0.00006936536
v -0.00196425 0.0006322144 -0.00003378337
v -0.001906945 0.00006633891 -0.00005478895
v -0.001946203 0.0007138257 -0.00003889573
v -0.001927846 0.0008181395 -0.00004660045
v -0.001911709 0.0008960424 -0.00004986097
v -0.001912734 0.00006594371 -0.000006656094
v -0.002002208 0.0002402933 0.00002043905
v -0.002005055 0.0003382405 0.00000890895
v -0.001972909 0.0004589443 0.000007997172
v -0.001963862 0.0005604307 -0.00001378258
v -0.001850235 0.00003476831 -0.00005797556
v -0.00188516 0.0009332693 -0.00003637405
v -0.001848363 0.0009929141 -0.00002241286
v -0.001833049 0.001103513 -0.00005596769
v -0.001815918 0.001171712 -0.00008750692
v -0.001863677 0.00002109147 0.00002927521
v -0.001914718 0.0005371797 0.00003149355
v -0.001905317 0.000642077 0.00001078522
v -0.001880823 0.0007646268 0.000002450785
v -0.001867375 0.000880041 -0.0000101121
v -0.001760065 0.000001746085 -0.00008103641
v -0.001777394 0.001213804 -0.00009522493
v -0.001740874 -0.00002558891 -0.00003740606
v -0.001703848 0.001248677 -0.00008380824
v -0.00180124 -0.00000882341 -0.000008166047
v -0.00178799 0.001000557 0.00003215537
v -0.001784336 0.001073981 0.000007258176
v -0.001764404 0.001166709 -0.0000339365
v -0.001678289 -0.00003996676 -0.00003798728
v -0.001609279 0.001287464 -0.00007765172
v -0.001645491 0.00124835 -0.00001768324
v -0.001579857 -0.00005084918 -0.00005385769
v -0.001522759 0.001304898 -0.00007285878
v -0.001576281 0.001265201 -0.000003946067
v -0.001481215 -0.00006736401 -0.00004403734
v -0.001433876 0.001312042 -0.00007505435
v -0.001492673 0.001279857 -0.000002327198
v -0.001381635 -0.0000820036 -0.00004295939
v -0.001348953 0.001309624 -0.00007979343
v -0.001339815 0.001287487 -0.00002560284
v -0.001409157 0.001287378 -0.00001111067
v -0.001274774 -0.0001000952 -0.0000476371
v -0.001274634 0.001270725 -0.0000230686
v -0.001292628 -0.0001232045 0.00002616818
v -0.001173936 -0.0001099218 -0.00007799111
v -0.001161056 0.00124827 -0.00004787612
v -0.001147729 -0.0001340355 -0.00003921119
v -0.00122019 -0.0001288519 -0.000007509401
v -0.001193518 0.001212992 0.00003977555
v -0.001071554 -0.0001469185 -0.00004978922
v -0.001044558 0.001223138 -0.00007648248
v -0.001030448 0.001189098 -0.00002305584
v -0.001111868 0.001201046 0.000007837837
v -0.0009680755 -0.0001765897 -0.00004846715
v -0.0009557935 0.00116828 -0.00003145496
v -0.000991983 -0.0002085064 0.00002154596
v -0.0008582982 -0.0001952117 -0.00007534009
v -0.0008430748 0.001153432 -0.00006723325
v -0.0008387159 -0.0002318491 -0.00003483977
v -0.0009166161 -0.0002189609 -0.000008427719
v -0.0007666392 -0.0002618383 -0.00003645151
v -0.0007348136 0.001124528 -0.00006785215
v -0.0007621697 0.001090033 0.000004077009
v -0.0006766596 -0.0003034908 -0.00004661039
v -0.0006321209 0.001112457 -0.000090343
v -0.0006218638 -0.0003362961 -0.00005093282
v -0.0006112803 0.001084234 -0.00004164324
v -0.0006582836 -0.0003530206 -0.000007720621
v -0.0006878336 0.001085936 -0.00001749864
v -0.0005750617 -0.0003736473 -0.00005032989
v -0.0005416012 0.001071458 -0.00004509472
v -0.0005292569 -0.0004139645 -0.00004998271
v -0.0005785188 -0.0004253881 0.000001720004
v -0.0004812584 -0.0004610808 -0.0000505965
v -0.0004385231 0.001063265 -0.00007254169
v -0.0004342416 -0.0005122607 -0.00005070059
v -0.000484684 -0.0005224724 0.000009152587
v -0.0003965595 -0.0005696788 -0.00004236394
v -0.0003388468 0.001042849 -0.00007162221
v -0.0002980945 -0.0007470842 -0.00001022678
v -0.0003475427 -0.0006647382 -0.00001598686
v -0.0004173277 -0.0006104538 0.00002299631
v -0.0002618524 -0.0007728513 -0.00005920327
v -0.0002533116 0.001025986 -0.00006787862
v -0.0001999346 -0.0009207393 -0.00004959265
v -0.0002291629 -0.000844283 -0.00005707091
v -0.0002674313 -0.0008023066 -0.00001070698
v -0.0001738511 -0.0009727087 -0.0001054886
v -0.000172108 0.001008929 -0.00006283713
v -0.0001013037 -0.001098691 -0.00003016416
v -0.0001415072 -0.001041922 -0.00007281506
v -0.0001760841 0.0009913772 0.000009794762
v -0.00005998547 -0.00116495 -0.00005481395
v -0.000106752 0.0009980759 -0.00008161025
v -0.0000117304 -0.001217703 -0.00004733353
v -0.0000657798 0.0009835965 -0.00005011541
v -0.00007263572 -0.001123377 0.000004987486
v -0.0001197433 0.0009887484 -0.00001465789
v 0.00003407241 -0.001270379 -0.00005863416
v 0.000005993134 0.0009649132 -0.00006304836
v 0.00009624004 -0.001319855 -0.00004669903
v 0.0000198909 -0.001226764 -0.000005751975
v 0.000133604 -0.001364196 -0.00006848572
v 0.00009380454 0.0009561625 -0.00002916385
v 0.0001481605 -0.001332949 0.000004001468
v 0.0001853138 -0.001413056 -0.00008524458
v 0.0001951726 0.0009471765 -0.00004789658
v 0.0002622957 -0.001432248 -0.00002406424
v 0.0002753691 0.000980325 0.00001727387
v 0.0002993728 -0.001478149 -0.00007714947
v 0.0003089795 0.0009448515 -0.00005365451
v 0.0003592052 0.000983808 0.000009765909
v 0.0003972601 -0.001509464 -0.00004679904
v 0.0004068965 0.0009431759 -0.00005250722
v 0.0004803244 -0.001533651 -0.00004085985
v 0.0004494697 0.0009865338 0.000009490443
v 0.0005502526 -0.001552032 -0.00009569174
v 0.0005024661 0.0009426997 -0.00004698163
v 0.0005366584 -0.001541445 -0.000007651873
v 0.0005443628 0.000985017 0.00001236555
v 0.0006507604 -0.001562592 -0.00009470434
v 0.0005963804 0.000935103 -0.00004189832
v 0.0006460195 0.0009746432 0.00001613779
v 0.0007277099 -0.001565776 -0.00007309987
v 0.00069383 0.0009135426 -0.00004002128
v 0.0007756958 0.0008874682 -0.00004066309
v 0.0007650403 0.0009510678 0.00002019559
v 0.0008305961 -0.001570135 -0.00006035786
v 0.0008152126 0.0008368322 -0.00006183953
v 0.0008726786 0.0008072719 -0.00005726774
v 0.0008621477 0.0008785597 -0.00001637806
v 0.0008775539 0.0009510152 0.00005417969
v 0.0009389938 -0.001579721 -0.00004843662
v 0.0009055652 0.0007505863 -0.00006829861
v 0.0009651417 0.0007151017 -0.00005786341
v 0.000955328 0.0007969395 -0.00002820978
v 0.0009705767 0.0008903522 0.00003362931
v 0.001050201 -0.001595564 -0.00003815737
v 0.0009966913 0.0006526604 -0.00006385097
v 0.001086941 0.0005250406 -0.00006001133
v 0.001053781 0.0006088819 -0.00005358874
v 0.001020712 -0.001633896 0.00002581945
v 0.001058058 0.0007024798 -0.00002417809
v 0.001053137 0.0008156273 0.00002231506
v 0.001150366 -0.001596477 -0.00004801124
v 0.001119885 0.0004428405 -0.00006409909
v 0.001173326 0.0004026378 -0.00005247522
v 0.001099973 -0.001634283 0.000007314359
v 0.001177871 0.000486443 -0.00003519548
v 0.001130395 0.0005932209 -0.00002876308
v 0.001171478 0.0006662455 0.000007918698
v 0.001141322 0.0007588273 0.0000332089
v 0.00124194 -0.001566722 -0.00007627266
v 0.001194356 0.0003400494 -0.00005503491
v 0.001301658 0.00001818188 -0.0000541474
v 0.001284886 0.0001168919 -0.00005037282
v 0.001263251 0.0002160898 -0.00004702004
v 0.001242058 0.0002989356 -0.00004397943
v 0.00119932 -0.001625882 -0.00001024592
v 0.001250961 0.0003928542 -0.00002561584
v 0.001243066 0.0004800958 -0.00001268231
v 0.001234823 0.0005653235 0.000003496472
v 0.001316649 -0.00155098 -0.00007678688
v 0.001314968 -0.00006141534 -0.00005680955
v 0.001396315 -0.001519407 -0.00007192538
v 0.001400791 -0.0003781021 -0.00005658769
v 0.001386728 -0.0002809372 -0.00005247592
v 0.001373723 -0.0001823499 -0.00004803576
v 0.001361378 -0.0001012994 -0.00004525738
v 0.001309073 -0.001599341 -0.00002842784
v 0.001382655 -0.00001631211 -0.00003033614
v 0.001365012 0.00008460986 -0.00002586406
v 0.001345619 0.0001869562 -0.00002060028
v 0.001310617 0.0002889064 -0.000019796
v 0.001348105 0.0003689404 0.00000756691
v 0.001307201 0.0004738651 0.00001102596
v 0.001500618 -0.001476313 -0.00005952671
v 0.001413646 -0.0004575661 -0.00005953704
v 0.001506869 -0.0007719081 -0.00006052152
v 0.001489801 -0.0006745207 -0.00005570262
v 0.001473465 -0.0005767893 -0.00005179681
v 0.001460105 -0.0004966192 -0.00004901629
v 0.001472216 -0.001544274 -0.00002998013
v 0.001484886 -0.0004101451 -0.00003354474
v 0.001466449 -0.000309879 -0.00002996178
v 0.001455189 -0.0002131898 -0.00002414727
v 0.001441523 -0.0001028645 -0.00001793815
v 0.001455419 -0.00001033027 -0.000003511458
v 0.001429053 0.00005259382 -0.000006284929
v 0.001435469 0.0001445665 0.000008129226
v 0.00140257 0.0002670544 0.00001265063
v 0.001566785 -0.001444925 -0.00004751074
v 0.001523118 -0.0008517664 -0.00006499919
v 0.001596155 -0.001393265 -0.00005449073
v 0.001609617 -0.001071929 -0.00006840827
v 0.001590602 -0.0009718939 -0.00006191443
v 0.00157226 -0.0008908708 -0.00005619644
v 0.001556098 -0.001515747 -0.00001392519
v 0.001592078 -0.0008037846 -0.00004022045
v 0.001573041 -0.0007009389 -0.00003439619
v 0.001557539 -0.0006011042 -0.00002891882
v 0.00154037 -0.0004953158 -0.00002395465
v 0.001564407 -0.0004075351 -0.000006736023
v 0.001546129 -0.0003298218 -0.000004462328
v 0.001521781 -0.0002506404 -0.00000477621
v 0.001536341 -0.0001565552 0.00001174405
v 0.001518004 -0.0000455379 0.00001724593
v 0.001498053 0.00005664448 0.00002143322
v 0.001640365 -0.0013537 -0.0000439444
v 0.001621444 -0.001154275 -0.00007125602
v 0.001657453 -0.001276289 -0.00005065708
v 0.001661261 -0.001196344 -0.00005652032
v 0.00163617 -0.001515348 0.00002070941
v 0.001633238 -0.001430488 -0.00001993698
v 0.001691838 -0.00110819 -0.00004369574
v 0.001675351 -0.0009981371 -0.00004011372
v 0.001652928 -0.0008878532 -0.00003349292
v 0.001668154 -0.0007994294 -0.00001859655
v 0.001653153 -0.0007260661 -0.00001388545
v 0.001642397 -0.0006316447 -0.000005719895
v 0.001627479 -0.0005315839 0.000001470966
v 0.001613284 -0.0004483733 0.000006263511
v 0.001634395 -0.000357745 0.00002673547
v 0.001600352 -0.0002467936 0.0000266077
v 0.001713372 -0.001445852 0.0000268353
v 0.001713884 -0.001331938 -0.00001051462
v 0.001733858 -0.001202737 -0.00002487279
v 0.001769192 -0.001109033 -0.000017011
v 0.001758899 -0.001025577 -0.0000166515
v 0.001742683 -0.0009250452 -0.00001150045
v 0.00172958 -0.0008291852 -0.000003690073
v 0.00171413 -0.0007552439 8.715686e-7
v 0.001730533 -0.0006721177 0.00001875444
v 0.001712351 -0.0005654057 0.00002847938
v 0.001696625 -0.0004544598 0.00003939917
v 0.001789323 -0.001363033 0.00003601777
v 0.001815863 -0.00124719 0.00001935675
v 0.001810475 -0.001151642 0.000001194142
v 0.001838634 -0.001061333 0.00001063651
v 0.001824629 -0.0009575038 0.00001298412
v 0.001808818 -0.0008586425 0.0000199495
v 0.001788488 -0.0007570023 0.00002718896
v 0.001880419 -0.001144076 0.00003225455
v -0.001958117 0.0001243797 0.00002531248
v -0.001987729 0.0001830498 0.00003233173
v -0.001904747 0.00006805755 0.00007518503
v -0.001980004 0.0002128396 0.00005375244
v -0.001856174 0.00001722202 0.00009397022
v -0.001951201 0.0002703907 0.00007468327
v -0.00193628 0.0003908942 0.00005764361
v -0.001916717 0.0004717912 0.00004952441
v -0.001937689 0.000116761 0.00007902404
v -0.001953802 0.0001722458 0.00007674952
v -0.001810658 -0.00001459136 0.00006670396
v -0.001886725 0.00051177 0.00006116751
v -0.001845545 0.0005767195 0.00007610435
v -0.001829011 0.0007080321 0.00005742436
v -0.001815506 0.0008237499 0.00004505701
v -0.001805793 0.0009254158 0.00003367298
v -0.001815334 -0.000004423052 0.0001257705
v -0.001896614 0.0002728988 0.0001280018
v -0.001889347 0.0003512881 0.0001101298
v -0.001872109 0.0004598633 0.00008959411
v -0.001744439 -0.00003622963 0.00002438393
v -0.001758943 0.0009636437 0.00006761569
v -0.001739323 0.001036944 0.00006429133
v -0.001722411 0.001123546 0.00004027774
v -0.001691744 0.001198552 0.000007496906
v -0.001782133 0.0005823459 0.0001255286
v -0.001776316 0.0006630708 0.0001110993
v -0.0017574 0.000777279 0.0001038227
v -0.00175764 0.0008854187 0.00008386121
v -0.001663081 -0.00005562331 0.00003416092
v -0.001624928 0.001213619 0.00004463757
v -0.001707603 0.0008565785 0.0001334374
v -0.001702628 0.0009633598 0.0001162781
v -0.001671943 0.001081461 0.0001055715
v -0.001667065 0.00115904 0.00006670945
v -0.00156975 -0.00007256719 0.00003708114
v -0.001537313 0.001223503 0.00007239907
v -0.001608083 0.001154128 0.00011203
v -0.001472931 -0.00008940861 0.00004570092
v -0.00145399 0.001255219 0.00004859276
v -0.001371188 -0.0001095339 0.00004668836
v -0.001366908 0.001253662 0.00004278042
v -0.001328091 -0.0001292963 0.00008015006
v -0.001377892 -0.0001241751 0.0001235148
v -0.001264763 -0.0001412432 0.00006856614
v -0.001271149 0.001230319 0.00005076461
v -0.001239385 0.001198644 0.00009123362
v -0.001291934 0.001198441 0.0001162475
v -0.001168516 -0.0001568666 0.00004011122
v -0.001172282 0.001177163 0.00008526095
v -0.001068071 -0.0001880734 0.00003981342
v -0.001056792 0.001148613 0.00005974918
v -0.001030121 -0.000217164 0.00007232177
v -0.001079234 -0.0002112535 0.0001143531
v -0.001082904 0.001105516 0.0001385419
v -0.0009670203 -0.0002355561 0.00006291924
v -0.0009255754 0.001121772 0.00002820597
v -0.0009933822 0.00108919 0.0001108793
v -0.0008663774 -0.0002624243 0.00003631374
v -0.0008245007 0.001105499 0.000004940321
v -0.0008034497 0.001078325 0.00003839763
v -0.000866728 0.00106295 0.00008486502
v -0.0007583582 -0.0003121855 0.00002562333
v -0.0007513924 0.001054264 0.00005301635
v -0.0007161733 -0.0003486279 0.00003594534
v -0.0007614082 -0.0003522407 0.0000886461
v -0.0007980465 0.001013355 0.0001201518
v -0.0006799012 -0.0003826762 0.00004687577
v -0.0006286398 0.00104624 0.00002513814
v -0.0006436431 -0.0004261218 0.00007063853
v -0.000712366 -0.0003983141 0.0001090469
v -0.0006987146 0.001002276 0.0001038479
v -0.000580444 -0.0004785333 0.00007089562
v -0.0005144397 0.001030241 0.00001718956
v -0.0005272434 -0.0005389433 0.00008829681
v -0.0005868243 0.0009914814 0.00009114552
v -0.000470658 -0.0005821181 0.00006647628
v -0.000409943 0.001019456 0.000008367133
v -0.0004272636 -0.0006443727 0.00009907302
v -0.0004785467 0.0009827014 0.00008344667
v -0.0003818055 -0.000671902 0.00004940391
v -0.0003148741 0.001009307 0.000004961144
v -0.0002874465 -0.0007963873 0.00005511113
v -0.0003369551 -0.0007316347 0.00006451406
v -0.0003796879 -0.0006984769 0.00009943428
v -0.0003765286 0.000977196 0.00007737665
v -0.0002529195 -0.0008414201 0.00002815519
v -0.0002338126 0.001000744 0.000003172627
v -0.0002144429 -0.0009031437 0.00004553044
v -0.0002130838 0.0009767067 0.00005639097
v -0.0002829152 0.000974657 0.00007034359
v -0.000172859 -0.0009754277 -0.000002796395
v -0.0001507153 0.0009666307 0.00006131986
v -0.000121743 -0.001040565 0.00005244181
v -0.00008140437 -0.001095585 0.00004483691
v -0.00006003781 0.0009642004 0.00003474135
v -0.0000374199 -0.001134719 0.00006413402
v 2.540045e-7 -0.00118996 0.00002608558
v 0.00003679689 0.0009585632 0.0000452154
v 0.00006284351 -0.001229862 0.00006182944
v 0.0001189776 -0.001289565 0.00003864516
v 0.0001385067 0.00096422 0.00006683941
v 0.0001754268 -0.001323569 0.00005922927
v 0.0002153908 0.000978698 0.00004670025
v 0.0002192002 -0.001369892 0.00003890333
v 0.0002620824 0.0009955184 0.00008139245
v 0.0003000028 -0.001415883 0.00005859051
v 0.0002068396 -0.001330364 0.00009536428
v 0.0003489043 -0.001460608 0.00002472719
v 0.0003233876 0.001004529 0.00007621603
v 0.0003543833 -0.001430935 0.0001032404
v 0.0004098988 -0.001488322 0.00003435587
v 0.0004014768 0.001012299 0.00007289903
v 0.0004722922 -0.001513102 0.00003672259
v 0.0004889023 0.001016899 0.00007548933
v 0.0005598554 -0.001536916 0.00006687095
v 0.0006284073 -0.00155972 -0.0000134032
v 0.0005851111 0.001016044 0.00008016591
v 0.0007354569 -0.001576752 0.00001330868
v 0.0006901244 0.001008892 0.00008901455
v 0.0008388119 -0.001596075 0.00002589273
v 0.0008059028 0.001003269 0.0001119015
v 0.0008950394 0.0009905932 0.0001102295
v 0.0009407438 -0.001619424 0.00003316738
v 0.0009616319 0.0009611289 0.00009793327
v 0.000973241 -0.001648469 0.00006976715
v 0.001025556 0.0009226572 0.00008330128
v 0.0009190701 -0.001645268 0.00009518783
v 0.0009323642 0.0009947008 0.0001329498
v 0.001038003 -0.001662941 0.0000686256
v 0.001055808 0.0008803976 0.0000610233
v 0.001089093 0.0009080177 0.0001064133
v 0.001135805 -0.001676053 0.00006436928
v 0.001138857 0.0008491729 0.00008732363
v 0.001224574 0.0007193866 0.00005100063
v 0.001205819 0.0007874374 0.00008018727
v 0.001113361 -0.001713983 0.0001283873
v 0.001135483 0.0008959377 0.0001257656
v 0.001250017 -0.001663987 0.0000412793
v 0.001245351 0.0006499664 0.00003149355
v 0.001294004 0.0006114084 0.00003923093
v 0.001193953 -0.001710601 0.0001132452
v 0.001308199 0.0006798874 0.0000724281
v 0.001281131 0.0007614853 0.000105082
v 0.001340546 -0.00164793 0.00002886165
v 0.001314167 0.0005543925 0.00003165554
v 0.001406544 -0.001597755 -0.000007871799
v 0.001393865 0.0004355705 0.00003849818
v 0.001365953 0.0005157428 0.00004417215
v 0.001310725 -0.001701801 0.0001014856
v 0.001373594 0.0006002593 0.00007256855
v 0.001374636 0.0006702404 0.0001005136
v 0.001370021 0.0007306065 0.0001350776
v 0.001494012 -0.001597321 0.00001884716
v 0.001418254 0.0003531119 0.00003277162
v 0.001486216 0.0002206257 0.00003955661
v 0.001464252 0.0003036673 0.00004336895
v 0.001416701 -0.001711636 0.0001260103
v 0.001417064 -0.001657591 0.0000558143
v 0.001479864 0.0003884323 0.0000659485
v 0.001444524 0.0005094864 0.00007861748
v 0.001445708 0.0005865631 0.0001028054
v 0.001447867 0.0006593941 0.0001389254
v 0.001581112 -0.001582343 0.00003861157
v 0.001509734 0.0001397029 0.00003740179
v 0.001594905 -0.00007988369 0.00004583521
v 0.00157282 0.00001632571 0.00004826795
v 0.00155422 0.00009542161 0.00005035982
v 0.001522443 -0.001664691 0.00008918617
v 0.001567477 0.0001794202 0.00006867354
v 0.001531108 0.0002874577 0.00006948234
v 0.00156936 0.0003633469 0.0001005906
v 0.001538125 0.0004617163 0.0001100975
v 0.001517738 0.0005682811 0.0001362657
v 0.001636688 -0.001565357 0.00004821786
v 0.001614198 -0.0001608255 0.00004360952
v 0.001691679 -0.00153583 0.00005785374
v 0.00168176 -0.0002734141 0.00005977405
v 0.001660016 -0.0002019785 0.00005930445
v 0.001598156 -0.001686868 0.0001360755
v 0.001635166 -0.001614281 0.00008501857
v 0.001672782 -0.0001204379 0.00007768985
v 0.001646846 -0.00001412044 0.00007929472
v 0.001616066 0.00008346055 0.00007744247
v 0.001651666 0.0001605905 0.0001056219
v 0.001617713 0.0002670324 0.0001055082
v 0.001737273 -0.001488076 0.00005519581
v 0.00173172 -0.0003489947 0.00007368368
v 0.001784808 -0.001444541 0.00006223012
v 0.00179365 -0.0006028672 0.00005716398
v 0.001779615 -0.000508882 0.00006877497
v 0.001771498 -0.0004281909 0.00007979152
v 0.001756896 -0.001517556 0.00008041714
v 0.00173238 -0.0002777768 0.00008515593
v 0.001724606 -0.0002095537 0.00009227663
v 0.001740051 -0.0001301184 0.0001133428
v 0.001720224 -0.00004694808 0.0001137828
v 0.00169734 0.0000622982 0.0001157426
v 0.001825103 -0.001385987 0.00006163252
v 0.001806496 -0.0006785183 0.00004747217
v 0.001872304 -0.001321489 0.00006915342
v 0.001891963 -0.001221816 0.00005153569
v 0.001898953 -0.0009891237 0.00004141609
v 0.001888045 -0.0008953781 0.00004870388
v 0.001872189 -0.0007980975 0.00005792521
v 0.001852298 -0.0007201075 0.00006151066
v 0.001847591 -0.00141453 0.00008629626
v 0.001863088 -0.0006500165 0.0000825554
v 0.001864511 -0.0005523353 0.0001077145
v 0.001833254 -0.0004580142 0.0001094897
v 0.001933583 -0.001168691 0.0000650009
v 0.001908477 -0.001064324 0.00004128488
v 0.001940617 -0.001107962 0.00006164623
v 0.001943407 -0.001320847 0.0001150594
v 0.001941683 -0.001237347 0.00008809491
v 0.00196725 -0.001030896 0.0000796643
v 0.001950165 -0.0009382851 0.00007590732
v 0.001961411 -0.0008422842 0.0001012398
v 0.001925647 -0.0007260246 0.0001031589
v 0.001929408 -0.000629464 0.0001299548
v 0.001994603 -0.001259735 0.0001357419
v 0.001995702 -0.001144857 0.0001102807
v 0.002032483 -0.001044708 0.0001290328
v 0.002022146 -0.0009443196 0.0001262635
v -0.001903461 0.0001230488 0.0001274517
v -0.001911863 0.000204955 0.0001258317
v -0.001845303 0.00004846219 0.0001583239
v -0.001869985 0.0002378706 0.0001610419
v -0.001787099 -0.000002522588 0.0001729472
v -0.00184582 0.0003106229 0.0001605413
v -0.001824543 0.0004092803 0.000145317
v -0.001805939 0.0005070223 0.000128323
v -0.001856598 0.0001115756 0.00018332
v -0.001867318 0.0001738105 0.0001734991
v -0.001737623 -0.00003766826 0.0001205459
v -0.001755456 0.0005447233 0.0001588732
v -0.001733332 0.0006193795 0.0001583558
v -0.001717279 0.0007151073 0.0001512477
v -0.001704321 0.0007905908 0.0001480027
v -0.001735497 -0.00002087848 0.0002022755
v -0.001822051 0.0001479274 0.0002199746
v -0.001812718 0.0002399197 0.0002083053
v -0.001772861 0.0003607281 0.0002043888
v -0.001761136 0.0004678967 0.0001786069
v -0.001641303 -0.00006529383 0.000107742
v -0.001679694 0.0008292809 0.000163633
v -0.001645285 0.000894052 0.0001828435
v -0.001632995 0.001016038 0.0001631895
v -0.001615849 0.001093218 0.0001497356
v -0.001712539 0.0004392918 0.0002296928
v -0.001700392 0.0005464843 0.0002083262
v -0.001674906 0.0006656329 0.0002012916
v -0.001662352 0.0007777552 0.0001895912
v -0.001560755 -0.00008207511 0.0001289123
v -0.001584372 0.001122526 0.0001563296
v -0.001532557 0.001152257 0.0001542021
v -0.001585964 0.0009019161 0.0002347825
v -0.001583201 0.0009768656 0.00021581
v -0.001569214 0.001072952 0.0001894958
v -0.001459239 -0.0001048985 0.0001485965
v -0.001446171 0.001206892 0.0001174497
v -0.001392546 -0.0001263677 0.0002010824
v -0.001462134 0.0011526 0.000181795
v -0.001323642 -0.0001402429 0.0001411761
v -0.001352658 0.001209461 0.0001139702
v -0.001327395 0.001175723 0.0001574693
v -0.001393515 0.001167698 0.0001730209
v -0.001245796 -0.0001599964 0.0001406519
v -0.001254052 0.001161611 0.0001492492
v -0.001154509 -0.000188177 0.000142489
v -0.001161517 0.001128753 0.0001497447
v -0.001096881 -0.0002188464 0.0001918003
v -0.001128472 0.001089946 0.0001846948
v -0.001178753 0.001093598 0.0002059258
v -0.001028963 -0.0002345614 0.0001315438
v -0.00105912 0.00106368 0.0001791932
v -0.0009497585 -0.0002652448 0.0001345856
v -0.0009527763 0.00102791 0.0001672956
v -0.0009604481 0.0009831501 0.0002208012
v -0.0008504082 -0.0003108504 0.0001236021
v -0.0008655034 0.001011916 0.0001464052
v -0.0008124698 -0.0003453087 0.0001419191
v -0.0008272626 0.0009882995 0.0001586788
v -0.000842214 -0.0003451944 0.0002092853
v -0.0008717125 0.0009674998 0.0001980481
v -0.00077827 -0.0003733817 0.0001542612
v -0.0007659761 0.0009618476 0.0001684293
v -0.0007332098 -0.0004094296 0.0001701494
v -0.0007816745 -0.0003901551 0.0002211313
v -0.0007990461 0.0009154279 0.0002244718
v -0.0006594521 -0.0004497388 0.0001421018
v -0.0006508477 0.0009475909 0.0001566788
v -0.0007051771 0.0009024334 0.0002140735
v -0.0005842563 -0.0005098697 0.0001387661
v -0.000541951 0.0009389554 0.0001493121
v -0.0005424708 -0.0005479619 0.0001363651
v -0.0005549501 -0.0005497794 0.0002008152
v -0.0005985194 0.0008917872 0.0002072492
v -0.0004965237 -0.0005893788 0.0001384946
v -0.0004369256 0.0009347041 0.0001443823
v -0.0003939917 -0.0006967653 0.0001649234
v -0.0004458695 -0.0006481532 0.0001870922
v -0.0004967347 -0.0006039812 0.0002279644
v -0.0004936361 0.0008867052 0.0002035633
v -0.0003536623 -0.0007354549 0.0001420126
v -0.000334914 0.000934273 0.0001391087
v -0.0003043559 -0.0007905494 0.000157682
v -0.0003916496 0.0008864615 0.0002013242
v -0.0002543629 -0.0008511781 0.0001162062
v -0.0002271212 0.0009379162 0.0001278044
v -0.0002057695 -0.0009090484 0.0001735602
v -0.0002928684 0.0008890587 0.000199716
v -0.0001644057 -0.0009689205 0.0001167354
v -0.0001154191 0.0009255839 0.0001456941
v -0.0001075627 -0.001019439 0.0001791608
v -0.0002023697 0.0008872219 0.0002071186
v -0.00006121513 -0.001080839 0.000136633
v -0.00001975468 0.0009412722 0.0001177547
v -0.00001088837 -0.001122423 0.0001522615
v 0.00003678772 -0.001167577 0.000144931
v 0.00006124427 0.0009423042 0.0001465334
v 0.00009821915 -0.00121333 0.0001579482
v 0.00001882753 -0.001130808 0.0001960631
v 0.0001357433 -0.001254884 0.0001351616
v 0.0001593205 0.0009564624 0.000189132
v 0.0002153609 0.0009851903 0.0001205578
v 0.0001454183 -0.00122921 0.0002104583
v 0.0001822073 -0.001299563 0.0001193301
v 0.0002920956 0.001004218 0.0001489508
v 0.0002478331 -0.00133231 0.000163237
v 0.0002362457 0.000985057 0.0001893594
v 0.0003153284 -0.001389248 0.000145241
v 0.0003628923 0.001017673 0.0001318754
v 0.0003814052 -0.001425228 0.0001651803
v 0.0004245687 -0.001468538 0.000115631
v 0.0004350209 0.001026662 0.0001419212
v 0.0004279154 -0.001442699 0.0002084113
v 0.0005051118 -0.001506999 0.0001215965
v 0.0005240199 0.001033426 0.0001468273
v 0.0005746468 -0.001532265 0.0001614476
v 0.0006493222 -0.001562665 0.00008989134
v 0.0006193242 0.001034244 0.0001565158
v 0.0007462544 -0.001593439 0.000107991
v 0.0007178814 0.001032044 0.0001695907
v 0.000847053 -0.001627484 0.0001123006
v 0.000798436 0.001029854 0.0001894444
v 0.0008895523 -0.001652348 0.0001312688
v 0.0008483355 -0.001659178 0.0001858906
v 0.000948644 -0.001674046 0.0001345935
v 0.0008908446 0.001014104 0.0001795413
v 0.0009748688 0.0009905969 0.0001636208
v 0.0008959256 -0.001696791 0.0002199194
v 0.001046983 -0.001697928 0.0001245622
v 0.001045842 0.0009540225 0.0001457791
v 0.001059463 -0.001726733 0.0001733553
v 0.0009832822 -0.001715279 0.0001937612
v 0.001031336 0.0009829514 0.0002075883
v 0.001124257 -0.001739034 0.0001821873
v 0.00112611 0.0009244833 0.0001662519
v 0.001182222 0.0008880337 0.0001615823
v 0.001219133 -0.001743811 0.0001825639
v 0.001244176 0.0008348149 0.0001466728
v 0.001243772 0.0008814319 0.0002112185
v 0.00132299 -0.001747168 0.0001887133
v 0.001333247 0.0007985799 0.0001709689
v 0.001393657 0.0007776063 0.0001886742
v 0.001427637 -0.001751619 0.0002026144
v 0.001445998 0.0007426242 0.0001991115
v 0.001485001 -0.001720496 0.0001427666
v 0.001502132 0.0007005007 0.0002001049
v 0.001422012 0.0007835979 0.0002218685
v 0.001537372 -0.001712603 0.0001402476
v 0.001546832 0.0006506993 0.0001986016
v 0.001560883 -0.001728457 0.0001777876
v 0.001616712 0.0004227675 0.0001381671
v 0.001601277 0.0005094503 0.0001596789
v 0.001595813 0.0005834164 0.0001925644
v 0.001507718 -0.001739218 0.0001782931
v 0.001538829 0.000697278 0.0002256122
v 0.001634327 -0.00172017 0.0002061083
v 0.001634162 0.0003480989 0.0001282745
v 0.00168647 -0.001653305 0.0001428503
v 0.00172226 -0.001583615 0.0001024896
v 0.001695187 0.0002250083 0.0001378939
v 0.001675775 0.0003025958 0.0001409698
v 0.001692744 0.0003806652 0.0001707838
v 0.001664461 0.0004651306 0.0001807423
v 0.001669624 0.0005421705 0.0002243966
v 0.001785037 -0.001549851 0.0001139536
v 0.001714573 0.0001456516 0.0001359642
v 0.001817254 -0.001488168 0.0001002982
v 0.001786844 -0.0002802629 0.0001179058
v 0.001790502 -0.000183256 0.0001366809
v 0.001787579 -0.00008952928 0.0001484404
v 0.001772094 0.00001112884 0.0001517939
v 0.001756606 0.00009670763 0.0001532224
v 0.001745737 -0.001679116 0.0001998357
v 0.001773984 -0.00160892 0.000148367
v 0.00177223 0.0001833603 0.0001762799
v 0.001740414 0.000288945 0.000177166
v 0.00177839 0.0003673568 0.0002257701
v 0.00173654 0.0004606003 0.0002319961
v 0.001872813 -0.001455914 0.0001202066
v 0.001811076 -0.0003754236 0.0001140829
v 0.001904819 -0.001388981 0.0001131122
v 0.001898296 -0.0004772863 0.000149039
v 0.001868739 -0.0004108064 0.0001444467
v 0.001807381 -0.00169614 0.000246357
v 0.001845526 -0.001627894 0.000200261
v 0.00185136 -0.001535782 0.0001468759
v 0.0018689 -0.0003290389 0.0001640049
v 0.001842589 -0.0002383724 0.0001628544
v 0.001857469 -0.0001502648 0.000187108
v 0.001842893 -0.00003585878 0.0001913245
v 0.001827074 0.00008123366 0.0001953243
v 0.001845137 0.0001738203 0.0002215626
v 0.001827545 0.0002697466 0.000233004
v 0.001945068 -0.001376147 0.0001358718
v 0.001947501 -0.0005469566 0.0001669026
v 0.001987236 -0.001350838 0.0001599473
v 0.002004815 -0.0007648882 0.0001476134
v 0.001986947 -0.0006860689 0.000155642
v 0.001982593 -0.0006196152 0.0001719417
v 0.001919573 -0.00155416 0.0001966596
v 0.001936574 -0.001447422 0.0001606097
v 0.001942839 -0.0004819632 0.0001812981
v 0.00192867 -0.0004154717 0.0001882519
v 0.001934034 -0.0003342637 0.0002120673
v 0.001907608 -0.0002473816 0.000208827
v 0.002032023 -0.001298323 0.000180173
v 0.002053165 -0.0008399194 0.0001686897
v 0.002051081 -0.001219881 0.000175577
v 0.002078715 -0.001110765 0.0001772238
v 0.002083727 -0.001005002 0.000172219
v 0.002088592 -0.0009226436 0.0001827149
v 0.002033667 -0.001350952 0.0001996297
v 0.002050057 -0.0007750654 0.0001794746
v 0.002042596 -0.0007238346 0.0001884275
v 0.002029945 -0.0006542225 0.0001997657
v 0.002130955 -0.001125854 0.000231969
v 0.002130714 -0.001052638 0.0002199662
v 0.002134382 -0.0009673625 0.0002218422
v -0.001815544 0.00008886815 0.0002214133
v -0.001764464 0.00003332879 0.0002386069
v -0.001796824 0.0001230575 0.0002461454
v -0.001704625 -0.0000149983 0.0002516795
v -0.001757849 0.0001734962 0.0002694166
v -0.001737171 0.0002910444 0.0002568453
v -0.001715446 0.0003718568 0.0002490566
v -0.0017745 0.0000981816 0.0002601336
v -0.001649186 -0.00005290951 0.000206631
v -0.001685359 0.0004117498 0.000262025
v -0.00164493 0.0004780994 0.0002787517
v -0.001627002 0.0006115296 0.0002589401
v -0.001613017 0.0007264763 0.0002457695
v -0.00160358 0.0008268671 0.0002348361
v -0.00165339 -0.00002608078 0.0002856419
v -0.001693791 0.0001683999 0.0003243811
v -0.00168824 0.0002493418 0.00031127
v -0.001671557 0.0003586951 0.000292226
v -0.001545755 -0.00008238102 0.0002158203
v -0.001556709 0.0008678559 0.0002666758
v -0.001535832 0.0009395905 0.0002628397
v -0.001520241 0.0010245 0.0002422124
v -0.001497686 0.001099679 0.0002130026
v -0.001583828 0.0004844136 0.0003326714
v -0.001576223 0.0005680947 0.000316679
v -0.001555037 0.0006861718 0.0003068222
v -0.001555219 0.0007929807 0.000283266
v -0.001468131 -0.00009894711 0.0002696103
v -0.001423945 0.001112282 0.0002239613
v -0.001388531 -0.000124999 0.0002811997
v -0.001500958 0.0007742321 0.0003311844
v -0.001497519 0.0008735886 0.000307178
v -0.001461275 0.000980692 0.0002903874
v -0.001459972 0.001057064 0.0002543927
v -0.001314791 -0.0001486355 0.0002345193
v -0.001328596 0.001121874 0.0002129834
v -0.00134079 -0.0001359515 0.0003207885
v -0.001382343 0.001046968 0.000276123
v -0.001231422 -0.0001730202 0.0002206701
v -0.001235241 0.001109196 0.0002074591
v -0.001207963 0.001078547 0.0002342971
v -0.001260678 0.001050468 0.000271193
v -0.001169064 -0.0001947356 0.0002553599
v -0.001144065 0.001047326 0.0002392964
v -0.001097249 -0.0002219481 0.000288539
v -0.001178183 0.0009868086 0.0003127385
v -0.001026196 -0.0002491495 0.0002196249
v -0.001035676 0.001013039 0.0002254237
v -0.001003075 0.0009670129 0.0002580206
v -0.00110511 0.0009354511 0.0003343045
v -0.00108 0.0009799689 0.0002809961
v -0.0009347901 -0.000292426 0.0002401161
v -0.0009292497 0.0009370928 0.000253249
v -0.0008816341 -0.0003286869 0.0003068663
v -0.001000773 0.0009155276 0.0003064272
v -0.000821431 -0.0003695884 0.0002869466
v -0.0008600033 0.0009158325 0.0002443758
v -0.0007717023 -0.0004032105 0.0002801119
v -0.0008237117 0.0008898841 0.0002564377
v -0.0008712951 0.0008716505 0.0002920021
v -0.0007137021 -0.0004344434 0.0002389245
v -0.00076179 0.0008598806 0.000267547
v -0.0007344417 -0.0004236601 0.000316466
v -0.0007877379 0.0008082582 0.0003206186
v -0.0006288715 -0.0004904713 0.0002221513
v -0.0006496453 0.0008439331 0.0002597998
v -0.0005845207 -0.0005255055 0.0002952094
v -0.0006929701 0.0007955304 0.0003097873
v -0.0005332804 -0.0005702076 0.0002787648
v -0.0005452817 0.000836312 0.0002562813
v -0.0004877642 -0.0006051404 0.0003146085
v -0.0005924237 0.0007855411 0.0003050969
v -0.0004464604 -0.0006477226 0.0002745076
v -0.0004437163 0.0008350144 0.0002553072
v -0.0004020887 -0.0006921385 0.0002453385
v -0.0004924597 0.0007816083 0.000304345
v -0.000345033 -0.000745472 0.0002419243
v -0.0003453979 0.00083897 0.000255147
v -0.000292668 -0.000801273 0.0002542148
v -0.0003715564 -0.0007143394 0.0002935998
v -0.0003931023 0.0007843844 0.0003050843
v -0.0002446376 -0.000851857 0.0002465422
v -0.0002551169 0.0008462425 0.0002552732
v -0.0001928465 -0.0009077972 0.0002648789
v -0.0002666867 -0.0008190335 0.0003004653
v -0.0002958434 0.0007941576 0.0003048244
v -0.0001441103 -0.0009578814 0.0002557773
v -0.0001960274 0.0008535465 0.000254284
v -0.0000873739 -0.001009818 0.0002706387
v -0.000128478 0.0008653707 0.0002475752
v -0.0001656571 -0.000921872 0.0003103558
v -0.0001987531 0.0008132472 0.0002991663
v -0.00004943403 -0.001052685 0.0002449902
v -0.00002284616 0.0009031324 0.0002126999
v -0.00004378719 -0.001028355 0.0003224576
v -0.00005468131 0.0008541695 0.000283711
v -0.000005236844 -0.001099355 0.0002223637
v 0.00007764731 0.0009128444 0.000243095
v 0.00005791574 -0.001134754 0.0002661353
v 0.00001851441 0.0008667859 0.0002936028
v 0.0001095072 -0.001188012 0.0002390482
v 0.0001576064 0.0009177799 0.0002876393
v 0.000176695 -0.001220194 0.0002956975
v 0.00009292343 0.0008751013 0.0003189332
v 0.0002042295 -0.001271973 0.0002242986
v 0.0002361285 0.0009618218 0.0002617648
v 0.0002835107 -0.001313301 0.0002819469
v 0.0002872238 0.000993819 0.0002201599
v 0.0003179833 -0.001357217 0.000234802
v 0.0003723507 0.001009518 0.0002194705
v 0.0003080669 0.0009820117 0.0002724958
v 0.0003819477 -0.001400145 0.0002466022
v 0.0004696609 0.001028888 0.0002062717
v 0.0004528223 -0.001438936 0.0002909337
v 0.0004977329 -0.001485223 0.000216169
v 0.0005519151 0.001033426 0.0002253621
v 0.0005828452 -0.001530967 0.0002684413
v 0.0006606354 -0.001571706 0.000193162
v 0.0006491725 0.001036528 0.0002370791
v 0.0007566568 -0.001621481 0.0002084175
v 0.0007426706 0.001035747 0.0002466815
v 0.000792245 -0.001654115 0.0002390879
v 0.0007535288 -0.001651258 0.0003031848
v 0.0008224474 -0.001679565 0.0002590991
v 0.0008300847 0.001029555 0.000251704
v 0.0008588527 -0.001708516 0.0002826193
v 0.000804383 -0.001694592 0.0003269724
v 0.0009254774 -0.001728429 0.0002707436
v 0.0009020609 0.00102028 0.0002606
v 0.001026578 -0.00174723 0.0002514189
v 0.0009736 0.001004629 0.0002421703
v 0.001049613 0.0009830078 0.0002735151
v 0.001126484 -0.001764626 0.0002620145
v 0.001097599 0.000957176 0.0002263799
v 0.001226019 -0.001772073 0.000267577
v 0.001192367 0.0009195213 0.0002539497
v 0.001270717 0.0008911911 0.0002684538
v 0.00132399 -0.001775478 0.0002746141
v 0.001313818 0.0008519429 0.0002370921
v 0.001315646 0.0008769374 0.0003075745
v 0.00140458 -0.001776926 0.0002862861
v 0.001385476 0.0008104561 0.0002354864
v 0.001450824 0.0007845161 0.0002770927
v 0.001513385 -0.001760167 0.000252115
v 0.001518381 0.0007315197 0.0002581112
v 0.001575 0.0006887474 0.0002602683
v 0.001604522 -0.001760746 0.0002868417
v 0.001633371 0.0006309943 0.0002641805
v 0.001696861 0.0005861196 0.0002809066
v 0.001612075 0.0006802076 0.0003001093
v 0.001713387 -0.001739742 0.0002797753
v 0.001740183 0.0005389215 0.0002895691
v 0.001808582 0.0004294274 0.0002753063
v 0.001785516 0.0004844251 0.0002895251
v 0.00172432 0.0005833913 0.0003137007
v 0.001830293 -0.001735339 0.0003177014
v 0.001856124 0.0003649166 0.0002937903
v 0.001886747 -0.001673524 0.0002581922
v 0.001918564 -0.001617847 0.0002287526
v 0.001911967 -0.00008536077 0.0002336963
v 0.001902818 0.00001931004 0.0002388824
v 0.001899687 0.0001196475 0.0002507681
v 0.001899044 0.0002121622 0.0002702657
v 0.001896037 0.0002895345 0.0002954459
v 0.001847271 0.0004223804 0.0003129683
v 0.001829591 0.0004626974 0.000326702
v 0.001965472 -0.001577687 0.0002360944
v 0.001920043 -0.0001688157 0.0002299508
v 0.001987619 -0.00150115 0.000219939
v 0.002009795 -0.001411906 0.0002019694
v 0.001995075 -0.0004874188 0.0002215488
v 0.001990985 -0.0003852275 0.0002446101
v 0.001974986 -0.0002908414 0.0002521586
v 0.001957577 -0.0002155135 0.000251529
v 0.00193614 -0.001699055 0.0003148731
v 0.001961439 -0.001635288 0.0002690715
v 0.001969338 -0.0001422017 0.0002690827
v 0.00198364 -0.00003191031 0.000291802
v 0.001955041 0.00006798469 0.0002836667
v 0.00196941 0.0001599046 0.0003147937
v 0.001951761 0.0002529762 0.0003303114
v 0.00204696 -0.001380542 0.0002227588
v 0.00201505 -0.0005810075 0.0002105418
v 0.002081855 -0.00132039 0.0002384349
v 0.002108384 -0.001199695 0.0002278321
v 0.002093609 -0.0007726955 0.0002192695
v 0.002082971 -0.000689527 0.0002343487
v 0.00206449 -0.0006225778 0.0002394351
v 0.001989434 -0.00171125 0.0003637624
v 0.0020126 -0.001653908 0.0003216427
v 0.00202584 -0.001563475 0.0002790916
v 0.002054193 -0.001442582 0.0002544686
v 0.002067561 -0.0005515364 0.0002631017
v 0.002071696 -0.0004448474 0.0002937365
v 0.002043531 -0.0003327227 0.0002959191
v 0.002020626 -0.0002239314 0.0002963935
v 0.002028753 -0.0001237067 0.0003144269
v 0.002020634 0.00007013299 0.0003367963
v 0.0021526 -0.001176446 0.0002721101
v 0.002138124 -0.0008637665 0.0002411837
v 0.002174663 -0.001100841 0.0002805845
v 0.002168948 -0.001018187 0.0002594222
v 0.002183306 -0.0009509544 0.0002769767
v 0.002135211 -0.001337264 0.0003049051
v 0.002143319 -0.001258167 0.0002883835
v 0.002140722 -0.0007886731 0.0002586023
v 0.00213747 -0.0007279672 0.0002724026
v 0.002123879 -0.0006321982 0.0002879156
v 0.002133593 -0.0005346598 0.0003219535
v 0.002225969 -0.0009526402 0.000328743
v -0.0017145 0.00009371668 0.000306074
v -0.001688939 0.00001882181 0.0003014714
v -0.00165754 0.0001312685 0.0003568936
v -0.001628386 -0.000003827655 0.0003339283
v -0.001638646 0.0002074559 0.0003633889
v -0.001623423 0.0003068284 0.0003514221
v -0.001607387 0.0004062933 0.0003350524
v -0.001635682 0.00006002329 0.0003631499
v -0.00156676 -0.00005201106 0.0003095165
v -0.001558118 0.0004457157 0.0003684811
v -0.001533337 0.0005245737 0.000368113
v -0.001513706 0.0006240075 0.0003584247
v -0.001496638 0.000704488 0.0003523911
v -0.001571547 0.000003934992 0.0003837971
v -0.001569772 0.00006289012 0.0004175883
v -0.001590192 0.0001425747 0.0004090657
v -0.001567915 0.0002593348 0.0004127446
v -0.001562903 0.0003665481 0.0003886312
v -0.001487079 -0.00007705868 0.000341499
v -0.001455621 0.0007520966 0.0003701709
v -0.00143916 0.0008283852 0.0003580105
v -0.001422415 0.0009172094 0.0003376681
v -0.001393801 0.0009809275 0.000320456
v -0.001514442 0.0003378674 0.000441821
v -0.001501985 0.000447929 0.0004198423
v -0.001464102 0.0005764538 0.00041454
v -0.001453523 0.000680797 0.0003913527
v -0.001405326 -0.0000981487 0.0003670067
v -0.001327133 0.0009939775 0.0003238471
v -0.001320735 -0.0001290175 0.0003792966
v -0.001402993 0.0006548883 0.0004363524
v -0.00138139 0.0007626622 0.0004092493
v -0.00136691 0.0008737717 0.0003754876
v -0.001362454 0.0009433264 0.0003495017
v -0.00125416 -0.0001608743 0.0003274291
v -0.001257231 0.0009857893 0.0003302318
v -0.001217255 0.0009465365 0.0003558485
v -0.00126934 -0.0001353439 0.0004122519
v -0.001293942 0.0008385315 0.0004089375
v -0.001289419 0.0009272762 0.0003668813
v -0.001155092 -0.0001892482 0.0003553991
v -0.001165341 0.0009344303 0.0003558784
v -0.001087634 -0.0002136947 0.0003703325
v -0.001131413 0.000907306 0.0003666082
v -0.001184494 0.0008747535 0.0003958266
v -0.001020972 -0.0002498686 0.0003307832
v -0.001063919 0.0008691565 0.0003713666
v -0.001046179 -0.0002208005 0.0004095434
v -0.001091816 0.0008098368 0.0004252711
v -0.0009382894 -0.0002867651 0.0003570346
v -0.0009433562 0.0008380225 0.0003507099
v -0.0008851344 -0.0003154783 0.0003825719
v -0.0009823857 0.000783601 0.0004108312
v -0.000837982 -0.0003501302 0.0003646251
v -0.000858606 0.0008113936 0.0003407059
v -0.0008099042 0.0007694638 0.000360755
v -0.0008498856 -0.0003249309 0.0004229456
v -0.0008931194 0.0007199162 0.0004302695
v -0.0008799014 0.0007723048 0.0003827812
v -0.0007828815 -0.0003889595 0.0003453085
v -0.000731561 0.0007487847 0.0003579477
v -0.0007251155 -0.0004146531 0.0003861804
v -0.0007928251 0.0007115712 0.0004055584
v -0.0006572967 -0.0004651785 0.0003383824
v -0.0006353135 0.0007360589 0.0003517492
v -0.0005864503 -0.0005088509 0.0003752052
v -0.000673202 0.0006805398 0.0004035547
v -0.0005276284 -0.0005549067 0.000373037
v -0.0005400814 0.0007289896 0.0003500232
v -0.0004701597 -0.0005998441 0.0003879866
v -0.0005585379 -0.0005164134 0.0004166283
v -0.0005826191 0.0006314403 0.0004300478
v -0.0005848525 0.0006870202 0.0003869267
v -0.0004351832 -0.0006378933 0.0003624084
v -0.0004417563 0.0007269651 0.0003522849
v -0.0004291206 -0.0006177114 0.00042894
v -0.000497241 0.0006661664 0.000400131
v -0.0003952217 -0.0006821102 0.0003297379
v -0.0003413678 0.0007347188 0.0003531091
v -0.000334245 -0.0007246993 0.0003652212
v -0.0003901719 0.0006734736 0.000398471
v -0.0002893946 -0.0007828701 0.0003305775
v -0.0002434076 0.0007497646 0.0003526951
v -0.0002293807 -0.0008269892 0.0003714071
v -0.0002878619 0.0006848375 0.0003999542
v -0.0001875997 -0.0008852072 0.000339024
v -0.0001638543 0.0007688688 0.0003501387
v -0.0001256045 -0.0009265808 0.0003802845
v -0.0001111127 0.0008138181 0.0003170691
v -0.0001766879 0.0007056171 0.0004013148
v -0.00007876028 -0.0009839169 0.0003507177
v -0.00003147982 0.0008160042 0.0003382321
v -0.00001421925 -0.001015446 0.0004042271
v -0.00007837365 0.0007053999 0.0004230642
v -0.00009274479 0.0007624106 0.0003727738
v 0.00002105335 -0.001073824 0.0003391923
v 0.00004694512 0.0008296477 0.0003535379
v 0.00008676168 -0.001118827 0.0003612666
v -3.814865e-7 0.000764486 0.000397799
v 0.0001411209 -0.001164493 0.0003581586
v 0.00009900415 0.0008450664 0.0003608457
v 0.0002038835 -0.001210198 0.0003760544
v 0.0001546988 0.0008659236 0.0003622124
v 0.0001209311 -0.001126595 0.0004064241
v 0.00009735375 0.0008030148 0.0004001264
v 0.0002529634 -0.001257171 0.0003619606
v 0.0002259519 0.0009158896 0.0003376968
v 0.0003163227 -0.001307636 0.0003696842
v 0.0002359495 -0.001220614 0.0004155393
v 0.0002241852 0.000871103 0.0003920904
v 0.0003573922 -0.001353734 0.0003334636
v 0.0002858466 0.000951287 0.0003201527
v 0.0003651936 0.0009677815 0.0003283078
v 0.0003612376 -0.001327225 0.0004180687
v 0.0002968275 0.0009069389 0.0003855365
v 0.0004171442 -0.00139851 0.0003407642
v 0.0004717357 0.001006281 0.0002937694
v 0.0004727855 -0.001429136 0.0003916538
v 0.0004425333 0.0009642525 0.0003735718
v 0.000520561 -0.001480625 0.0003337974
v 0.0005832561 0.001017514 0.0003083881
v 0.0005880378 -0.001528673 0.0003823899
v 0.0005252383 0.0009783495 0.0003788751
v 0.0006665504 -0.001588548 0.0003137756
v 0.0006824931 0.001022422 0.0003161585
v 0.0007035864 -0.001633315 0.0003970226
v 0.0006243893 0.0009881754 0.0003877269
v 0.0007556698 -0.001674905 0.0003764447
v 0.0007760869 0.001021907 0.0003196808
v 0.0007991297 -0.001707604 0.0004013063
v 0.0007219202 0.0009951774 0.0003892709
v 0.0008614109 -0.00172631 0.0003406827
v 0.0008629992 0.001016121 0.0003204016
v 0.0008140365 0.000994826 0.0003885148
v 0.0009393867 -0.001751933 0.0003437278
v 0.0009421255 0.001006642 0.0003141444
v 0.0009049418 0.0009883895 0.0003839023
v 0.001031617 -0.001771821 0.0003473884
v 0.001004146 0.0009956559 0.000307412
v 0.001048928 0.0009760265 0.0003377552
v 0.0009898221 0.0009817432 0.0003676013
v 0.00112854 -0.001784218 0.0003539865
v 0.001120415 0.0009511929 0.0003234657
v 0.001226889 -0.001789586 0.0003591916
v 0.00120112 0.0009243358 0.0003469443
v 0.001323436 -0.001790683 0.0003625186
v 0.001267279 0.0009020963 0.0003359158
v 0.001323975 0.0008765494 0.0003624754
v 0.001294355 0.0008874944 0.0003984094
v 0.001422192 -0.001787363 0.0003579768
v 0.001380182 0.0008376174 0.0003321681
v 0.001464861 0.0007921506 0.0003734507
v 0.001523073 -0.001783304 0.0003570238
v 0.001513189 0.000758815 0.0003308748
v 0.001624178 -0.00177871 0.0003630643
v 0.001577057 0.0007150699 0.0003320652
v 0.001644433 0.00066821 0.0003513198
v 0.001725758 -0.001774203 0.0003742555
v 0.001694805 0.0006171252 0.0003293614
v 0.001745317 0.0005768375 0.0003662414
v 0.001807182 -0.001774522 0.0003979279
v 0.001793543 0.0005166167 0.0003461376
v 0.001880442 0.0004220176 0.0003738591
v 0.001837022 0.0004840728 0.0003866611
v 0.001907106 -0.001753095 0.000392322
v 0.001936407 0.0003384063 0.000370808
v 0.002042397 -0.000002820577 0.0003398674
v 0.002007775 0.0002244423 0.0003701967
v 0.001989198 0.0002802164 0.0003824585
v 0.001927223 0.0003909606 0.0004127633
v 0.00200812 -0.001740177 0.000436684
v 0.0020443 -0.0000587521 0.0003335309
v 0.002071402 0.00003616074 0.0003715363
v 0.002044849 0.000161529 0.0003855518
v 0.002053629 -0.001681129 0.0003828434
v 0.00207798 -0.001604875 0.0003486128
v 0.002096084 -0.001508501 0.0003225464
v 0.00211385 -0.001409476 0.0003047513
v 0.002113743 -0.0003676888 0.0003424104
v 0.002093841 -0.0002760009 0.0003427607
v 0.002083984 -0.0001793989 0.0003489387
v 0.002077247 -0.0001029499 0.0003534938
v 0.00207436 0.00009200673 0.0003895494
v 0.002093143 -0.00003258085 0.0003775002
v 0.002043866 0.0002178139 0.0004063061
v 0.002031642 0.0002579592 0.0004190271
v 0.002154029 -0.001385971 0.0003459171
v 0.002158938 -0.0004455701 0.0003619815
v 0.002175189 -0.001317571 0.0003517578
v 0.002198298 -0.00120721 0.0003464002
v 0.002218061 -0.00111019 0.0003423956
v 0.002212361 -0.001026658 0.000316448
v 0.002187465 -0.0007899606 0.0003063847
v 0.002188595 -0.0006917017 0.0003308357
v 0.002187243 -0.0006005421 0.0003514252
v 0.002190212 -0.0005255337 0.0003705407
v 0.002082454 -0.001701427 0.0004417166
v 0.002113908 -0.001641879 0.0004149213
v 0.002135604 -0.001557009 0.0003909376
v 0.00214834 -0.00146274 0.0003672991
v 0.002160371 -0.0003792914 0.0003756385
v 0.002156546 -0.0003188163 0.0003826041
v 0.002148574 -0.0002260314 0.0003909069
v 0.002138698 -0.0001195499 0.0004007286
v 0.002152192 -0.00003279498 0.0004312672
v 0.002122571 0.00004768541 0.000425816
v 0.0022521 -0.0009931212 0.0003686525
v 0.002208785 -0.0008826824 0.0003138036
v 0.002263996 -0.0009117629 0.0003841608
v 0.00224355 -0.001231353 0.0004256618
v 0.00224688 -0.00115361 0.0004016323
v 0.00225251 -0.001066556 0.0003834631
v 0.002242133 -0.0008283961 0.0003607984
v 0.002244217 -0.0007452545 0.0003769067
v 0.002242806 -0.0006500719 0.000392841
v 0.002238086 -0.0005628153 0.000404569
v -0.001512322 0.00002613917 0.0004452423
v -0.001520177 0.0001038293 0.0004620894
v -0.001521599 0.0001964439 0.0004616469
v -0.001512674 0.0002711533 0.000460015
v -0.00148937 -0.0000409656 0.0004017366
v -0.001486072 0.0003108017 0.0004741122
v -0.001446042 0.0003791577 0.0004875602
v -0.00142813 0.0005064468 0.0004657373
v -0.001407916 0.0005893481 0.0004565924
v -0.001452018 -0.00000486411 0.0004700419
v -0.001446936 0.0000628567 0.0005037569
v -0.001459812 0.0001586576 0.0005073265
v -0.001463 0.0002623144 0.0004988436
v -0.001399607 -0.00004906052 0.0004582603
v -0.001376172 0.0006266573 0.0004658564
v -0.001326702 0.0006789163 0.0004698441
v -0.001299446 0.0007673136 0.000443284
v -0.001391801 0.000005373562 0.0005125362
v -0.001382251 0.0003912851 0.0005327341
v -0.00137871 0.0004681714 0.0005137474
v -0.001361229 0.0005730285 0.0004918758
v -0.001314741 -0.00009357964 0.0004498968
v -0.001230765 0.0007978461 0.0004430739
v -0.001238672 -0.0001178381 0.0004630943
v -0.001238276 0.0006763155 0.000501956
v -0.001256393 0.0007365542 0.000470411
v -0.001200705 -0.0001533764 0.0004208339
v -0.001161364 0.0008017105 0.0004434461
v -0.001114032 0.0007639106 0.000461821
v -0.001168986 -0.0001214534 0.000488829
v -0.001159776 0.0006626073 0.0005183948
v -0.001180104 0.0007393102 0.0004788295
v -0.001097491 -0.0001708238 0.0004539585
v -0.001039893 0.0007442316 0.0004579131
v -0.001020963 -0.0002075571 0.0004583016
v -0.001113318 -0.0001233084 0.0005077141
v -0.001077921 0.000620553 0.0005330279
v -0.001094161 0.0007035292 0.0004930848
v -0.000984029 -0.0002458051 0.0004183938
v -0.0009636303 0.0007192905 0.0004534318
v -0.0009122765 0.0006726448 0.0004700075
v -0.000958498 -0.00021843 0.0004826399
v -0.0009887201 0.0005910082 0.0005332748
v -0.0009935467 0.0006664475 0.0004945461
v -0.000895849 -0.000272646 0.0004544925
v -0.0008319645 0.0006561194 0.0004585517
v -0.0008315885 -0.0003134417 0.0004641261
v -0.0009103979 -0.000224329 0.0005028346
v -0.0008856312 0.0005941378 0.0005101316
v -0.0007798583 -0.0003565345 0.0004396686
v -0.0007356458 0.0006386376 0.00044788
v -0.0007067462 -0.0003993861 0.0004510923
v -0.0007991894 -0.0003175832 0.0004842989
v -0.000777997 0.0005255143 0.0005256092
v -0.0007815032 0.0005973294 0.0004862126
v -0.0006681696 -0.0004352391 0.0004253532
v -0.0006563804 0.0006198518 0.0004469556
v -0.0006107064 0.0005839359 0.0004665302
v -0.0006480254 -0.0004117933 0.0004890186
v -0.0006834513 0.0004998955 0.0005251142
v -0.0006874464 0.000569504 0.0004864619
v -0.0005900999 -0.00046806 0.0004578977
v -0.0005537037 0.0005813694 0.0004637176
v -0.0005203388 -0.0005217981 0.0004607551
v -0.0005108529 0.0006104074 0.0004419256
v -0.0006022986 -0.0004210819 0.0005167932
v -0.0005820964 0.0005212044 0.0005040391
v -0.0004586236 -0.0005694905 0.0004659263
v -0.0004369229 0.0006146661 0.0004398906
v -0.0004042041 -0.0006100784 0.0004796271
v -0.0004799275 -0.0005270822 0.0005041813
v -0.0004665455 0.0005011738 0.0005138603
v -0.0004900031 0.0005641441 0.0004743113
v -0.0003674781 -0.0006575747 0.0004468802
v -0.000341274 0.0006201662 0.000442259
v -0.0003025931 -0.000708908 0.0004629141
v -0.0003741959 -0.0006186988 0.0005043876
v -0.0003651507 0.0004985175 0.0005202545
v -0.0003988259 0.0005597672 0.0004797721
v -0.0002547885 -0.0007605609 0.000450149
v -0.0002394254 0.0006302822 0.000446959
v -0.000196473 -0.0008094079 0.0004682157
v -0.000268335 -0.0007180609 0.0005012359
v -0.0002660525 0.0005030256 0.0005268456
v -0.0003005208 0.0005632215 0.0004853009
v -0.00015101 -0.0008599485 0.0004561268
v -0.0001373857 0.0006414515 0.0004560894
v -0.000091985 -0.000906706 0.000474585
v -0.0001638735 -0.0008173343 0.0005059121
v -0.000171835 0.0005099814 0.0005349013
v -0.0001982865 0.0005711089 0.000493104
v -0.00004358205 -0.0009551978 0.0004656105
v -0.00005786416 0.000657846 0.0004619324
v 0.00001759213 -0.0009999692 0.0004827173
v -0.00001181818 0.0007031045 0.0004421279
v -0.00005877285 -0.0009137386 0.0005115079
v -0.00007928984 0.0005830761 0.000506319
v 0.00005083256 -0.001043245 0.0004547623
v 0.00005898178 0.0007299139 0.0004441728
v 0.00006366704 -0.001015068 0.0005216348
v 0.00003934744 0.0006017862 0.0005225067
v 0.00001199984 0.0006599464 0.0004786986
v 0.00009431654 -0.001092049 0.0004298738
v 0.0001326606 0.000760889 0.0004476478
v 0.000161482 -0.001128631 0.0004683207
v 0.0001800085 0.0008180729 0.0004214076
v 0.000133059 0.0006174413 0.0005397785
v 0.0001150812 0.00068828 0.0004912306
v 0.0002104102 -0.001185869 0.0004410691
v 0.0002588561 0.0008358464 0.0004396349
v 0.000274527 -0.001225896 0.00047463
v 0.0002152995 0.0006880256 0.0005261238
v 0.0002036031 0.0007626766 0.0004732692
v 0.0003239985 -0.001283039 0.000446766
v 0.0003311256 0.0008632295 0.0004466153
v 0.0003864365 -0.001315761 0.0004970033
v 0.0003844569 0.0009185149 0.0004117882
v 0.0003098666 0.0007803204 0.0005028013
v 0.0004203854 -0.001370109 0.0004352092
v 0.0004694879 0.0009241364 0.0004379343
v 0.0004928123 -0.001412701 0.000496296
v 0.0004109455 0.0007932135 0.0005350868
v 0.0004015113 0.0008599266 0.0004775257
v 0.0005365682 -0.001471685 0.0004441089
v 0.0005652558 0.000935941 0.0004528193
v 0.0005939365 -0.001520193 0.0004894261
v 0.0004996312 0.0008609365 0.0005115272
v 0.000643064 -0.001577784 0.0004365093
v 0.0006731258 0.0009454051 0.0004643323
v 0.0006884805 -0.001622351 0.0004952761
v 0.0006034601 0.0008904267 0.0005163726
v 0.0007421056 -0.001672707 0.0004519336
v 0.0007638462 0.0009650357 0.0004452844
v 0.0007974672 -0.001711533 0.0004876755
v 0.0008636896 -0.00174022 0.0004209232
v 0.0008520079 0.0009510244 0.0004603532
v 0.0008406354 0.0009055827 0.0005238715
v 0.0009440572 -0.001766571 0.0004335483
v 0.0009594691 0.0009505569 0.000441028
v 0.0009194852 0.0009089956 0.0005109309
v 0.001033913 -0.001784199 0.0004423576
v 0.001062958 0.0009443365 0.0004109166
v 0.001018702 0.0009050681 0.0004965017
v 0.001128729 -0.001793142 0.0004495473
v 0.001163429 0.0009213627 0.0004091827
v 0.001120297 0.0008950966 0.0004832949
v 0.001226916 -0.001796216 0.0004542669
v 0.001240537 0.00090395 0.00040403
v 0.001278112 0.0008770626 0.0004459263
v 0.00121362 0.000883203 0.0004692884
v 0.001327545 -0.001796407 0.0004545076
v 0.00133965 0.00085308 0.0004285851
v 0.001429343 -0.00179566 0.0004520835
v 0.001415158 0.0008149733 0.0004307707
v 0.001472224 0.0007811164 0.0004464816
v 0.001437556 0.0007876171 0.0004877595
v 0.001530896 -0.001794953 0.0004514545
v 0.001533989 0.0007461174 0.0004150619
v 0.001631486 -0.001794377 0.0004547098
v 0.001610521 0.0006992741 0.0004129995
v 0.001653899 0.0006711285 0.0004128079
v 0.001645908 0.0006668585 0.0004702212
v 0.001728452 -0.001793847 0.0004625473
v 0.001693793 0.0006338569 0.0004109315
v 0.001738972 0.0005893915 0.0004487087
v 0.001695998 0.0006207748 0.0004929783
v 0.001824265 -0.001789139 0.0004707766
v 0.001794893 0.0005335974 0.0004363101
v 0.001862613 0.0004689863 0.0004621449
v 0.001918591 -0.001780194 0.0004864902
v 0.001913701 0.0004182793 0.0004482345
v 0.001960902 0.0003704584 0.0004654173
v 0.001991452 -0.001770982 0.0005146347
v 0.002001809 0.0003115513 0.0004351792
v 0.002077886 0.0002142938 0.0004581743
v 0.002046292 0.000277504 0.0004711142
v 0.002071577 -0.00173581 0.0005136454
v 0.002103439 0.0001343539 0.0004389907
v 0.002132372 -0.001675727 0.000483501
v 0.002165638 -0.001600506 0.0004630669
v 0.002184868 -0.001504619 0.0004407052
v 0.002188597 -0.001403936 0.0004037004
v 0.002224042 -0.001317071 0.0004274709
v 0.002211654 -0.0003792809 0.0004159431
v 0.002209798 -0.0002770672 0.0004306403
v 0.00220592 -0.0001810105 0.0004457231
v 0.002203424 -0.00008335083 0.0004677929
v 0.002191942 0.00001713042 0.0004919642
v 0.002154402 0.0001049269 0.0004901988
v 0.002126241 0.0001671512 0.0004905328
v 0.002261806 -0.001279683 0.0004781393
v 0.002228964 -0.0004779383 0.0004127364
v 0.002282454 -0.001198782 0.000484458
v 0.002280785 -0.001107702 0.0004446109
v 0.002296809 -0.001007895 0.0004478422
v 0.002311316 -0.0009042096 0.0004567634
v 0.002295211 -0.0008109894 0.0004334871
v 0.002295912 -0.0006974043 0.0004458158
v 0.002290652 -0.0005983784 0.0004528465
v 0.00227789 -0.0005188994 0.0004510343
v 0.002259076 -0.001346309 0.0005016117
v 0.002286977 -0.0004292973 0.0004765516
v 0.002269601 -0.0003196097 0.0004774073
v 0.002255237 -0.0002338734 0.0004793419
v 0.00226468 -0.0001469841 0.0005144093
v 0.002246172 -0.00004431221 0.0005306841
v 0.002336832 -0.001022465 0.000530733
v 0.00234138 -0.0009412522 0.0005198055
v 0.002344632 -0.0008439992 0.000513843
v 0.002343432 -0.0007415679 0.0005129251
v 0.002340174 -0.0006351109 0.0005163043
v 0.002330267 -0.000522772 0.0005150156
v 0.002340198 -0.0004320989 0.0005401252
v 0.00232456 -0.0003511187 0.0005349406
v 0.002306843 -0.000245228 0.0005376943
v -0.001389312 0.000129575 0.0005469869
v -0.001398544 0.0002228202 0.0005436829
v -0.00139834 0.0003162016 0.0005354542
v -0.001377088 0.00006003172 0.0005432741
v -0.00134762 0.0003620032 0.0005578512
v -0.001331754 0.00002862157 0.0005486368
v -0.001329611 0.0004344569 0.0005513188
v -0.001314111 0.000521034 0.0005350591
v -0.001286229 0.0006052694 0.0005175262
v -0.001307672 0.0001036176 0.0005742829
v -0.001325435 0.0002000528 0.0005766574
v -0.001337363 0.0002920664 0.0005692114
v -0.001321032 -0.00002868241 0.000515148
v -0.001214514 0.0006092039 0.0005369517
v -0.001244297 0.00003291756 0.0005668457
v -0.001221798 0.0001186487 0.0005960463
v -0.001242631 0.0001917976 0.000599049
v -0.001259922 0.00028383 0.0005935529
v -0.001279053 0.0003816161 0.0005787204
v -0.001264654 0.0004805186 0.0005648176
v -0.001255233 0.0005529925 0.0005481525
v -0.001223983 -0.00006162473 0.0005191308
v -0.001152202 0.0006004239 0.0005469823
v -0.001117606 0.0005557486 0.0005621627
v -0.001137976 0.000007171029 0.000572775
v -0.001147337 0.00009864853 0.0005993006
v -0.001155865 0.0001873008 0.0006104628
v -0.001172024 0.0002776526 0.0006080766
v -0.001191346 0.0003714754 0.0005968053
v -0.001210911 0.0004487733 0.0005828109
v -0.001191661 0.0005339701 0.0005652651
v -0.001123133 -0.00007477086 0.0005380237
v -0.001044989 0.0005375655 0.0005620352
v -0.001053745 -0.0001094607 0.0005297662
v -0.001028012 -0.00001452581 0.0005775187
v -0.001050198 0.00008667934 0.0006019363
v -0.001064867 0.0001798248 0.0006133103
v -0.001079394 0.0002718751 0.0006131377
v -0.001097485 0.0003666905 0.0006028651
v -0.001124355 0.0004685457 0.000583931
v -0.001001918 -0.0001647901 0.0005077325
v -0.0009505097 0.0005211598 0.0005553164
v -0.0009457314 -0.00008660313 0.0005642716
v -0.0009261959 0.00001001418 0.0005955774
v -0.0009501972 0.00008577584 0.0006057007
v -0.000968695 0.0001768624 0.0006127461
v -0.0009866621 0.000265804 0.0006122845
v -0.001001078 0.0003554979 0.0006026449
v -0.00101995 0.0004491364 0.0005846178
v -0.0009197528 -0.0001753896 0.0005312834
v -0.000866443 0.000508018 0.0005479225
v -0.0008565788 -0.000217571 0.0005278765
v -0.0008212452 0.0004572665 0.0005605728
v -0.000831668 -0.0001217369 0.0005777641
v -0.0008475154 -0.00001128669 0.0005998288
v -0.0008558445 0.00008517064 0.0006101385
v -0.0008715542 0.0001772759 0.0006114639
v -0.0008924745 0.0002676706 0.0006071969
v -0.000921117 0.0003394993 0.0006005582
v -0.0009122225 0.0004308249 0.0005793788
v -0.0008175601 -0.0002774959 0.0005064124
v -0.0007410974 0.0004426117 0.0005558013
v -0.0007568263 -0.0003078045 0.00051592
v -0.0007497728 -0.0002143794 0.0005723381
v -0.0007346798 -0.000106851 0.0006088962
v -0.0007554184 -0.00002300193 0.0006138377
v -0.0007647513 0.00007647368 0.000616508
v -0.0007750628 0.0001747577 0.0006123036
v -0.0007932023 0.0002702963 0.000601964
v -0.0008251378 0.0003686519 0.0005858112
v -0.0006992431 -0.000360174 0.0005069601
v -0.0006428104 0.0004357991 0.0005497755
v -0.0006814837 -0.0002980541 0.0005668162
v -0.0006471983 -0.0002286539 0.0006147135
v -0.000655769 -0.0001316229 0.0006307888
v -0.0006715304 -0.00003342067 0.0006332168
v -0.0006747603 0.00006512125 0.0006291749
v -0.0006783251 0.0001676613 0.0006184305
v -0.0006922643 0.0002656471 0.0006015574
v -0.0007151177 0.0003578136 0.0005804919
v -0.0006099321 -0.0003642335 0.0005616193
v -0.0005389091 0.0004328103 0.0005481799
v -0.0005552956 -0.0004255795 0.0005466794
v -0.0006153011 -0.000290692 0.0006059018
v -0.0006003573 -0.00004380117 0.0006533284
v -0.0005975812 0.00004534814 0.0006469069
v -0.0005759345 0.0001562129 0.0006330329
v -0.0005897633 0.0002604899 0.0006072934
v -0.000612333 0.0003522369 0.0005796023
v -0.0004961318 -0.0004773154 0.0005401983
v -0.0004339717 0.0004298788 0.0005533742
v -0.0004394728 -0.0005288493 0.0005405276
v -0.0005070766 -0.0004266373 0.0005794345
v -0.0004784781 0.0002602164 0.0006194672
v -0.0005077688 0.0003503953 0.0005839979
v -0.0003847156 -0.0005745364 0.0005422021
v -0.000332086 0.0004341044 0.000559513
v -0.0003363814 -0.0006235989 0.0005373898
v -0.0003977721 -0.0005280973 0.0005761238
v -0.0003673806 0.0002919918 0.0006234492
v -0.0004019267 0.0003574154 0.000590389
v -0.0002827429 -0.0006714942 0.0005378322
v -0.0002333997 0.0004427802 0.000565751
v -0.0002308222 -0.0007229217 0.0005386374
v -0.0002949771 -0.0006256866 0.0005750071
v -0.0002750034 0.0003066896 0.0006299989
v -0.0002978607 0.0003699353 0.0005967962
v -0.0001777173 -0.0007710314 0.0005412603
v -0.0001547701 0.0004582399 0.0005675043
v -0.0001274254 -0.0008215147 0.00054206
v -0.0001027806 0.0005052276 0.0005485366
v -0.0001912571 -0.0007248439 0.000577446
v -0.0001816718 0.0003808952 0.0006060601
v -0.00007419404 -0.0008686691 0.0005448539
v -0.0000239918 0.0005248076 0.000552602
v -0.00002171824 -0.0009179108 0.0005471492
v -0.00008879072 -0.0008230305 0.0005796073
v -0.00006673169 0.0003929024 0.0006173329
v -0.00008646148 0.0004542934 0.0005809116
v 0.00003516906 -0.0009640509 0.000552586
v 0.00007298147 0.0005436411 0.0005649096
v 0.00008956763 -0.001005732 0.0005641946
v 0.00001704289 -0.0009198246 0.0005839776
v 0.00002791344 0.0004062992 0.0006281446
v 0.00000853628 0.0004674901 0.0005922636
v 0.0001261666 -0.001056483 0.0005352065
v 0.0001517183 0.0005691502 0.0005729757
v 0.0001924247 -0.001108977 0.0005476206
v 0.0001964248 0.0006200698 0.0005588819
v 0.0001195626 -0.001013795 0.0005842188
v 0.0001242101 0.0004888893 0.0006091418
v 0.0002427247 -0.001160364 0.000538055
v 0.0002486875 0.0006484983 0.000561931
v 0.0003018694 -0.001209095 0.0005521024
v 0.0002894082 0.000700069 0.0005475667
v 0.0002257881 -0.00111753 0.0005780164
v 0.0002321022 0.0005114667 0.0006300911
v 0.0002266225 0.0005819746 0.0005913718
v 0.0003496667 -0.00125641 0.0005459199
v 0.0003570607 0.0007271284 0.000558403
v 0.0004063915 -0.001300909 0.0005632826
v 0.0003309652 -0.001216638 0.0005823717
v 0.0003166526 0.000586839 0.0006212983
v 0.0003081769 0.0006545603 0.0005816296
v 0.0004546677 -0.001346153 0.0005569995
v 0.0004132529 0.0007453089 0.0005698052
v 0.0005152114 -0.001396697 0.0005760409
v 0.000477892 0.0007714045 0.0005747417
v 0.0004318091 -0.001305921 0.0005925196
v 0.0004018147 0.0006818268 0.0006021312
v 0.0005607883 -0.001455017 0.0005613011
v 0.0005675614 0.0008264302 0.0005640442
v 0.0006108115 -0.001515911 0.0005687993
v 0.0005441795 -0.001407877 0.0006086868
v 0.0005505387 0.0007665745 0.0006024132
v 0.0006413116 -0.001566126 0.0005334743
v 0.000639725 0.0008549294 0.0005594449
v 0.0006899057 -0.001603943 0.000595992
v 0.0006782161 0.0008952687 0.0005274542
v 0.0006456123 -0.001546863 0.0006030399
v 0.0006328951 0.0007939874 0.0006033024
v 0.0007409747 -0.00166559 0.000546356
v 0.0007600975 0.0009159169 0.000510281
v 0.000804577 -0.001708581 0.0005802295
v 0.0007990437 0.0008726948 0.0005588085
v 0.0007147791 0.0007881129 0.0006209647
v 0.0007180841 0.0008508822 0.000572419
v 0.0008680442 -0.001745723 0.0005126093
v 0.0008745022 0.000863837 0.0005655825
v 0.0008047973 0.0008125432 0.0006095896
v 0.0009497176 -0.001771181 0.0005255964
v 0.0009701273 0.0008594494 0.0005613976
v 0.000915146 0.0008079098 0.000614176
v 0.001036117 -0.001785331 0.0005345109
v 0.001072749 0.0008525979 0.0005529865
v 0.001019896 0.0008028402 0.0006118506
v 0.001128379 -0.001790712 0.0005450505
v 0.001177601 0.0008426417 0.0005400527
v 0.001126181 0.0007939928 0.0006055799
v 0.001228635 -0.001793115 0.0005507119
v 0.001284 0.000834873 0.0005100457
v 0.001241182 0.0007773163 0.0005964752
v 0.001331963 -0.001795087 0.0005505758
v 0.001375986 0.0008098015 0.000496921
v 0.001418428 0.000769062 0.0005342944
v 0.001324733 0.0007238657 0.0006260856
v 0.001346787 0.00077452 0.0005635956
v 0.001434264 -0.001797227 0.0005476099
v 0.001492749 0.0007419526 0.0005084554
v 0.001430265 0.0007134551 0.0005911705
v 0.001534451 -0.00179908 0.0005464213
v 0.001579281 0.0007027945 0.0004861025
v 0.001610892 0.0006729044 0.00051938
v 0.001559256 0.0006673126 0.0005689762
v 0.00163372 -0.001800521 0.0005483753
v 0.001644565 0.0006416274 0.00053597
v 0.001685686 0.0006084974 0.0005433275
v 0.001647828 0.0005955503 0.0005975416
v 0.001732627 -0.001800526 0.0005526906
v 0.001739296 0.0005645461 0.0005327566
v 0.001714206 0.0005335498 0.000621917
v 0.001830382 -0.001797156 0.0005606259
v 0.00181269 0.0005106529 0.0005144036
v 0.00185257 0.0004687958 0.0005465611
v 0.001792536 0.0004994557 0.0005872092
v 0.001923178 -0.001788918 0.0005732854
v 0.001914457 0.0004192394 0.0005307689
v 0.001980577 0.0003640707 0.0005525259
v 0.002010659 -0.001770608 0.0005850144
v 0.002021083 0.0003207194 0.0005080088
v 0.002076191 0.0002608408 0.0005337677
v 0.00209083 -0.001740443 0.0006015197
v 0.00211708 0.0002056622 0.0005218236
v 0.002144546 -0.001696319 0.0005580825
v 0.00217896 -0.00163932 0.0005274324
v 0.002216427 -0.00155629 0.0005314244
v 0.002232836 -0.001431749 0.0004918264
v 0.002200292 0.00008638011 0.0005523604
v 0.002154752 0.0001563606 0.0005403102
v 0.002273627 -0.001395915 0.0005550518
v 0.002233423 0.00002378996 0.0005488093
v 0.002293597 -0.001301554 0.0005574991
v 0.00232239 -0.001203315 0.000577315
v 0.002318293 -0.001107449 0.0005213048
v 0.002288607 -0.00008485413 0.0005816111
v 0.002260419 -0.00000463138 0.0005827729
v 0.002248934 -0.001565575 0.0006069744
v 0.002263639 -0.001484594 0.0005828421
v 0.002237312 0.00004910093 0.0005836859
v 0.002348622 -0.001064735 0.0005797491
v 0.002309845 -0.0001636622 0.0005685164
v 0.002365027 -0.0009807849 0.0006002565
v 0.002373581 -0.0008785626 0.0005873402
v 0.002379332 -0.0007812922 0.0005883277
v 0.002379418 -0.0006777398 0.0005921212
v 0.00237383 -0.0005716464 0.000589329
v 0.002369045 -0.0004729246 0.0005906362
v 0.002361589 -0.0003846737 0.000592818
v 0.002347601 -0.0002964968 0.0005967395
v 0.002334121 -0.0002085544 0.0006054452
v 0.00234488 -0.001195655 0.0006360979
v 0.002345064 -0.001134298 0.0006038858
v 0.002319298 -0.0001387554 0.0006103008
v -0.0005864277 -0.0001741965 0.00065043
v -0.0005850836 -0.0001048369 0.0006585076
v -0.0005828165 -0.0002436704 0.000637145
v -0.0005448807 -0.00005279468 0.0006689958
v -0.0005471021 -0.0003010147 0.0006270246
v -0.0005336447 0.0000201041 0.0006649652
v -0.0005201411 0.0001064991 0.00065471
v -0.0004905853 0.0001788753 0.0006436897
v -0.0005086854 -0.0002082772 0.0006653432
v -0.0005253322 -0.0001132758 0.0006724226
v -0.0005195094 -0.0003760041 0.0006025371
v -0.0004198079 0.0002136169 0.0006451646
v -0.0004540075 -0.0004157006 0.0006113684
v -0.0004372196 -0.000304581 0.0006621518
v -0.0004225924 -0.0001928461 0.0006896649
v -0.0004445322 -0.0001128212 0.0006891998
v -0.0004673936 -0.00001770652 0.0006811629
v -0.0004593511 0.00008249313 0.0006702832
v -0.0004568881 0.0001491457 0.0006578229
v -0.0004143456 -0.0004823221 0.0005945089
v -0.0003343757 0.000234142 0.0006505685
v -0.0003502147 -0.0005187896 0.0006103561
v -0.0003440592 -0.0004127362 0.0006623926
v -0.0003360576 -0.0002996336 0.000698239
v -0.0003524893 -0.0002140077 0.0007048953
v -0.000358952 -0.0001173979 0.0007070576
v -0.0003701074 -0.00002138376 0.0006986958
v -0.0003785217 0.00007499057 0.0006838589
v -0.000390805 0.0001560919 0.0006657493
v -0.0003106458 -0.0005823143 0.0005947537
v -0.0002618459 0.0002534298 0.000653777
v -0.0002493262 -0.0006195476 0.0006106194
v -0.000209808 0.0003017232 0.0006408523
v -0.0002459848 -0.0005233716 0.0006641724
v -0.0002400996 -0.0004168525 0.0007055445
v -0.0002638447 -0.0003291753 0.0007160587
v -0.0002721949 -0.0002316609 0.0007250542
v -0.000274146 -0.0001316587 0.0007246431
v -0.0002759562 -0.00002828731 0.0007155341
v -0.0002832127 0.00007240261 0.0006983476
v -0.0002919368 0.0001726919 0.0006743766
v -0.0002089262 -0.0006817445 0.0005957248
v -0.0001333961 0.0003176893 0.0006431528
v -0.000148267 -0.0007191064 0.0006126634
v -0.0001516823 -0.0006264207 0.000665139
v -0.0001588328 -0.0005421183 0.0007004055
v -0.0001557775 -0.0004616047 0.0007253708
v -0.000181071 -0.0003536032 0.0007385084
v -0.0001951522 -0.0002556469 0.0007434688
v -0.0001956744 -0.0001558864 0.0007427426
v -0.0001748792 -0.0000409022 0.0007349572
v -0.0001826633 0.00006786505 0.0007140418
v -0.0001925788 0.0001635827 0.0006896628
v -0.0001993123 0.000244427 0.0006641935
v -0.0001070148 -0.0007804682 0.000597814
v -0.00003805094 0.0003323887 0.0006506193
v -0.00004679709 -0.0008174256 0.00061437
v -0.00005431569 -0.0007256885 0.0006665311
v -0.00006805437 -0.0006407749 0.0007021814
v -0.00007725079 -0.0005557358 0.0007288045
v -0.00007344781 0.00006897088 0.000731352
v -0.00008846802 0.0001676839 0.000702615
v -0.0001072095 0.0002504635 0.0006733723
v -0.000003533946 -0.000878114 0.0006005773
v 0.0000409177 0.0003539394 0.0006551387
v 0.00005798134 -0.0009151742 0.0006179621
v 0.00009546378 0.0004064234 0.0006425857
v 0.00004550253 -0.0008245943 0.0006681476
v 0.00002763014 -0.000739913 0.0007034488
v 0.00001282882 -0.0006551197 0.0007309611
v 0.00003166003 0.0001015502 0.0007412526
v 0.00001994625 0.0001788246 0.0007164945
v 0.000007866298 0.0002733337 0.0006822307
v 0.0001021272 -0.0009741584 0.0006051102
v 0.0001722578 0.0004335934 0.0006493349
v 0.0001583774 -0.001015284 0.0006134904
v 0.0001492541 -0.0009260723 0.0006703206
v 0.0001242733 -0.0008380894 0.0007052518
v 0.0001058497 -0.0007545268 0.0007327202
v 0.0001269056 0.0001846728 0.0007336775
v 0.0001177169 0.0002766055 0.0007016448
v 0.0001091873 0.000353758 0.0006696783
v 0.0002026366 -0.001077137 0.0005959974
v 0.0002503256 0.0004641692 0.0006580523
v 0.0002618687 -0.001119592 0.0006106257
v 0.0002969344 0.0005182773 0.0006480552
v 0.000246234 -0.001039606 0.000661623
v 0.0002596585 -0.0009516598 0.0007220955
v 0.0001943903 -0.0008471773 0.0007356827
v 0.0002311363 0.0002134701 0.000744664
v 0.0002233682 0.0002890074 0.0007196011
v 0.0002182838 0.0003824136 0.0006840606
v 0.0003074877 -0.001178113 0.0005981838
v 0.000352463 0.0005523307 0.0006510062
v 0.0003611829 -0.001215567 0.0006149781
v 0.0003897051 0.000607643 0.0006374575
v 0.0003403035 -0.001138211 0.0006622758
v 0.0003448326 -0.001044294 0.0007252106
v 0.0003216561 0.0002945663 0.000739936
v 0.0003232287 0.0003852233 0.0007103598
v 0.0003280193 0.0004786635 0.0006754803
v 0.0004062732 -0.001269019 0.0006062464
v 0.0004457812 0.0006439172 0.0006387277
v 0.0004569051 -0.001298114 0.0006285115
v 0.0004949028 0.000707105 0.0006208901
v 0.0004259732 -0.00122364 0.0006674638
v 0.0004261878 -0.001137615 0.0007262599
v 0.0004207593 0.0003879502 0.0007355349
v 0.0004232123 0.0004794676 0.0007032711
v 0.0004250372 0.0005692186 0.0006668318
v 0.0005247847 -0.001353306 0.0006431814
v 0.0005756184 0.0007189017 0.0006373379
v 0.0005770958 -0.00141995 0.0006425119
v 0.000492179 -0.001277517 0.0006814067
v 0.0004895302 -0.001216533 0.0007229425
v 0.0005191031 0.000481688 0.0007304772
v 0.0005166268 0.0005692124 0.0006940878
v 0.0005104727 0.0006457911 0.0006576456
v 0.0006263718 -0.001484744 0.0006455306
v 0.0006620881 0.0007293149 0.0006503425
v 0.0007116844 -0.001602078 0.0006643012
v 0.0006771277 -0.001555271 0.0006577777
v 0.0006123794 -0.001430819 0.0006789531
v 0.0006171142 0.0005741434 0.0007197516
v 0.0005969402 0.0006531505 0.0006771353
v 0.0007572903 -0.001651807 0.0006499528
v 0.0007555702 0.0007381717 0.0006590126
v 0.0008188625 -0.001704609 0.0006504855
v 0.00073706 -0.001612452 0.0006915776
v 0.0007199407 -0.001573898 0.0007046201
v 0.0007189979 0.0006030162 0.0007316283
v 0.0006925446 0.0006644721 0.0006927488
v 0.0008803657 -0.001742334 0.0006089694
v 0.0008582954 0.0007463372 0.0006617061
v 0.0008614165 -0.001718379 0.0006792339
v 0.0007985384 0.0006691647 0.0007078719
v 0.0009626037 -0.001768027 0.0005991773
v 0.0009649919 0.0007473749 0.0006620876
v 0.0009102452 0.0006851201 0.0007068271
v 0.001033934 -0.001772657 0.000622475
v 0.001071332 0.0007413595 0.0006600291
v 0.001015934 0.0006848107 0.0007067699
v 0.001130075 -0.001776495 0.000638034
v 0.001174313 0.0007325582 0.0006541139
v 0.001128349 0.0006723576 0.0007071213
v 0.001235283 -0.001780802 0.0006453749
v 0.001252884 0.0007205714 0.0006504266
v 0.001298447 0.0006824198 0.0006709517
v 0.001209068 0.0006221853 0.0007316201
v 0.00122832 0.0006768939 0.0006898994
v 0.001340836 -0.001786742 0.0006419888
v 0.001379483 0.0006619273 0.0006620798
v 0.001309325 0.0006205648 0.0007127409
v 0.001439532 -0.001791265 0.0006374556
v 0.001483935 0.0006373639 0.0006448292
v 0.001430806 0.0005841748 0.0007079171
v 0.001536202 -0.001793207 0.000638838
v 0.001566555 0.0006113029 0.0006342538
v 0.001602272 0.000571601 0.0006576957
v 0.001511741 0.0005235758 0.000730535
v 0.00153392 0.0005759263 0.0006825823
v 0.001635874 -0.001794775 0.000640819
v 0.001652143 0.0005472763 0.0006546295
v 0.001684101 0.0005060005 0.0006767656
v 0.001606502 0.0005199661 0.0007011436
v 0.001735939 -0.001794439 0.0006445247
v 0.001756851 0.0004726273 0.0006619628
v 0.00183566 -0.001789368 0.0006517514
v 0.001861311 0.0004257693 0.0006284764
v 0.001877447 0.0003630536 0.0007058416
v 0.001935235 -0.001777734 0.0006580617
v 0.001940822 0.0003870122 0.0006002588
v 0.001987957 0.0003457102 0.0006132801
v 0.001951882 0.0002952067 0.0007194856
v 0.001942935 0.0003551727 0.0006579348
v 0.002029441 -0.00175718 0.000663275
v 0.002032706 0.0003106745 0.0005809419
v 0.002079358 0.0002558691 0.0006027857
v 0.002042781 0.0002089258 0.0007196763
v 0.00202498 0.000285167 0.0006535064
v 0.002110301 -0.001725306 0.0006720921
v 0.002124595 0.0002066185 0.0005773843
v 0.002152082 -0.001702912 0.0006246925
v 0.002207544 -0.001636538 0.000606948
v 0.002173085 0.0001414968 0.0005980419
v 0.002138629 0.0001105719 0.0007113054
v 0.002115354 0.0001907898 0.0006484532
v 0.002250517 -0.001592501 0.0006409046
v 0.002215774 0.00008600226 0.0006035757
v 0.002280254 -0.001532272 0.0006660107
v 0.002303436 -0.001405841 0.000639562
v 0.002334295 -0.001271344 0.0006697515
v 0.002272402 -0.000024991 0.0006245322
v 0.002242755 0.00003685403 0.0006235369
v 0.002242662 -0.001611763 0.0006762462
v 0.002236352 -2.575628e-8 0.0006870049
v 0.002192832 0.00009761834 0.0006483742
v 0.00235025 -0.001205109 0.0006697146
v 0.002297196 -0.00008367874 0.0006432033
v 0.002355683 -0.001153814 0.0006651427
v 0.002363141 -0.001066783 0.0006551403
v 0.002377284 -0.0009795454 0.000680019
v 0.002387844 -0.0008982991 0.0006641156
v 0.002395908 -0.0008181708 0.0006501588
v 0.00240739 -0.0007248584 0.0006832725
v 0.002397364 -0.0006126449 0.0006696047
v 0.002389323 -0.0005106722 0.0006590317
v 0.00237872 -0.0004180426 0.0006552887
v 0.002366426 -0.000339937 0.0006481034
v 0.002347276 -0.000252875 0.0006700004
v 0.002326716 -0.0001598961 0.0006562453
v 0.002300251 -0.001524937 0.0007255087
v 0.002314206 -0.001464033 0.000715477
v 0.00233014 -0.00137611 0.0007213407
v 0.002350816 -0.001192319 0.0007096653
v 0.002319691 -0.0001786245 0.0007115959
v 0.002293164 -0.000102887 0.0006970093
v 0.00242416 -0.0007413244 0.000734646
v -0.00009801124 -0.0003767474 0.0007589157
v -0.0001162465 -0.000278288 0.0007613891
v -0.0001233179 -0.000182346 0.0007593944
v -0.0001172867 -0.00009179123 0.0007537762
v -0.00009001451 -0.000016906 0.0007478293
v -0.00007429 -0.0004598175 0.0007541833
v -0.00002075029 0.00002255607 0.0007518287
v -0.00001889503 -0.0004971516 0.0007640547
v -0.000007641141 -0.0004060197 0.0007788955
v -0.00003311248 -0.0002981725 0.0007785981
v -0.0000454992 -0.0002003278 0.0007746883
v -0.00005021934 -0.0001103696 0.0007673846
v -0.0000532509 -0.00004431151 0.0007590923
v 0.000008694258 -0.0005616774 0.0007584317
v 0.00004696034 0.00005072514 0.0007564187
v 0.00006707388 -0.0005986604 0.0007681156
v 0.00009642878 0.000103804 0.0007513241
v 0.00006936694 -0.0005007562 0.0007872077
v 0.00007416099 -0.0003942394 0.0007990199
v 0.00005238972 -0.000311005 0.000795885
v 0.00003956268 -0.0002130155 0.0007900545
v 0.00003201409 -0.0001170424 0.0007805406
v 0.00002407976 -0.00002511085 0.0007671169
v 0.00009836624 -0.0006642562 0.00076113
v 0.0001707549 0.0001319661 0.0007557856
v 0.0001562899 -0.0007022037 0.0007709013
v 0.0001546655 -0.0006102811 0.0007926024
v 0.000160064 -0.000509346 0.0008105172
v 0.0001408229 -0.0004236345 0.0008127776
v 0.000135602 -0.0003254522 0.0008130003
v 0.0001301017 -0.0002243197 0.0008065872
v 0.0001239001 -0.0001233137 0.0007952405
v 0.000118646 -0.00002745821 0.0007807235
v 0.0001106581 0.00005156667 0.0007652841
v 0.0001876869 -0.000765453 0.0007635176
v 0.0002480322 0.0001635648 0.0007610767
v 0.0002875242 -0.0008868977 0.0007644478
v 0.0002444912 -0.0008073676 0.0007729984
v 0.000296866 0.00022034 0.0007555566
v 0.0002392528 -0.0007155347 0.0007967418
v 0.0002290255 -0.0006312552 0.0008120243
v 0.0002344449 -0.0005551046 0.0008250739
v 0.0002172671 -0.0004517584 0.0008298557
v 0.0002116593 -0.0003539098 0.0008299557
v 0.0002289156 -0.000239661 0.0008263618
v 0.0002223718 -0.0001285713 0.0008118667
v 0.0002184524 -0.00002573192 0.0007953605
v 0.0002154396 0.00007764152 0.0007753395
v 0.0003318682 -0.0009642458 0.0007562039
v 0.0003556318 0.0002554715 0.0007585505
v 0.0003862724 -0.001007788 0.0007664918
v 0.0003980303 0.0003126333 0.0007526794
v 0.0003791855 -0.0009289668 0.0007910936
v 0.0003157591 -0.0008206944 0.0007976152
v 0.0003407624 -0.0007419667 0.0008265694
v 0.0002969186 -0.0006399299 0.0008314176
v 0.0003284285 -0.0001289801 0.0008309759
v 0.0003204152 -0.00002524439 0.0008122295
v 0.0003206996 0.00007577752 0.0007934132
v 0.0003277065 0.000177187 0.0007726389
v 0.0004167473 -0.001066398 0.0007578743
v 0.0004567573 0.0003508271 0.0007565779
v 0.0004654745 -0.00110617 0.0007668486
v 0.0004973139 0.0004076871 0.0007503982
v 0.0004564987 -0.001032677 0.0007908632
v 0.0004698521 -0.0009471941 0.0008240853
v 0.000409758 -0.0008400758 0.000829094
v 0.0004293438 -0.00009411667 0.0008443275
v 0.0004200102 -0.00001808326 0.0008290366
v 0.0004204226 0.00007697952 0.0008117122
v 0.0004254199 0.0001758614 0.0007926238
v 0.0004323077 0.0002739029 0.0007712004
v 0.000491039 -0.00116009 0.0007560384
v 0.0005534876 0.0004431822 0.0007545368
v 0.0005573097 -0.001286744 0.0007256534
v 0.0005353012 -0.001204822 0.0007588598
v 0.0005966501 0.0004982033 0.0007468691
v 0.0005315351 -0.001130027 0.0007898356
v 0.0005450341 -0.00103848 0.0008279774
v 0.0005111094 -0.00001287024 0.0008459544
v 0.0005144392 0.0000780837 0.0008305588
v 0.0005222339 0.0001761075 0.0008136196
v 0.000527342 0.0002743447 0.000793335
v 0.0005310423 0.0003686997 0.000770468
v 0.0005965852 -0.001379054 0.0006987336
v 0.0006697445 0.000529225 0.0007534923
v 0.0006515544 -0.001434233 0.0007157996
v 0.0006547442 -0.001341207 0.0007664028
v 0.0005999575 -0.001225326 0.0007849609
v 0.0006213749 -0.001138021 0.0008289674
v 0.0005911674 0.00007229419 0.0008484097
v 0.0006194122 0.0001735933 0.0008370657
v 0.0006222298 0.0002742385 0.0008166452
v 0.0006254964 0.0003709641 0.0007932294
v 0.0006171383 0.0004500004 0.0007685279
v 0.0006904015 -0.00150867 0.0007113378
v 0.0007417914 0.0005559204 0.0007594385
v 0.0007780562 -0.00161045 0.0007275888
v 0.000747981 -0.001540865 0.0007475772
v 0.0007869728 0.0006034106 0.0007453603
v 0.0007330019 -0.001453572 0.000773473
v 0.0007485732 -0.001356407 0.0008202681
v 0.0006931925 -0.001246867 0.0008266413
v 0.0007028976 0.0002697387 0.000839039
v 0.0007294187 0.0003706565 0.0008194544
v 0.0007187134 0.0004742762 0.0007841099
v 0.000820559 -0.001676877 0.0007043803
v 0.0008618 0.0006187218 0.0007453468
v 0.0008795218 -0.001701255 0.000721271
v 0.000861252 -0.00164791 0.0007587862
v 0.0008327112 -0.001547539 0.0007982976
v 0.0008129317 -0.001437093 0.0008306861
v 0.0008303904 0.0004686259 0.0008089102
v 0.0008081052 0.0005502972 0.000772764
v 0.0009370539 -0.001740349 0.000676782
v 0.0009596392 0.0006245514 0.000746979
v 0.0009444426 -0.001698004 0.0007512666
v 0.0009395698 -0.001629271 0.0008117181
v 0.0009414098 0.0004906222 0.0008148112
v 0.0009018892 0.0005562418 0.0007808824
v 0.001033777 -0.001744057 0.0007073968
v 0.001060242 0.0006208584 0.0007476514
v 0.001043788 -0.001696452 0.0007901921
v 0.00104045 0.000490908 0.0008182932
v 0.001003508 0.0005598941 0.0007839178
v 0.001139107 -0.001750443 0.0007259863
v 0.001139478 0.0006115651 0.0007481831
v 0.001185947 0.0005763331 0.0007643892
v 0.001157771 -0.001718086 0.0008004835
v 0.001134154 0.0004752962 0.0008225571
v 0.001110895 0.0005535816 0.0007839718
v 0.00125524 -0.001758466 0.0007379572
v 0.001261673 0.0005640233 0.0007594716
v 0.00123914 -0.001725578 0.0008117031
v 0.001226271 0.0004385927 0.0008321841
v 0.001204345 0.0005191633 0.0007936838
v 0.001359954 -0.001774448 0.0007106924
v 0.001358099 0.0005425661 0.0007542293
v 0.001331814 0.000420012 0.000829415
v 0.001299188 0.0004934705 0.0007941757
v 0.001441261 -0.001773094 0.0007215407
v 0.001439019 0.0005196068 0.000752143
v 0.001487476 0.0004763315 0.0007691795
v 0.001415672 0.0003984404 0.0008294519
v 0.001406136 0.0004666593 0.0007916988
v 0.001541442 -0.001773737 0.0007253729
v 0.001572852 0.0004589599 0.0007573718
v 0.001507021 0.0004068949 0.0008073192
v 0.001643052 -0.001774634 0.0007271598
v 0.001686664 0.0004451693 0.0007272827
v 0.001638354 0.0003715777 0.0007968077
v 0.001743347 -0.001772271 0.0007310973
v 0.001794377 0.0004069926 0.0007097073
v 0.001828995 0.0003515948 0.0007465964
v 0.001737012 0.000287725 0.0008204986
v 0.001753592 0.0003619628 0.0007670185
v 0.001847687 -0.001760632 0.0007433
v 0.00188236 0.0003180281 0.0007480214
v 0.001915865 0.0002715598 0.0007639732
v 0.001899639 -0.001721857 0.0007978486
v 0.001835745 0.0002035103 0.0008316426
v 0.001840382 0.0002887509 0.0007844479
v 0.001960854 -0.00174791 0.0007332719
v 0.001971855 0.0002352342 0.0007563485
v 0.002012368 0.0001812767 0.0007661314
v 0.002002979 -0.00169324 0.0007964231
v 0.001939174 0.0001103 0.0008345491
v 0.00193576 0.000202404 0.0007926371
v 0.002057139 -0.001724821 0.0007293617
v 0.00207086 0.0001400858 0.0007529322
v 0.00211389 0.0000819026 0.0007586419
v 0.002104536 -0.001673253 0.000774961
v 0.002080264 -0.001623646 0.0008304141
v 0.002044943 0.00001139461 0.0008316293
v 0.0020375 0.0001066286 0.0007911161
v 0.002129785 -0.001697803 0.0007242768
v 0.002171253 0.00003727184 0.0007397419
v 0.002183361 -0.001672189 0.0006842646
v 0.002208634 -0.00001997009 0.0007451479
v 0.002180404 -0.001649219 0.000749207
v 0.002169121 -0.001605199 0.0008016343
v 0.002153265 -0.001554381 0.0008447369
v 0.002147898 -0.00008852357 0.0008233576
v 0.002137833 0.00000747259 0.0007827518
v 0.00222947 -0.001623965 0.0007231018
v 0.002253729 -0.00006692285 0.0007314918
v 0.002270749 -0.001573802 0.0007221677
v 0.002335107 -0.001238795 0.0007656626
v 0.002301129 -0.0001850474 0.0007513763
v 0.00228016 -0.0001335585 0.0007455142
v 0.002243231 -0.001578873 0.0007685865
v 0.002233608 -0.001520356 0.0008204971
v 0.002253527 -0.0001882917 0.0007982578
v 0.002218722 -0.00008138065 0.0007731806
v 0.002289852 -0.001539728 0.0007543559
v 0.002337693 -0.001312438 0.0007474904
v 0.002345003 -0.001161441 0.0007641695
v 0.00232215 -0.0002406066 0.0007436557
v 0.002310102 -0.001496353 0.000753457
v 0.002318849 -0.001434754 0.0007707406
v 0.002332211 -0.001363376 0.0007724692
v 0.002358548 -0.00111636 0.0007213762
v 0.002366439 -0.00102343 0.0007437965
v 0.002382294 -0.0009208051 0.0007398661
v 0.002402893 -0.0008056515 0.0007317626
v 0.002401664 -0.0006556382 0.0007574452
v 0.002389539 -0.0005400552 0.000735239
v 0.002381986 -0.0004534239 0.0007145007
v 0.002356587 -0.0003508099 0.0007284985
v 0.002288315 -0.001505684 0.0007841364
v 0.002289206 -0.00145011 0.0008152812
v 0.002345703 -0.001092713 0.0007882055
v 0.002348563 -0.001025327 0.0008100568
v 0.002309021 -0.0002903739 0.0007934666
v 0.002419783 -0.00074452 0.000759709
v 0.00242418 -0.000711108 0.0007400163
v 0.002429709 -0.0007262999 0.0007516977
v 0.002419803 -0.0007143036 0.0007650795
v 0.0002945788 -0.0004774853 0.0008479379
v 0.000284433 -0.0003831123 0.000847196
v 0.0002868114 -0.0002927569 0.0008439309
v 0.0003119904 -0.0002171235 0.0008413882
v 0.000309753 -0.0005564594 0.000846481
v 0.0003811393 -0.0001752365 0.0008490018
v 0.0003842831 -0.0006740212 0.0008538208
v 0.0003593776 -0.0005953662 0.0008566267
v 0.0003794548 -0.0005060031 0.0008685064
v 0.0003633452 -0.0004029674 0.0008655203
v 0.0003556818 -0.0003115569 0.000859741
v 0.0003501163 -0.000244518 0.0008527042
v 0.0004116832 -0.000754761 0.0008492212
v 0.0004504543 -0.000140878 0.0008568563
v 0.0004997429 -0.0008806887 0.0008540024
v 0.0004648991 -0.0008000153 0.0008591886
v 0.0004923002 -0.0000849732 0.000855178
v 0.0004725151 -0.0007108497 0.0008770776
v 0.0004422161 -0.0005914884 0.000880624
v 0.0004627142 -0.000492975 0.000891013
v 0.0004475027 -0.0004128491 0.0008859022
v 0.0004389428 -0.0003177398 0.000877968
v 0.0004303823 -0.000221035 0.0008653188
v 0.0005361316 -0.0009589476 0.0008481774
v 0.0005475483 -0.00004863528 0.0008603893
v 0.0005875058 -0.001000582 0.0008574043
v 0.000583489 0.000007775113 0.0008580447
v 0.0005868408 -0.0009254298 0.0008768768
v 0.0005451542 -0.0008075286 0.0008864384
v 0.000551337 -0.000711305 0.0009036877
v 0.0005311757 -0.0006255169 0.0009049978
v 0.0005289395 -0.0005227825 0.0009083276
v 0.0005310512 -0.0004228962 0.0009073339
v 0.0005274923 -0.0003252306 0.0008993325
v 0.0005258532 -0.0002255069 0.0008868161
v 0.0005267428 -0.0001254651 0.0008704862
v 0.0006156983 -0.001059497 0.0008517257
v 0.0006406996 0.00005456365 0.0008636136
v 0.0006668475 -0.001100594 0.0008613297
v 0.0006735171 0.0001316418 0.0008581934
v 0.00070235 0.0002063982 0.0008521413
v 0.0006604597 -0.001019124 0.000882417
v 0.0006500976 -0.0009427896 0.0008981381
v 0.0006449895 -0.000864101 0.0009129013
v 0.0006183019 -0.0007518172 0.0009210277
v 0.0006077551 -0.0006526843 0.0009270986
v 0.0006050962 -0.0005531173 0.0009296582
v 0.0006198148 -0.0004400582 0.0009313754
v 0.0006158085 -0.0003344057 0.0009223595
v 0.0006194324 -0.0002310287 0.0009105041
v 0.0006226641 -0.0001276136 0.0008942677
v 0.0006248803 -0.0000255463 0.0008752084
v 0.0006945686 -0.001163754 0.000854396
v 0.0007554352 0.0002568295 0.0008556727
v 0.0007816959 -0.001290587 0.0008588036
v 0.0007463946 -0.001210744 0.0008647032
v 0.0007813369 0.0003240809 0.0008466667
v 0.0008164192 0.0003915913 0.0008355773
v 0.0007428307 -0.001122137 0.0008896973
v 0.0007266828 -0.001039335 0.0009057062
v 0.0007173098 -0.0009601297 0.0009220276
v 0.0006933723 -0.0003430417 0.0009437805
v 0.0007151224 -0.0002377835 0.000936468
v 0.0007177975 -0.0001317087 0.0009198033
v 0.0007254036 -0.00002449245 0.0009013155
v 0.0007267186 0.00008555721 0.00088007
v 0.000754525 0.0001924356 0.0008673331
v 0.000814907 -0.001365627 0.0008544185
v 0.0008883367 0.0004185507 0.0008387751
v 0.0008893976 -0.001483887 0.0008562383
v 0.0008638992 -0.001408719 0.0008670969
v 0.0008671438 -0.001332339 0.0008899277
v 0.0008168728 -0.001229486 0.000894267
v 0.0008416674 -0.001157125 0.0009282625
v 0.0007905668 -0.001053661 0.0009320788
v 0.0007978517 -0.0001387315 0.0009426638
v 0.0008292543 -0.00003045063 0.0009295308
v 0.0008301864 0.00008046732 0.000906352
v 0.0008323456 0.0001837792 0.0008859069
v 0.0008299842 0.00028008 0.000866416
v 0.0008466892 0.0003573292 0.0008522052
v 0.0009210943 -0.001557649 0.0008451332
v 0.0009762248 0.0004244902 0.0008444122
v 0.0009794588 -0.001591518 0.0008569735
v 0.0009773271 -0.001521784 0.0008833797
v 0.000937608 -0.001419327 0.0008983721
v 0.0009351133 -0.001346137 0.0009186872
v 0.0009198256 -0.00125989 0.0009380548
v 0.000936699 0.0000804826 0.0009302736
v 0.0009265759 0.0001799424 0.0009048325
v 0.000919782 0.0002720174 0.0008825957
v 0.0009113722 0.0003540608 0.0008614869
v 0.001019887 -0.001638827 0.0008427305
v 0.001067712 0.0004191322 0.0008490196
v 0.001054163 -0.001592374 0.0008814879
v 0.00105456 -0.001524838 0.0009106679
v 0.00101916 -0.001463619 0.000918657
v 0.001017426 -0.001366474 0.000950083
v 0.001039047 0.0001110337 0.0009419083
v 0.001022625 0.0001826414 0.0009193413
v 0.001011419 0.0002665675 0.0008950313
v 0.0009993674 0.0003497407 0.0008703718
v 0.001099665 -0.001663314 0.0008481067
v 0.001145219 0.000412131 0.0008505139
v 0.001187957 0.0003715576 0.0008650553
v 0.001151553 -0.001621454 0.0008901985
v 0.001116111 -0.001557635 0.0009145551
v 0.001116317 -0.0014726 0.0009468787
v 0.0011238 0.0001867496 0.0009287689
v 0.001091051 0.0002563231 0.0009048967
v 0.001100584 0.0003410924 0.0008773766
v 0.001191565 -0.001684295 0.0008530373
v 0.001269125 0.0003618848 0.000863913
v 0.001272364 -0.001700556 0.0008474094
v 0.001249805 -0.001646029 0.0008892376
v 0.001215811 -0.001557708 0.0009329637
v 0.00123589 0.0002095115 0.0009255185
v 0.001189081 0.0002904274 0.0008956824
v 0.001336729 -0.001740632 0.0007904837
v 0.001366083 0.0003498048 0.0008611795
v 0.00136253 -0.001679912 0.0008661316
v 0.001324196 -0.001602555 0.0009216203
v 0.001340967 0.0002111195 0.0009232238
v 0.001302886 0.0002863547 0.0008945868
v 0.00145128 -0.001737062 0.0007996779
v 0.001462342 0.0003394427 0.0008539974
v 0.001489317 -0.001685054 0.0008634534
v 0.001439567 -0.00161154 0.0009189093
v 0.001445123 0.0002020737 0.0009197442
v 0.001405936 0.0002785646 0.000890772
v 0.001559652 -0.001738415 0.0008007576
v 0.001564276 0.0003233106 0.0008446593
v 0.001597575 -0.001687726 0.0008596889
v 0.001550926 -0.001624304 0.0009079939
v 0.001526282 -0.00155942 0.000944688
v 0.001556533 0.0001797624 0.0009153965
v 0.001509562 0.0002642805 0.0008848187
v 0.001661361 -0.00173854 0.0008006759
v 0.00164971 0.0002978297 0.0008405822
v 0.001693212 0.0002476866 0.0008567938
v 0.001697704 -0.001686486 0.0008560742
v 0.001656004 -0.001621273 0.00090184
v 0.001621266 -0.001553479 0.0009385716
v 0.001647809 0.0001128312 0.0009249939
v 0.001633832 0.0001810824 0.0009020443
v 0.001617176 0.0002419502 0.0008769923
v 0.001755395 -0.001734911 0.0008029697
v 0.001753397 0.0002190654 0.0008533407
v 0.0018243 -0.001725807 0.0008110814
v 0.001793093 0.0001652835 0.0008653605
v 0.001788006 -0.001685439 0.0008513132
v 0.00176027 -0.001617522 0.0008936364
v 0.001735509 -0.001531831 0.0009340782
v 0.001735509 0.00003644421 0.0009307458
v 0.001727229 0.0001054753 0.0009092372
v 0.001710056 0.0001734743 0.0008860821
v 0.001856443 -0.001690878 0.0008402414
v 0.001855688 0.0001297018 0.0008590391
v 0.001899579 0.00007170802 0.0008672228
v 0.001867379 -0.001621705 0.0008785485
v 0.001845404 -0.001532703 0.0009189709
v 0.001833434 -0.0014541 0.0009491718
v 0.001836814 -0.00002299057 0.0009226686
v 0.001811176 0.00008425201 0.0008918113
v 0.001929165 -0.001667667 0.0008422338
v 0.001964157 0.00003284243 0.000858359
v 0.002001832 -0.001641565 0.0008446759
v 0.002007929 -0.00002709939 0.0008653614
v 0.001970977 -0.001600313 0.00087342
v 0.001952228 -0.001525876 0.0009049407
v 0.001940696 -0.001430649 0.0009389921
v 0.001926353 -0.0001090337 0.0009244664
v 0.001925943 -0.000009249676 0.0008888728
v 0.002038387 -0.001595314 0.0008630228
v 0.002070219 -0.00006795758 0.0008554081
v 0.002091866 -0.001565511 0.0008627847
v 0.002112521 -0.0001306166 0.0008622507
v 0.002054005 -0.00152548 0.0008863576
v 0.002045941 -0.001431807 0.0009164969
v 0.002037352 -0.001348323 0.0009445753
v 0.002081185 -0.0002972728 0.0009346055
v 0.002016281 -0.0001963476 0.0009241304
v 0.002028546 -0.0001074596 0.0008881456
v 0.002131101 -0.001513242 0.0008719738
v 0.00217479 -0.0001717957 0.0008471388
v 0.002213036 -0.0002332939 0.0008522437
v 0.002148 -0.001432887 0.00088941
v 0.002136618 -0.001327645 0.0009191005
v 0.002166603 -0.000385743 0.000928457
v 0.00215309 -0.0003040376 0.0009103261
v 0.002128301 -0.000219107 0.0008892242
v 0.00219725 -0.00148063 0.0008593945
v 0.002263197 -0.0002713462 0.0008348399
v 0.002254141 -0.001452271 0.0008436613
v 0.002303376 -0.001256991 0.0008288199
v 0.00231134 -0.001165607 0.0008286853
v 0.002317668 -0.001063293 0.0008495519
v 0.002289196 -0.0003291286 0.0008367943
v 0.002234867 -0.001407271 0.0008645937
v 0.002212312 -0.001346749 0.0008853368
v 0.002236511 -0.001240455 0.0008884415
v 0.002260522 -0.001112029 0.0008968559
v 0.002281506 -0.0009970632 0.0009036679
v 0.00228194 -0.0008961073 0.000923837
v 0.002246822 -0.0004826225 0.0009116587
v 0.002236992 -0.000396749 0.0008974981
v 0.002222554 -0.0003173711 0.0008788705
v 0.002281496 -0.001404033 0.0008401498
v 0.002323779 -0.001313491 0.0007983686
v 0.002331735 -0.0009914011 0.0008504806
v 0.002327661 -0.0003647232 0.0008038122
v 0.002312106 -0.001382341 0.0008108582
v 0.002359386 -0.0009562008 0.0008056433
v 0.002369666 -0.0008587554 0.0008083232
v 0.002385554 -0.0007415241 0.0008057249
v 0.002364793 -0.0006485816 0.000832275
v 0.002364512 -0.0005625016 0.0008121086
v 0.002355212 -0.0004522835 0.0007891781
v 0.002278977 -0.001334131 0.0008485423
v 0.002329589 -0.0009180856 0.00086648
v 0.002325373 -0.00081353 0.0008846244
v 0.00232664 -0.0007008833 0.0008838317
v 0.002310602 -0.0005893455 0.0008848162
v 0.002320585 -0.0004971341 0.0008546492
v 0.002291873 -0.0004048112 0.000856768
v 0.000698967 -0.000784356 0.0009453495
v 0.0006838724 -0.0006820632 0.000948956
v 0.0006788343 -0.0005818132 0.0009506597
v 0.000683262 -0.0004852703 0.0009506734
v 0.0006984955 -0.0004085377 0.0009510816
v 0.0007198996 -0.0008695041 0.0009415427
v 0.0007490237 -0.0003530476 0.0009591879
v 0.0007701861 -0.0009108756 0.0009554907
v 0.000771959 -0.0002783944 0.0009566174
v 0.0007969554 -0.0002039162 0.0009532843
v 0.0007839872 -0.0008214194 0.0009730067
v 0.000764993 -0.0007080926 0.0009735125
v 0.0007572582 -0.0006033987 0.0009727548
v 0.0007562042 -0.0005039151 0.0009701432
v 0.0007574551 -0.0004147226 0.0009658002
v 0.0007928301 -0.0009742457 0.0009529932
v 0.0008510671 -0.0001504468 0.0009581995
v 0.0008747832 -0.001096482 0.0009641426
v 0.0008456122 -0.001017209 0.0009692277
v 0.0008790516 -0.0000792551 0.0009523586
v 0.0009165672 -0.000005351898 0.0009464512
v 0.0008510829 -0.0009208916 0.0009899797
v 0.0008605031 -0.0008158315 0.001003949
v 0.0008470716 -0.0007267973 0.001000748
v 0.0008417516 -0.0006196495 0.0009972992
v 0.000839038 -0.0005146686 0.0009914642
v 0.0008384848 -0.0004145674 0.0009842026
v 0.000831812 -0.0003156294 0.0009738249
v 0.0008519941 -0.0002136723 0.0009669132
v 0.000906595 -0.001172703 0.0009587826
v 0.0009876435 0.00003319571 0.0009527708
v 0.0009564642 -0.001203424 0.0009778857
v 0.0009425256 -0.001134712 0.0009922745
v 0.0009276958 -0.001029193 0.001011232
v 0.000931834 -0.0009299272 0.001028617
v 0.0009189316 -0.0008475244 0.001027205
v 0.0009193798 -0.0007498075 0.001027516
v 0.0009343484 -0.0006334136 0.001026079
v 0.0009288623 -0.0005214679 0.001014667
v 0.0009288909 -0.0004170739 0.001004264
v 0.0009297472 -0.0003156027 0.0009935832
v 0.000932721 -0.0002155297 0.0009825317
v 0.0009309703 -0.0001182054 0.0009692603
v 0.0009484505 -0.00003672495 0.0009597178
v 0.001019516 -0.001256396 0.0009941147
v 0.001054924 0.0000597715 0.0009581178
v 0.001074508 -0.00132085 0.0009957069
v 0.001102805 0.0001103924 0.0009509974
v 0.0009975119 -0.001178667 0.001011274
v 0.0009992473 -0.001107965 0.00103529
v 0.001022588 -0.0005203667 0.001038866
v 0.001023012 -0.0004176295 0.001024185
v 0.001025706 -0.0003153055 0.00101094
v 0.00102735 -0.0002149749 0.000998121
v 0.001026974 -0.0001173576 0.0009845967
v 0.001026572 -0.00001997645 0.0009692453
v 0.001125605 -0.001372712 0.0009921478
v 0.001176318 0.000128416 0.0009505338
v 0.001186184 -0.001429002 0.0009845454
v 0.001114898 -0.001321799 0.001013254
v 0.001117797 -0.0004168238 0.001043168
v 0.001124025 -0.0003154636 0.001026498
v 0.001126053 -0.0002144599 0.00101121
v 0.001123628 -0.0001174135 0.0009964214
v 0.001118659 -0.00002610106 0.0009810237
v 0.001114321 0.00005393634 0.0009654659
v 0.001209867 -0.001482777 0.0009662372
v 0.001272372 0.0001362362 0.0009503099
v 0.001269767 -0.001503147 0.0009670721
v 0.0012708 -0.001433953 0.0009969627
v 0.001223956 -0.0003204947 0.001040601
v 0.001230089 -0.0002163524 0.001021667
v 0.001223993 -0.0001175259 0.001004621
v 0.00121443 -0.00002612061 0.0009878852
v 0.001200312 0.00005692476 0.0009700013
v 0.001307941 -0.001542734 0.0009528284
v 0.001373391 0.0001340134 0.0009489886
v 0.001354448 -0.001480312 0.000982561
v 0.001364219 -0.001398775 0.001018814
v 0.001350012 -0.0002255515 0.001030153
v 0.001328586 -0.000119415 0.001009321
v 0.001314565 -0.00002765189 0.0009912471
v 0.001297355 0.00005772812 0.0009719871
v 0.001386819 -0.001550056 0.0009529115
v 0.001474905 0.000122257 0.0009463192
v 0.00146031 -0.00154765 0.0009542108
v 0.001449177 -0.001491682 0.0009777242
v 0.001445792 -0.001418133 0.00100782
v 0.001439616 -0.001348925 0.00103939
v 0.00145217 -0.0002622319 0.001038167
v 0.00146013 -0.0001772904 0.001020355
v 0.001430074 -0.0001155846 0.001008597
v 0.001414278 -0.00003335928 0.0009915702
v 0.001398778 0.00005201927 0.000971611
v 0.001512531 -0.001506603 0.0009689576
v 0.001557944 0.0001053325 0.0009433977
v 0.001594675 0.00005493052 0.000954109
v 0.00154672 -0.001427995 0.0009959508
v 0.001529137 -0.001345202 0.001031939
v 0.001561411 -0.0002743578 0.00103413
v 0.001539342 -0.0001883751 0.001018001
v 0.001521708 -0.0001111463 0.001003028
v 0.001495746 -0.00004776924 0.0009909512
v 0.001506665 0.00003554711 0.0009692103
v 0.001590805 -0.001490471 0.0009677473
v 0.001654951 0.00003343352 0.0009501124
v 0.001691038 -0.00002339738 0.0009590305
v 0.001662797 -0.001405938 0.0009906279
v 0.001645083 -0.001321945 0.00102578
v 0.001673466 -0.0002981122 0.001026359
v 0.001633553 -0.0001986904 0.001010021
v 0.001598004 -0.0001254408 0.0009985425
v 0.001596149 -0.00003325555 0.0009767674
v 0.001687233 -0.001473385 0.0009627807
v 0.001768586 -0.00005931346 0.0009521527
v 0.001765913 -0.001451805 0.0009600794
v 0.001757661 -0.001394806 0.000981125
v 0.001752955 -0.00131796 0.00100995
v 0.001744325 -0.001243966 0.001040463
v 0.001767779 -0.0003804566 0.001029231
v 0.001764162 -0.0002842655 0.001009115
v 0.001729692 -0.0002113291 0.0009984435
v 0.001690309 -0.0001120634 0.000981442
v 0.00182215 -0.001398426 0.0009701372
v 0.00184477 -0.00009751421 0.0009448874
v 0.001881313 -0.0001544205 0.0009521171
v 0.001856075 -0.001316172 0.0009924253
v 0.001846026 -0.001221465 0.001028821
v 0.001858622 -0.0004759346 0.001031573
v 0.001866566 -0.0003832635 0.001010405
v 0.001838598 -0.0003072444 0.00099967
v 0.00180538 -0.0002357798 0.0009903448
v 0.001802397 -0.0001549595 0.000970666
v 0.00189816 -0.001372856 0.0009660762
v 0.001939802 -0.0001894291 0.0009462564
v 0.001973404 -0.001346433 0.0009605552
v 0.002022165 -0.0003409298 0.0009649079
v 0.001981764 -0.0002643141 0.0009554264
v 0.001959319 -0.001291967 0.0009803192
v 0.001946722 -0.001215828 0.001007261
v 0.001931486 -0.001142976 0.001036109
v 0.002008025 -0.0007814025 0.001046351
v 0.001974559 -0.0006756911 0.001041955
v 0.001939058 -0.0005692661 0.001032134
v 0.001952357 -0.0004841991 0.001012754
v 0.001927671 -0.0004217462 0.001005498
v 0.001935867 -0.000338833 0.0009853626
v 0.001885068 -0.0002328765 0.0009718926
v 0.002023806 -0.001292172 0.0009661094
v 0.002082729 -0.0003783675 0.0009572976
v 0.002111545 -0.0004407209 0.0009634786
v 0.002044859 -0.00121294 0.0009824085
v 0.002025773 -0.001111894 0.001015063
v 0.002074688 -0.0008744721 0.001029634
v 0.002088467 -0.0007729753 0.001022919
v 0.00205952 -0.0006977968 0.001023426
v 0.002034229 -0.0006067021 0.001016059
v 0.002011689 -0.000525222 0.001006929
v 0.002020355 -0.0004322693 0.0009860271
v 0.002091158 -0.001267559 0.0009538655
v 0.002168557 -0.0004759946 0.0009512258
v 0.002159538 -0.001236515 0.0009352519
v 0.002187985 -0.001158869 0.0009384849
v 0.002201083 -0.001055218 0.000950506
v 0.002218754 -0.00095009 0.0009599309
v 0.002193774 -0.0005393933 0.0009542616
v 0.002124561 -0.001197774 0.000960636
v 0.002120107 -0.00112142 0.0009781764
v 0.002114331 -0.0009983183 0.001003009
v 0.002173782 -0.0008840651 0.0009917694
v 0.00215388 -0.0007970179 0.00100185
v 0.00213596 -0.0007100424 0.001001998
v 0.002106006 -0.0006356166 0.001001592
v 0.002106122 -0.0005350532 0.0009835813
v 0.002238042 -0.000873599 0.0009618744
v 0.002244359 -0.0005793927 0.0009356312
v 0.00227312 -0.0008294415 0.0009400881
v 0.002274923 -0.000756714 0.0009358532
v 0.002263094 -0.0006626442 0.0009351893
v 0.002224162 -0.0008110438 0.000971683
v 0.002209505 -0.0007272324 0.0009736172
v 0.002183308 -0.0006268482 0.000972622
v 0.0009904488 -0.0009621296 0.001056134
v 0.0009862928 -0.0008719714 0.001056929
v 0.0009851013 -0.0007781716 0.001053501
v 0.0009921439 -0.0006822691 0.001049492
v 0.001012122 -0.0006021362 0.001047723
v 0.001003836 -0.001035943 0.00105566
v 0.001063073 -0.0005531399 0.001055214
v 0.001077249 -0.00117234 0.001058006
v 0.001060203 -0.001071973 0.001080634
v 0.001095777 -0.0004950117 0.001053458
v 0.001056272 -0.0009864821 0.001089777
v 0.001055736 -0.0008948456 0.001088579
v 0.001056056 -0.0007982446 0.001081364
v 0.001058486 -0.0007029363 0.001072269
v 0.00106328 -0.0006159667 0.001063398
v 0.001102389 -0.001270664 0.00102996
v 0.001150933 -0.0004561645 0.001057573
v 0.001164133 -0.001309216 0.001034826
v 0.001192399 -0.0003996463 0.001053343
v 0.001175946 -0.00122168 0.001080444
v 0.001132034 -0.0009168205 0.001124526
v 0.001134257 -0.0008129574 0.001111049
v 0.001135897 -0.000713477 0.001095967
v 0.001136163 -0.0006198122 0.001081336
v 0.00113359 -0.000530609 0.001066693
v 0.001217215 -0.001366606 0.00101966
v 0.00125114 -0.0003692525 0.001054626
v 0.001301851 -0.0003160212 0.001047672
v 0.001261177 -0.001281189 0.001069017
v 0.001268671 -0.001194435 0.001116983
v 0.001220228 -0.0008241729 0.001141696
v 0.001224136 -0.0007196089 0.001119275
v 0.001221245 -0.0006220503 0.001099013
v 0.001216755 -0.0005332326 0.001081482
v 0.00122091 -0.0004447986 0.001065548
v 0.001306832 -0.00135419 0.001037918
v 0.001365072 -0.000301396 0.001047464
v 0.001377855 -0.001339865 0.001047157
v 0.001400731 -0.0003409603 0.001056262
v 0.001360863 -0.00128696 0.001072326
v 0.001350026 -0.001213708 0.001109215
v 0.001339196 -0.001145421 0.001144245
v 0.001327903 -0.0007252548 0.001139927
v 0.001317256 -0.0006215535 0.001113337
v 0.00130563 -0.000529956 0.001091777
v 0.001288899 -0.0004605983 0.001076094
v 0.001316599 -0.0003775564 0.001061227
v 0.001425629 -0.001297438 0.001065011
v 0.001480563 -0.0003495928 0.001056089
v 0.001453267 -0.00122032 0.001097825
v 0.001427506 -0.001140389 0.001138077
v 0.001447748 -0.0007018024 0.001143241
v 0.001422572 -0.0006182966 0.001120758
v 0.001406321 -0.0005263032 0.001097329
v 0.001385397 -0.0004294926 0.001074594
v 0.001502225 -0.001280241 0.001064551
v 0.001582133 -0.0003668378 0.001052916
v 0.001569056 -0.001196692 0.001091499
v 0.001540884 -0.001115751 0.001131122
v 0.001554064 -0.000700111 0.001139219
v 0.001526214 -0.0006187697 0.0011204
v 0.001509576 -0.0005341265 0.001098853
v 0.001496062 -0.0004421258 0.001076378
v 0.001598733 -0.001262992 0.001058023
v 0.001667553 -0.0003890955 0.001047996
v 0.001678204 -0.00124165 0.001053716
v 0.001701987 -0.0004478802 0.001056457
v 0.001664834 -0.001185841 0.001078509
v 0.001648434 -0.001109949 0.001110863
v 0.001626377 -0.001039298 0.001142269
v 0.001661314 -0.0007161318 0.001128351
v 0.001624389 -0.0006249932 0.001112535
v 0.001594202 -0.0005538753 0.001097867
v 0.001607954 -0.0004651245 0.00107341
v 0.001730671 -0.001190309 0.0010643
v 0.00176457 -0.0004743642 0.00105114
v 0.001792975 -0.0005347974 0.001058758
v 0.001752318 -0.001110554 0.001086956
v 0.001721771 -0.001011217 0.001122478
v 0.001747051 -0.0007955867 0.001122876
v 0.001746839 -0.0006960921 0.001105534
v 0.001704972 -0.0006374817 0.001101962
v 0.001698192 -0.0005423765 0.001079355
v 0.001801914 -0.001167808 0.001058203
v 0.001852932 -0.0005690906 0.001052521
v 0.001871173 -0.001144821 0.00105158
v 0.001939984 -0.0008286727 0.001069957
v 0.001916338 -0.0007464462 0.001067813
v 0.001883456 -0.0006498716 0.001060868
v 0.001849465 -0.001094367 0.001070855
v 0.001827514 -0.001013543 0.001092457
v 0.001791521 -0.0009094749 0.001114911
v 0.001858348 -0.0008206143 0.001092138
v 0.001824858 -0.0007206421 0.001089118
v 0.001787339 -0.0006200194 0.001078814
v 0.001910314 -0.001096444 0.001056752
v 0.001990886 -0.0008676068 0.001057599
v 0.002004358 -0.0009248774 0.001054204
v 0.001912641 -0.001031387 0.001068902
v 0.00191633 -0.0009238262 0.001077855
v 0.001968972 -0.001066981 0.00104682
v 0.002044148 -0.0009636117 0.001038181
v 0.002030389 -0.001026621 0.001034503
v 0.001982575 -0.0009902735 0.001055851
v 0.001127673 -0.001090268 0.001112616
v 0.001116899 -0.001012244 0.001120099
v 0.00115643 -0.001148662 0.001107995
v 0.001169129 -0.0009625533 0.001145842
v 0.001198269 -0.0009051064 0.001151971
v 0.001197929 -0.001089768 0.001141691
v 0.001180451 -0.001022525 0.001146429
v 0.001221229 -0.001149925 0.001129938
v 0.00125004 -0.0008713846 0.001162088
v 0.001281223 -0.001137356 0.001147553
v 0.001295399 -0.0008147707 0.001159215
v 0.00126847 -0.001088293 0.001159119
v 0.001257259 -0.001019668 0.001165937
v 0.001238958 -0.0009427749 0.001164911
v 0.001324341 -0.001096283 0.001163211
v 0.00137682 -0.0007890289 0.00116204
v 0.001349363 -0.001023364 0.001174762
v 0.001329627 -0.0009409174 0.001177175
v 0.001313491 -0.0008688173 0.001171271
v 0.001396342 -0.001078929 0.001164243
v 0.00147837 -0.0007778623 0.001161425
v 0.001455466 -0.001002435 0.00117599
v 0.001427985 -0.000933369 0.00118033
v 0.001404428 -0.0008587698 0.001175276
v 0.001488568 -0.00106161 0.001160341
v 0.001579402 -0.0007812663 0.0011553
v 0.001562857 -0.001040164 0.001156964
v 0.001542564 -0.0009931439 0.001170747
v 0.001525812 -0.0009285877 0.001176389
v 0.001505014 -0.0008542166 0.001172944
v 0.001603231 -0.0009946524 0.001161628
v 0.001658984 -0.0007968454 0.001146835
v 0.001685838 -0.0008435581 0.001148909
v 0.001605459 -0.0009391516 0.001167343
v 0.001607461 -0.0008609536 0.001164174
v 0.00166182 -0.0009680922 0.001151651
v 0.001726737 -0.0008745983 0.001139403
v 0.001718751 -0.0009315705 0.001139898
v 0.001671596 -0.0009010097 0.001155427
f 1 6 8
f 6 1 9
f 2 1 8
f 11 2 8
f 12 9 1
f 2 12 1
f 3 13 15
f 11 13 3
f 11 3 2
f 2 3 4
f 16 12 2
f 4 16 2
f 3 15 17
f 4 3 17
f 18 4 17
f 16 4 18
f 5 20 21
f 20 5 22
f 7 5 21
f 24 7 21
f 25 22 5
f 7 25 5
f 10 26 28
f 24 26 10
f 7 24 10
f 7 10 8
f 7 8 6
f 7 6 9
f 7 9 25
f 25 9 29
f 14 10 28
f 31 14 28
f 8 14 11
f 10 14 8
f 9 12 29
f 29 12 32
f 19 33 35
f 31 33 19
f 14 31 19
f 14 19 15
f 14 15 13
f 11 14 13
f 12 16 32
f 32 16 36
f 19 35 37
f 15 19 37
f 15 37 17
f 17 37 38
f 18 17 39
f 17 38 39
f 36 16 18
f 39 36 18
f 23 41 45
f 23 21 20
f 23 20 41
f 41 20 42
f 42 20 22
f 46 42 22
f 27 23 45
f 49 27 45
f 21 27 24
f 23 27 21
f 22 25 46
f 46 25 50
f 30 51 54
f 49 51 30
f 27 49 30
f 27 30 28
f 27 28 26
f 24 27 26
f 25 29 50
f 50 29 55
f 34 30 54
f 57 34 54
f 28 34 31
f 30 34 28
f 29 32 55
f 55 32 58
f 33 34 57
f 33 57 35
f 35 57 59
f 31 34 33
f 32 36 58
f 58 36 60
f 35 59 61
f 37 35 61
f 38 37 62
f 37 61 62
f 39 38 63
f 38 62 63
f 60 36 39
f 63 60 39
f 40 67 70
f 67 40 71
f 43 72 75
f 70 72 43
f 70 43 40
f 40 43 44
f 76 71 40
f 44 76 40
f 47 43 75
f 78 47 75
f 41 47 45
f 41 44 47
f 44 43 47
f 44 41 42
f 44 42 79
f 44 79 76
f 79 42 48
f 42 46 48
f 52 80 84
f 78 80 52
f 78 52 47
f 47 52 53
f 45 53 49
f 47 53 45
f 48 81 79
f 81 48 46
f 81 46 85
f 85 46 50
f 56 52 84
f 87 56 84
f 51 56 54
f 51 53 56
f 53 52 56
f 49 53 51
f 50 55 85
f 85 55 88
f 56 87 89
f 89 54 56
f 89 90 54
f 90 57 54
f 55 58 88
f 88 58 91
f 92 64 59
f 92 59 90
f 90 59 57
f 92 93 64
f 58 60 91
f 91 60 94
f 59 64 61
f 64 62 61
f 64 97 62
f 64 93 97
f 97 65 62
f 62 66 63
f 65 66 62
f 63 66 98
f 63 98 60
f 60 98 94
f 65 97 99
f 66 65 99
f 100 66 99
f 98 66 100
f 68 103 106
f 68 69 104
f 103 68 104
f 104 69 107
f 73 68 106
f 111 73 106
f 69 68 74
f 74 68 73
f 70 67 108
f 70 108 69
f 70 69 74
f 107 69 108
f 108 67 71
f 112 108 71
f 77 73 111
f 116 77 111
f 72 77 75
f 72 74 77
f 74 73 77
f 70 74 72
f 71 76 112
f 112 76 117
f 82 118 121
f 116 118 82
f 116 82 77
f 77 82 83
f 75 83 78
f 77 83 75
f 76 79 117
f 117 79 122
f 86 82 121
f 124 86 121
f 80 86 84
f 80 83 86
f 83 82 86
f 78 83 80
f 79 123 122
f 81 123 79
f 123 81 85
f 125 123 85
f 86 124 126
f 126 84 86
f 126 129 84
f 129 87 84
f 85 88 125
f 125 88 130
f 87 129 131
f 89 87 131
f 131 90 89
f 134 90 131
f 88 91 130
f 130 91 135
f 95 92 90
f 95 90 138
f 138 90 134
f 92 95 93
f 96 139 136
f 96 136 135
f 96 135 94
f 94 135 91
f 95 138 140
f 95 97 93
f 95 141 97
f 95 140 141
f 101 97 141
f 139 101 141
f 139 96 101
f 96 102 101
f 94 98 102
f 96 94 102
f 97 101 99
f 100 99 101
f 102 100 101
f 98 100 102
f 105 144 145
f 144 105 146
f 109 105 145
f 149 109 145
f 106 103 147
f 106 147 105
f 106 105 109
f 146 105 147
f 110 150 147
f 110 147 104
f 104 147 103
f 104 107 110
f 113 151 155
f 149 151 113
f 149 113 109
f 109 113 114
f 106 114 111
f 109 114 106
f 110 152 150
f 115 156 152
f 108 115 152
f 108 152 110
f 108 110 107
f 108 112 115
f 119 113 155
f 161 119 155
f 114 113 120
f 120 113 119
f 111 120 116
f 114 120 111
f 115 157 156
f 157 115 112
f 157 112 162
f 162 112 117
f 119 161 163
f 118 167 121
f 118 119 167
f 118 120 119
f 119 163 167
f 116 120 118
f 117 122 162
f 162 122 168
f 169 127 124
f 169 124 167
f 167 124 121
f 169 171 127
f 128 122 123
f 128 172 122
f 172 168 122
f 123 125 128
f 124 127 126
f 129 173 132
f 126 173 129
f 126 171 173
f 126 127 171
f 173 174 132
f 133 172 128
f 175 172 133
f 125 130 133
f 128 125 133
f 129 132 131
f 132 134 131
f 132 174 134
f 174 177 134
f 137 175 133
f 178 175 137
f 130 135 137
f 133 130 137
f 179 142 138
f 179 138 177
f 177 138 134
f 142 180 143
f 179 180 142
f 178 143 180
f 137 143 178
f 137 139 143
f 137 136 139
f 135 136 137
f 138 142 140
f 141 140 142
f 143 141 142
f 139 141 143
f 144 148 145
f 144 146 148
f 148 153 149
f 145 148 149
f 146 147 154
f 146 154 148
f 148 154 153
f 147 150 154
f 151 158 155
f 151 149 153
f 151 153 158
f 158 153 159
f 183 154 182
f 183 159 154
f 159 153 154
f 160 184 182
f 152 160 182
f 152 182 154
f 152 154 150
f 152 156 160
f 158 164 161
f 155 158 161
f 159 165 158
f 165 164 158
f 187 159 183
f 165 159 187
f 160 185 184
f 166 188 185
f 157 166 185
f 157 185 160
f 157 160 156
f 157 162 166
f 161 164 163
f 167 163 164
f 167 164 170
f 170 164 165
f 190 165 187
f 170 165 190
f 166 189 188
f 189 166 162
f 189 162 191
f 191 162 168
f 167 170 169
f 170 171 169
f 170 190 171
f 190 192 171
f 168 172 191
f 191 172 193
f 171 192 194
f 173 171 194
f 194 174 173
f 196 174 194
f 195 175 176
f 195 193 175
f 193 172 175
f 195 176 197
f 198 181 177
f 198 177 196
f 196 177 174
f 198 200 181
f 176 201 199
f 176 175 201
f 175 178 201
f 197 176 199
f 177 181 179
f 181 200 202
f 181 202 179
f 179 202 180
f 201 178 180
f 202 201 180
f 182 186 183
f 182 184 186
f 186 204 206
f 186 206 183
f 183 206 187
f 184 204 186
f 184 185 204
f 185 205 204
f 205 185 188
f 207 205 188
f 187 206 190
f 206 209 190
f 188 208 207
f 189 208 188
f 208 189 191
f 210 208 191
f 190 209 192
f 209 211 192
f 191 193 210
f 210 193 212
f 192 211 213
f 194 192 213
f 213 196 194
f 215 196 213
f 193 214 212
f 195 214 193
f 214 195 197
f 216 214 197
f 196 215 217
f 198 196 217
f 217 200 198
f 218 200 217
f 199 201 203
f 199 203 219
f 199 219 197
f 197 219 216
f 200 218 220
f 202 200 220
f 203 201 202
f 203 202 221
f 221 202 220
f 219 203 221
f 204 223 225
f 206 204 225
f 205 224 204
f 204 224 223
f 224 205 207
f 226 224 207
f 206 225 209
f 225 228 209
f 207 227 226
f 208 227 207
f 227 208 210
f 229 227 210
f 209 228 211
f 228 230 211
f 210 212 229
f 229 212 231
f 211 230 232
f 213 211 232
f 232 215 213
f 234 215 232
f 212 233 231
f 214 233 212
f 233 214 216
f 235 233 216
f 215 234 236
f 217 215 236
f 236 218 217
f 237 218 236
f 216 219 235
f 235 219 238
f 218 237 239
f 220 218 239
f 222 239 240
f 222 221 239
f 221 220 239
f 221 222 241
f 221 241 219
f 219 241 238
f 222 240 242
f 241 222 242
f 223 245 247
f 225 223 247
f 224 246 223
f 223 246 245
f 246 224 226
f 248 246 226
f 225 247 228
f 247 250 228
f 226 249 248
f 227 249 226
f 249 227 229
f 251 249 229
f 228 250 230
f 250 253 230
f 229 231 251
f 251 231 254
f 230 253 255
f 232 230 255
f 255 234 232
f 257 234 255
f 231 256 254
f 233 256 231
f 256 233 235
f 258 256 235
f 234 257 259
f 236 234 259
f 259 237 236
f 260 237 259
f 235 238 258
f 258 238 261
f 237 260 262
f 239 237 262
f 262 240 239
f 265 240 262
f 263 241 243
f 263 261 241
f 261 238 241
f 263 243 266
f 240 265 267
f 242 240 267
f 241 242 267
f 241 267 244
f 241 244 243
f 269 244 267
f 270 266 243
f 244 270 243
f 244 269 271
f 270 244 271
f 245 273 275
f 247 245 275
f 246 274 245
f 245 274 273
f 274 246 248
f 276 274 248
f 247 275 250
f 275 279 250
f 252 248 249
f 252 280 248
f 280 276 248
f 249 251 252
f 250 279 253
f 279 282 253
f 252 281 280
f 281 252 251
f 281 251 283
f 283 251 254
f 253 282 284
f 255 253 284
f 284 257 255
f 286 257 284
f 254 285 283
f 256 285 254
f 285 256 258
f 287 285 258
f 257 286 288
f 259 257 288
f 288 260 259
f 290 260 288
f 289 261 264
f 289 287 261
f 287 258 261
f 289 264 291
f 268 262 260
f 268 260 293
f 293 260 290
f 262 268 265
f 261 263 264
f 264 263 266
f 264 266 291
f 291 266 294
f 268 293 295
f 272 295 296
f 267 295 272
f 267 268 295
f 267 265 268
f 267 272 269
f 266 270 294
f 294 270 297
f 272 296 298
f 269 272 298
f 269 298 271
f 271 298 299
f 297 270 271
f 299 297 271
f 277 301 303
f 277 275 273
f 277 273 301
f 301 273 302
f 278 304 302
f 278 302 274
f 274 302 273
f 274 276 278
f 277 303 305
f 305 275 277
f 305 307 275
f 307 279 275
f 278 306 304
f 306 278 276
f 306 276 308
f 308 276 280
f 279 307 282
f 307 311 282
f 280 309 308
f 281 309 280
f 309 281 283
f 312 309 283
f 282 311 313
f 284 282 313
f 313 286 284
f 316 286 313
f 283 314 312
f 285 314 283
f 314 285 287
f 317 314 287
f 292 288 286
f 292 286 321
f 321 286 316
f 288 292 290
f 287 318 317
f 289 318 287
f 318 289 291
f 322 318 291
f 292 321 323
f 323 290 292
f 323 325 290
f 325 293 290
f 291 294 322
f 322 294 326
f 293 325 327
f 295 293 327
f 327 296 295
f 329 296 327
f 294 297 326
f 326 297 330
f 296 329 331
f 298 296 331
f 300 331 333
f 300 299 331
f 299 298 331
f 299 300 334
f 299 334 297
f 297 334 330
f 300 333 335
f 334 300 335
f 301 341 345
f 303 301 345
f 302 342 301
f 301 342 341
f 342 302 304
f 346 342 304
f 310 305 303
f 310 303 348
f 348 303 345
f 305 310 307
f 304 347 346
f 306 347 304
f 347 306 308
f 349 347 308
f 315 310 348
f 352 315 348
f 307 315 311
f 310 315 307
f 308 350 349
f 309 350 308
f 350 309 312
f 353 350 312
f 319 315 352
f 356 319 352
f 311 320 313
f 311 315 320
f 315 319 320
f 313 320 316
f 312 354 353
f 314 354 312
f 354 314 317
f 357 354 317
f 319 356 358
f 358 361 324
f 358 324 319
f 319 324 320
f 316 324 321
f 320 324 316
f 317 359 357
f 318 359 317
f 359 318 322
f 362 359 322
f 324 361 363
f 328 363 367
f 323 363 328
f 323 324 363
f 323 321 324
f 323 328 325
f 322 326 362
f 362 326 368
f 328 367 369
f 332 369 372
f 327 369 332
f 327 328 369
f 327 325 328
f 327 332 329
f 326 330 368
f 368 330 373
f 332 372 374
f 336 374 378
f 331 374 336
f 331 332 374
f 331 329 332
f 331 336 333
f 375 334 337
f 375 373 334
f 373 330 334
f 375 337 379
f 336 378 380
f 338 380 382
f 335 380 338
f 335 336 380
f 335 333 336
f 335 337 334
f 335 338 337
f 338 339 337
f 383 379 337
f 339 383 337
f 338 382 384
f 384 386 340
f 384 340 338
f 338 340 339
f 387 383 339
f 340 387 339
f 340 386 388
f 387 340 388
f 343 391 393
f 343 344 392
f 391 343 392
f 392 344 394
f 343 393 395
f 341 397 345
f 341 343 397
f 341 344 343
f 343 395 397
f 344 396 394
f 344 341 396
f 341 342 396
f 396 342 346
f 398 396 346
f 351 399 402
f 351 397 399
f 351 348 397
f 348 345 397
f 346 400 398
f 347 400 346
f 400 347 349
f 403 400 349
f 355 351 402
f 405 355 402
f 348 355 352
f 351 355 348
f 349 404 403
f 350 404 349
f 404 350 353
f 406 404 353
f 360 355 405
f 408 360 405
f 352 360 356
f 355 360 352
f 353 407 406
f 354 407 353
f 407 354 357
f 409 407 357
f 364 360 408
f 410 364 408
f 356 365 358
f 356 360 365
f 360 364 365
f 358 365 361
f 366 357 359
f 366 411 357
f 411 409 357
f 359 362 366
f 364 410 412
f 412 414 370
f 412 370 364
f 364 370 365
f 361 371 363
f 361 365 371
f 365 370 371
f 363 371 367
f 366 413 411
f 413 366 362
f 413 362 415
f 415 362 368
f 370 414 416
f 416 418 376
f 416 376 370
f 370 376 371
f 367 377 369
f 367 371 377
f 371 376 377
f 369 377 372
f 368 373 415
f 415 373 419
f 376 418 420
f 377 376 420
f 421 377 420
f 381 421 424
f 374 421 381
f 374 377 421
f 374 372 377
f 374 381 378
f 373 422 419
f 375 422 373
f 422 375 379
f 425 422 379
f 381 424 426
f 385 426 429
f 380 426 385
f 380 381 426
f 380 378 381
f 380 385 382
f 379 383 425
f 425 383 430
f 385 429 431
f 389 431 433
f 384 431 389
f 384 385 431
f 384 382 385
f 384 389 386
f 383 387 430
f 430 387 434
f 389 433 435
f 390 435 438
f 388 435 390
f 388 389 435
f 388 386 389
f 388 390 439
f 388 439 387
f 387 439 434
f 390 438 440
f 439 390 440
f 391 443 446
f 393 391 446
f 392 444 391
f 391 444 443
f 444 392 394
f 447 444 394
f 401 395 393
f 401 393 449
f 449 393 446
f 395 401 397
f 394 448 447
f 396 448 394
f 448 396 398
f 450 448 398
f 399 401 449
f 399 449 402
f 402 449 452
f 397 401 399
f 398 451 450
f 400 451 398
f 451 400 403
f 453 451 403
f 402 452 405
f 452 456 405
f 403 454 453
f 404 454 403
f 454 404 406
f 457 454 406
f 405 456 408
f 456 460 408
f 406 458 457
f 407 458 406
f 458 407 409
f 461 458 409
f 408 460 410
f 460 463 410
f 409 411 461
f 461 411 464
f 417 412 410
f 417 410 467
f 467 410 463
f 412 417 414
f 411 465 464
f 413 465 411
f 465 413 415
f 468 465 415
f 417 467 469
f 423 469 471
f 416 469 423
f 416 417 469
f 416 414 417
f 416 423 418
f 415 419 468
f 468 419 472
f 423 471 473
f 427 473 476
f 420 473 427
f 420 423 473
f 420 418 423
f 420 428 421
f 427 428 420
f 421 428 424
f 419 474 472
f 422 474 419
f 474 422 425
f 477 474 425
f 427 476 478
f 428 427 478
f 479 428 478
f 432 479 481
f 426 479 432
f 426 428 479
f 426 424 428
f 426 432 429
f 425 430 477
f 477 430 482
f 432 481 483
f 436 483 487
f 431 483 436
f 431 432 483
f 431 429 432
f 431 436 433
f 484 434 437
f 484 482 434
f 482 430 434
f 484 437 488
f 436 487 489
f 441 489 493
f 435 489 441
f 435 436 489
f 435 433 436
f 435 441 438
f 437 439 442
f 434 439 437
f 494 488 437
f 442 494 437
f 441 493 495
f 438 441 495
f 438 495 440
f 440 495 496
f 442 439 440
f 442 440 497
f 497 440 496
f 494 442 497
f 445 502 503
f 502 445 504
f 445 503 505
f 509 446 443
f 509 443 506
f 504 445 505
f 444 507 443
f 443 507 506
f 507 444 447
f 510 507 447
f 446 509 449
f 509 513 449
f 447 511 510
f 448 511 447
f 511 448 450
f 514 511 450
f 455 515 518
f 455 513 515
f 455 452 513
f 452 449 513
f 450 516 514
f 451 516 450
f 516 451 453
f 519 516 453
f 459 455 518
f 521 459 518
f 452 459 456
f 455 459 452
f 453 520 519
f 454 520 453
f 520 454 457
f 522 520 457
f 462 459 521
f 524 462 521
f 456 462 460
f 459 462 456
f 457 523 522
f 458 523 457
f 523 458 461
f 525 523 461
f 466 462 524
f 526 466 524
f 460 466 463
f 462 466 460
f 461 464 525
f 525 464 527
f 470 466 526
f 529 470 526
f 463 470 467
f 466 470 463
f 464 528 527
f 465 528 464
f 528 465 468
f 530 528 468
f 470 529 531
f 475 531 533
f 469 531 475
f 469 470 531
f 469 467 470
f 469 475 471
f 468 472 530
f 530 472 534
f 475 533 535
f 480 535 538
f 473 535 480
f 473 475 535
f 473 471 475
f 473 480 476
f 472 536 534
f 474 536 472
f 536 474 477
f 539 536 477
f 480 538 540
f 485 540 543
f 478 540 485
f 478 480 540
f 478 476 480
f 478 486 479
f 485 486 478
f 479 486 481
f 477 482 539
f 539 482 544
f 485 543 545
f 545 548 490
f 545 490 485
f 485 490 486
f 481 491 483
f 481 486 491
f 486 490 491
f 483 491 487
f 492 482 484
f 492 549 482
f 549 544 482
f 484 488 492
f 490 548 550
f 550 554 498
f 550 498 490
f 490 498 491
f 487 499 489
f 487 491 499
f 491 498 499
f 489 499 493
f 492 551 549
f 551 492 488
f 551 488 555
f 555 488 494
f 498 554 556
f 499 498 556
f 557 499 556
f 500 557 562
f 495 557 500
f 495 499 557
f 495 493 499
f 495 501 496
f 500 501 495
f 563 496 501
f 563 558 496
f 558 497 496
f 555 494 497
f 558 555 497
f 500 562 564
f 501 500 564
f 565 501 564
f 563 501 565
f 502 569 571
f 503 502 571
f 504 508 570
f 504 570 502
f 502 570 569
f 570 508 572
f 512 505 503
f 512 503 574
f 574 503 571
f 505 508 504
f 505 512 508
f 506 508 509
f 509 508 512
f 508 573 572
f 508 506 573
f 506 507 573
f 573 507 510
f 575 573 510
f 517 512 574
f 578 517 574
f 509 517 513
f 512 517 509
f 510 576 575
f 511 576 510
f 576 511 514
f 579 576 514
f 515 517 578
f 515 578 518
f 518 578 582
f 513 517 515
f 514 580 579
f 516 580 514
f 580 516 519
f 583 580 519
f 518 582 521
f 582 586 521
f 519 584 583
f 520 584 519
f 584 520 522
f 587 584 522
f 521 586 524
f 586 590 524
f 522 588 587
f 523 588 522
f 588 523 525
f 591 588 525
f 524 590 526
f 590 593 526
f 525 527 591
f 591 527 594
f 532 595 598
f 532 593 595
f 532 529 593
f 529 526 593
f 527 596 594
f 528 596 527
f 596 528 530
f 599 596 530
f 532 598 600
f 537 600 601
f 531 600 537
f 531 532 600
f 531 529 532
f 531 537 533
f 530 534 599
f 599 534 602
f 541 537 601
f 605 541 601
f 533 542 535
f 533 537 542
f 537 541 542
f 535 542 538
f 534 603 602
f 536 603 534
f 603 536 539
f 606 603 539
f 541 605 607
f 607 609 546
f 607 546 541
f 541 546 542
f 538 547 540
f 538 542 547
f 542 546 547
f 540 547 543
f 539 544 606
f 606 544 610
f 546 609 611
f 611 614 552
f 611 552 546
f 546 552 547
f 543 553 545
f 543 547 553
f 547 552 553
f 545 553 548
f 544 549 610
f 610 549 615
f 552 614 616
f 616 619 559
f 616 559 552
f 552 559 553
f 548 560 550
f 548 553 560
f 553 559 560
f 550 560 554
f 561 549 551
f 561 620 549
f 620 615 549
f 551 555 561
f 559 619 621
f 560 559 621
f 622 560 621
f 566 622 625
f 556 622 566
f 556 560 622
f 556 554 560
f 556 567 557
f 566 567 556
f 557 567 562
f 558 620 561
f 558 563 620
f 563 626 620
f 555 558 561
f 566 625 627
f 567 566 627
f 628 567 627
f 568 628 633
f 564 628 568
f 564 567 628
f 564 562 567
f 634 564 568
f 634 629 564
f 629 565 564
f 626 563 565
f 629 626 565
f 568 633 635
f 634 568 635
f 569 644 646
f 571 569 646
f 570 645 569
f 569 645 644
f 645 570 572
f 647 645 572
f 577 648 652
f 577 646 648
f 577 574 646
f 574 571 646
f 572 649 647
f 573 649 572
f 649 573 575
f 653 649 575
f 581 577 652
f 655 581 652
f 574 581 578
f 577 581 574
f 575 654 653
f 576 654 575
f 654 576 579
f 656 654 579
f 585 581 655
f 658 585 655
f 578 585 582
f 581 585 578
f 579 657 656
f 580 657 579
f 657 580 583
f 659 657 583
f 589 585 658
f 661 589 658
f 582 589 586
f 585 589 582
f 583 660 659
f 584 660 583
f 660 584 587
f 662 660 587
f 592 589 661
f 664 592 661
f 586 592 590
f 589 592 586
f 587 663 662
f 588 663 587
f 663 588 591
f 665 663 591
f 597 592 664
f 667 597 664
f 590 597 593
f 592 597 590
f 591 594 665
f 665 594 668
f 595 597 667
f 595 667 598
f 598 667 671
f 593 597 595
f 594 669 668
f 596 669 594
f 669 596 599
f 672 669 599
f 604 600 598
f 604 598 674
f 674 598 671
f 600 604 601
f 599 602 672
f 672 602 675
f 608 604 674
f 678 608 674
f 601 608 605
f 604 608 601
f 602 676 675
f 603 676 602
f 676 603 606
f 679 676 606
f 612 608 678
f 681 612 678
f 605 613 607
f 605 608 613
f 608 612 613
f 607 613 609
f 606 610 679
f 679 610 682
f 612 681 683
f 683 685 617
f 683 617 612
f 612 617 613
f 609 618 611
f 609 613 618
f 613 617 618
f 611 618 614
f 610 615 682
f 682 615 686
f 617 685 687
f 687 690 623
f 687 623 617
f 617 623 618
f 614 624 616
f 614 618 624
f 618 623 624
f 616 624 619
f 615 620 686
f 686 620 691
f 623 690 692
f 692 695 630
f 692 630 623
f 623 630 624
f 619 631 621
f 619 624 631
f 624 630 631
f 621 632 622
f 631 632 621
f 622 632 625
f 620 626 691
f 691 626 696
f 630 695 697
f 697 701 636
f 697 636 630
f 630 636 631
f 632 631 637
f 637 631 636
f 625 638 627
f 625 632 638
f 632 637 638
f 627 639 628
f 638 639 627
f 628 639 633
f 629 634 640
f 629 640 702
f 629 702 626
f 626 702 696
f 636 701 703
f 637 636 703
f 704 637 703
f 704 710 641
f 704 641 637
f 637 641 638
f 639 638 642
f 642 638 641
f 633 643 635
f 633 639 643
f 639 642 643
f 635 643 711
f 634 635 711
f 634 711 705
f 634 705 640
f 702 640 705
f 641 710 712
f 642 641 712
f 713 642 712
f 643 642 713
f 714 643 713
f 711 643 714
f 650 726 732
f 650 646 644
f 650 644 726
f 726 644 727
f 645 728 644
f 644 728 727
f 647 651 729
f 647 729 645
f 645 729 728
f 729 651 733
f 648 650 732
f 648 732 652
f 652 732 734
f 646 650 648
f 647 649 651
f 651 649 653
f 651 653 733
f 733 653 735
f 652 734 655
f 734 738 655
f 653 736 735
f 654 736 653
f 736 654 656
f 739 736 656
f 655 738 658
f 738 742 658
f 656 740 739
f 657 740 656
f 740 657 659
f 743 740 659
f 658 742 661
f 742 746 661
f 659 744 743
f 660 744 659
f 744 660 662
f 747 744 662
f 666 748 751
f 666 746 748
f 666 664 746
f 664 661 746
f 662 749 747
f 663 749 662
f 749 663 665
f 752 749 665
f 670 666 751
f 753 670 751
f 664 670 667
f 666 670 664
f 665 668 752
f 752 668 754
f 673 670 753
f 757 673 753
f 667 673 671
f 670 673 667
f 668 755 754
f 669 755 668
f 755 669 672
f 758 755 672
f 677 673 757
f 760 677 757
f 671 677 674
f 673 677 671
f 672 675 758
f 758 675 761
f 680 677 760
f 764 680 760
f 674 680 678
f 677 680 674
f 675 762 761
f 676 762 675
f 762 676 679
f 765 762 679
f 684 680 764
f 768 684 764
f 678 684 681
f 680 684 678
f 679 682 765
f 765 682 769
f 688 684 768
f 772 688 768
f 681 689 683
f 681 684 689
f 684 688 689
f 683 689 685
f 682 686 769
f 769 686 773
f 688 772 774
f 774 776 693
f 774 693 688
f 688 693 689
f 685 694 687
f 685 689 694
f 689 693 694
f 687 694 690
f 686 691 773
f 773 691 777
f 698 693 776
f 781 698 776
f 694 693 699
f 699 693 698
f 690 700 692
f 690 694 700
f 694 699 700
f 692 700 695
f 691 696 777
f 777 696 782
f 698 781 783
f 783 788 706
f 783 706 698
f 698 706 699
f 700 699 707
f 707 699 706
f 695 708 697
f 695 700 708
f 700 707 708
f 697 708 701
f 709 789 784
f 709 784 782
f 709 782 702
f 702 782 696
f 706 788 790
f 790 793 715
f 790 715 706
f 706 715 707
f 708 707 716
f 716 707 715
f 701 717 703
f 701 708 717
f 708 716 717
f 703 718 704
f 717 718 703
f 704 718 710
f 705 789 709
f 705 711 789
f 711 794 789
f 702 705 709
f 715 793 795
f 716 715 795
f 796 716 795
f 796 801 719
f 796 719 716
f 716 719 717
f 718 717 720
f 720 717 719
f 710 721 712
f 710 718 721
f 718 720 721
f 712 722 713
f 721 722 712
f 802 713 722
f 802 797 713
f 797 714 713
f 794 711 714
f 797 794 714
f 719 801 803
f 720 719 803
f 804 720 803
f 804 810 723
f 804 723 720
f 720 723 721
f 811 805 722
f 811 722 723
f 723 722 721
f 802 722 805
f 723 810 812
f 811 723 812
f 724 831 832
f 831 724 833
f 725 724 832
f 836 725 832
f 837 833 724
f 725 837 724
f 725 836 838
f 837 725 838
f 730 852 854
f 730 731 853
f 852 730 853
f 853 731 855
f 726 730 854
f 726 854 732
f 732 854 860
f 727 730 726
f 731 730 727
f 731 856 855
f 731 727 856
f 727 728 856
f 729 857 728
f 728 857 856
f 857 729 733
f 861 857 733
f 737 862 867
f 737 860 862
f 737 734 860
f 734 732 860
f 733 735 861
f 861 735 868
f 741 737 867
f 870 741 867
f 734 741 738
f 737 741 734
f 735 869 868
f 736 869 735
f 869 736 739
f 871 869 739
f 745 741 870
f 874 745 870
f 738 745 742
f 741 745 738
f 739 872 871
f 740 872 739
f 872 740 743
f 875 872 743
f 750 745 874
f 878 750 874
f 742 750 746
f 745 750 742
f 743 876 875
f 744 876 743
f 876 744 747
f 879 876 747
f 748 750 878
f 748 878 751
f 751 878 882
f 746 750 748
f 747 880 879
f 749 880 747
f 880 749 752
f 883 880 752
f 756 884 886
f 756 882 884
f 756 753 882
f 753 751 882
f 752 754 883
f 883 754 887
f 759 756 886
f 889 759 886
f 753 759 757
f 756 759 753
f 754 888 887
f 755 888 754
f 888 755 758
f 890 888 758
f 763 759 889
f 892 763 889
f 757 763 760
f 759 763 757
f 758 761 890
f 890 761 893
f 766 763 892
f 895 766 892
f 760 766 764
f 763 766 760
f 767 761 762
f 767 896 761
f 896 893 761
f 762 765 767
f 770 766 895
f 898 770 895
f 764 770 768
f 766 770 764
f 771 896 767
f 899 896 771
f 765 769 771
f 767 765 771
f 775 770 898
f 903 775 898
f 768 775 772
f 770 775 768
f 771 900 899
f 900 771 769
f 900 769 904
f 904 769 773
f 778 775 903
f 909 778 903
f 772 779 774
f 772 775 779
f 775 778 779
f 774 779 776
f 780 910 905
f 780 905 904
f 780 904 777
f 777 904 773
f 785 778 909
f 912 785 909
f 779 778 786
f 786 778 785
f 776 786 781
f 779 786 776
f 787 910 780
f 913 910 787
f 777 782 787
f 780 777 787
f 785 912 914
f 914 916 791
f 914 791 785
f 785 791 786
f 781 792 783
f 781 786 792
f 786 791 792
f 783 792 788
f 784 913 787
f 784 789 913
f 789 917 913
f 782 784 787
f 798 791 916
f 920 798 916
f 792 791 799
f 799 791 798
f 788 800 790
f 788 792 800
f 792 799 800
f 790 800 793
f 789 794 917
f 917 794 921
f 798 920 922
f 922 927 806
f 922 806 798
f 798 806 799
f 800 799 807
f 807 799 806
f 793 808 795
f 793 800 808
f 800 807 808
f 795 809 796
f 808 809 795
f 796 809 801
f 797 928 923
f 802 928 797
f 921 794 797
f 923 921 797
f 813 806 927
f 932 813 927
f 807 806 814
f 814 806 813
f 808 807 815
f 815 807 814
f 809 808 816
f 816 808 815
f 801 817 803
f 801 809 817
f 809 816 817
f 803 818 804
f 817 818 803
f 804 818 810
f 805 811 819
f 805 819 933
f 805 933 802
f 802 933 928
f 820 813 932
f 938 820 932
f 814 813 821
f 821 813 820
f 815 814 822
f 822 814 821
f 816 815 823
f 823 815 822
f 817 816 824
f 824 816 823
f 818 817 825
f 825 817 824
f 810 826 812
f 810 818 826
f 818 825 826
f 812 826 939
f 811 812 939
f 811 939 934
f 811 934 819
f 933 819 934
f 820 938 940
f 821 820 940
f 941 821 940
f 822 821 941
f 942 822 941
f 942 947 827
f 942 827 822
f 822 827 823
f 824 823 828
f 828 823 827
f 825 824 829
f 829 824 828
f 826 825 830
f 830 825 829
f 948 939 826
f 830 948 826
f 827 947 949
f 828 827 949
f 950 828 949
f 829 828 950
f 951 829 950
f 830 829 951
f 952 830 951
f 948 830 952
f 834 978 989
f 834 832 831
f 834 831 978
f 978 831 979
f 833 835 980
f 833 980 831
f 831 980 979
f 980 835 990
f 839 991 1004
f 989 991 839
f 989 839 834
f 834 839 840
f 832 840 836
f 834 840 832
f 835 837 841
f 833 837 835
f 992 990 835
f 992 835 842
f 842 835 841
f 842 843 993
f 992 842 993
f 993 843 1005
f 839 1004 1006
f 1006 1016 844
f 1006 844 839
f 839 844 840
f 836 845 838
f 836 840 845
f 840 844 845
f 838 841 837
f 838 845 841
f 845 846 841
f 842 841 847
f 847 841 846
f 843 842 848
f 848 842 847
f 1017 1005 843
f 848 1017 843
f 849 1018 1031
f 1016 1018 849
f 1016 849 844
f 844 849 850
f 845 844 851
f 851 844 850
f 1032 1019 846
f 1032 846 851
f 851 846 845
f 847 846 1019
f 1020 847 1019
f 848 847 1020
f 1021 848 1020
f 1017 848 1021
f 849 1031 1033
f 850 849 1033
f 1034 850 1033
f 851 850 1034
f 1035 851 1034
f 1032 851 1035
f 852 858 854
f 852 853 859
f 858 852 859
f 853 855 859
f 863 1066 1068
f 858 1067 1066
f 858 1066 860
f 858 860 854
f 860 1066 863
f 1067 864 1069
f 1067 858 864
f 858 859 864
f 855 856 865
f 855 865 859
f 859 865 864
f 856 857 866
f 865 856 866
f 857 861 866
f 862 863 1068
f 862 1068 867
f 867 1068 1075
f 860 863 862
f 864 1070 1069
f 865 1070 864
f 1071 1070 865
f 866 1071 865
f 1072 1071 866
f 1072 866 861
f 1072 861 1076
f 1076 861 868
f 867 1075 870
f 1075 1083 870
f 868 1077 1076
f 869 1077 868
f 871 873 1078
f 871 1078 869
f 869 1078 1077
f 1078 873 1084
f 877 1085 1090
f 877 1083 1085
f 877 874 1083
f 874 870 1083
f 871 872 873
f 873 872 875
f 873 875 1084
f 1084 875 1091
f 881 877 1090
f 1094 881 1090
f 874 881 878
f 877 881 874
f 875 1092 1091
f 876 1092 875
f 1092 876 879
f 1095 1092 879
f 885 881 1094
f 1097 885 1094
f 878 885 882
f 881 885 878
f 879 1096 1095
f 880 1096 879
f 1096 880 883
f 1098 1096 883
f 884 885 1097
f 884 1097 886
f 886 1097 1100
f 882 885 884
f 883 887 1098
f 1098 887 1101
f 891 1102 1105
f 891 1100 1102
f 891 889 1100
f 889 886 1100
f 887 1103 1101
f 888 1103 887
f 1103 888 890
f 1106 1103 890
f 894 891 1105
f 1107 894 1105
f 889 894 892
f 891 894 889
f 890 893 1106
f 1106 893 1108
f 897 894 1107
f 1110 897 1107
f 892 897 895
f 894 897 892
f 893 896 1108
f 1108 896 1111
f 901 1112 1114
f 1110 1112 901
f 1110 901 897
f 897 901 902
f 895 902 898
f 897 902 895
f 896 899 1111
f 1111 899 1115
f 906 901 1114
f 1116 906 1114
f 902 901 907
f 907 901 906
f 898 907 903
f 902 907 898
f 908 899 900
f 908 1117 899
f 1117 1115 899
f 900 904 908
f 906 1116 1118
f 1118 1119 911
f 1118 911 906
f 906 911 907
f 903 911 909
f 907 911 903
f 905 1117 908
f 905 910 1117
f 910 1120 1117
f 904 905 908
f 915 911 1119
f 1122 915 1119
f 909 915 912
f 911 915 909
f 910 913 1120
f 1120 913 1123
f 918 915 1122
f 1125 918 1122
f 912 919 914
f 912 915 919
f 915 918 919
f 914 919 916
f 913 917 1123
f 1123 917 1126
f 924 918 1125
f 1130 924 1125
f 919 918 925
f 925 918 924
f 916 925 920
f 919 925 916
f 926 1131 1127
f 926 1127 1126
f 926 1126 921
f 921 1126 917
f 929 924 1130
f 1134 929 1130
f 925 924 930
f 930 924 929
f 920 931 922
f 920 925 931
f 925 930 931
f 922 931 927
f 923 1131 926
f 923 928 1131
f 928 1135 1131
f 921 923 926
f 935 929 1134
f 1138 935 1134
f 930 929 936
f 936 929 935
f 931 930 937
f 937 930 936
f 927 937 932
f 931 937 927
f 928 933 1135
f 1135 933 1139
f 943 935 1138
f 1143 943 1138
f 936 935 944
f 944 935 943
f 937 936 945
f 945 936 944
f 932 945 938
f 937 945 932
f 934 939 946
f 934 946 1144
f 934 1144 933
f 933 1144 1139
f 953 943 1143
f 1149 953 1143
f 944 943 954
f 954 943 953
f 945 944 955
f 955 944 954
f 938 956 940
f 938 945 956
f 945 955 956
f 940 957 941
f 956 957 940
f 941 958 942
f 957 958 941
f 942 958 947
f 946 1150 1145
f 946 939 1150
f 939 948 1150
f 1144 946 1145
f 959 953 1149
f 1153 959 1149
f 954 953 960
f 960 953 959
f 955 954 961
f 961 954 960
f 956 955 962
f 962 955 961
f 957 956 963
f 963 956 962
f 958 957 964
f 964 957 963
f 947 965 949
f 947 958 965
f 958 964 965
f 949 966 950
f 965 966 949
f 950 967 951
f 966 967 950
f 951 968 952
f 967 968 951
f 952 968 1154
f 952 1154 948
f 948 1154 1150
f 969 959 1153
f 1159 969 1153
f 960 959 970
f 970 959 969
f 961 960 971
f 971 960 970
f 962 961 972
f 972 961 971
f 963 962 973
f 973 962 972
f 964 963 974
f 974 963 973
f 965 964 975
f 975 964 974
f 966 965 976
f 976 965 975
f 967 966 977
f 977 966 976
f 1160 1155 968
f 1160 968 977
f 977 968 967
f 1154 968 1155
f 981 969 1159
f 1166 981 1159
f 970 969 982
f 982 969 981
f 971 970 983
f 983 970 982
f 972 971 984
f 984 971 983
f 973 972 985
f 985 972 984
f 974 973 986
f 986 973 985
f 975 974 987
f 987 974 986
f 976 975 988
f 988 975 987
f 1167 1161 977
f 1167 977 988
f 988 977 976
f 1160 977 1161
f 978 1168 1181
f 989 978 1181
f 979 1169 978
f 978 1169 1168
f 980 1170 979
f 979 1170 1169
f 990 994 1171
f 990 1171 980
f 980 1171 1170
f 994 995 1172
f 1171 994 1172
f 1172 995 1182
f 996 1173 1183
f 1166 1173 996
f 1166 996 981
f 981 996 997
f 982 981 998
f 998 981 997
f 983 982 999
f 999 982 998
f 984 983 1000
f 1000 983 999
f 985 984 1001
f 1001 984 1000
f 986 985 1002
f 1002 985 1001
f 987 986 1003
f 1003 986 1002
f 1184 1174 988
f 1184 988 1003
f 1003 988 987
f 1167 988 1174
f 991 1185 1200
f 1004 991 1200
f 1181 991 989
f 1185 991 1181
f 990 992 994
f 993 994 992
f 995 994 993
f 1005 1007 1186
f 993 1005 1186
f 993 1186 1182
f 993 1182 995
f 1007 1008 1187
f 1186 1007 1187
f 1187 1008 1201
f 1009 996 1183
f 1202 1009 1183
f 997 996 1010
f 1010 996 1009
f 998 997 1011
f 1011 997 1010
f 999 998 1012
f 1012 998 1011
f 1000 999 1013
f 1013 999 1012
f 1001 1000 1014
f 1014 1000 1013
f 1002 1001 1015
f 1015 1001 1014
f 1203 1188 1003
f 1203 1003 1015
f 1015 1003 1002
f 1184 1003 1188
f 1022 1006 1004
f 1022 1004 1219
f 1219 1004 1200
f 1006 1022 1016
f 1007 1017 1023
f 1005 1017 1007
f 1008 1007 1024
f 1024 1007 1023
f 1204 1201 1008
f 1204 1008 1025
f 1025 1008 1024
f 1025 1026 1205
f 1204 1025 1205
f 1205 1026 1220
f 1009 1202 1206
f 1206 1221 1027
f 1206 1027 1009
f 1009 1027 1010
f 1011 1010 1028
f 1028 1010 1027
f 1012 1011 1029
f 1029 1011 1028
f 1013 1012 1030
f 1030 1012 1029
f 1222 1207 1014
f 1222 1014 1030
f 1030 1014 1013
f 1015 1014 1207
f 1208 1015 1207
f 1203 1015 1208
f 1018 1022 1219
f 1018 1219 1031
f 1031 1219 1236
f 1016 1022 1018
f 1019 1032 1036
f 1019 1037 1020
f 1036 1037 1019
f 1020 1038 1021
f 1037 1038 1020
f 1021 1023 1017
f 1021 1038 1023
f 1038 1039 1023
f 1024 1023 1040
f 1040 1023 1039
f 1025 1024 1041
f 1041 1024 1040
f 1026 1025 1042
f 1042 1025 1041
f 1237 1220 1026
f 1042 1237 1026
f 1027 1221 1223
f 1028 1027 1223
f 1224 1028 1223
f 1029 1028 1224
f 1225 1029 1224
f 1030 1029 1225
f 1226 1030 1225
f 1222 1030 1226
f 1043 1033 1031
f 1043 1031 1251
f 1251 1031 1236
f 1033 1044 1034
f 1043 1044 1033
f 1034 1045 1035
f 1044 1045 1034
f 1035 1036 1032
f 1035 1045 1036
f 1045 1046 1036
f 1037 1036 1047
f 1047 1036 1046
f 1038 1037 1048
f 1048 1037 1047
f 1039 1038 1049
f 1049 1038 1048
f 1040 1039 1050
f 1050 1039 1049
f 1041 1040 1051
f 1051 1040 1050
f 1042 1041 1052
f 1052 1041 1051
f 1252 1237 1042
f 1052 1252 1042
f 1053 1043 1251
f 1268 1053 1251
f 1044 1043 1054
f 1054 1043 1053
f 1045 1044 1055
f 1055 1044 1054
f 1046 1045 1056
f 1056 1045 1055
f 1047 1046 1057
f 1057 1046 1056
f 1048 1047 1058
f 1058 1047 1057
f 1049 1048 1059
f 1059 1048 1058
f 1269 1253 1050
f 1269 1050 1059
f 1059 1050 1049
f 1051 1050 1253
f 1254 1051 1253
f 1052 1051 1254
f 1255 1052 1254
f 1252 1052 1255
f 1060 1053 1268
f 1288 1060 1268
f 1054 1053 1061
f 1061 1053 1060
f 1055 1054 1062
f 1062 1054 1061
f 1056 1055 1063
f 1063 1055 1062
f 1289 1270 1057
f 1289 1057 1063
f 1063 1057 1056
f 1058 1057 1270
f 1271 1058 1270
f 1059 1058 1271
f 1272 1059 1271
f 1269 1059 1272
f 1060 1288 1290
f 1290 1308 1064
f 1290 1064 1060
f 1060 1064 1061
f 1062 1061 1065
f 1065 1061 1064
f 1309 1291 1063
f 1309 1063 1065
f 1065 1063 1062
f 1289 1063 1291
f 1064 1308 1310
f 1065 1064 1310
f 1311 1065 1310
f 1309 1065 1311
f 1066 1073 1068
f 1066 1067 1074
f 1073 1066 1074
f 1067 1069 1074
f 1073 1355 1356
f 1073 1356 1068
f 1068 1356 1075
f 1355 1079 1357
f 1355 1073 1079
f 1073 1074 1079
f 1069 1070 1080
f 1069 1080 1074
f 1074 1080 1079
f 1070 1071 1081
f 1080 1070 1081
f 1071 1072 1082
f 1081 1071 1082
f 1072 1076 1082
f 1086 1358 1363
f 1086 1356 1358
f 1086 1083 1356
f 1083 1075 1356
f 1079 1359 1357
f 1080 1359 1079
f 1360 1359 1080
f 1081 1360 1080
f 1361 1360 1081
f 1361 1087 1364
f 1361 1081 1087
f 1081 1082 1087
f 1076 1077 1088
f 1076 1088 1082
f 1082 1088 1087
f 1077 1078 1089
f 1088 1077 1089
f 1078 1084 1089
f 1085 1086 1363
f 1085 1363 1090
f 1090 1363 1373
f 1083 1086 1085
f 1087 1365 1364
f 1088 1365 1087
f 1366 1365 1088
f 1089 1366 1088
f 1367 1366 1089
f 1089 1084 1091
f 1089 1091 1368
f 1089 1368 1367
f 1093 1368 1091
f 1368 1093 1374
f 1090 1373 1094
f 1373 1379 1094
f 1091 1092 1093
f 1093 1092 1095
f 1093 1095 1374
f 1374 1095 1380
f 1099 1381 1385
f 1099 1379 1381
f 1099 1097 1379
f 1097 1094 1379
f 1095 1382 1380
f 1096 1382 1095
f 1382 1096 1098
f 1386 1382 1098
f 1104 1099 1385
f 1387 1104 1385
f 1097 1104 1100
f 1099 1104 1097
f 1098 1101 1386
f 1386 1101 1388
f 1102 1104 1387
f 1102 1387 1105
f 1105 1387 1391
f 1100 1104 1102
f 1101 1389 1388
f 1103 1389 1101
f 1389 1103 1106
f 1392 1389 1106
f 1109 1393 1395
f 1109 1391 1393
f 1109 1107 1391
f 1107 1105 1391
f 1106 1108 1392
f 1392 1108 1396
f 1113 1109 1395
f 1397 1113 1395
f 1107 1113 1110
f 1109 1113 1107
f 1108 1111 1396
f 1396 1111 1398
f 1112 1113 1397
f 1112 1397 1114
f 1114 1397 1400
f 1110 1113 1112
f 1111 1115 1398
f 1398 1115 1401
f 1114 1400 1116
f 1400 1403 1116
f 1115 1117 1401
f 1401 1117 1404
f 1121 1118 1116
f 1121 1116 1406
f 1406 1116 1403
f 1118 1121 1119
f 1117 1120 1404
f 1404 1120 1407
f 1124 1121 1406
f 1409 1124 1406
f 1119 1124 1122
f 1121 1124 1119
f 1120 1123 1407
f 1407 1123 1410
f 1128 1124 1409
f 1414 1128 1409
f 1122 1128 1125
f 1124 1128 1122
f 1129 1415 1411
f 1129 1411 1410
f 1129 1410 1126
f 1126 1410 1123
f 1132 1416 1419
f 1414 1416 1132
f 1414 1132 1128
f 1128 1132 1133
f 1125 1133 1130
f 1128 1133 1125
f 1127 1415 1129
f 1127 1131 1415
f 1131 1420 1415
f 1126 1127 1129
f 1136 1132 1419
f 1422 1136 1419
f 1133 1132 1137
f 1137 1132 1136
f 1130 1137 1134
f 1133 1137 1130
f 1131 1135 1420
f 1420 1135 1423
f 1140 1136 1422
f 1427 1140 1422
f 1137 1136 1141
f 1141 1136 1140
f 1134 1141 1138
f 1137 1141 1134
f 1142 1428 1424
f 1142 1424 1423
f 1142 1423 1139
f 1139 1423 1135
f 1146 1140 1427
f 1430 1146 1427
f 1141 1140 1147
f 1147 1140 1146
f 1138 1147 1143
f 1141 1147 1138
f 1148 1428 1142
f 1431 1428 1148
f 1139 1144 1148
f 1142 1139 1148
f 1151 1146 1430
f 1434 1151 1430
f 1147 1146 1152
f 1152 1146 1151
f 1143 1152 1149
f 1147 1152 1143
f 1145 1431 1148
f 1145 1150 1431
f 1150 1435 1431
f 1144 1145 1148
f 1156 1436 1439
f 1434 1436 1156
f 1434 1156 1151
f 1151 1156 1157
f 1152 1151 1158
f 1158 1151 1157
f 1149 1158 1153
f 1152 1158 1149
f 1150 1154 1435
f 1435 1154 1440
f 1162 1441 1446
f 1439 1441 1162
f 1439 1162 1156
f 1156 1162 1163
f 1157 1156 1164
f 1164 1156 1163
f 1158 1157 1165
f 1165 1157 1164
f 1153 1165 1159
f 1158 1165 1153
f 1155 1447 1442
f 1160 1447 1155
f 1440 1154 1155
f 1442 1440 1155
f 1175 1448 1452
f 1446 1448 1175
f 1446 1175 1162
f 1162 1175 1176
f 1163 1162 1177
f 1177 1162 1176
f 1164 1163 1178
f 1178 1163 1177
f 1165 1164 1179
f 1179 1164 1178
f 1159 1179 1166
f 1165 1179 1159
f 1161 1167 1180
f 1161 1180 1453
f 1161 1453 1160
f 1160 1453 1447
f 1168 1189 1181
f 1470 1189 1168
f 1470 1168 1454
f 1454 1168 1169
f 1170 1455 1169
f 1169 1455 1454
f 1171 1456 1170
f 1170 1456 1455
f 1172 1457 1171
f 1171 1457 1456
f 1182 1190 1458
f 1182 1458 1172
f 1172 1458 1457
f 1190 1191 1459
f 1458 1190 1459
f 1191 1192 1460
f 1459 1191 1460
f 1192 1193 1461
f 1460 1192 1461
f 1193 1194 1462
f 1461 1193 1462
f 1452 1462 1194
f 1452 1194 1175
f 1175 1194 1195
f 1176 1175 1196
f 1196 1175 1195
f 1177 1176 1197
f 1197 1176 1196
f 1178 1177 1198
f 1198 1177 1197
f 1173 1198 1183
f 1173 1179 1198
f 1179 1178 1198
f 1166 1179 1173
f 1174 1184 1199
f 1174 1199 1471
f 1167 1174 1471
f 1167 1471 1463
f 1167 1463 1180
f 1453 1180 1463
f 1185 1209 1200
f 1185 1475 1209
f 1181 1475 1185
f 1181 1472 1475
f 1181 1189 1472
f 1470 1472 1189
f 1182 1186 1190
f 1187 1190 1186
f 1191 1190 1187
f 1201 1191 1187
f 1201 1210 1191
f 1210 1192 1191
f 1193 1192 1211
f 1211 1192 1210
f 1194 1193 1212
f 1212 1193 1211
f 1195 1194 1213
f 1213 1194 1212
f 1196 1195 1214
f 1214 1195 1213
f 1197 1196 1215
f 1215 1196 1214
f 1198 1197 1216
f 1216 1197 1215
f 1183 1216 1202
f 1198 1216 1183
f 1188 1203 1217
f 1188 1199 1184
f 1188 1217 1199
f 1217 1218 1199
f 1476 1471 1199
f 1218 1476 1199
f 1209 1477 1480
f 1209 1480 1200
f 1200 1480 1219
f 1475 1477 1209
f 1201 1204 1210
f 1205 1210 1204
f 1211 1210 1205
f 1220 1211 1205
f 1220 1227 1211
f 1227 1212 1211
f 1213 1212 1228
f 1228 1212 1227
f 1214 1213 1229
f 1229 1213 1228
f 1215 1214 1230
f 1230 1214 1229
f 1216 1215 1231
f 1231 1215 1230
f 1202 1232 1206
f 1202 1216 1232
f 1216 1231 1232
f 1206 1232 1221
f 1207 1222 1233
f 1207 1234 1208
f 1233 1234 1207
f 1208 1217 1203
f 1208 1234 1217
f 1234 1235 1217
f 1481 1478 1218
f 1481 1218 1235
f 1235 1218 1217
f 1476 1218 1478
f 1238 1482 1486
f 1238 1480 1482
f 1238 1236 1480
f 1236 1219 1480
f 1227 1237 1239
f 1220 1237 1227
f 1228 1227 1240
f 1240 1227 1239
f 1229 1228 1241
f 1241 1228 1240
f 1230 1229 1242
f 1242 1229 1241
f 1231 1230 1243
f 1243 1230 1242
f 1232 1231 1244
f 1244 1231 1243
f 1221 1245 1223
f 1221 1232 1245
f 1232 1244 1245
f 1223 1246 1224
f 1245 1246 1223
f 1224 1247 1225
f 1246 1247 1224
f 1225 1248 1226
f 1247 1248 1225
f 1226 1233 1222
f 1226 1248 1233
f 1248 1249 1233
f 1234 1233 1250
f 1250 1233 1249
f 1487 1483 1235
f 1487 1235 1250
f 1250 1235 1234
f 1481 1235 1483
f 1256 1238 1486
f 1491 1256 1486
f 1236 1256 1251
f 1238 1256 1236
f 1239 1252 1257
f 1237 1252 1239
f 1240 1239 1258
f 1258 1239 1257
f 1241 1240 1259
f 1259 1240 1258
f 1242 1241 1260
f 1260 1241 1259
f 1243 1242 1261
f 1261 1242 1260
f 1244 1243 1262
f 1262 1243 1261
f 1245 1244 1263
f 1263 1244 1262
f 1246 1245 1264
f 1264 1245 1263
f 1247 1246 1265
f 1265 1246 1264
f 1248 1247 1266
f 1266 1247 1265
f 1249 1248 1267
f 1267 1248 1266
f 1492 1488 1250
f 1492 1250 1267
f 1267 1250 1249
f 1487 1250 1488
f 1273 1256 1491
f 1496 1273 1491
f 1251 1273 1268
f 1256 1273 1251
f 1253 1269 1274
f 1253 1275 1254
f 1274 1275 1253
f 1254 1276 1255
f 1275 1276 1254
f 1255 1257 1252
f 1255 1276 1257
f 1276 1277 1257
f 1258 1257 1278
f 1278 1257 1277
f 1259 1258 1279
f 1279 1258 1278
f 1260 1259 1280
f 1280 1259 1279
f 1261 1260 1281
f 1281 1260 1280
f 1262 1261 1282
f 1282 1261 1281
f 1263 1262 1283
f 1283 1262 1282
f 1264 1263 1284
f 1284 1263 1283
f 1265 1264 1285
f 1285 1264 1284
f 1266 1265 1286
f 1286 1265 1285
f 1267 1266 1287
f 1287 1266 1286
f 1497 1492 1267
f 1287 1497 1267
f 1292 1273 1496
f 1502 1292 1496
f 1268 1292 1288
f 1273 1292 1268
f 1270 1289 1293
f 1270 1294 1271
f 1293 1294 1270
f 1271 1295 1272
f 1294 1295 1271
f 1272 1274 1269
f 1272 1295 1274
f 1295 1296 1274
f 1275 1274 1297
f 1297 1274 1296
f 1276 1275 1298
f 1298 1275 1297
f 1277 1276 1299
f 1299 1276 1298
f 1278 1277 1300
f 1300 1277 1299
f 1279 1278 1301
f 1301 1278 1300
f 1280 1279 1302
f 1302 1279 1301
f 1281 1280 1303
f 1303 1280 1302
f 1282 1281 1304
f 1304 1281 1303
f 1283 1282 1305
f 1305 1282 1304
f 1284 1283 1306
f 1306 1283 1305
f 1285 1284 1307
f 1307 1284 1306
f 1503 1498 1286
f 1503 1286 1307
f 1307 1286 1285
f 1287 1286 1498
f 1499 1287 1498
f 1497 1287 1499
f 1312 1292 1502
f 1509 1312 1502
f 1288 1313 1290
f 1288 1292 1313
f 1292 1312 1313
f 1290 1313 1308
f 1291 1309 1314
f 1291 1293 1289
f 1291 1314 1293
f 1314 1315 1293
f 1294 1293 1316
f 1316 1293 1315
f 1295 1294 1317
f 1317 1294 1316
f 1296 1295 1318
f 1318 1295 1317
f 1297 1296 1319
f 1319 1296 1318
f 1298 1297 1320
f 1320 1297 1319
f 1299 1298 1321
f 1321 1298 1320
f 1300 1299 1322
f 1322 1299 1321
f 1301 1300 1323
f 1323 1300 1322
f 1302 1301 1324
f 1324 1301 1323
f 1303 1302 1325
f 1325 1302 1324
f 1304 1303 1326
f 1326 1303 1325
f 1305 1304 1327
f 1327 1304 1326
f 1510 1504 1306
f 1510 1306 1327
f 1327 1306 1305
f 1307 1306 1504
f 1505 1307 1504
f 1503 1307 1505
f 1328 1312 1509
f 1522 1328 1509
f 1313 1312 1329
f 1329 1312 1328
f 1308 1330 1310
f 1308 1313 1330
f 1313 1329 1330
f 1310 1331 1311
f 1330 1331 1310
f 1311 1314 1309
f 1311 1331 1314
f 1331 1332 1314
f 1315 1314 1333
f 1333 1314 1332
f 1316 1315 1334
f 1334 1315 1333
f 1317 1316 1335
f 1335 1316 1334
f 1318 1317 1336
f 1336 1317 1335
f 1319 1318 1337
f 1337 1318 1336
f 1320 1319 1338
f 1338 1319 1337
f 1321 1320 1339
f 1339 1320 1338
f 1523 1511 1322
f 1523 1322 1339
f 1339 1322 1321
f 1323 1322 1511
f 1512 1323 1511
f 1324 1323 1512
f 1513 1324 1512
f 1325 1324 1513
f 1514 1325 1513
f 1326 1325 1514
f 1515 1326 1514
f 1327 1326 1515
f 1516 1327 1515
f 1510 1327 1516
f 1328 1522 1524
f 1524 1538 1340
f 1524 1340 1328
f 1328 1340 1329
f 1330 1329 1341
f 1341 1329 1340
f 1331 1330 1342
f 1342 1330 1341
f 1332 1331 1343
f 1343 1331 1342
f 1333 1332 1344
f 1344 1332 1343
f 1334 1333 1345
f 1345 1333 1344
f 1335 1334 1346
f 1346 1334 1345
f 1336 1335 1347
f 1347 1335 1346
f 1539 1525 1337
f 1539 1337 1347
f 1347 1337 1336
f 1338 1337 1525
f 1526 1338 1525
f 1339 1338 1526
f 1527 1339 1526
f 1523 1339 1527
f 1348 1340 1538
f 1555 1348 1538
f 1341 1340 1349
f 1349 1340 1348
f 1342 1341 1350
f 1350 1341 1349
f 1343 1342 1351
f 1351 1342 1350
f 1344 1343 1352
f 1352 1343 1351
f 1556 1540 1345
f 1556 1345 1352
f 1352 1345 1344
f 1346 1345 1540
f 1541 1346 1540
f 1347 1346 1541
f 1542 1347 1541
f 1539 1347 1542
f 1348 1555 1557
f 1557 1573 1353
f 1557 1353 1348
f 1348 1353 1349
f 1350 1349 1354
f 1354 1349 1353
f 1574 1558 1351
f 1574 1351 1354
f 1354 1351 1350
f 1352 1351 1558
f 1559 1352 1558
f 1556 1352 1559
f 1353 1573 1575
f 1354 1353 1575
f 1576 1354 1575
f 1574 1354 1576
f 1355 1362 1356
f 1355 1357 1362
f 1358 1609 1610
f 1363 1358 1610
f 1356 1609 1358
f 1356 1369 1609
f 1356 1362 1369
f 1611 1609 1369
f 1357 1359 1370
f 1357 1370 1362
f 1362 1370 1369
f 1359 1360 1371
f 1370 1359 1371
f 1360 1361 1372
f 1371 1360 1372
f 1361 1364 1372
f 1363 1610 1373
f 1610 1617 1373
f 1369 1612 1611
f 1370 1612 1369
f 1613 1612 1370
f 1371 1613 1370
f 1614 1613 1371
f 1372 1614 1371
f 1615 1614 1372
f 1375 1618 1615
f 1365 1375 1615
f 1365 1615 1372
f 1365 1372 1364
f 1365 1366 1376
f 1375 1365 1376
f 1366 1367 1377
f 1376 1366 1377
f 1367 1368 1378
f 1377 1367 1378
f 1368 1374 1378
f 1383 1619 1628
f 1383 1617 1619
f 1383 1379 1617
f 1379 1373 1617
f 1375 1620 1618
f 1376 1620 1375
f 1621 1620 1376
f 1377 1621 1376
f 1622 1621 1377
f 1622 1384 1629
f 1622 1377 1384
f 1377 1378 1384
f 1374 1380 1384
f 1378 1374 1384
f 1381 1383 1628
f 1381 1628 1385
f 1385 1628 1636
f 1379 1383 1381
f 1384 1630 1629
f 1380 1630 1384
f 1380 1382 1630
f 1382 1631 1630
f 1631 1382 1386
f 1637 1631 1386
f 1390 1638 1643
f 1390 1636 1638
f 1390 1387 1636
f 1387 1385 1636
f 1386 1388 1637
f 1637 1388 1644
f 1394 1390 1643
f 1646 1394 1643
f 1387 1394 1391
f 1390 1394 1387
f 1388 1645 1644
f 1389 1645 1388
f 1645 1389 1392
f 1647 1645 1392
f 1393 1394 1646
f 1393 1646 1395
f 1395 1646 1649
f 1391 1394 1393
f 1392 1396 1647
f 1647 1396 1650
f 1399 1651 1653
f 1399 1649 1651
f 1399 1397 1649
f 1397 1395 1649
f 1396 1398 1650
f 1650 1398 1654
f 1402 1399 1653
f 1655 1402 1653
f 1397 1402 1400
f 1399 1402 1397
f 1398 1401 1654
f 1654 1401 1656
f 1405 1402 1655
f 1657 1405 1655
f 1400 1405 1403
f 1402 1405 1400
f 1401 1404 1656
f 1656 1404 1658
f 1408 1405 1657
f 1660 1408 1657
f 1403 1408 1406
f 1405 1408 1403
f 1404 1407 1658
f 1658 1407 1661
f 1412 1408 1660
f 1664 1412 1660
f 1406 1412 1409
f 1408 1412 1406
f 1413 1665 1662
f 1413 1662 1661
f 1413 1661 1410
f 1410 1661 1407
f 1417 1666 1668
f 1664 1666 1417
f 1664 1417 1412
f 1412 1417 1418
f 1409 1418 1414
f 1412 1418 1409
f 1411 1665 1413
f 1411 1415 1665
f 1415 1669 1665
f 1410 1411 1413
f 1421 1417 1668
f 1671 1421 1668
f 1416 1421 1419
f 1416 1418 1421
f 1418 1417 1421
f 1414 1418 1416
f 1415 1420 1669
f 1669 1420 1672
f 1425 1421 1671
f 1675 1425 1671
f 1419 1425 1422
f 1421 1425 1419
f 1426 1676 1673
f 1426 1673 1672
f 1426 1672 1423
f 1423 1672 1420
f 1429 1425 1675
f 1678 1429 1675
f 1422 1429 1427
f 1425 1429 1422
f 1424 1676 1426
f 1424 1428 1676
f 1428 1679 1676
f 1423 1424 1426
f 1432 1680 1682
f 1678 1680 1432
f 1678 1432 1429
f 1429 1432 1433
f 1427 1433 1430
f 1429 1433 1427
f 1428 1431 1679
f 1679 1431 1683
f 1437 1432 1682
f 1686 1437 1682
f 1433 1432 1438
f 1438 1432 1437
f 1430 1438 1434
f 1433 1438 1430
f 1431 1435 1683
f 1683 1435 1687
f 1443 1688 1693
f 1686 1688 1443
f 1686 1443 1437
f 1437 1443 1444
f 1436 1444 1439
f 1436 1438 1444
f 1438 1437 1444
f 1434 1438 1436
f 1445 1694 1689
f 1445 1689 1687
f 1445 1687 1440
f 1440 1687 1435
f 1449 1695 1699
f 1449 1450 1696
f 1695 1449 1696
f 1693 1696 1450
f 1693 1450 1443
f 1443 1450 1451
f 1441 1451 1446
f 1441 1444 1451
f 1444 1443 1451
f 1439 1444 1441
f 1442 1694 1445
f 1442 1447 1694
f 1447 1700 1694
f 1440 1442 1445
f 1464 1701 1707
f 1464 1465 1702
f 1701 1464 1702
f 1465 1466 1703
f 1702 1465 1703
f 1466 1467 1704
f 1703 1466 1704
f 1699 1704 1467
f 1699 1467 1449
f 1449 1467 1468
f 1450 1449 1469
f 1469 1449 1468
f 1448 1469 1452
f 1448 1451 1469
f 1451 1450 1469
f 1446 1451 1448
f 1447 1453 1700
f 1700 1453 1708
f 1454 1473 1470
f 1711 1473 1454
f 1711 1454 1709
f 1709 1454 1455
f 1456 1710 1455
f 1455 1710 1709
f 1707 1457 1464
f 1707 1710 1457
f 1710 1456 1457
f 1458 1464 1457
f 1465 1464 1458
f 1459 1465 1458
f 1466 1465 1459
f 1460 1466 1459
f 1467 1466 1460
f 1461 1467 1460
f 1468 1467 1461
f 1462 1468 1461
f 1469 1468 1462
f 1452 1469 1462
f 1463 1471 1474
f 1463 1474 1712
f 1463 1712 1453
f 1453 1712 1708
f 1472 1479 1475
f 1472 1715 1479
f 1470 1715 1472
f 1470 1713 1715
f 1470 1473 1713
f 1711 1713 1473
f 1474 1716 1714
f 1474 1471 1716
f 1471 1476 1716
f 1712 1474 1714
f 1477 1484 1480
f 1477 1718 1484
f 1475 1718 1477
f 1475 1717 1718
f 1475 1479 1717
f 1715 1717 1479
f 1478 1481 1485
f 1478 1485 1719
f 1478 1719 1476
f 1476 1719 1716
f 1482 1489 1486
f 1482 1722 1489
f 1480 1722 1482
f 1480 1720 1722
f 1480 1484 1720
f 1718 1720 1484
f 1483 1487 1490
f 1483 1490 1723
f 1481 1483 1723
f 1481 1723 1721
f 1481 1721 1485
f 1719 1485 1721
f 1489 1493 1491
f 1486 1489 1491
f 1726 1489 1722
f 1493 1489 1726
f 1488 1492 1494
f 1488 1490 1487
f 1488 1494 1490
f 1494 1495 1490
f 1727 1723 1490
f 1495 1727 1490
f 1493 1728 1730
f 1493 1730 1491
f 1491 1730 1496
f 1726 1728 1493
f 1494 1497 1500
f 1492 1497 1494
f 1495 1494 1501
f 1501 1494 1500
f 1731 1727 1495
f 1501 1731 1495
f 1496 1730 1502
f 1730 1735 1502
f 1498 1503 1506
f 1498 1507 1499
f 1506 1507 1498
f 1499 1500 1497
f 1499 1507 1500
f 1507 1508 1500
f 1736 1732 1501
f 1736 1501 1508
f 1508 1501 1500
f 1731 1501 1732
f 1502 1735 1509
f 1735 1739 1509
f 1504 1510 1517
f 1504 1518 1505
f 1517 1518 1504
f 1505 1506 1503
f 1505 1518 1506
f 1518 1519 1506
f 1507 1506 1520
f 1520 1506 1519
f 1508 1507 1521
f 1521 1507 1520
f 1740 1736 1508
f 1521 1740 1508
f 1509 1739 1522
f 1739 1744 1522
f 1511 1523 1528
f 1511 1529 1512
f 1528 1529 1511
f 1512 1530 1513
f 1529 1530 1512
f 1513 1531 1514
f 1530 1531 1513
f 1514 1532 1515
f 1531 1532 1514
f 1515 1533 1516
f 1532 1533 1515
f 1516 1517 1510
f 1516 1533 1517
f 1533 1534 1517
f 1518 1517 1535
f 1535 1517 1534
f 1519 1518 1536
f 1536 1518 1535
f 1520 1519 1537
f 1537 1519 1536
f 1745 1741 1521
f 1745 1521 1537
f 1537 1521 1520
f 1740 1521 1741
f 1543 1524 1522
f 1543 1522 1751
f 1751 1522 1744
f 1524 1543 1538
f 1525 1539 1544
f 1525 1545 1526
f 1544 1545 1525
f 1526 1546 1527
f 1545 1546 1526
f 1527 1528 1523
f 1527 1546 1528
f 1546 1547 1528
f 1529 1528 1548
f 1548 1528 1547
f 1530 1529 1549
f 1549 1529 1548
f 1531 1530 1550
f 1550 1530 1549
f 1532 1531 1551
f 1551 1531 1550
f 1533 1532 1552
f 1552 1532 1551
f 1534 1533 1553
f 1553 1533 1552
f 1535 1534 1554
f 1554 1534 1553
f 1752 1746 1536
f 1752 1536 1554
f 1554 1536 1535
f 1537 1536 1746
f 1747 1537 1746
f 1745 1537 1747
f 1560 1543 1751
f 1759 1560 1751
f 1538 1560 1555
f 1543 1560 1538
f 1540 1556 1561
f 1540 1562 1541
f 1561 1562 1540
f 1541 1563 1542
f 1562 1563 1541
f 1542 1544 1539
f 1542 1563 1544
f 1563 1564 1544
f 1545 1544 1565
f 1565 1544 1564
f 1546 1545 1566
f 1566 1545 1565
f 1547 1546 1567
f 1567 1546 1566
f 1548 1547 1568
f 1568 1547 1567
f 1549 1548 1569
f 1569 1548 1568
f 1550 1549 1570
f 1570 1549 1569
f 1551 1550 1571
f 1571 1550 1570
f 1552 1551 1572
f 1572 1551 1571
f 1760 1753 1553
f 1760 1553 1572
f 1572 1553 1552
f 1554 1553 1753
f 1754 1554 1753
f 1752 1554 1754
f 1577 1560 1759
f 1771 1577 1759
f 1555 1578 1557
f 1555 1560 1578
f 1560 1577 1578
f 1557 1578 1573
f 1558 1574 1579
f 1558 1580 1559
f 1579 1580 1558
f 1559 1561 1556
f 1559 1580 1561
f 1580 1581 1561
f 1562 1561 1582
f 1582 1561 1581
f 1563 1562 1583
f 1583 1562 1582
f 1564 1563 1584
f 1584 1563 1583
f 1565 1564 1585
f 1585 1564 1584
f 1566 1565 1586
f 1586 1565 1585
f 1567 1566 1587
f 1587 1566 1586
f 1772 1761 1568
f 1772 1568 1587
f 1587 1568 1567
f 1569 1568 1761
f 1762 1569 1761
f 1570 1569 1762
f 1763 1570 1762
f 1571 1570 1763
f 1764 1571 1763
f 1572 1571 1764
f 1765 1572 1764
f 1760 1572 1765
f 1588 1577 1771
f 1785 1588 1771
f 1578 1577 1589
f 1589 1577 1588
f 1573 1590 1575
f 1573 1578 1590
f 1578 1589 1590
f 1575 1591 1576
f 1590 1591 1575
f 1576 1579 1574
f 1576 1591 1579
f 1591 1592 1579
f 1580 1579 1593
f 1593 1579 1592
f 1581 1580 1594
f 1594 1580 1593
f 1582 1581 1595
f 1595 1581 1594
f 1583 1582 1596
f 1596 1582 1595
f 1584 1583 1597
f 1597 1583 1596
f 1786 1773 1585
f 1786 1585 1597
f 1597 1585 1584
f 1586 1585 1773
f 1774 1586 1773
f 1587 1586 1774
f 1775 1587 1774
f 1772 1587 1775
f 1588 1785 1787
f 1787 1801 1598
f 1787 1598 1588
f 1588 1598 1589
f 1590 1589 1599
f 1599 1589 1598
f 1591 1590 1600
f 1600 1590 1599
f 1592 1591 1601
f 1601 1591 1600
f 1593 1592 1602
f 1602 1592 1601
f 1594 1593 1603
f 1603 1593 1602
f 1802 1788 1595
f 1802 1595 1603
f 1603 1595 1594
f 1596 1595 1788
f 1789 1596 1788
f 1597 1596 1789
f 1790 1597 1789
f 1786 1597 1790
f 1604 1598 1801
f 1818 1604 1801
f 1599 1598 1605
f 1605 1598 1604
f 1600 1599 1606
f 1606 1599 1605
f 1601 1600 1607
f 1607 1600 1606
f 1819 1803 1602
f 1819 1602 1607
f 1607 1602 1601
f 1603 1602 1803
f 1804 1603 1803
f 1802 1603 1804
f 1604 1818 1820
f 1820 1834 1608
f 1820 1608 1604
f 1604 1608 1605
f 1835 1821 1606
f 1835 1606 1608
f 1608 1606 1605
f 1607 1606 1821
f 1822 1607 1821
f 1819 1607 1822
f 1608 1834 1836
f 1835 1608 1836
f 1609 1616 1610
f 1609 1611 1616
f 1623 1854 1856
f 1616 1855 1854
f 1616 1854 1617
f 1616 1617 1610
f 1617 1854 1623
f 1624 1857 1855
f 1612 1624 1855
f 1612 1855 1616
f 1612 1616 1611
f 1612 1613 1625
f 1624 1612 1625
f 1613 1614 1626
f 1625 1613 1626
f 1614 1615 1627
f 1626 1614 1627
f 1615 1618 1627
f 1619 1623 1856
f 1619 1856 1628
f 1628 1856 1863
f 1617 1623 1619
f 1624 1858 1857
f 1625 1858 1624
f 1859 1858 1625
f 1626 1859 1625
f 1860 1859 1626
f 1860 1632 1864
f 1860 1626 1632
f 1626 1627 1632
f 1618 1620 1633
f 1618 1633 1627
f 1627 1633 1632
f 1620 1621 1634
f 1633 1620 1634
f 1621 1622 1635
f 1634 1621 1635
f 1622 1629 1635
f 1639 1865 1874
f 1639 1863 1865
f 1639 1636 1863
f 1636 1628 1863
f 1632 1866 1864
f 1633 1866 1632
f 1867 1866 1633
f 1634 1867 1633
f 1868 1867 1634
f 1868 1640 1875
f 1868 1634 1640
f 1634 1635 1640
f 1629 1630 1641
f 1629 1641 1635
f 1635 1641 1640
f 1630 1631 1642
f 1641 1630 1642
f 1631 1637 1642
f 1638 1639 1874
f 1638 1874 1643
f 1643 1874 1884
f 1636 1639 1638
f 1640 1876 1875
f 1641 1876 1640
f 1877 1876 1641
f 1642 1877 1641
f 1878 1877 1642
f 1878 1642 1637
f 1878 1637 1885
f 1885 1637 1644
f 1648 1886 1892
f 1648 1884 1886
f 1648 1646 1884
f 1646 1643 1884
f 1644 1887 1885
f 1645 1887 1644
f 1887 1645 1647
f 1893 1887 1647
f 1652 1648 1892
f 1895 1652 1892
f 1646 1652 1649
f 1648 1652 1646
f 1647 1650 1893
f 1893 1650 1896
f 1651 1652 1895
f 1651 1895 1653
f 1653 1895 1898
f 1649 1652 1651
f 1650 1654 1896
f 1896 1654 1899
f 1653 1898 1655
f 1898 1901 1655
f 1654 1656 1899
f 1899 1656 1902
f 1655 1901 1657
f 1901 1905 1657
f 1659 1906 1903
f 1659 1903 1902
f 1659 1902 1658
f 1658 1902 1656
f 1657 1905 1660
f 1905 1908 1660
f 1663 1906 1659
f 1909 1906 1663
f 1658 1661 1663
f 1659 1658 1663
f 1667 1910 1913
f 1667 1908 1910
f 1667 1664 1908
f 1664 1660 1908
f 1662 1909 1663
f 1662 1665 1909
f 1665 1914 1909
f 1661 1662 1663
f 1666 1667 1913
f 1666 1913 1668
f 1668 1913 1917
f 1664 1667 1666
f 1670 1918 1915
f 1670 1915 1914
f 1670 1914 1669
f 1669 1914 1665
f 1668 1917 1671
f 1917 1920 1671
f 1674 1918 1670
f 1921 1918 1674
f 1669 1672 1674
f 1670 1669 1674
f 1677 1922 1924
f 1677 1920 1922
f 1677 1675 1920
f 1675 1671 1920
f 1673 1921 1674
f 1673 1676 1921
f 1676 1925 1921
f 1672 1673 1674
f 1681 1677 1924
f 1927 1681 1924
f 1675 1681 1678
f 1677 1681 1675
f 1676 1679 1925
f 1925 1679 1928
f 1684 1929 1933
f 1927 1929 1684
f 1681 1927 1684
f 1681 1684 1682
f 1681 1682 1680
f 1678 1681 1680
f 1685 1934 1930
f 1685 1930 1928
f 1685 1928 1683
f 1683 1928 1679
f 1690 1935 1937
f 1933 1935 1690
f 1933 1690 1684
f 1684 1690 1691
f 1682 1691 1686
f 1684 1691 1682
f 1692 1934 1685
f 1938 1934 1692
f 1683 1687 1692
f 1685 1683 1692
f 1697 1939 1941
f 1937 1939 1697
f 1937 1697 1690
f 1690 1697 1698
f 1688 1698 1693
f 1688 1691 1698
f 1691 1690 1698
f 1686 1691 1688
f 1689 1938 1692
f 1689 1694 1938
f 1694 1942 1938
f 1687 1689 1692
f 1705 1943 1946
f 1705 1706 1944
f 1943 1705 1944
f 1941 1944 1706
f 1697 1941 1706
f 1697 1706 1699
f 1697 1699 1695
f 1696 1697 1695
f 1698 1697 1696
f 1693 1698 1696
f 1694 1700 1942
f 1942 1700 1947
f 1701 1948 1951
f 1707 1701 1951
f 1702 1949 1701
f 1701 1949 1948
f 1946 1703 1705
f 1946 1949 1703
f 1949 1702 1703
f 1704 1705 1703
f 1706 1705 1704
f 1699 1706 1704
f 1700 1708 1947
f 1947 1708 1952
f 1709 1953 1956
f 1711 1709 1956
f 1710 1954 1709
f 1709 1954 1953
f 1951 1710 1707
f 1954 1710 1951
f 1708 1712 1952
f 1952 1712 1957
f 1713 1958 1962
f 1715 1713 1962
f 1956 1713 1711
f 1958 1713 1956
f 1714 1963 1959
f 1716 1963 1714
f 1957 1712 1714
f 1959 1957 1714
f 1717 1964 1966
f 1718 1717 1966
f 1962 1717 1715
f 1964 1717 1962
f 1716 1719 1963
f 1963 1719 1967
f 1720 1724 1722
f 1720 1969 1724
f 1720 1718 1969
f 1718 1966 1969
f 1721 1723 1725
f 1721 1725 1970
f 1721 1970 1719
f 1719 1970 1967
f 1724 1971 1973
f 1724 1973 1722
f 1722 1973 1726
f 1969 1971 1724
f 1725 1727 1729
f 1723 1727 1725
f 1974 1970 1725
f 1729 1974 1725
f 1728 1733 1730
f 1728 1976 1733
f 1728 1726 1976
f 1726 1973 1976
f 1729 1731 1734
f 1727 1731 1729
f 1977 1974 1729
f 1734 1977 1729
f 1733 1978 1980
f 1733 1980 1730
f 1730 1980 1735
f 1976 1978 1733
f 1732 1736 1737
f 1732 1734 1731
f 1732 1737 1734
f 1737 1738 1734
f 1981 1977 1734
f 1738 1981 1734
f 1735 1980 1739
f 1980 1984 1739
f 1737 1740 1742
f 1736 1740 1737
f 1738 1737 1743
f 1743 1737 1742
f 1985 1981 1738
f 1743 1985 1738
f 1739 1984 1744
f 1984 1987 1744
f 1741 1745 1748
f 1741 1742 1740
f 1741 1748 1742
f 1748 1749 1742
f 1743 1742 1750
f 1750 1742 1749
f 1988 1985 1743
f 1750 1988 1743
f 1744 1987 1751
f 1987 1991 1751
f 1746 1752 1755
f 1746 1756 1747
f 1755 1756 1746
f 1747 1748 1745
f 1747 1756 1748
f 1756 1757 1748
f 1749 1748 1758
f 1758 1748 1757
f 1992 1989 1750
f 1992 1750 1758
f 1758 1750 1749
f 1988 1750 1989
f 1751 1991 1759
f 1991 1996 1759
f 1753 1760 1766
f 1753 1767 1754
f 1766 1767 1753
f 1754 1755 1752
f 1754 1767 1755
f 1767 1768 1755
f 1756 1755 1769
f 1769 1755 1768
f 1757 1756 1770
f 1770 1756 1769
f 1997 1993 1758
f 1997 1758 1770
f 1770 1758 1757
f 1992 1758 1993
f 1759 1996 1771
f 1996 2001 1771
f 1761 1772 1776
f 1761 1777 1762
f 1776 1777 1761
f 1762 1778 1763
f 1777 1778 1762
f 1763 1779 1764
f 1778 1779 1763
f 1764 1780 1765
f 1779 1780 1764
f 1765 1766 1760
f 1765 1780 1766
f 1780 1781 1766
f 1767 1766 1782
f 1782 1766 1781
f 1768 1767 1783
f 1783 1767 1782
f 1769 1768 1784
f 1784 1768 1783
f 2002 1998 1770
f 2002 1770 1784
f 1784 1770 1769
f 1997 1770 1998
f 1771 2001 1785
f 2001 2008 1785
f 1773 1786 1791
f 1773 1792 1774
f 1791 1792 1773
f 1774 1793 1775
f 1792 1793 1774
f 1775 1776 1772
f 1775 1793 1776
f 1793 1794 1776
f 1777 1776 1795
f 1795 1776 1794
f 1778 1777 1796
f 1796 1777 1795
f 1779 1778 1797
f 1797 1778 1796
f 1780 1779 1798
f 1798 1779 1797
f 1781 1780 1799
f 1799 1780 1798
f 1782 1781 1800
f 1800 1781 1799
f 2009 2003 1783
f 2009 1783 1800
f 1800 1783 1782
f 1784 1783 2003
f 2004 1784 2003
f 2002 1784 2004
f 1805 1787 1785
f 1805 1785 2016
f 2016 1785 2008
f 1787 1805 1801
f 1788 1802 1806
f 1788 1807 1789
f 1806 1807 1788
f 1789 1808 1790
f 1807 1808 1789
f 1790 1791 1786
f 1790 1808 1791
f 1808 1809 1791
f 1792 1791 1810
f 1810 1791 1809
f 1793 1792 1811
f 1811 1792 1810
f 1794 1793 1812
f 1812 1793 1811
f 1795 1794 1813
f 1813 1794 1812
f 1796 1795 1814
f 1814 1795 1813
f 1797 1796 1815
f 1815 1796 1814
f 1798 1797 1816
f 1816 1797 1815
f 1799 1798 1817
f 1817 1798 1816
f 2017 2010 1800
f 2017 1800 1817
f 1817 1800 1799
f 2009 1800 2010
f 1823 1805 2016
f 2026 1823 2016
f 1801 1823 1818
f 1805 1823 1801
f 1803 1819 1824
f 1803 1825 1804
f 1824 1825 1803
f 1804 1806 1802
f 1804 1825 1806
f 1825 1826 1806
f 1807 1806 1827
f 1827 1806 1826
f 1808 1807 1828
f 1828 1807 1827
f 1809 1808 1829
f 1829 1808 1828
f 1810 1809 1830
f 1830 1809 1829
f 1811 1810 1831
f 1831 1810 1830
f 1812 1811 1832
f 1832 1811 1831
f 1813 1812 1833
f 1833 1812 1832
f 2027 2018 1814
f 2027 1814 1833
f 1833 1814 1813
f 1815 1814 2018
f 2019 1815 2018
f 1816 1815 2019
f 2020 1816 2019
f 1817 1816 2020
f 2021 1817 2020
f 2017 1817 2021
f 1823 2026 2028
f 1837 2028 2040
f 1820 2028 1837
f 1820 1823 2028
f 1820 1818 1823
f 1820 1837 1834
f 1821 1835 1838
f 1821 1839 1822
f 1838 1839 1821
f 1822 1824 1819
f 1822 1839 1824
f 1839 1840 1824
f 1825 1824 1841
f 1841 1824 1840
f 1826 1825 1842
f 1842 1825 1841
f 1827 1826 1843
f 1843 1826 1842
f 1828 1827 1844
f 1844 1827 1843
f 1829 1828 1845
f 1845 1828 1844
f 2041 2029 1830
f 2041 1830 1845
f 1845 1830 1829
f 1831 1830 2029
f 2030 1831 2029
f 1832 1831 2030
f 2031 1832 2030
f 1833 1832 2031
f 2032 1833 2031
f 2027 1833 2032
f 1846 1837 2040
f 2055 1846 2040
f 1834 1847 1836
f 1834 1837 1847
f 1837 1846 1847
f 1836 1838 1835
f 1836 1847 1838
f 1847 1848 1838
f 1839 1838 1849
f 1849 1838 1848
f 1840 1839 1850
f 1850 1839 1849
f 1841 1840 1851
f 1851 1840 1850
f 2056 2042 1842
f 2056 1842 1851
f 1851 1842 1841
f 1843 1842 2042
f 2043 1843 2042
f 1844 1843 2043
f 2044 1844 2043
f 1845 1844 2044
f 2045 1845 2044
f 2041 1845 2045
f 1846 2055 2057
f 2057 2072 1852
f 2057 1852 1846
f 1846 1852 1847
f 1848 1847 1853
f 1853 1847 1852
f 2073 2058 1849
f 2073 1849 1853
f 1853 1849 1848
f 1850 1849 2058
f 2059 1850 2058
f 1851 1850 2059
f 2060 1851 2059
f 2056 1851 2060
f 1852 2072 2074
f 1853 1852 2074
f 2075 1853 2074
f 2073 1853 2075
f 1854 1861 1856
f 1854 1855 1862
f 1861 1854 1862
f 1855 1857 1862
f 1869 2107 2109
f 1861 2108 2107
f 1861 2107 1863
f 1861 1863 1856
f 1863 2107 1869
f 2108 1870 2110
f 2108 1861 1870
f 1861 1862 1870
f 1857 1858 1871
f 1857 1871 1862
f 1862 1871 1870
f 1858 1859 1872
f 1871 1858 1872
f 1859 1860 1873
f 1872 1859 1873
f 1860 1864 1873
f 1879 2111 2117
f 2109 2111 1879
f 1869 2109 1879
f 1869 1879 1874
f 1869 1874 1865
f 1863 1869 1865
f 1870 2112 2110
f 1871 2112 1870
f 2113 2112 1871
f 1872 2113 1871
f 2114 2113 1872
f 2114 1880 2118
f 2114 1872 1880
f 1872 1873 1880
f 1864 1866 1881
f 1864 1881 1873
f 1873 1881 1880
f 1866 1867 1882
f 1881 1866 1882
f 1867 1868 1883
f 1882 1867 1883
f 1868 1875 1883
f 1888 1879 2117
f 2127 1888 2117
f 1874 1888 1884
f 1879 1888 1874
f 1880 2119 2118
f 1881 2119 1880
f 2120 2119 1881
f 1882 2120 1881
f 2121 2120 1882
f 1883 2121 1882
f 2122 2121 1883
f 1889 2128 2122
f 1876 1889 2122
f 1876 2122 1883
f 1876 1883 1875
f 1876 1877 1890
f 1889 1876 1890
f 1877 1878 1891
f 1890 1877 1891
f 1878 1885 1891
f 1886 1888 2127
f 1886 2127 1892
f 1892 2127 2136
f 1884 1888 1886
f 1889 2129 2128
f 1890 2129 1889
f 2130 2129 1890
f 1891 2130 1890
f 2131 2130 1891
f 1894 2137 2131
f 1887 1894 2131
f 1887 2131 1891
f 1887 1891 1885
f 1887 1893 1894
f 1892 2136 1895
f 2136 2142 1895
f 1897 2137 1894
f 2143 2137 1897
f 1893 1896 1897
f 1894 1893 1897
f 1895 2142 1898
f 2142 2145 1898
f 1900 2143 1897
f 2146 2143 1900
f 1896 1899 1900
f 1897 1896 1900
f 1898 2145 1901
f 2145 2147 1901
f 1904 2146 1900
f 2148 2146 1904
f 1899 1902 1904
f 1900 1899 1904
f 1907 2149 2151
f 1907 2147 2149
f 1907 1905 2147
f 1905 1901 2147
f 1903 2148 1904
f 1903 1906 2148
f 1906 2152 2148
f 1902 1903 1904
f 1911 1907 2151
f 2155 1911 2151
f 1905 1911 1908
f 1907 1911 1905
f 1912 2156 2153
f 1912 2153 2152
f 1912 2152 1909
f 1909 2152 1906
f 1910 1911 2155
f 1910 2155 1913
f 1913 2155 2157
f 1908 1911 1910
f 1916 2156 1912
f 2158 2156 1916
f 1909 1914 1916
f 1912 1909 1916
f 1919 2159 2162
f 1919 2157 2159
f 1919 1917 2157
f 1917 1913 2157
f 1915 2158 1916
f 1915 1918 2158
f 1918 2163 2158
f 1914 1915 1916
f 1923 1919 2162
f 2165 1923 2162
f 1917 1923 1920
f 1919 1923 1917
f 1918 1921 2163
f 2163 1921 2166
f 1922 1923 2165
f 1922 2165 1924
f 1924 2165 2169
f 1920 1923 1922
f 1926 2170 2167
f 1926 2167 2166
f 1926 2166 1925
f 1925 2166 1921
f 1931 2171 2174
f 1931 2169 2171
f 1931 1927 2169
f 1927 1924 2169
f 1932 2170 1926
f 2175 2170 1932
f 1925 1928 1932
f 1926 1925 1932
f 1936 2176 2179
f 2174 2176 1936
f 1931 2174 1936
f 1931 1936 1933
f 1931 1933 1929
f 1927 1931 1929
f 1930 2175 1932
f 1930 1934 2175
f 1934 2180 2175
f 1928 1930 1932
f 1940 2181 2183
f 2179 2181 1940
f 1936 2179 1940
f 1936 1940 1937
f 1936 1937 1935
f 1933 1936 1935
f 1934 1938 2180
f 2180 1938 2184
f 1945 2185 2187
f 2183 2185 1945
f 1940 2183 1945
f 1940 1945 1941
f 1940 1941 1939
f 1937 1940 1939
f 1938 1942 2184
f 2184 1942 2188
f 1950 2189 2193
f 1950 1946 1943
f 1950 1943 2189
f 2189 1943 2190
f 2187 1944 1945
f 2187 2190 1944
f 2190 1943 1944
f 1941 1945 1944
f 1942 1947 2188
f 2188 1947 2194
f 1948 2195 2198
f 1951 1948 2198
f 2193 1949 1950
f 2193 2195 1949
f 2195 1948 1949
f 1946 1950 1949
f 1955 2199 2196
f 1955 2196 2194
f 1955 2194 1952
f 1952 2194 1947
f 1953 1960 1956
f 2201 1960 1953
f 2201 1953 2200
f 2200 1953 1954
f 2198 1954 1951
f 2200 1954 2198
f 1961 2199 1955
f 2202 2199 1961
f 1952 1957 1961
f 1955 1952 1961
f 1958 1965 1962
f 1958 2204 1965
f 1956 2204 1958
f 1956 2203 2204
f 1956 1960 2203
f 2201 2203 1960
f 1959 2202 1961
f 1959 1963 2202
f 1963 2205 2202
f 1957 1959 1961
f 1964 1968 1966
f 1964 2207 1968
f 1962 2207 1964
f 1962 2206 2207
f 1962 1965 2206
f 2204 2206 1965
f 1963 1967 2205
f 2205 1967 2208
f 1968 2209 2211
f 1968 2211 1966
f 1966 2211 1969
f 2207 2209 1968
f 2210 1970 1972
f 2210 2208 1970
f 2208 1967 1970
f 2210 1972 2212
f 1971 2213 2215
f 1973 1971 2215
f 2211 1971 1969
f 2213 1971 2211
f 1972 1974 1975
f 1970 1974 1972
f 2216 2212 1972
f 1975 2216 1972
f 1973 2215 1976
f 2215 2218 1976
f 1975 1977 1979
f 1974 1977 1975
f 2219 2216 1975
f 1979 2219 1975
f 1978 1982 1980
f 1978 2220 1982
f 1978 1976 2220
f 1976 2218 2220
f 1979 1981 1983
f 1977 1981 1979
f 2221 2219 1979
f 1983 2221 1979
f 1982 2222 2223
f 1982 2223 1980
f 1980 2223 1984
f 2220 2222 1982
f 1983 1985 1986
f 1981 1985 1983
f 2224 2221 1983
f 1986 2224 1983
f 1984 2223 1987
f 2223 2225 1987
f 1986 1988 1990
f 1985 1988 1986
f 2226 2224 1986
f 1990 2226 1986
f 1987 2225 1991
f 2225 2227 1991
f 1989 1992 1994
f 1989 1990 1988
f 1989 1994 1990
f 1994 1995 1990
f 2228 2226 1990
f 1995 2228 1990
f 1991 2227 1996
f 2227 2230 1996
f 1993 1997 1999
f 1993 1994 1992
f 1993 1999 1994
f 1999 2000 1994
f 2231 2229 1995
f 2231 1995 2000
f 2000 1995 1994
f 2228 1995 2229
f 2005 2232 2236
f 2005 2230 2232
f 2005 2001 2230
f 2001 1996 2230
f 1998 2002 2006
f 1998 1999 1997
f 1998 2006 1999
f 2006 2007 1999
f 2237 2233 2000
f 2237 2000 2007
f 2007 2000 1999
f 2231 2000 2233
f 2011 2005 2236
f 2239 2011 2236
f 2001 2011 2008
f 2005 2011 2001
f 2003 2009 2012
f 2003 2013 2004
f 2012 2013 2003
f 2004 2006 2002
f 2004 2013 2006
f 2013 2014 2006
f 2007 2006 2015
f 2015 2006 2014
f 2240 2237 2007
f 2015 2240 2007
f 2022 2011 2239
f 2245 2022 2239
f 2008 2022 2016
f 2011 2022 2008
f 2010 2017 2023
f 2010 2012 2009
f 2010 2023 2012
f 2023 2024 2012
f 2013 2012 2025
f 2025 2012 2024
f 2246 2241 2014
f 2246 2014 2025
f 2025 2014 2013
f 2015 2014 2241
f 2242 2015 2241
f 2240 2015 2242
f 2033 2022 2245
f 2251 2033 2245
f 2016 2033 2026
f 2022 2033 2016
f 2018 2027 2034
f 2018 2035 2019
f 2034 2035 2018
f 2019 2036 2020
f 2035 2036 2019
f 2020 2037 2021
f 2036 2037 2020
f 2021 2023 2017
f 2021 2037 2023
f 2037 2038 2023
f 2024 2023 2039
f 2039 2023 2038
f 2252 2247 2025
f 2252 2025 2039
f 2039 2025 2024
f 2246 2025 2247
f 2033 2251 2253
f 2046 2253 2260
f 2028 2253 2046
f 2028 2033 2253
f 2028 2026 2033
f 2028 2046 2040
f 2029 2041 2047
f 2029 2048 2030
f 2047 2048 2029
f 2030 2049 2031
f 2048 2049 2030
f 2031 2050 2032
f 2049 2050 2031
f 2032 2034 2027
f 2032 2050 2034
f 2050 2051 2034
f 2035 2034 2052
f 2052 2034 2051
f 2036 2035 2053
f 2053 2035 2052
f 2037 2036 2054
f 2054 2036 2053
f 2261 2254 2038
f 2261 2038 2054
f 2054 2038 2037
f 2039 2038 2254
f 2255 2039 2254
f 2252 2039 2255
f 2061 2046 2260
f 2270 2061 2260
f 2040 2061 2055
f 2046 2061 2040
f 2042 2056 2062
f 2042 2063 2043
f 2062 2063 2042
f 2043 2064 2044
f 2063 2064 2043
f 2044 2065 2045
f 2064 2065 2044
f 2045 2047 2041
f 2045 2065 2047
f 2065 2066 2047
f 2048 2047 2067
f 2067 2047 2066
f 2049 2048 2068
f 2068 2048 2067
f 2050 2049 2069
f 2069 2049 2068
f 2051 2050 2070
f 2070 2050 2069
f 2052 2051 2071
f 2071 2051 2070
f 2271 2262 2053
f 2271 2053 2071
f 2071 2053 2052
f 2054 2053 2262
f 2263 2054 2262
f 2261 2054 2263
f 2076 2061 2270
f 2281 2076 2270
f 2055 2077 2057
f 2055 2061 2077
f 2061 2076 2077
f 2057 2077 2072
f 2058 2073 2078
f 2058 2079 2059
f 2078 2079 2058
f 2059 2080 2060
f 2079 2080 2059
f 2060 2062 2056
f 2060 2080 2062
f 2080 2081 2062
f 2063 2062 2082
f 2082 2062 2081
f 2064 2063 2083
f 2083 2063 2082
f 2065 2064 2084
f 2084 2064 2083
f 2066 2065 2085
f 2085 2065 2084
f 2067 2066 2086
f 2086 2066 2085
f 2068 2067 2087
f 2087 2067 2086
f 2282 2272 2069
f 2282 2069 2087
f 2087 2069 2068
f 2070 2069 2272
f 2273 2070 2272
f 2071 2070 2273
f 2274 2071 2273
f 2271 2071 2274
f 2076 2281 2283
f 2283 2293 2088
f 2283 2088 2076
f 2076 2088 2077
f 2072 2089 2074
f 2072 2077 2089
f 2077 2088 2089
f 2074 2090 2075
f 2089 2090 2074
f 2075 2078 2073
f 2075 2090 2078
f 2090 2091 2078
f 2079 2078 2092
f 2092 2078 2091
f 2080 2079 2093
f 2093 2079 2092
f 2081 2080 2094
f 2094 2080 2093
f 2082 2081 2095
f 2095 2081 2094
f 2083 2082 2096
f 2096 2082 2095
f 2084 2083 2097
f 2097 2083 2096
f 2085 2084 2098
f 2098 2084 2097
f 2294 2284 2086
f 2294 2086 2098
f 2098 2086 2085
f 2087 2086 2284
f 2285 2087 2284
f 2282 2087 2285
f 2088 2293 2295
f 2295 2305 2099
f 2295 2099 2088
f 2088 2099 2089
f 2090 2089 2100
f 2100 2089 2099
f 2091 2090 2101
f 2101 2090 2100
f 2092 2091 2102
f 2102 2091 2101
f 2093 2092 2103
f 2103 2092 2102
f 2094 2093 2104
f 2104 2093 2103
f 2095 2094 2105
f 2105 2094 2104
f 2306 2296 2096
f 2306 2096 2105
f 2105 2096 2095
f 2097 2096 2296
f 2297 2097 2296
f 2098 2097 2297
f 2298 2098 2297
f 2294 2098 2298
f 2099 2305 2307
f 2100 2099 2307
f 2308 2100 2307
f 2308 2317 2106
f 2308 2106 2100
f 2100 2106 2101
f 2318 2309 2102
f 2318 2102 2106
f 2106 2102 2101
f 2103 2102 2309
f 2310 2103 2309
f 2104 2103 2310
f 2311 2104 2310
f 2105 2104 2311
f 2312 2105 2311
f 2306 2105 2312
f 2106 2317 2319
f 2318 2106 2319
f 2107 2115 2109
f 2107 2108 2116
f 2115 2107 2116
f 2108 2110 2116
f 2111 2123 2117
f 2111 2333 2123
f 2109 2333 2111
f 2109 2331 2333
f 2109 2115 2331
f 2116 2331 2115
f 2332 2331 2116
f 2124 2334 2332
f 2112 2124 2332
f 2112 2332 2116
f 2112 2116 2110
f 2112 2113 2125
f 2124 2112 2125
f 2113 2114 2126
f 2125 2113 2126
f 2114 2118 2126
f 2123 2335 2341
f 2123 2341 2117
f 2117 2341 2127
f 2333 2335 2123
f 2124 2336 2334
f 2125 2336 2124
f 2337 2336 2125
f 2126 2337 2125
f 2338 2337 2126
f 2132 2342 2338
f 2119 2132 2338
f 2119 2338 2126
f 2119 2126 2118
f 2119 2120 2133
f 2132 2119 2133
f 2120 2121 2134
f 2133 2120 2134
f 2121 2122 2135
f 2134 2121 2135
f 2122 2128 2135
f 2127 2341 2136
f 2341 2351 2136
f 2132 2343 2342
f 2133 2343 2132
f 2344 2343 2133
f 2134 2344 2133
f 2345 2344 2134
f 2345 2138 2352
f 2345 2134 2138
f 2134 2135 2138
f 2128 2129 2139
f 2128 2139 2135
f 2135 2139 2138
f 2129 2130 2140
f 2139 2129 2140
f 2130 2131 2141
f 2140 2130 2141
f 2131 2137 2141
f 2136 2351 2142
f 2351 2360 2142
f 2138 2353 2352
f 2139 2353 2138
f 2354 2353 2139
f 2140 2354 2139
f 2355 2354 2140
f 2355 2144 2361
f 2355 2140 2144
f 2140 2141 2144
f 2137 2143 2144
f 2141 2137 2144
f 2142 2360 2145
f 2360 2366 2145
f 2144 2362 2361
f 2362 2144 2143
f 2362 2143 2367
f 2367 2143 2146
f 2150 2368 2370
f 2150 2366 2368
f 2150 2147 2366
f 2147 2145 2366
f 2146 2148 2367
f 2367 2148 2371
f 2149 2150 2370
f 2149 2370 2151
f 2151 2370 2374
f 2147 2150 2149
f 2154 2375 2372
f 2154 2372 2371
f 2154 2371 2152
f 2152 2371 2148
f 2151 2374 2155
f 2374 2376 2155
f 2153 2375 2154
f 2153 2156 2375
f 2156 2377 2375
f 2152 2153 2154
f 2160 2378 2381
f 2160 2376 2378
f 2160 2157 2376
f 2157 2155 2376
f 2161 2382 2379
f 2161 2379 2377
f 2161 2377 2158
f 2158 2377 2156
f 2159 2160 2381
f 2159 2381 2162
f 2162 2381 2383
f 2157 2160 2159
f 2164 2382 2161
f 2384 2382 2164
f 2158 2163 2164
f 2161 2158 2164
f 2162 2383 2165
f 2383 2386 2165
f 2168 2384 2164
f 2387 2384 2168
f 2163 2166 2168
f 2164 2163 2168
f 2172 2388 2392
f 2172 2386 2388
f 2172 2169 2386
f 2169 2165 2386
f 2173 2393 2389
f 2387 2173 2389
f 2168 2173 2387
f 2168 2170 2173
f 2168 2167 2170
f 2166 2167 2168
f 2177 2394 2397
f 2392 2394 2177
f 2172 2392 2177
f 2172 2177 2174
f 2172 2174 2171
f 2169 2172 2171
f 2178 2393 2173
f 2398 2393 2178
f 2170 2175 2178
f 2173 2170 2178
f 2176 2177 2397
f 2176 2397 2179
f 2179 2397 2400
f 2174 2177 2176
f 2182 2398 2178
f 2401 2398 2182
f 2175 2180 2182
f 2178 2175 2182
f 2181 2402 2405
f 2183 2181 2405
f 2400 2181 2179
f 2402 2181 2400
f 2186 2401 2182
f 2406 2401 2186
f 2180 2184 2186
f 2182 2180 2186
f 2191 2407 2411
f 2191 2187 2185
f 2191 2185 2407
f 2407 2185 2408
f 2405 2185 2183
f 2408 2185 2405
f 2192 2406 2186
f 2412 2406 2192
f 2184 2188 2192
f 2186 2184 2192
f 2189 2413 2415
f 2193 2189 2415
f 2411 2190 2191
f 2411 2413 2190
f 2413 2189 2190
f 2187 2191 2190
f 2197 2412 2192
f 2416 2412 2197
f 2188 2194 2197
f 2192 2188 2197
f 2195 2417 2419
f 2198 2195 2419
f 2415 2195 2193
f 2417 2195 2415
f 2196 2416 2197
f 2196 2199 2416
f 2199 2420 2416
f 2194 2196 2197
f 2200 2421 2423
f 2201 2200 2423
f 2419 2200 2198
f 2421 2200 2419
f 2199 2202 2420
f 2420 2202 2424
f 2203 2425 2426
f 2204 2203 2426
f 2423 2203 2201
f 2425 2203 2423
f 2202 2205 2424
f 2424 2205 2427
f 2206 2428 2430
f 2207 2206 2430
f 2426 2206 2204
f 2428 2206 2426
f 2205 2208 2427
f 2427 2208 2431
f 2209 2214 2211
f 2209 2434 2214
f 2209 2207 2434
f 2207 2430 2434
f 2208 2432 2431
f 2210 2432 2208
f 2432 2210 2212
f 2435 2432 2212
f 2213 2217 2215
f 2213 2438 2217
f 2211 2438 2213
f 2211 2436 2438
f 2211 2214 2436
f 2434 2436 2214
f 2212 2216 2435
f 2435 2216 2439
f 2217 2440 2441
f 2217 2441 2215
f 2215 2441 2218
f 2438 2440 2217
f 2216 2219 2439
f 2439 2219 2442
f 2218 2441 2220
f 2441 2444 2220
f 2219 2221 2442
f 2442 2221 2445
f 2222 2446 2447
f 2223 2222 2447
f 2444 2222 2220
f 2446 2222 2444
f 2221 2224 2445
f 2445 2224 2448
f 2223 2447 2225
f 2447 2449 2225
f 2224 2226 2448
f 2448 2226 2450
f 2225 2449 2227
f 2449 2451 2227
f 2226 2228 2450
f 2450 2228 2452
f 2234 2453 2455
f 2234 2451 2453
f 2234 2230 2451
f 2230 2227 2451
f 2229 2231 2235
f 2229 2235 2456
f 2229 2456 2228
f 2228 2456 2452
f 2232 2234 2455
f 2232 2455 2236
f 2236 2455 2459
f 2230 2234 2232
f 2233 2237 2238
f 2233 2238 2460
f 2231 2233 2460
f 2231 2460 2457
f 2231 2457 2235
f 2456 2235 2457
f 2243 2461 2464
f 2243 2459 2461
f 2243 2239 2459
f 2239 2236 2459
f 2238 2240 2244
f 2237 2240 2238
f 2465 2460 2238
f 2244 2465 2238
f 2248 2243 2464
f 2467 2248 2464
f 2239 2248 2245
f 2243 2248 2239
f 2241 2246 2249
f 2241 2250 2242
f 2249 2250 2241
f 2242 2250 2468
f 2240 2242 2468
f 2240 2468 2466
f 2240 2466 2244
f 2465 2244 2466
f 2256 2248 2467
f 2470 2256 2467
f 2245 2256 2251
f 2248 2256 2245
f 2247 2252 2257
f 2247 2249 2246
f 2247 2257 2249
f 2257 2258 2249
f 2250 2249 2259
f 2259 2249 2258
f 2471 2468 2250
f 2259 2471 2250
f 2264 2256 2470
f 2473 2264 2470
f 2251 2265 2253
f 2251 2256 2265
f 2256 2264 2265
f 2253 2265 2260
f 2254 2261 2266
f 2254 2267 2255
f 2266 2267 2254
f 2255 2257 2252
f 2255 2267 2257
f 2267 2268 2257
f 2258 2257 2269
f 2269 2257 2268
f 2474 2472 2259
f 2474 2259 2269
f 2269 2259 2258
f 2471 2259 2472
f 2264 2473 2475
f 2475 2478 2275
f 2475 2275 2264
f 2264 2275 2265
f 2260 2275 2270
f 2265 2275 2260
f 2262 2271 2276
f 2262 2277 2263
f 2276 2277 2262
f 2263 2266 2261
f 2263 2277 2266
f 2277 2278 2266
f 2267 2266 2279
f 2279 2266 2278
f 2268 2267 2280
f 2280 2267 2279
f 2479 2476 2269
f 2479 2269 2280
f 2280 2269 2268
f 2474 2269 2476
f 2286 2480 2486
f 2478 2480 2286
f 2478 2286 2275
f 2275 2286 2287
f 2270 2287 2281
f 2275 2287 2270
f 2272 2282 2288
f 2272 2289 2273
f 2288 2289 2272
f 2273 2290 2274
f 2289 2290 2273
f 2274 2276 2271
f 2274 2290 2276
f 2290 2291 2276
f 2277 2276 2292
f 2292 2276 2291
f 2487 2481 2278
f 2487 2278 2292
f 2292 2278 2277
f 2279 2278 2481
f 2482 2279 2481
f 2280 2279 2482
f 2483 2280 2482
f 2479 2280 2483
f 2286 2486 2488
f 2287 2286 2488
f 2489 2287 2488
f 2299 2489 2495
f 2283 2489 2299
f 2283 2287 2489
f 2283 2281 2287
f 2283 2299 2293
f 2284 2294 2300
f 2284 2301 2285
f 2300 2301 2284
f 2285 2288 2282
f 2285 2301 2288
f 2301 2302 2288
f 2289 2288 2303
f 2303 2288 2302
f 2290 2289 2304
f 2304 2289 2303
f 2496 2490 2291
f 2496 2291 2304
f 2304 2291 2290
f 2292 2291 2490
f 2491 2292 2490
f 2487 2292 2491
f 2299 2495 2497
f 2313 2497 2509
f 2295 2497 2313
f 2295 2299 2497
f 2295 2293 2299
f 2295 2313 2305
f 2296 2306 2314
f 2296 2315 2297
f 2314 2315 2296
f 2297 2316 2298
f 2315 2316 2297
f 2298 2316 2510
f 2294 2298 2510
f 2294 2510 2498
f 2294 2498 2300
f 2301 2300 2498
f 2499 2301 2498
f 2302 2301 2499
f 2500 2302 2499
f 2303 2302 2500
f 2501 2303 2500
f 2304 2303 2501
f 2502 2304 2501
f 2496 2304 2502
f 2313 2509 2511
f 2320 2511 2524
f 2307 2511 2320
f 2307 2313 2511
f 2307 2305 2313
f 2307 2321 2308
f 2320 2321 2307
f 2308 2321 2317
f 2309 2318 2322
f 2309 2323 2310
f 2322 2323 2309
f 2310 2324 2311
f 2323 2324 2310
f 2311 2325 2312
f 2324 2325 2311
f 2312 2314 2306
f 2312 2325 2314
f 2325 2326 2314
f 2525 2512 2315
f 2525 2315 2326
f 2326 2315 2314
f 2316 2315 2512
f 2513 2316 2512
f 2510 2316 2513
f 2320 2524 2526
f 2526 2536 2327
f 2526 2327 2320
f 2320 2327 2321
f 2317 2328 2319
f 2317 2321 2328
f 2321 2327 2328
f 2319 2322 2318
f 2319 2328 2322
f 2328 2329 2322
f 2323 2322 2330
f 2330 2322 2329
f 2537 2527 2324
f 2537 2324 2330
f 2330 2324 2323
f 2325 2324 2527
f 2528 2325 2527
f 2326 2325 2528
f 2529 2326 2528
f 2525 2326 2529
f 2327 2536 2538
f 2328 2327 2538
f 2539 2328 2538
f 2329 2328 2539
f 2540 2329 2539
f 2330 2329 2540
f 2541 2330 2540
f 2537 2330 2541
f 2331 2339 2333
f 2331 2332 2340
f 2339 2331 2340
f 2332 2334 2340
f 2335 2346 2341
f 2335 2550 2346
f 2333 2550 2335
f 2333 2549 2550
f 2333 2339 2549
f 2549 2347 2551
f 2549 2339 2347
f 2339 2340 2347
f 2334 2336 2348
f 2334 2348 2340
f 2340 2348 2347
f 2336 2337 2349
f 2348 2336 2349
f 2337 2338 2350
f 2349 2337 2350
f 2338 2342 2350
f 2346 2552 2557
f 2346 2557 2341
f 2341 2557 2351
f 2550 2552 2346
f 2347 2553 2551
f 2348 2553 2347
f 2554 2553 2348
f 2349 2554 2348
f 2555 2554 2349
f 2555 2356 2558
f 2555 2349 2356
f 2349 2350 2356
f 2342 2343 2357
f 2342 2357 2350
f 2350 2357 2356
f 2343 2344 2358
f 2357 2343 2358
f 2344 2345 2359
f 2358 2344 2359
f 2345 2352 2359
f 2351 2557 2360
f 2557 2567 2360
f 2356 2559 2558
f 2357 2559 2356
f 2560 2559 2357
f 2358 2560 2357
f 2561 2560 2358
f 2359 2561 2358
f 2562 2561 2359
f 2363 2568 2562
f 2353 2363 2562
f 2353 2562 2359
f 2353 2359 2352
f 2353 2354 2364
f 2363 2353 2364
f 2354 2355 2365
f 2364 2354 2365
f 2355 2361 2365
f 2360 2567 2366
f 2567 2576 2366
f 2363 2569 2568
f 2364 2569 2363
f 2570 2569 2364
f 2365 2570 2364
f 2571 2570 2365
f 2369 2577 2571
f 2362 2369 2571
f 2362 2571 2365
f 2362 2365 2361
f 2362 2367 2369
f 2368 2578 2583
f 2370 2368 2583
f 2576 2368 2366
f 2578 2368 2576
f 2373 2577 2369
f 2584 2577 2373
f 2367 2371 2373
f 2369 2367 2373
f 2370 2583 2374
f 2583 2587 2374
f 2372 2584 2373
f 2372 2375 2584
f 2375 2588 2584
f 2371 2372 2373
f 2374 2587 2376
f 2587 2591 2376
f 2380 2592 2589
f 2380 2589 2588
f 2380 2588 2377
f 2377 2588 2375
f 2378 2593 2595
f 2381 2378 2595
f 2591 2378 2376
f 2593 2378 2591
f 2379 2592 2380
f 2379 2382 2592
f 2382 2596 2592
f 2377 2379 2380
f 2381 2595 2383
f 2595 2600 2383
f 2385 2601 2597
f 2385 2597 2596
f 2385 2596 2384
f 2384 2596 2382
f 2390 2602 2604
f 2390 2600 2602
f 2390 2386 2600
f 2386 2383 2600
f 2391 2601 2385
f 2605 2601 2391
f 2384 2387 2391
f 2385 2384 2391
f 2395 2606 2609
f 2604 2606 2395
f 2390 2604 2395
f 2390 2395 2392
f 2390 2392 2388
f 2386 2390 2388
f 2396 2610 2607
f 2605 2396 2607
f 2391 2396 2605
f 2391 2393 2396
f 2391 2389 2393
f 2387 2389 2391
f 2394 2395 2609
f 2394 2609 2397
f 2397 2609 2613
f 2392 2395 2394
f 2399 2610 2396
f 2614 2610 2399
f 2393 2398 2399
f 2396 2393 2399
f 2403 2615 2617
f 2403 2613 2615
f 2403 2400 2613
f 2400 2397 2613
f 2404 2614 2399
f 2618 2614 2404
f 2398 2401 2404
f 2399 2398 2404
f 2409 2619 2621
f 2617 2619 2409
f 2403 2617 2409
f 2403 2409 2405
f 2403 2405 2402
f 2400 2403 2402
f 2410 2618 2404
f 2622 2618 2410
f 2401 2406 2410
f 2404 2401 2410
f 2407 2623 2625
f 2411 2407 2625
f 2621 2408 2409
f 2621 2623 2408
f 2623 2407 2408
f 2405 2409 2408
f 2414 2622 2410
f 2626 2622 2414
f 2406 2412 2414
f 2410 2406 2414
f 2413 2627 2630
f 2415 2413 2630
f 2625 2413 2411
f 2627 2413 2625
f 2418 2626 2414
f 2631 2626 2418
f 2412 2416 2418
f 2414 2412 2418
f 2417 2632 2635
f 2419 2417 2635
f 2630 2417 2415
f 2632 2417 2630
f 2422 2631 2418
f 2636 2631 2422
f 2416 2420 2422
f 2418 2416 2422
f 2421 2637 2641
f 2423 2421 2641
f 2635 2421 2419
f 2637 2421 2635
f 2422 2638 2636
f 2638 2422 2420
f 2638 2420 2642
f 2642 2420 2424
f 2425 2429 2426
f 2425 2645 2429
f 2425 2423 2645
f 2423 2641 2645
f 2424 2427 2642
f 2642 2427 2646
f 2428 2433 2430
f 2428 2649 2433
f 2426 2649 2428
f 2426 2647 2649
f 2426 2429 2647
f 2645 2647 2429
f 2427 2431 2646
f 2646 2431 2650
f 2433 2651 2653
f 2433 2653 2430
f 2430 2653 2434
f 2649 2651 2433
f 2437 2431 2432
f 2437 2654 2431
f 2654 2650 2431
f 2432 2435 2437
f 2436 2655 2657
f 2438 2436 2657
f 2653 2436 2434
f 2655 2436 2653
f 2437 2656 2654
f 2656 2437 2435
f 2656 2435 2658
f 2658 2435 2439
f 2440 2443 2441
f 2440 2660 2443
f 2440 2438 2660
f 2438 2657 2660
f 2439 2442 2658
f 2658 2442 2661
f 2443 2662 2663
f 2443 2663 2441
f 2441 2663 2444
f 2660 2662 2443
f 2442 2445 2661
f 2661 2445 2664
f 2446 2665 2666
f 2447 2446 2666
f 2663 2446 2444
f 2665 2446 2663
f 2445 2448 2664
f 2664 2448 2667
f 2447 2666 2449
f 2666 2668 2449
f 2448 2450 2667
f 2667 2450 2669
f 2454 2670 2672
f 2454 2668 2670
f 2454 2451 2668
f 2451 2449 2668
f 2450 2452 2669
f 2669 2452 2673
f 2458 2674 2676
f 2672 2674 2458
f 2454 2672 2458
f 2454 2458 2455
f 2454 2455 2453
f 2451 2454 2453
f 2452 2456 2673
f 2673 2456 2677
f 2462 2458 2676
f 2678 2462 2676
f 2455 2462 2459
f 2458 2462 2455
f 2457 2460 2463
f 2457 2463 2679
f 2457 2679 2456
f 2456 2679 2677
f 2461 2462 2678
f 2461 2678 2464
f 2464 2678 2681
f 2459 2462 2461
f 2463 2682 2680
f 2463 2460 2682
f 2460 2465 2682
f 2679 2463 2680
f 2464 2681 2467
f 2681 2683 2467
f 2466 2468 2469
f 2466 2469 2684
f 2466 2684 2465
f 2465 2684 2682
f 2467 2683 2470
f 2683 2686 2470
f 2469 2687 2685
f 2469 2468 2687
f 2468 2471 2687
f 2684 2469 2685
f 2470 2686 2473
f 2686 2689 2473
f 2472 2474 2477
f 2472 2477 2690
f 2472 2690 2471
f 2471 2690 2687
f 2484 2475 2473
f 2484 2473 2692
f 2692 2473 2689
f 2475 2484 2478
f 2476 2479 2485
f 2476 2485 2693
f 2474 2476 2693
f 2474 2693 2691
f 2474 2691 2477
f 2690 2477 2691
f 2480 2484 2692
f 2480 2692 2486
f 2486 2692 2695
f 2478 2484 2480
f 2481 2487 2492
f 2481 2493 2482
f 2492 2493 2481
f 2482 2494 2483
f 2493 2494 2482
f 2483 2494 2696
f 2479 2483 2696
f 2479 2696 2694
f 2479 2694 2485
f 2693 2485 2694
f 2503 2488 2486
f 2503 2486 2699
f 2699 2486 2695
f 2488 2504 2489
f 2503 2504 2488
f 2489 2504 2495
f 2490 2496 2505
f 2490 2506 2491
f 2505 2506 2490
f 2491 2492 2487
f 2491 2506 2492
f 2506 2507 2492
f 2493 2492 2508
f 2508 2492 2507
f 2700 2697 2494
f 2700 2494 2508
f 2508 2494 2493
f 2696 2494 2697
f 2514 2503 2699
f 2704 2514 2699
f 2504 2503 2515
f 2515 2503 2514
f 2495 2516 2497
f 2495 2504 2516
f 2504 2515 2516
f 2497 2516 2509
f 2498 2510 2517
f 2498 2518 2499
f 2517 2518 2498
f 2499 2519 2500
f 2518 2519 2499
f 2500 2520 2501
f 2519 2520 2500
f 2501 2521 2502
f 2520 2521 2501
f 2502 2505 2496
f 2502 2521 2505
f 2521 2522 2505
f 2506 2505 2523
f 2523 2505 2522
f 2705 2701 2507
f 2705 2507 2523
f 2523 2507 2506
f 2508 2507 2701
f 2702 2508 2701
f 2700 2508 2702
f 2514 2704 2706
f 2515 2514 2706
f 2707 2515 2706
f 2707 2715 2530
f 2707 2530 2515
f 2515 2530 2516
f 2509 2531 2511
f 2509 2516 2531
f 2516 2530 2531
f 2511 2531 2524
f 2512 2525 2532
f 2512 2533 2513
f 2532 2533 2512
f 2513 2517 2510
f 2513 2533 2517
f 2533 2534 2517
f 2518 2517 2535
f 2535 2517 2534
f 2716 2708 2519
f 2716 2519 2535
f 2535 2519 2518
f 2520 2519 2708
f 2709 2520 2708
f 2521 2520 2709
f 2710 2521 2709
f 2522 2521 2710
f 2711 2522 2710
f 2523 2522 2711
f 2712 2523 2711
f 2705 2523 2712
f 2530 2715 2717
f 2531 2530 2717
f 2718 2531 2717
f 2542 2718 2730
f 2526 2718 2542
f 2526 2531 2718
f 2526 2524 2531
f 2526 2542 2536
f 2527 2537 2543
f 2527 2544 2528
f 2543 2544 2527
f 2528 2545 2529
f 2544 2545 2528
f 2529 2545 2731
f 2525 2529 2731
f 2525 2731 2719
f 2525 2719 2532
f 2533 2532 2719
f 2720 2533 2719
f 2534 2533 2720
f 2721 2534 2720
f 2535 2534 2721
f 2722 2535 2721
f 2716 2535 2722
f 2542 2730 2732
f 2536 2542 2732
f 2536 2732 2538
f 2538 2732 2733
f 2546 2733 2747
f 2546 2539 2733
f 2539 2538 2733
f 2539 2547 2540
f 2546 2547 2539
f 2540 2548 2541
f 2547 2548 2540
f 2541 2548 2748
f 2537 2541 2748
f 2537 2748 2734
f 2537 2734 2543
f 2544 2543 2734
f 2735 2544 2734
f 2545 2544 2735
f 2736 2545 2735
f 2731 2545 2736
f 2546 2747 2749
f 2547 2546 2749
f 2750 2547 2749
f 2548 2547 2750
f 2751 2548 2750
f 2748 2548 2751
f 2549 2556 2550
f 2549 2551 2556
f 2552 2563 2557
f 2552 2760 2563
f 2550 2760 2552
f 2550 2759 2760
f 2550 2556 2759
f 2564 2761 2759
f 2553 2564 2759
f 2553 2759 2556
f 2553 2556 2551
f 2553 2554 2565
f 2564 2553 2565
f 2554 2555 2566
f 2565 2554 2566
f 2555 2558 2566
f 2563 2762 2767
f 2563 2767 2557
f 2557 2767 2567
f 2760 2762 2563
f 2564 2763 2761
f 2565 2763 2564
f 2764 2763 2565
f 2566 2764 2565
f 2765 2764 2566
f 2572 2768 2765
f 2559 2572 2765
f 2559 2765 2566
f 2559 2566 2558
f 2559 2560 2573
f 2572 2559 2573
f 2560 2561 2574
f 2573 2560 2574
f 2561 2562 2575
f 2574 2561 2575
f 2562 2568 2575
f 2567 2767 2576
f 2767 2777 2576
f 2572 2769 2768
f 2573 2769 2572
f 2770 2769 2573
f 2574 2770 2573
f 2771 2770 2574
f 2771 2579 2778
f 2771 2574 2579
f 2574 2575 2579
f 2568 2569 2580
f 2568 2580 2575
f 2575 2580 2579
f 2569 2570 2581
f 2580 2569 2581
f 2570 2571 2582
f 2581 2570 2582
f 2571 2577 2582
f 2578 2585 2583
f 2578 2786 2585
f 2578 2576 2786
f 2576 2777 2786
f 2579 2779 2778
f 2580 2779 2579
f 2780 2779 2580
f 2581 2780 2580
f 2781 2780 2581
f 2781 2586 2787
f 2781 2581 2586
f 2581 2582 2586
f 2577 2584 2586
f 2582 2577 2586
f 2585 2788 2793
f 2585 2793 2583
f 2583 2793 2587
f 2786 2788 2585
f 2590 2787 2586
f 2794 2787 2590
f 2584 2588 2590
f 2586 2584 2590
f 2587 2793 2591
f 2793 2799 2591
f 2594 2800 2795
f 2794 2594 2795
f 2590 2594 2794
f 2590 2592 2594
f 2590 2589 2592
f 2588 2589 2590
f 2593 2801 2804
f 2595 2593 2804
f 2799 2593 2591
f 2801 2593 2799
f 2598 2805 2802
f 2800 2598 2802
f 2800 2594 2598
f 2594 2599 2598
f 2592 2596 2599
f 2594 2592 2599
f 2595 2804 2600
f 2804 2808 2600
f 2603 2805 2598
f 2809 2805 2603
f 2597 2601 2603
f 2597 2603 2599
f 2599 2603 2598
f 2596 2597 2599
f 2602 2810 2812
f 2604 2602 2812
f 2808 2602 2600
f 2810 2602 2808
f 2608 2809 2603
f 2813 2809 2608
f 2601 2605 2608
f 2603 2601 2608
f 2606 2611 2609
f 2606 2818 2611
f 2606 2604 2818
f 2604 2812 2818
f 2612 2819 2814
f 2813 2612 2814
f 2608 2612 2813
f 2608 2610 2612
f 2608 2607 2610
f 2605 2607 2608
f 2611 2820 2822
f 2611 2822 2609
f 2609 2822 2613
f 2818 2820 2611
f 2616 2819 2612
f 2823 2819 2616
f 2610 2614 2616
f 2612 2610 2616
f 2615 2824 2826
f 2617 2615 2826
f 2822 2615 2613
f 2824 2615 2822
f 2620 2823 2616
f 2827 2823 2620
f 2614 2618 2620
f 2616 2614 2620
f 2619 2828 2832
f 2621 2619 2832
f 2826 2619 2617
f 2828 2619 2826
f 2624 2827 2620
f 2833 2827 2624
f 2618 2622 2624
f 2620 2618 2624
f 2623 2628 2625
f 2623 2836 2628
f 2623 2621 2836
f 2621 2832 2836
f 2629 2833 2624
f 2837 2833 2629
f 2622 2626 2629
f 2624 2622 2629
f 2627 2633 2630
f 2627 2840 2633
f 2625 2840 2627
f 2625 2838 2840
f 2625 2628 2838
f 2836 2838 2628
f 2634 2837 2629
f 2841 2837 2634
f 2626 2631 2634
f 2629 2626 2634
f 2632 2639 2635
f 2632 2844 2639
f 2630 2844 2632
f 2630 2842 2844
f 2630 2633 2842
f 2840 2842 2633
f 2640 2841 2634
f 2845 2841 2640
f 2631 2636 2640
f 2634 2631 2640
f 2637 2643 2641
f 2637 2849 2643
f 2635 2849 2637
f 2635 2846 2849
f 2635 2639 2846
f 2844 2846 2639
f 2640 2847 2845
f 2644 2850 2847
f 2638 2644 2847
f 2638 2847 2640
f 2638 2640 2636
f 2638 2642 2644
f 2643 2851 2854
f 2643 2854 2641
f 2641 2854 2645
f 2849 2851 2643
f 2648 2850 2644
f 2855 2850 2648
f 2642 2646 2648
f 2644 2642 2648
f 2647 2856 2858
f 2649 2647 2858
f 2854 2647 2645
f 2856 2647 2854
f 2652 2855 2648
f 2859 2855 2652
f 2646 2650 2652
f 2648 2646 2652
f 2651 2860 2864
f 2653 2651 2864
f 2858 2651 2649
f 2860 2651 2858
f 2652 2861 2859
f 2861 2652 2650
f 2861 2650 2865
f 2865 2650 2654
f 2655 2866 2869
f 2657 2655 2869
f 2864 2655 2653
f 2866 2655 2864
f 2659 2654 2656
f 2659 2870 2654
f 2870 2865 2654
f 2656 2658 2659
f 2657 2869 2660
f 2869 2874 2660
f 2659 2871 2870
f 2871 2659 2658
f 2871 2658 2875
f 2875 2658 2661
f 2662 2876 2878
f 2663 2662 2878
f 2874 2662 2660
f 2876 2662 2874
f 2661 2664 2875
f 2875 2664 2879
f 2665 2880 2882
f 2666 2665 2882
f 2878 2665 2663
f 2880 2665 2878
f 2664 2667 2879
f 2879 2667 2883
f 2671 2884 2886
f 2671 2882 2884
f 2671 2668 2882
f 2668 2666 2882
f 2667 2669 2883
f 2883 2669 2887
f 2675 2888 2890
f 2886 2888 2675
f 2671 2886 2675
f 2671 2675 2672
f 2671 2672 2670
f 2668 2671 2670
f 2669 2673 2887
f 2887 2673 2891
f 2674 2675 2890
f 2674 2890 2676
f 2676 2890 2893
f 2672 2675 2674
f 2673 2677 2891
f 2891 2677 2894
f 2676 2893 2678
f 2893 2896 2678
f 2677 2679 2894
f 2894 2679 2897
f 2678 2896 2681
f 2896 2900 2681
f 2680 2901 2898
f 2682 2901 2680
f 2897 2679 2680
f 2898 2897 2680
f 2681 2900 2683
f 2900 2902 2683
f 2682 2684 2901
f 2901 2684 2903
f 2683 2902 2686
f 2902 2904 2686
f 2685 2687 2688
f 2685 2688 2905
f 2685 2905 2684
f 2684 2905 2903
f 2686 2904 2689
f 2904 2908 2689
f 2688 2909 2906
f 2688 2687 2909
f 2687 2690 2909
f 2905 2688 2906
f 2689 2908 2692
f 2908 2911 2692
f 2691 2912 2910
f 2693 2912 2691
f 2909 2690 2691
f 2910 2909 2691
f 2692 2911 2695
f 2911 2913 2695
f 2694 2696 2698
f 2694 2698 2914
f 2694 2914 2693
f 2693 2914 2912
f 2695 2913 2699
f 2913 2916 2699
f 2697 2700 2703
f 2697 2703 2917
f 2696 2697 2917
f 2696 2917 2915
f 2696 2915 2698
f 2914 2698 2915
f 2699 2916 2704
f 2916 2919 2704
f 2701 2705 2713
f 2701 2714 2702
f 2713 2714 2701
f 2702 2714 2920
f 2700 2702 2920
f 2700 2920 2918
f 2700 2918 2703
f 2917 2703 2918
f 2723 2706 2704
f 2723 2704 2923
f 2923 2704 2919
f 2706 2724 2707
f 2723 2724 2706
f 2707 2724 2715
f 2708 2716 2725
f 2708 2726 2709
f 2725 2726 2708
f 2709 2727 2710
f 2726 2727 2709
f 2710 2728 2711
f 2727 2728 2710
f 2711 2729 2712
f 2728 2729 2711
f 2712 2729 2924
f 2705 2712 2924
f 2705 2924 2921
f 2705 2921 2713
f 2714 2713 2921
f 2922 2714 2921
f 2920 2714 2922
f 2737 2723 2923
f 2929 2737 2923
f 2724 2723 2738
f 2738 2723 2737
f 2715 2739 2717
f 2715 2724 2739
f 2724 2738 2739
f 2717 2740 2718
f 2739 2740 2717
f 2718 2740 2730
f 2719 2731 2741
f 2719 2742 2720
f 2741 2742 2719
f 2720 2743 2721
f 2742 2743 2720
f 2721 2744 2722
f 2743 2744 2721
f 2722 2725 2716
f 2722 2744 2725
f 2744 2745 2725
f 2930 2925 2726
f 2930 2726 2745
f 2745 2726 2725
f 2925 2931 2746
f 2925 2746 2726
f 2726 2746 2727
f 2932 2926 2728
f 2932 2728 2746
f 2746 2728 2727
f 2729 2728 2926
f 2927 2729 2926
f 2924 2729 2927
f 2737 2929 2933
f 2738 2737 2933
f 2934 2738 2933
f 2739 2738 2934
f 2935 2739 2934
f 2740 2739 2935
f 2936 2740 2935
f 2752 2936 2945
f 2732 2936 2752
f 2732 2740 2936
f 2732 2730 2740
f 2732 2753 2733
f 2752 2753 2732
f 2733 2753 2747
f 2734 2748 2754
f 2734 2755 2735
f 2754 2755 2734
f 2735 2756 2736
f 2755 2756 2735
f 2736 2741 2731
f 2736 2756 2741
f 2756 2757 2741
f 2946 2937 2742
f 2946 2742 2757
f 2757 2742 2741
f 2743 2742 2937
f 2938 2743 2937
f 2744 2743 2938
f 2939 2744 2938
f 2745 2744 2939
f 2940 2745 2939
f 2930 2745 2940
f 2746 2931 2941
f 2932 2746 2941
f 2752 2945 2947
f 2753 2752 2947
f 2948 2753 2947
f 2747 2753 2948
f 2747 2948 2749
f 2749 2948 2949
f 2750 2749 2950
f 2749 2949 2950
f 2758 2950 2965
f 2758 2751 2950
f 2751 2750 2950
f 2751 2758 2966
f 2748 2751 2966
f 2748 2966 2951
f 2748 2951 2754
f 2755 2754 2951
f 2952 2755 2951
f 2756 2755 2952
f 2953 2756 2952
f 2757 2756 2953
f 2954 2757 2953
f 2946 2757 2954
f 2758 2965 2967
f 2966 2758 2967
f 2759 2766 2760
f 2759 2761 2766
f 2762 2772 2767
f 2762 2760 2766
f 2762 2766 2772
f 2772 2766 2773
f 2761 2763 2774
f 2761 2774 2766
f 2766 2774 2773
f 2763 2764 2775
f 2774 2763 2775
f 2764 2765 2776
f 2775 2764 2776
f 2765 2768 2776
f 2772 2975 2979
f 2772 2979 2767
f 2767 2979 2777
f 2773 2975 2772
f 2976 2975 2773
f 2774 2976 2773
f 2977 2976 2774
f 2775 2977 2774
f 2978 2977 2775
f 2978 2782 2980
f 2978 2775 2782
f 2775 2776 2782
f 2768 2769 2783
f 2768 2783 2776
f 2776 2783 2782
f 2769 2770 2784
f 2783 2769 2784
f 2770 2771 2785
f 2784 2770 2785
f 2771 2778 2785
f 2777 2979 2786
f 2979 2988 2786
f 2782 2981 2980
f 2783 2981 2782
f 2982 2981 2783
f 2784 2982 2783
f 2983 2982 2784
f 2983 2789 2989
f 2983 2784 2789
f 2784 2785 2789
f 2778 2779 2790
f 2778 2790 2785
f 2785 2790 2789
f 2779 2780 2791
f 2790 2779 2791
f 2780 2781 2792
f 2791 2780 2792
f 2781 2787 2792
f 2788 2796 2793
f 2788 2996 2796
f 2788 2786 2996
f 2786 2988 2996
f 2789 2990 2989
f 2790 2990 2789
f 2991 2990 2790
f 2991 2797 2997
f 2991 2790 2797
f 2790 2791 2797
f 2792 2798 2791
f 2798 2797 2791
f 2787 2794 2798
f 2792 2787 2798
f 2796 2998 3001
f 2796 3001 2793
f 2793 3001 2799
f 2996 2998 2796
f 2803 2997 2797
f 3002 2997 2803
f 2795 2800 2803
f 2795 2803 2798
f 2798 2803 2797
f 2794 2795 2798
f 2801 2806 2804
f 2801 3007 2806
f 2801 2799 3007
f 2799 3001 3007
f 2807 3008 3003
f 3002 2807 3003
f 2803 2807 3002
f 2803 2805 2807
f 2803 2802 2805
f 2800 2802 2803
f 2806 3009 3013
f 2806 3013 2804
f 2804 3013 2808
f 3007 3009 2806
f 2811 3008 2807
f 3014 3008 2811
f 2805 2809 2811
f 2807 2805 2811
f 2810 2815 2812
f 2810 3019 2815
f 2810 2808 3019
f 2808 3013 3019
f 2816 3020 3015
f 3014 2816 3015
f 3014 2811 2816
f 2811 2817 2816
f 2809 2813 2817
f 2811 2809 2817
f 2815 3021 3024
f 2815 3024 2812
f 2812 3024 2818
f 3019 3021 2815
f 2821 3020 2816
f 3025 3020 2821
f 2814 2819 2821
f 2814 2821 2817
f 2817 2821 2816
f 2813 2814 2817
f 2820 3026 3030
f 2822 2820 3030
f 3024 2820 2818
f 3026 2820 3024
f 2825 3025 2821
f 3031 3025 2825
f 2819 2823 2825
f 2821 2819 2825
f 2824 2829 2826
f 2824 3036 2829
f 2824 2822 3036
f 2822 3030 3036
f 2830 3037 3032
f 3031 2830 3032
f 3031 2825 2830
f 2825 2831 2830
f 2823 2827 2831
f 2825 2823 2831
f 2828 2834 2832
f 2828 3042 2834
f 2826 3042 2828
f 2826 3038 3042
f 2826 2829 3038
f 3036 3038 2829
f 2830 3039 3037
f 3039 2835 3043
f 3039 2830 2835
f 2830 2831 2835
f 2827 2833 2835
f 2831 2827 2835
f 2834 3044 3048
f 2834 3048 2832
f 2832 3048 2836
f 3042 3044 2834
f 2839 3043 2835
f 3049 3043 2839
f 2833 2837 2839
f 2835 2833 2839
f 2838 3050 3054
f 2840 2838 3054
f 3048 2838 2836
f 3050 2838 3048
f 2843 3049 2839
f 3055 3049 2843
f 2837 2841 2843
f 2839 2837 2843
f 2842 3056 3060
f 2844 2842 3060
f 3054 2842 2840
f 3056 2842 3054
f 2848 3055 2843
f 3061 3055 2848
f 2841 2845 2848
f 2843 2841 2848
f 2846 3062 3066
f 2849 2846 3066
f 3060 2846 2844
f 3062 2846 3060
f 2852 3061 2848
f 3067 3061 2852
f 2845 2847 2853
f 2845 2853 2848
f 2848 2853 2852
f 2847 2850 2853
f 2851 3068 3072
f 2854 2851 3072
f 3066 2851 2849
f 3068 2851 3066
f 2852 3069 3067
f 3069 2857 3073
f 3069 2852 2857
f 2852 2853 2857
f 2850 2855 2857
f 2853 2850 2857
f 2856 2862 2858
f 2856 3077 2862
f 2856 2854 3077
f 2854 3072 3077
f 2863 3073 2857
f 3078 3073 2863
f 2855 2859 2863
f 2857 2855 2863
f 2860 2867 2864
f 2860 3083 2867
f 2858 3083 2860
f 2858 3079 3083
f 2858 2862 3079
f 3077 3079 2862
f 2863 3080 3078
f 2868 3084 3080
f 2861 2868 3080
f 2861 3080 2863
f 2861 2863 2859
f 2861 2865 2868
f 2866 2872 2869
f 2866 3088 2872
f 2864 3088 2866
f 2864 3085 3088
f 2864 2867 3085
f 3083 3085 2867
f 2873 3084 2868
f 3089 3084 2873
f 2865 2870 2873
f 2868 2865 2873
f 2872 3090 3093
f 2872 3093 2869
f 2869 3093 2874
f 3088 3090 2872
f 2873 3091 3089
f 2877 3094 3091
f 2871 2877 3091
f 2871 3091 2873
f 2871 2873 2870
f 2871 2875 2877
f 2876 3095 3098
f 2878 2876 3098
f 3093 2876 2874
f 3095 2876 3093
f 2881 3094 2877
f 3099 3094 2881
f 2875 2879 2881
f 2877 2875 2881
f 2880 3100 3102
f 2882 2880 3102
f 3098 2880 2878
f 3100 2880 3098
f 2885 3099 2881
f 3103 3099 2885
f 2879 2883 2885
f 2881 2879 2885
f 2884 3104 3106
f 2886 2884 3106
f 3102 2884 2882
f 3104 2884 3102
f 2889 3103 2885
f 3107 3103 2889
f 2883 2887 2889
f 2885 2883 2889
f 2888 3108 3109
f 2890 2888 3109
f 3106 2888 2886
f 3108 2888 3106
f 2892 3107 2889
f 3110 3107 2892
f 2887 2891 2892
f 2889 2887 2892
f 2890 3109 2893
f 3109 3112 2893
f 2895 3110 2892
f 3113 3110 2895
f 2891 2894 2895
f 2892 2891 2895
f 2893 3112 2896
f 3112 3115 2896
f 2899 3113 2895
f 3116 3113 2899
f 2894 2897 2899
f 2895 2894 2899
f 2896 3115 2900
f 3115 3118 2900
f 2898 3116 2899
f 2898 2901 3116
f 2901 3119 3116
f 2897 2898 2899
f 2900 3118 2902
f 3118 3121 2902
f 2901 2903 3119
f 3119 2903 3122
f 2902 3121 2904
f 3121 3125 2904
f 2907 3126 3123
f 2907 3123 3122
f 2907 3122 2905
f 2905 3122 2903
f 2904 3125 2908
f 3125 3127 2908
f 2906 3126 2907
f 2906 2909 3126
f 2909 3128 3126
f 2905 2906 2907
f 2908 3127 2911
f 3127 3131 2911
f 2910 3132 3129
f 2912 3132 2910
f 3128 2909 2910
f 3129 3128 2910
f 2911 3131 2913
f 3131 3133 2913
f 2912 2914 3132
f 3132 2914 3134
f 2913 3133 2916
f 3133 3137 2916
f 2915 3138 3135
f 2917 3138 2915
f 3134 2914 2915
f 3135 3134 2915
f 2916 3137 2919
f 3137 3141 2919
f 2918 3142 3139
f 2920 3142 2918
f 3138 2917 2918
f 3139 3138 2918
f 2919 3141 2923
f 3141 3144 2923
f 2921 2924 2928
f 3145 2921 2928
f 3145 3143 2921
f 3143 2922 2921
f 3142 2920 2922
f 3143 3142 2922
f 2923 3144 2929
f 3144 3147 2929
f 2925 2930 2942
f 2925 2942 2931
f 2926 2932 2943
f 2926 2944 2927
f 2943 2944 2926
f 2927 2944 3148
f 2924 2927 3148
f 2924 3148 3146
f 2924 3146 2928
f 3145 2928 3146
f 2955 2933 2929
f 2955 2929 3151
f 3151 2929 3147
f 2933 2956 2934
f 2955 2956 2933
f 2934 2957 2935
f 2956 2957 2934
f 2935 2958 2936
f 2957 2958 2935
f 2936 2958 2945
f 2937 2946 2959
f 2937 2960 2938
f 2959 2960 2937
f 2938 2961 2939
f 2960 2961 2938
f 2939 2962 2940
f 2961 2962 2939
f 2940 2942 2930
f 2940 2962 2942
f 2962 2963 2942
f 2931 2964 2941
f 2931 2942 2964
f 2942 2963 2964
f 2941 2964 3152
f 2932 2941 3152
f 2932 3152 3149
f 2932 3149 2943
f 2944 2943 3149
f 3150 2944 3149
f 3148 2944 3150
f 2955 3151 3153
f 2956 2955 3153
f 3154 2956 3153
f 2957 2956 3154
f 3155 2957 3154
f 2958 2957 3155
f 3156 2958 3155
f 2945 2958 3156
f 2945 3156 2947
f 2947 3156 3157
f 2968 3157 3165
f 2968 2948 3157
f 2948 2947 3157
f 2948 2969 2949
f 2968 2969 2948
f 2949 2970 2950
f 2969 2970 2949
f 2950 2970 2965
f 2951 2966 2971
f 2951 2972 2952
f 2971 2972 2951
f 2952 2973 2953
f 2972 2973 2952
f 2953 2974 2954
f 2973 2974 2953
f 2954 2974 3166
f 2946 2954 3166
f 2946 3166 3158
f 2946 3158 2959
f 2960 2959 3158
f 3159 2960 3158
f 2961 2960 3159
f 3160 2961 3159
f 2962 2961 3160
f 3161 2962 3160
f 2963 2962 3161
f 3162 2963 3161
f 2964 2963 3162
f 3163 2964 3162
f 3152 2964 3163
f 2968 3165 3167
f 2969 2968 3167
f 3168 2969 3167
f 2970 2969 3168
f 3169 2970 3168
f 2965 2970 3169
f 2965 3169 2967
f 2967 3169 3170
f 2971 2966 2967
f 2971 2967 3171
f 3171 2967 3170
f 2972 2971 3171
f 3172 2972 3171
f 2973 2972 3172
f 3173 2973 3172
f 2974 2973 3173
f 3174 2974 3173
f 3166 2974 3174
f 2975 2984 2979
f 2975 2976 2985
f 2984 2975 2985
f 2976 2977 2986
f 2985 2976 2986
f 2977 2978 2987
f 2986 2977 2987
f 2978 2980 2987
f 2984 2992 2988
f 2979 2984 2988
f 3193 2985 3190
f 3193 2992 2985
f 2992 2984 2985
f 2986 3190 2985
f 3191 3190 2986
f 2987 3191 2986
f 3192 3191 2987
f 2993 3194 3192
f 2981 2993 3192
f 2981 3192 2987
f 2981 2987 2980
f 2981 2982 2994
f 2993 2981 2994
f 2982 2983 2995
f 2994 2982 2995
f 2983 2989 2995
f 2992 3195 3202
f 2992 3202 2988
f 2988 3202 2996
f 3193 3195 2992
f 2993 3196 3194
f 2994 3196 2993
f 3197 3196 2994
f 2995 3197 2994
f 3198 3197 2995
f 2999 3203 3198
f 2990 2999 3198
f 2990 3198 2995
f 2990 2995 2989
f 2990 2991 3000
f 2999 2990 3000
f 2991 2997 3000
f 2998 3004 3001
f 2998 3211 3004
f 2998 2996 3211
f 2996 3202 3211
f 3005 3203 2999
f 3212 3203 3005
f 3000 3006 2999
f 3006 3005 2999
f 2997 3002 3006
f 3000 2997 3006
f 3004 3010 3007
f 3001 3004 3007
f 3221 3004 3211
f 3010 3004 3221
f 3011 3222 3213
f 3212 3011 3213
f 3212 3005 3011
f 3005 3012 3011
f 3003 3008 3012
f 3003 3012 3006
f 3006 3012 3005
f 3002 3003 3006
f 3009 3016 3013
f 3009 3230 3016
f 3007 3230 3009
f 3007 3223 3230
f 3007 3010 3223
f 3221 3223 3010
f 3017 3222 3011
f 3231 3222 3017
f 3012 3018 3011
f 3018 3017 3011
f 3008 3014 3018
f 3012 3008 3018
f 3016 3022 3019
f 3013 3016 3019
f 3239 3016 3230
f 3022 3016 3239
f 3023 3231 3017
f 3240 3231 3023
f 3015 3020 3023
f 3015 3023 3018
f 3018 3023 3017
f 3014 3015 3018
f 3021 3027 3024
f 3021 3250 3027
f 3019 3250 3021
f 3019 3241 3250
f 3019 3022 3241
f 3239 3241 3022
f 3028 3251 3242
f 3240 3028 3242
f 3240 3023 3028
f 3023 3029 3028
f 3020 3025 3029
f 3023 3020 3029
f 3026 3033 3030
f 3026 3260 3033
f 3024 3260 3026
f 3024 3252 3260
f 3024 3027 3252
f 3250 3252 3027
f 3034 3251 3028
f 3261 3251 3034
f 3029 3035 3028
f 3035 3034 3028
f 3025 3031 3035
f 3029 3025 3035
f 3033 3040 3036
f 3030 3033 3036
f 3270 3033 3260
f 3040 3033 3270
f 3041 3261 3034
f 3271 3261 3041
f 3032 3037 3041
f 3032 3041 3035
f 3035 3041 3034
f 3031 3032 3035
f 3038 3045 3042
f 3038 3279 3045
f 3036 3279 3038
f 3036 3272 3279
f 3036 3040 3272
f 3270 3272 3040
f 3046 3271 3041
f 3280 3271 3046
f 3037 3039 3047
f 3037 3047 3041
f 3041 3047 3046
f 3039 3043 3047
f 3044 3051 3048
f 3044 3285 3051
f 3042 3285 3044
f 3042 3281 3285
f 3042 3045 3281
f 3279 3281 3045
f 3052 3280 3046
f 3286 3280 3052
f 3047 3053 3046
f 3053 3052 3046
f 3043 3049 3053
f 3047 3043 3053
f 3050 3057 3054
f 3050 3291 3057
f 3048 3291 3050
f 3048 3287 3291
f 3048 3051 3287
f 3285 3287 3051
f 3058 3286 3052
f 3292 3286 3058
f 3053 3059 3052
f 3059 3058 3052
f 3049 3055 3059
f 3053 3049 3059
f 3056 3063 3060
f 3056 3297 3063
f 3054 3297 3056
f 3054 3293 3297
f 3054 3057 3293
f 3291 3293 3057
f 3064 3292 3058
f 3298 3292 3064
f 3059 3065 3058
f 3065 3064 3058
f 3055 3061 3065
f 3059 3055 3065
f 3062 3070 3066
f 3062 3303 3070
f 3060 3303 3062
f 3060 3299 3303
f 3060 3063 3299
f 3297 3299 3063
f 3064 3300 3298
f 3300 3071 3304
f 3300 3064 3071
f 3064 3065 3071
f 3061 3067 3071
f 3065 3061 3071
f 3068 3074 3072
f 3068 3309 3074
f 3066 3309 3068
f 3066 3305 3309
f 3066 3070 3305
f 3303 3305 3070
f 3075 3304 3071
f 3310 3304 3075
f 3067 3069 3076
f 3067 3076 3071
f 3071 3076 3075
f 3069 3073 3076
f 3074 3311 3315
f 3074 3315 3072
f 3072 3315 3077
f 3309 3311 3074
f 3081 3310 3075
f 3316 3310 3081
f 3076 3082 3075
f 3082 3081 3075
f 3073 3078 3082
f 3076 3073 3082
f 3079 3317 3321
f 3083 3079 3321
f 3315 3079 3077
f 3317 3079 3315
f 3081 3318 3316
f 3318 3086 3322
f 3318 3081 3086
f 3081 3082 3086
f 3078 3080 3087
f 3078 3087 3082
f 3082 3087 3086
f 3080 3084 3087
f 3085 3323 3328
f 3088 3085 3328
f 3321 3085 3083
f 3323 3085 3321
f 3086 3324 3322
f 3324 3092 3329
f 3324 3086 3092
f 3086 3087 3092
f 3084 3089 3092
f 3087 3084 3092
f 3090 3330 3334
f 3093 3090 3334
f 3328 3090 3088
f 3330 3090 3328
f 3096 3329 3092
f 3335 3329 3096
f 3089 3091 3097
f 3089 3097 3092
f 3092 3097 3096
f 3091 3094 3097
f 3095 3336 3340
f 3098 3095 3340
f 3334 3095 3093
f 3336 3095 3334
f 3096 3337 3335
f 3337 3101 3341
f 3337 3096 3101
f 3096 3097 3101
f 3094 3099 3101
f 3097 3094 3101
f 3100 3342 3345
f 3102 3100 3345
f 3340 3100 3098
f 3342 3100 3340
f 3105 3341 3101
f 3346 3341 3105
f 3099 3103 3105
f 3101 3099 3105
f 3104 3347 3351
f 3106 3104 3351
f 3345 3104 3102
f 3347 3104 3345
f 3105 3348 3346
f 3348 3105 3103
f 3348 3103 3352
f 3352 3103 3107
f 3108 3353 3357
f 3109 3108 3357
f 3351 3108 3106
f 3353 3108 3351
f 3111 3358 3354
f 3111 3354 3352
f 3111 3352 3110
f 3110 3352 3107
f 3109 3357 3112
f 3357 3360 3112
f 3114 3358 3111
f 3361 3358 3114
f 3110 3113 3114
f 3111 3110 3114
f 3112 3360 3115
f 3360 3363 3115
f 3117 3361 3114
f 3364 3361 3117
f 3113 3116 3117
f 3114 3113 3117
f 3115 3363 3118
f 3363 3366 3118
f 3120 3364 3117
f 3367 3364 3120
f 3116 3119 3120
f 3117 3116 3120
f 3118 3366 3121
f 3366 3369 3121
f 3124 3367 3120
f 3370 3367 3124
f 3119 3122 3124
f 3120 3119 3124
f 3121 3369 3125
f 3369 3372 3125
f 3123 3370 3124
f 3123 3126 3370
f 3126 3373 3370
f 3122 3123 3124
f 3125 3372 3127
f 3372 3377 3127
f 3130 3378 3374
f 3130 3374 3373
f 3130 3373 3128
f 3128 3373 3126
f 3127 3377 3131
f 3377 3380 3131
f 3129 3378 3130
f 3129 3132 3378
f 3132 3381 3378
f 3128 3129 3130
f 3131 3380 3133
f 3380 3384 3133
f 3136 3385 3382
f 3136 3382 3381
f 3136 3381 3134
f 3134 3381 3132
f 3133 3384 3137
f 3384 3388 3137
f 3140 3389 3386
f 3385 3140 3386
f 3136 3140 3385
f 3136 3138 3140
f 3136 3135 3138
f 3134 3135 3136
f 3137 3388 3141
f 3388 3391 3141
f 3139 3389 3140
f 3139 3142 3389
f 3142 3392 3389
f 3138 3139 3140
f 3141 3391 3144
f 3391 3395 3144
f 3143 3396 3393
f 3145 3396 3143
f 3392 3142 3143
f 3393 3392 3143
f 3144 3395 3147
f 3395 3398 3147
f 3146 3399 3397
f 3148 3399 3146
f 3396 3145 3146
f 3397 3396 3146
f 3147 3398 3151
f 3398 3401 3151
f 3149 3152 3164
f 3402 3149 3164
f 3402 3400 3149
f 3400 3150 3149
f 3399 3148 3150
f 3400 3399 3150
f 3151 3401 3403
f 3153 3151 3403
f 3154 3153 3404
f 3153 3403 3404
f 3155 3154 3405
f 3154 3404 3405
f 3156 3155 3406
f 3155 3405 3406
f 3175 3406 3409
f 3175 3157 3406
f 3157 3156 3406
f 3157 3175 3165
f 3158 3166 3176
f 3158 3177 3159
f 3176 3177 3158
f 3159 3178 3160
f 3177 3178 3159
f 3160 3179 3161
f 3178 3179 3160
f 3161 3180 3162
f 3179 3180 3161
f 3410 3162 3180
f 3410 3407 3162
f 3407 3163 3162
f 3164 3152 3163
f 3164 3163 3408
f 3408 3163 3407
f 3402 3164 3408
f 3175 3409 3411
f 3165 3175 3411
f 3165 3411 3167
f 3167 3411 3412
f 3168 3167 3413
f 3167 3412 3413
f 3181 3413 3419
f 3181 3169 3413
f 3169 3168 3413
f 3169 3182 3170
f 3181 3182 3169
f 3170 3183 3171
f 3182 3183 3170
f 3171 3184 3172
f 3183 3184 3171
f 3172 3185 3173
f 3184 3185 3172
f 3173 3186 3174
f 3185 3186 3173
f 3174 3176 3166
f 3174 3186 3176
f 3186 3187 3176
f 3177 3176 3188
f 3188 3176 3187
f 3178 3177 3189
f 3189 3177 3188
f 3420 3414 3179
f 3420 3179 3189
f 3189 3179 3178
f 3180 3179 3414
f 3415 3180 3414
f 3410 3180 3415
f 3181 3419 3421
f 3182 3181 3421
f 3422 3182 3421
f 3183 3182 3422
f 3423 3183 3422
f 3184 3183 3423
f 3424 3184 3423
f 3185 3184 3424
f 3425 3185 3424
f 3186 3185 3425
f 3426 3186 3425
f 3187 3186 3426
f 3427 3187 3426
f 3188 3187 3427
f 3428 3188 3427
f 3189 3188 3428
f 3429 3189 3428
f 3420 3189 3429
f 3190 3199 3193
f 3190 3191 3200
f 3199 3190 3200
f 3191 3192 3201
f 3200 3191 3201
f 3192 3194 3201
f 3195 3204 3202
f 3195 3193 3199
f 3195 3199 3204
f 3204 3199 3205
f 3200 3206 3199
f 3206 3205 3199
f 3201 3207 3200
f 3207 3206 3200
f 3194 3196 3208
f 3194 3208 3201
f 3201 3208 3207
f 3196 3197 3209
f 3208 3196 3209
f 3197 3198 3210
f 3209 3197 3210
f 3198 3203 3210
f 3204 3214 3211
f 3202 3204 3211
f 3205 3215 3204
f 3215 3214 3204
f 3206 3216 3205
f 3216 3215 3205
f 3207 3217 3206
f 3217 3216 3206
f 3208 3218 3207
f 3218 3217 3207
f 3209 3219 3208
f 3219 3218 3208
f 3210 3220 3209
f 3220 3219 3209
f 3203 3212 3220
f 3210 3203 3220
f 3214 3224 3221
f 3211 3214 3221
f 3215 3225 3214
f 3225 3224 3214
f 3216 3226 3215
f 3226 3225 3215
f 3217 3227 3216
f 3227 3226 3216
f 3218 3228 3217
f 3228 3227 3217
f 3219 3229 3218
f 3229 3228 3218
f 3213 3222 3229
f 3213 3229 3220
f 3220 3229 3219
f 3212 3213 3220
f 3223 3232 3230
f 3223 3221 3224
f 3223 3224 3232
f 3232 3224 3233
f 3225 3234 3224
f 3234 3233 3224
f 3226 3235 3225
f 3235 3234 3225
f 3227 3236 3226
f 3236 3235 3226
f 3228 3237 3227
f 3237 3236 3227
f 3229 3238 3228
f 3238 3237 3228
f 3222 3231 3238
f 3229 3222 3238
f 3232 3243 3239
f 3230 3232 3239
f 3233 3244 3232
f 3244 3243 3232
f 3234 3245 3233
f 3245 3244 3233
f 3235 3246 3234
f 3246 3245 3234
f 3236 3247 3235
f 3247 3246 3235
f 3237 3248 3236
f 3248 3247 3236
f 3238 3249 3237
f 3249 3248 3237
f 3231 3240 3249
f 3238 3231 3249
f 3241 3253 3250
f 3241 3239 3243
f 3241 3243 3253
f 3253 3243 3254
f 3244 3255 3243
f 3255 3254 3243
f 3245 3256 3244
f 3256 3255 3244
f 3246 3257 3245
f 3257 3256 3245
f 3247 3258 3246
f 3258 3257 3246
f 3248 3259 3247
f 3259 3258 3247
f 3242 3251 3259
f 3242 3259 3249
f 3249 3259 3248
f 3240 3242 3249
f 3252 3262 3260
f 3252 3250 3253
f 3252 3253 3262
f 3262 3253 3263
f 3254 3264 3253
f 3264 3263 3253
f 3255 3265 3254
f 3265 3264 3254
f 3256 3266 3255
f 3266 3265 3255
f 3257 3267 3256
f 3267 3266 3256
f 3258 3268 3257
f 3268 3267 3257
f 3259 3269 3258
f 3269 3268 3258
f 3251 3261 3269
f 3259 3251 3269
f 3262 3273 3270
f 3260 3262 3270
f 3435 3263 3433
f 3435 3273 3263
f 3273 3262 3263
f 3264 3433 3263
f 3434 3433 3264
f 3434 3274 3436
f 3434 3264 3274
f 3264 3265 3274
f 3266 3275 3265
f 3275 3274 3265
f 3267 3276 3266
f 3276 3275 3266
f 3268 3277 3267
f 3277 3276 3267
f 3269 3278 3268
f 3278 3277 3268
f 3261 3271 3278
f 3269 3261 3278
f 3272 3282 3279
f 3272 3443 3282
f 3270 3443 3272
f 3270 3437 3443
f 3270 3273 3437
f 3435 3437 3273
f 3274 3438 3436
f 3275 3438 3274
f 3439 3438 3275
f 3276 3439 3275
f 3440 3439 3276
f 3440 3283 3444
f 3440 3276 3283
f 3276 3277 3283
f 3278 3284 3277
f 3284 3283 3277
f 3271 3280 3284
f 3278 3271 3284
f 3281 3288 3285
f 3281 3452 3288
f 3279 3452 3281
f 3279 3445 3452
f 3279 3282 3445
f 3443 3445 3282
f 3289 3444 3283
f 3453 3444 3289
f 3284 3290 3283
f 3290 3289 3283
f 3280 3286 3290
f 3284 3280 3290
f 3287 3294 3291
f 3287 3462 3294
f 3285 3462 3287
f 3285 3454 3462
f 3285 3288 3454
f 3452 3454 3288
f 3295 3453 3289
f 3463 3453 3295
f 3290 3296 3289
f 3296 3295 3289
f 3286 3292 3296
f 3290 3286 3296
f 3293 3301 3297
f 3293 3474 3301
f 3291 3474 3293
f 3291 3464 3474
f 3291 3294 3464
f 3462 3464 3294
f 3295 3465 3463
f 3465 3302 3475
f 3465 3295 3302
f 3295 3296 3302
f 3292 3298 3302
f 3296 3292 3302
f 3299 3306 3303
f 3299 3487 3306
f 3297 3487 3299
f 3297 3476 3487
f 3297 3301 3476
f 3474 3476 3301
f 3307 3475 3302
f 3488 3475 3307
f 3298 3300 3308
f 3298 3308 3302
f 3302 3308 3307
f 3300 3304 3308
f 3305 3312 3309
f 3305 3496 3312
f 3303 3496 3305
f 3303 3489 3496
f 3303 3306 3489
f 3487 3489 3306
f 3313 3488 3307
f 3497 3488 3313
f 3308 3314 3307
f 3314 3313 3307
f 3304 3310 3314
f 3308 3304 3314
f 3311 3319 3315
f 3311 3506 3319
f 3309 3506 3311
f 3309 3498 3506
f 3309 3312 3498
f 3496 3498 3312
f 3313 3499 3497
f 3499 3320 3507
f 3499 3313 3320
f 3313 3314 3320
f 3310 3316 3320
f 3314 3310 3320
f 3317 3325 3321
f 3317 3515 3325
f 3315 3515 3317
f 3315 3508 3515
f 3315 3319 3508
f 3506 3508 3319
f 3326 3507 3320
f 3516 3507 3326
f 3316 3318 3327
f 3316 3327 3320
f 3320 3327 3326
f 3318 3322 3327
f 3323 3331 3328
f 3323 3525 3331
f 3321 3525 3323
f 3321 3517 3525
f 3321 3325 3517
f 3515 3517 3325
f 3326 3518 3516
f 3518 3332 3526
f 3518 3326 3332
f 3326 3327 3332
f 3322 3324 3333
f 3322 3333 3327
f 3327 3333 3332
f 3324 3329 3333
f 3330 3338 3334
f 3330 3534 3338
f 3328 3534 3330
f 3328 3527 3534
f 3328 3331 3527
f 3525 3527 3331
f 3332 3528 3526
f 3528 3339 3535
f 3528 3332 3339
f 3332 3333 3339
f 3329 3335 3339
f 3333 3329 3339
f 3336 3343 3340
f 3336 3543 3343
f 3334 3543 3336
f 3334 3536 3543
f 3334 3338 3536
f 3534 3536 3338
f 3339 3537 3535
f 3344 3544 3537
f 3337 3344 3537
f 3337 3537 3339
f 3337 3339 3335
f 3337 3341 3344
f 3342 3349 3345
f 3342 3551 3349
f 3340 3551 3342
f 3340 3545 3551
f 3340 3343 3545
f 3543 3545 3343
f 3350 3544 3344
f 3552 3544 3350
f 3341 3346 3350
f 3344 3341 3350
f 3347 3553 3558
f 3351 3347 3558
f 3349 3347 3345
f 3349 3554 3347
f 3554 3553 3347
f 3551 3554 3349
f 3355 3552 3350
f 3559 3552 3355
f 3346 3348 3356
f 3346 3356 3350
f 3350 3356 3355
f 3348 3352 3356
f 3353 3560 3565
f 3357 3353 3565
f 3558 3353 3351
f 3560 3353 3558
f 3359 3559 3355
f 3566 3559 3359
f 3354 3358 3359
f 3354 3359 3356
f 3356 3359 3355
f 3352 3354 3356
f 3357 3565 3360
f 3565 3569 3360
f 3362 3566 3359
f 3570 3566 3362
f 3358 3361 3362
f 3359 3358 3362
f 3360 3569 3363
f 3569 3572 3363
f 3365 3570 3362
f 3573 3570 3365
f 3361 3364 3365
f 3362 3361 3365
f 3363 3572 3366
f 3572 3575 3366
f 3368 3573 3365
f 3576 3573 3368
f 3364 3367 3368
f 3365 3364 3368
f 3366 3575 3369
f 3575 3578 3369
f 3371 3576 3368
f 3579 3576 3371
f 3367 3370 3371
f 3368 3367 3371
f 3369 3578 3372
f 3578 3583 3372
f 3375 3584 3580
f 3579 3375 3580
f 3579 3371 3375
f 3371 3376 3375
f 3370 3373 3376
f 3371 3370 3376
f 3372 3583 3377
f 3583 3586 3377
f 3379 3584 3375
f 3587 3584 3379
f 3374 3378 3379
f 3374 3379 3376
f 3376 3379 3375
f 3373 3374 3376
f 3377 3586 3380
f 3586 3589 3380
f 3383 3587 3379
f 3590 3587 3383
f 3378 3381 3383
f 3379 3378 3383
f 3380 3589 3384
f 3589 3594 3384
f 3387 3595 3591
f 3590 3387 3591
f 3383 3387 3590
f 3383 3385 3387
f 3383 3382 3385
f 3381 3382 3383
f 3384 3594 3388
f 3594 3598 3388
f 3390 3599 3596
f 3595 3390 3596
f 3387 3390 3595
f 3387 3389 3390
f 3387 3386 3389
f 3385 3386 3387
f 3388 3598 3391
f 3598 3600 3391
f 3394 3599 3390
f 3601 3599 3394
f 3389 3392 3394
f 3390 3389 3394
f 3391 3600 3395
f 3600 3603 3395
f 3393 3601 3394
f 3393 3396 3601
f 3396 3604 3601
f 3392 3393 3394
f 3395 3603 3398
f 3603 3608 3398
f 3397 3609 3605
f 3399 3609 3397
f 3604 3396 3397
f 3605 3604 3397
f 3398 3608 3401
f 3608 3613 3401
f 3400 3614 3610
f 3402 3614 3400
f 3609 3399 3400
f 3610 3609 3400
f 3401 3613 3615
f 3403 3401 3615
f 3404 3403 3616
f 3403 3615 3616
f 3416 3616 3620
f 3416 3405 3616
f 3405 3404 3616
f 3405 3417 3406
f 3416 3417 3405
f 3406 3417 3409
f 3407 3410 3418
f 3621 3407 3418
f 3621 3617 3407
f 3617 3408 3407
f 3614 3402 3408
f 3617 3614 3408
f 3416 3620 3622
f 3417 3416 3622
f 3623 3417 3622
f 3409 3417 3623
f 3409 3623 3411
f 3411 3623 3624
f 3430 3624 3630
f 3430 3412 3624
f 3412 3411 3624
f 3412 3431 3413
f 3430 3431 3412
f 3413 3431 3419
f 3414 3420 3432
f 3631 3414 3432
f 3631 3625 3414
f 3625 3415 3414
f 3418 3410 3415
f 3418 3415 3626
f 3626 3415 3625
f 3621 3418 3626
f 3430 3630 3632
f 3431 3430 3632
f 3633 3431 3632
f 3419 3431 3633
f 3419 3633 3421
f 3421 3633 3634
f 3422 3421 3635
f 3421 3634 3635
f 3423 3422 3636
f 3422 3635 3636
f 3424 3423 3637
f 3423 3636 3637
f 3425 3424 3638
f 3424 3637 3638
f 3426 3425 3639
f 3425 3638 3639
f 3427 3426 3640
f 3426 3639 3640
f 3428 3427 3641
f 3427 3640 3641
f 3429 3428 3642
f 3428 3641 3642
f 3432 3420 3429
f 3432 3429 3643
f 3643 3429 3642
f 3631 3432 3643
f 3433 3441 3435
f 3433 3434 3442
f 3441 3433 3442
f 3434 3436 3442
f 3437 3446 3443
f 3437 3435 3441
f 3437 3441 3446
f 3446 3441 3447
f 3442 3448 3441
f 3448 3447 3441
f 3436 3438 3449
f 3436 3449 3442
f 3442 3449 3448
f 3438 3439 3450
f 3449 3438 3450
f 3439 3440 3451
f 3450 3439 3451
f 3440 3444 3451
f 3445 3455 3452
f 3445 3443 3446
f 3445 3446 3455
f 3455 3446 3456
f 3447 3457 3446
f 3457 3456 3446
f 3448 3458 3447
f 3458 3457 3447
f 3449 3459 3448
f 3459 3458 3448
f 3450 3460 3449
f 3460 3459 3449
f 3451 3461 3450
f 3461 3460 3450
f 3444 3453 3461
f 3451 3444 3461
f 3454 3466 3462
f 3454 3452 3455
f 3454 3455 3466
f 3466 3455 3467
f 3456 3468 3455
f 3468 3467 3455
f 3457 3469 3456
f 3469 3468 3456
f 3458 3470 3457
f 3470 3469 3457
f 3459 3471 3458
f 3471 3470 3458
f 3460 3472 3459
f 3472 3471 3459
f 3461 3473 3460
f 3473 3472 3460
f 3453 3463 3473
f 3461 3453 3473
f 3464 3477 3474
f 3464 3462 3466
f 3464 3466 3477
f 3477 3466 3478
f 3467 3479 3466
f 3479 3478 3466
f 3468 3480 3467
f 3480 3479 3467
f 3469 3481 3468
f 3481 3480 3468
f 3470 3482 3469
f 3482 3481 3469
f 3471 3483 3470
f 3483 3482 3470
f 3472 3484 3471
f 3484 3483 3471
f 3473 3485 3472
f 3485 3484 3472
f 3463 3465 3486
f 3463 3486 3473
f 3473 3486 3485
f 3465 3475 3486
f 3476 3490 3487
f 3476 3474 3477
f 3476 3477 3490
f 3490 3477 3491
f 3478 3492 3477
f 3492 3491 3477
f 3656 3479 3651
f 3656 3492 3479
f 3492 3478 3479
f 3480 3651 3479
f 3652 3651 3480
f 3481 3652 3480
f 3653 3652 3481
f 3482 3653 3481
f 3654 3653 3482
f 3483 3654 3482
f 3655 3654 3483
f 3655 3493 3657
f 3655 3483 3493
f 3483 3484 3493
f 3485 3494 3484
f 3494 3493 3484
f 3486 3495 3485
f 3495 3494 3485
f 3475 3488 3495
f 3486 3475 3495
f 3489 3500 3496
f 3489 3487 3490
f 3489 3490 3500
f 3500 3490 3501
f 3491 3502 3490
f 3502 3501 3490
f 3664 3492 3658
f 3664 3502 3492
f 3502 3491 3492
f 3656 3658 3492
f 3503 3657 3493
f 3665 3657 3503
f 3494 3504 3493
f 3504 3503 3493
f 3495 3505 3494
f 3505 3504 3494
f 3488 3497 3505
f 3495 3488 3505
f 3498 3509 3506
f 3498 3496 3500
f 3498 3500 3509
f 3509 3500 3510
f 3501 3511 3500
f 3511 3510 3500
f 3674 3502 3666
f 3674 3511 3502
f 3511 3501 3502
f 3664 3666 3502
f 3503 3667 3665
f 3667 3512 3675
f 3667 3503 3512
f 3503 3504 3512
f 3505 3513 3504
f 3513 3512 3504
f 3497 3499 3514
f 3497 3514 3505
f 3505 3514 3513
f 3499 3507 3514
f 3508 3519 3515
f 3508 3506 3509
f 3508 3509 3519
f 3519 3509 3520
f 3510 3521 3509
f 3521 3520 3509
f 3685 3511 3676
f 3685 3521 3511
f 3521 3510 3511
f 3674 3676 3511
f 3522 3675 3512
f 3686 3675 3522
f 3513 3523 3512
f 3523 3522 3512
f 3514 3524 3513
f 3524 3523 3513
f 3507 3516 3524
f 3514 3507 3524
f 3517 3529 3525
f 3517 3515 3519
f 3517 3519 3529
f 3529 3519 3530
f 3699 3520 3687
f 3699 3530 3520
f 3530 3519 3520
f 3521 3687 3520
f 3688 3687 3521
f 3685 3688 3521
f 3522 3689 3686
f 3689 3531 3700
f 3689 3522 3531
f 3522 3523 3531
f 3524 3532 3523
f 3532 3531 3523
f 3516 3518 3533
f 3516 3533 3524
f 3524 3533 3532
f 3518 3526 3533
f 3527 3538 3534
f 3527 3525 3529
f 3527 3529 3538
f 3538 3529 3539
f 3711 3530 3701
f 3711 3539 3530
f 3539 3529 3530
f 3699 3701 3530
f 3531 3702 3700
f 3702 3540 3712
f 3702 3531 3540
f 3531 3532 3540
f 3533 3541 3532
f 3541 3540 3532
f 3526 3528 3542
f 3526 3542 3533
f 3533 3542 3541
f 3528 3535 3542
f 3536 3546 3543
f 3536 3534 3538
f 3536 3538 3546
f 3546 3538 3547
f 3723 3539 3713
f 3723 3547 3539
f 3547 3538 3539
f 3711 3713 3539
f 3540 3714 3712
f 3714 3548 3724
f 3714 3540 3548
f 3540 3541 3548
f 3542 3549 3541
f 3549 3548 3541
f 3535 3537 3550
f 3535 3550 3542
f 3542 3550 3549
f 3537 3544 3550
f 3545 3555 3551
f 3545 3735 3555
f 3543 3735 3545
f 3543 3725 3735
f 3543 3546 3725
f 3547 3725 3546
f 3726 3725 3547
f 3723 3726 3547
f 3548 3727 3724
f 3727 3556 3736
f 3727 3548 3556
f 3548 3549 3556
f 3550 3557 3549
f 3557 3556 3549
f 3544 3552 3557
f 3550 3544 3557
f 3553 3561 3558
f 3553 3554 3562
f 3561 3553 3562
f 3554 3746 3562
f 3551 3746 3554
f 3551 3737 3746
f 3551 3555 3737
f 3735 3737 3555
f 3563 3736 3556
f 3747 3736 3563
f 3557 3564 3556
f 3564 3563 3556
f 3552 3559 3564
f 3557 3552 3564
f 3560 3567 3565
f 3560 3757 3567
f 3558 3757 3560
f 3558 3748 3757
f 3558 3561 3748
f 3562 3748 3561
f 3749 3748 3562
f 3746 3749 3562
f 3563 3750 3747
f 3750 3568 3758
f 3750 3563 3568
f 3563 3564 3568
f 3559 3566 3568
f 3564 3559 3568
f 3567 3759 3765
f 3567 3765 3565
f 3565 3765 3569
f 3757 3759 3567
f 3571 3758 3568
f 3766 3758 3571
f 3566 3570 3571
f 3568 3566 3571
f 3569 3765 3572
f 3765 3771 3572
f 3574 3766 3571
f 3772 3766 3574
f 3570 3573 3574
f 3571 3570 3574
f 3572 3771 3575
f 3771 3776 3575
f 3577 3772 3574
f 3777 3772 3577
f 3573 3576 3577
f 3574 3573 3577
f 3575 3776 3578
f 3776 3782 3578
f 3581 3783 3778
f 3777 3581 3778
f 3777 3577 3581
f 3577 3582 3581
f 3576 3579 3582
f 3577 3576 3582
f 3578 3782 3583
f 3782 3787 3583
f 3585 3783 3581
f 3788 3783 3585
f 3580 3584 3585
f 3580 3585 3582
f 3582 3585 3581
f 3579 3580 3582
f 3583 3787 3586
f 3787 3791 3586
f 3588 3788 3585
f 3792 3788 3588
f 3584 3587 3588
f 3585 3584 3588
f 3586 3791 3589
f 3791 3796 3589
f 3592 3797 3793
f 3792 3592 3793
f 3792 3588 3592
f 3588 3593 3592
f 3587 3590 3593
f 3588 3587 3593
f 3589 3796 3594
f 3796 3799 3594
f 3597 3797 3592
f 3800 3797 3597
f 3591 3595 3597
f 3591 3597 3593
f 3593 3597 3592
f 3590 3591 3593
f 3594 3799 3598
f 3799 3802 3598
f 3596 3800 3597
f 3596 3599 3800
f 3599 3803 3800
f 3595 3596 3597
f 3598 3802 3600
f 3802 3807 3600
f 3602 3808 3804
f 3602 3804 3803
f 3602 3803 3601
f 3601 3803 3599
f 3600 3807 3603
f 3807 3813 3603
f 3606 3814 3809
f 3808 3606 3809
f 3808 3602 3606
f 3602 3607 3606
f 3601 3604 3607
f 3602 3601 3607
f 3603 3813 3608
f 3813 3819 3608
f 3611 3820 3815
f 3814 3611 3815
f 3814 3606 3611
f 3606 3612 3611
f 3605 3609 3612
f 3605 3612 3607
f 3607 3612 3606
f 3604 3605 3607
f 3608 3819 3613
f 3819 3826 3613
f 3618 3827 3821
f 3820 3618 3821
f 3820 3611 3618
f 3611 3619 3618
f 3610 3614 3619
f 3610 3619 3612
f 3612 3619 3611
f 3609 3610 3612
f 3613 3826 3828
f 3615 3613 3828
f 3627 3828 3835
f 3627 3616 3828
f 3616 3615 3828
f 3616 3627 3620
f 3628 3836 3829
f 3827 3628 3829
f 3827 3618 3628
f 3618 3629 3628
f 3617 3621 3629
f 3617 3629 3619
f 3619 3629 3618
f 3614 3617 3619
f 3627 3835 3837
f 3644 3837 3845
f 3622 3837 3644
f 3622 3627 3837
f 3622 3620 3627
f 3622 3645 3623
f 3644 3645 3622
f 3623 3646 3624
f 3645 3646 3623
f 3846 3624 3646
f 3846 3838 3624
f 3630 3624 3647
f 3647 3624 3838
f 3838 3847 3647
f 3648 3848 3839
f 3648 3840 3649
f 3839 3840 3648
f 3836 3649 3840
f 3628 3649 3836
f 3628 3631 3649
f 3628 3625 3631
f 3626 3625 3628
f 3629 3626 3628
f 3621 3626 3629
f 3644 3845 3849
f 3645 3644 3849
f 3850 3645 3849
f 3646 3645 3850
f 3851 3646 3850
f 3630 3647 3632
f 3646 3851 3846
f 3647 3847 3852
f 3647 3852 3632
f 3632 3852 3633
f 3634 3633 3853
f 3633 3852 3853
f 3635 3634 3854
f 3634 3853 3854
f 3636 3635 3855
f 3635 3854 3855
f 3650 3855 3865
f 3650 3637 3855
f 3637 3636 3855
f 3866 3637 3650
f 3866 3856 3637
f 3856 3638 3637
f 3639 3638 3857
f 3638 3856 3857
f 3640 3639 3858
f 3639 3857 3858
f 3641 3640 3859
f 3640 3858 3859
f 3848 3648 3642
f 3848 3642 3859
f 3859 3642 3641
f 3643 3642 3648
f 3649 3643 3648
f 3631 3643 3649
f 3650 3865 3867
f 3866 3650 3867
f 3651 3659 3656
f 3651 3652 3660
f 3659 3651 3660
f 3652 3653 3661
f 3660 3652 3661
f 3653 3654 3662
f 3661 3653 3662
f 3654 3655 3663
f 3662 3654 3663
f 3655 3657 3663
f 3658 3668 3664
f 3658 3656 3659
f 3658 3659 3668
f 3668 3659 3669
f 3660 3670 3659
f 3670 3669 3659
f 3661 3671 3660
f 3671 3670 3660
f 3662 3672 3661
f 3672 3671 3661
f 3663 3673 3662
f 3673 3672 3662
f 3657 3665 3673
f 3663 3657 3673
f 3666 3677 3674
f 3666 3664 3668
f 3666 3668 3677
f 3677 3668 3678
f 3669 3679 3668
f 3679 3678 3668
f 3670 3680 3669
f 3680 3679 3669
f 3671 3681 3670
f 3681 3680 3670
f 3672 3682 3671
f 3682 3681 3671
f 3673 3683 3672
f 3683 3682 3672
f 3665 3667 3684
f 3665 3684 3673
f 3673 3684 3683
f 3667 3675 3684
f 3676 3690 3685
f 3676 3674 3677
f 3676 3677 3690
f 3690 3677 3691
f 3678 3692 3677
f 3692 3691 3677
f 3679 3693 3678
f 3693 3692 3678
f 3680 3694 3679
f 3694 3693 3679
f 3681 3695 3680
f 3695 3694 3680
f 3682 3696 3681
f 3696 3695 3681
f 3683 3697 3682
f 3697 3696 3682
f 3684 3698 3683
f 3698 3697 3683
f 3675 3686 3698
f 3684 3675 3698
f 3687 3703 3699
f 3687 3688 3704
f 3703 3687 3704
f 3688 3685 3690
f 3688 3690 3704
f 3704 3690 3705
f 3691 3706 3690
f 3706 3705 3690
f 3873 3692 3869
f 3873 3706 3692
f 3706 3691 3692
f 3693 3869 3692
f 3870 3869 3693
f 3694 3870 3693
f 3871 3870 3694
f 3695 3871 3694
f 3872 3871 3695
f 3872 3707 3874
f 3872 3695 3707
f 3695 3696 3707
f 3697 3708 3696
f 3708 3707 3696
f 3698 3709 3697
f 3709 3708 3697
f 3686 3689 3710
f 3686 3710 3698
f 3698 3710 3709
f 3689 3700 3710
f 3701 3715 3711
f 3701 3699 3703
f 3701 3703 3715
f 3715 3703 3716
f 3704 3717 3703
f 3717 3716 3703
f 3881 3705 3875
f 3881 3717 3705
f 3717 3704 3705
f 3706 3875 3705
f 3876 3875 3706
f 3873 3876 3706
f 3718 3874 3707
f 3882 3874 3718
f 3708 3719 3707
f 3719 3718 3707
f 3709 3720 3708
f 3720 3719 3708
f 3710 3721 3709
f 3721 3720 3709
f 3700 3702 3722
f 3700 3722 3710
f 3710 3722 3721
f 3702 3712 3722
f 3713 3728 3723
f 3713 3711 3715
f 3713 3715 3728
f 3728 3715 3729
f 3892 3716 3883
f 3892 3729 3716
f 3729 3715 3716
f 3717 3883 3716
f 3884 3883 3717
f 3881 3884 3717
f 3718 3885 3882
f 3885 3730 3893
f 3885 3718 3730
f 3718 3719 3730
f 3720 3731 3719
f 3731 3730 3719
f 3721 3732 3720
f 3732 3731 3720
f 3722 3733 3721
f 3733 3732 3721
f 3712 3714 3734
f 3712 3734 3722
f 3722 3734 3733
f 3714 3724 3734
f 3725 3738 3735
f 3725 3726 3739
f 3738 3725 3739
f 3726 3723 3728
f 3726 3728 3739
f 3739 3728 3740
f 3905 3729 3894
f 3905 3740 3729
f 3740 3728 3729
f 3892 3894 3729
f 3730 3895 3893
f 3895 3741 3906
f 3895 3730 3741
f 3730 3731 3741
f 3732 3742 3731
f 3742 3741 3731
f 3733 3743 3732
f 3743 3742 3732
f 3734 3744 3733
f 3744 3743 3733
f 3724 3727 3745
f 3724 3745 3734
f 3734 3745 3744
f 3727 3736 3745
f 3737 3751 3746
f 3737 3735 3738
f 3737 3738 3751
f 3751 3738 3752
f 3739 3753 3738
f 3753 3752 3738
f 3921 3740 3907
f 3921 3753 3740
f 3753 3739 3740
f 3905 3907 3740
f 3741 3908 3906
f 3742 3908 3741
f 3909 3908 3742
f 3909 3754 3922
f 3909 3742 3754
f 3742 3743 3754
f 3744 3755 3743
f 3755 3754 3743
f 3745 3756 3744
f 3756 3755 3744
f 3736 3747 3756
f 3745 3736 3756
f 3748 3760 3757
f 3748 3749 3761
f 3760 3748 3761
f 3749 3746 3751
f 3749 3751 3761
f 3761 3751 3762
f 3936 3752 3923
f 3936 3762 3752
f 3762 3751 3752
f 3753 3923 3752
f 3924 3923 3753
f 3921 3924 3753
f 3754 3925 3922
f 3755 3925 3754
f 3926 3925 3755
f 3926 3763 3937
f 3926 3755 3763
f 3755 3756 3763
f 3747 3750 3764
f 3747 3764 3756
f 3756 3764 3763
f 3750 3758 3764
f 3759 3767 3765
f 3759 3757 3760
f 3759 3760 3767
f 3767 3760 3768
f 3950 3761 3938
f 3950 3768 3761
f 3768 3760 3761
f 3762 3938 3761
f 3939 3938 3762
f 3936 3939 3762
f 3769 3937 3763
f 3951 3937 3769
f 3764 3770 3763
f 3770 3769 3763
f 3758 3766 3770
f 3764 3758 3770
f 3767 3773 3771
f 3765 3767 3771
f 3961 3768 3952
f 3961 3773 3768
f 3773 3767 3768
f 3950 3952 3768
f 3774 3951 3769
f 3962 3951 3774
f 3770 3775 3769
f 3775 3774 3769
f 3766 3772 3775
f 3770 3766 3775
f 3773 3779 3776
f 3771 3773 3776
f 3971 3773 3961
f 3779 3773 3971
f 3780 3962 3774
f 3972 3962 3780
f 3775 3781 3774
f 3781 3780 3774
f 3772 3777 3781
f 3775 3772 3781
f 3779 3784 3782
f 3776 3779 3782
f 3980 3779 3971
f 3784 3779 3980
f 3785 3981 3973
f 3972 3785 3973
f 3972 3780 3785
f 3780 3786 3785
f 3778 3783 3786
f 3778 3786 3781
f 3781 3786 3780
f 3777 3778 3781
f 3784 3982 3987
f 3784 3987 3782
f 3782 3987 3787
f 3980 3982 3784
f 3789 3981 3785
f 3988 3981 3789
f 3786 3790 3785
f 3790 3789 3785
f 3783 3788 3790
f 3786 3783 3790
f 3787 3987 3791
f 3987 3993 3791
f 3794 3988 3789
f 3994 3988 3794
f 3790 3795 3789
f 3795 3794 3789
f 3788 3792 3795
f 3790 3788 3795
f 3791 3993 3796
f 3993 3999 3796
f 3798 3994 3794
f 4000 3994 3798
f 3793 3797 3798
f 3793 3798 3795
f 3795 3798 3794
f 3792 3793 3795
f 3796 3999 3799
f 3999 4006 3799
f 3801 4000 3798
f 4007 4000 3801
f 3797 3800 3801
f 3798 3797 3801
f 3799 4006 3802
f 4006 4015 3802
f 3805 4016 4008
f 4007 3805 4008
f 4007 3801 3805
f 3801 3806 3805
f 3800 3803 3806
f 3801 3800 3806
f 4017 3810 3807
f 4017 3807 4015
f 4015 3807 3802
f 4017 4025 3810
f 3811 4026 4018
f 4016 3811 4018
f 4016 3805 3811
f 3805 3812 3811
f 3804 3808 3812
f 3804 3812 3806
f 3806 3812 3805
f 3803 3804 3806
f 3810 3816 3813
f 3807 3810 3813
f 4033 3810 4025
f 3816 3810 4033
f 3817 4034 4027
f 4026 3817 4027
f 4026 3811 3817
f 3811 3818 3817
f 3809 3814 3818
f 3809 3818 3812
f 3812 3818 3811
f 3808 3809 3812
f 3816 3822 3819
f 3813 3816 3819
f 4035 3816 4033
f 4035 3823 3816
f 3823 3822 3816
f 4035 4042 3823
f 3824 4043 4036
f 4034 3824 4036
f 4034 3817 3824
f 3817 3825 3824
f 3815 3820 3825
f 3815 3825 3818
f 3818 3825 3817
f 3814 3815 3818
f 3822 3830 3826
f 3819 3822 3826
f 3823 3831 3822
f 3831 3830 3822
f 4044 3823 4042
f 4044 3832 3823
f 3832 3831 3823
f 4044 4052 3832
f 3833 4053 4045
f 4043 3833 4045
f 4043 3824 3833
f 3824 3834 3833
f 3821 3827 3834
f 3821 3834 3825
f 3825 3834 3824
f 3820 3821 3825
f 3826 3830 3828
f 3835 3828 3830
f 3835 3830 3841
f 3841 3830 3831
f 3832 3842 3831
f 3842 3841 3831
f 4060 3832 4052
f 3842 3832 4060
f 3843 4061 4054
f 4053 3843 4054
f 4053 3833 3843
f 3833 3844 3843
f 3829 3836 3844
f 3829 3844 3834
f 3834 3844 3833
f 3827 3829 3834
f 3835 3841 3837
f 3845 3837 3841
f 3845 3841 3860
f 3860 3841 3842
f 4062 3842 4060
f 4062 3861 3842
f 3861 3860 3842
f 4062 4076 3861
f 3838 4077 4063
f 3846 4077 3838
f 3847 4064 3862
f 3847 3838 4064
f 3838 4063 4064
f 3862 4065 3863
f 4064 4065 3862
f 4065 4078 3863
f 3864 4079 4066
f 4061 3864 4066
f 3843 3864 4061
f 3843 3848 3864
f 3843 3839 3848
f 3840 3839 3843
f 3844 3840 3843
f 3836 3840 3844
f 3845 3860 3849
f 3850 3849 3860
f 3861 3850 3860
f 3861 4076 4080
f 3861 4080 3850
f 3850 4080 3851
f 4077 3846 3851
f 4080 4077 3851
f 3847 3862 3852
f 3853 3852 3862
f 3863 3853 3862
f 3863 4078 4081
f 3863 4081 3853
f 3853 4081 3854
f 3855 3854 4082
f 3854 4081 4082
f 3865 4083 3868
f 3865 3855 4083
f 3855 4082 4083
f 3868 3856 3866
f 3868 4083 3856
f 4083 4084 3856
f 3857 3856 4085
f 3856 4084 4085
f 3858 3857 4086
f 3857 4085 4086
f 4079 3864 3859
f 4079 3859 4086
f 4086 3859 3858
f 3848 3859 3864
f 3865 3868 3867
f 3866 3867 3868
f 3869 3877 3873
f 3869 3870 3878
f 3877 3869 3878
f 3870 3871 3879
f 3878 3870 3879
f 3871 3872 3880
f 3879 3871 3880
f 3872 3874 3880
f 3875 3886 3881
f 3875 3876 3887
f 3886 3875 3887
f 3876 3873 3877
f 3876 3877 3887
f 3887 3877 3888
f 3878 3889 3877
f 3889 3888 3877
f 3879 3890 3878
f 3890 3889 3878
f 3880 3891 3879
f 3891 3890 3879
f 3874 3882 3891
f 3880 3874 3891
f 3883 3896 3892
f 3883 3884 3897
f 3896 3883 3897
f 3884 3881 3886
f 3884 3886 3897
f 3897 3886 3898
f 3887 3899 3886
f 3899 3898 3886
f 3888 3900 3887
f 3900 3899 3887
f 3889 3901 3888
f 3901 3900 3888
f 3890 3902 3889
f 3902 3901 3889
f 3891 3903 3890
f 3903 3902 3890
f 3882 3885 3904
f 3882 3904 3891
f 3891 3904 3903
f 3885 3893 3904
f 3894 3910 3905
f 3894 3892 3896
f 3894 3896 3910
f 3910 3896 3911
f 3897 3912 3896
f 3912 3911 3896
f 3898 3913 3897
f 3913 3912 3897
f 3899 3914 3898
f 3914 3913 3898
f 3900 3915 3899
f 3915 3914 3899
f 3901 3916 3900
f 3916 3915 3900
f 3902 3917 3901
f 3917 3916 3901
f 3903 3918 3902
f 3918 3917 3902
f 3904 3919 3903
f 3919 3918 3903
f 3893 3895 3920
f 3893 3920 3904
f 3904 3920 3919
f 3895 3906 3920
f 3907 3927 3921
f 3907 3905 3910
f 3907 3910 3927
f 3927 3910 3928
f 3911 3929 3910
f 3929 3928 3910
f 4099 3912 4094
f 4099 3929 3912
f 3929 3911 3912
f 3913 4094 3912
f 4095 4094 3913
f 3914 4095 3913
f 4096 4095 3914
f 3915 4096 3914
f 4097 4096 3915
f 3916 4097 3915
f 4098 4097 3916
f 4098 3930 4100
f 4098 3916 3930
f 3916 3917 3930
f 3918 3931 3917
f 3931 3930 3917
f 3919 3932 3918
f 3932 3931 3918
f 3920 3933 3919
f 3933 3932 3919
f 3906 3908 3934
f 3906 3934 3920
f 3920 3934 3933
f 3908 3909 3935
f 3934 3908 3935
f 3909 3922 3935
f 3923 3940 3936
f 3923 3924 3941
f 3940 3923 3941
f 3924 3921 3927
f 3924 3927 3941
f 3941 3927 3942
f 3928 3943 3927
f 3943 3942 3927
f 4109 3929 4101
f 4109 3943 3929
f 3943 3928 3929
f 4099 4101 3929
f 3930 4102 4100
f 3931 4102 3930
f 4103 4102 3931
f 4103 3944 4110
f 4103 3931 3944
f 3931 3932 3944
f 3933 3945 3932
f 3945 3944 3932
f 3934 3946 3933
f 3946 3945 3933
f 3935 3947 3934
f 3947 3946 3934
f 3922 3925 3948
f 3922 3948 3935
f 3935 3948 3947
f 3925 3926 3949
f 3948 3925 3949
f 3926 3937 3949
f 3938 3953 3950
f 3938 3939 3954
f 3953 3938 3954
f 3939 3936 3940
f 3939 3940 3954
f 3954 3940 3955
f 3941 3956 3940
f 3956 3955 3940
f 4123 3942 4111
f 4123 3956 3942
f 3956 3941 3942
f 3943 4111 3942
f 4112 4111 3943
f 4109 4112 3943
f 3944 4113 4110
f 3945 4113 3944
f 4114 4113 3945
f 4114 3957 4124
f 4114 3945 3957
f 3945 3946 3957
f 3947 3958 3946
f 3958 3957 3946
f 3948 3959 3947
f 3959 3958 3947
f 3949 3960 3948
f 3960 3959 3948
f 3937 3951 3960
f 3949 3937 3960
f 3952 3963 3961
f 3952 3950 3953
f 3952 3953 3963
f 3963 3953 3964
f 3954 3965 3953
f 3965 3964 3953
f 3955 3966 3954
f 3966 3965 3954
f 4138 3956 4125
f 4138 3966 3956
f 3966 3955 3956
f 4123 4125 3956
f 3967 4124 3957
f 4139 4124 3967
f 3958 3968 3957
f 3968 3967 3957
f 3959 3969 3958
f 3969 3968 3958
f 3960 3970 3959
f 3970 3969 3959
f 3951 3962 3970
f 3960 3951 3970
f 3963 3974 3971
f 3961 3963 3971
f 3964 3975 3963
f 3975 3974 3963
f 3965 3976 3964
f 3976 3975 3964
f 4150 3966 4140
f 4150 3976 3966
f 3976 3965 3966
f 4138 4140 3966
f 3967 4141 4139
f 4141 3977 4151
f 4141 3967 3977
f 3967 3968 3977
f 3969 3978 3968
f 3978 3977 3968
f 3970 3979 3969
f 3979 3978 3969
f 3962 3972 3979
f 3970 3962 3979
f 3974 3983 3980
f 3971 3974 3980
f 3975 3984 3974
f 3984 3983 3974
f 4160 3976 4152
f 4160 3984 3976
f 3984 3975 3976
f 4150 4152 3976
f 3985 4151 3977
f 4161 4151 3985
f 3978 3986 3977
f 3986 3985 3977
f 3973 3981 3986
f 3973 3986 3979
f 3979 3986 3978
f 3972 3973 3979
f 3982 3989 3987
f 3982 3980 3983
f 3982 3983 3989
f 3989 3983 3990
f 4169 3984 4162
f 4169 3990 3984
f 3990 3983 3984
f 4160 4162 3984
f 3991 4161 3985
f 4170 4161 3991
f 3986 3992 3985
f 3992 3991 3985
f 3981 3988 3992
f 3986 3981 3992
f 3989 3995 3993
f 3987 3989 3993
f 3990 3996 3989
f 3996 3995 3989
f 4177 3990 4169
f 3996 3990 4177
f 3997 4170 3991
f 4178 4170 3997
f 3992 3998 3991
f 3998 3997 3991
f 3988 3994 3998
f 3992 3988 3998
f 3995 4001 3999
f 3993 3995 3999
f 3996 4002 3995
f 4002 4001 3995
f 4179 3996 4177
f 4179 4003 3996
f 4003 4002 3996
f 4179 4188 4003
f 4004 4178 3997
f 4189 4178 4004
f 3998 4005 3997
f 4005 4004 3997
f 3994 4000 4005
f 3998 3994 4005
f 4001 4009 4006
f 3999 4001 4006
f 4002 4010 4001
f 4010 4009 4001
f 4003 4011 4002
f 4011 4010 4002
f 4198 4003 4188
f 4011 4003 4198
f 4012 4199 4190
f 4189 4012 4190
f 4189 4004 4012
f 4004 4013 4012
f 4005 4014 4004
f 4014 4013 4004
f 4000 4007 4014
f 4005 4000 4014
f 4009 4019 4015
f 4006 4009 4015
f 4010 4020 4009
f 4020 4019 4009
f 4011 4021 4010
f 4021 4020 4010
f 4207 4011 4198
f 4021 4011 4207
f 4022 4208 4200
f 4199 4022 4200
f 4199 4012 4022
f 4012 4023 4022
f 4013 4024 4012
f 4024 4023 4012
f 4008 4016 4024
f 4008 4024 4014
f 4014 4024 4013
f 4007 4008 4014
f 4015 4019 4017
f 4025 4017 4019
f 4025 4019 4028
f 4028 4019 4020
f 4021 4029 4020
f 4029 4028 4020
f 4209 4021 4207
f 4209 4030 4021
f 4030 4029 4021
f 4209 4217 4030
f 4031 4208 4022
f 4218 4208 4031
f 4023 4032 4022
f 4032 4031 4022
f 4018 4026 4032
f 4018 4032 4024
f 4024 4032 4023
f 4016 4018 4024
f 4028 4037 4033
f 4025 4028 4033
f 4029 4038 4028
f 4038 4037 4028
f 4030 4039 4029
f 4039 4038 4029
f 4227 4030 4217
f 4039 4030 4227
f 4040 4228 4219
f 4218 4040 4219
f 4218 4031 4040
f 4031 4041 4040
f 4027 4034 4041
f 4027 4041 4032
f 4032 4041 4031
f 4026 4027 4032
f 4033 4037 4035
f 4042 4035 4037
f 4042 4037 4046
f 4046 4037 4038
f 4039 4047 4038
f 4047 4046 4038
f 4229 4039 4227
f 4229 4048 4039
f 4048 4047 4039
f 4229 4242 4048
f 4049 4243 4230
f 4049 4231 4050
f 4230 4231 4049
f 4228 4050 4231
f 4228 4040 4050
f 4040 4051 4050
f 4036 4043 4051
f 4036 4051 4041
f 4041 4051 4040
f 4034 4036 4041
f 4042 4046 4044
f 4052 4044 4046
f 4052 4046 4055
f 4055 4046 4047
f 4048 4056 4047
f 4056 4055 4047
f 4253 4048 4242
f 4056 4048 4253
f 4057 4254 4244
f 4243 4057 4244
f 4243 4049 4057
f 4049 4058 4057
f 4050 4059 4049
f 4059 4058 4049
f 4045 4053 4059
f 4045 4059 4051
f 4051 4059 4050
f 4043 4045 4051
f 4055 4067 4060
f 4052 4055 4060
f 4056 4068 4055
f 4068 4067 4055
f 4255 4056 4253
f 4255 4069 4056
f 4069 4068 4056
f 4069 4256 4070
f 4255 4256 4069
f 4070 4257 4071
f 4256 4257 4070
f 4071 4258 4072
f 4257 4258 4071
f 4258 4268 4072
f 4073 4269 4259
f 4254 4073 4259
f 4254 4057 4073
f 4057 4074 4073
f 4058 4075 4057
f 4075 4074 4057
f 4054 4061 4075
f 4054 4075 4059
f 4059 4075 4058
f 4053 4054 4059
f 4060 4067 4062
f 4076 4062 4067
f 4076 4067 4087
f 4087 4067 4068
f 4063 4077 4087
f 4063 4087 4069
f 4069 4087 4068
f 4064 4063 4069
f 4070 4064 4069
f 4065 4064 4070
f 4071 4065 4070
f 4078 4065 4071
f 4078 4071 4088
f 4088 4071 4072
f 4270 4072 4268
f 4270 4089 4072
f 4089 4088 4072
f 4089 4271 4090
f 4270 4271 4089
f 4090 4272 4091
f 4271 4272 4090
f 4269 4091 4272
f 4269 4073 4091
f 4073 4092 4091
f 4074 4093 4073
f 4093 4092 4073
f 4066 4079 4093
f 4066 4093 4075
f 4075 4093 4074
f 4061 4066 4075
f 4076 4087 4080
f 4077 4080 4087
f 4078 4088 4081
f 4082 4081 4088
f 4089 4082 4088
f 4083 4082 4089
f 4090 4083 4089
f 4084 4083 4090
f 4091 4084 4090
f 4085 4084 4091
f 4092 4085 4091
f 4086 4085 4092
f 4093 4086 4092
f 4079 4086 4093
f 4094 4104 4099
f 4094 4095 4105
f 4104 4094 4105
f 4095 4096 4106
f 4105 4095 4106
f 4096 4097 4107
f 4106 4096 4107
f 4097 4098 4108
f 4107 4097 4108
f 4098 4100 4108
f 4101 4115 4109
f 4101 4099 4104
f 4101 4104 4115
f 4115 4104 4116
f 4105 4117 4104
f 4117 4116 4104
f 4106 4118 4105
f 4118 4117 4105
f 4107 4119 4106
f 4119 4118 4106
f 4108 4120 4107
f 4120 4119 4107
f 4100 4102 4121
f 4100 4121 4108
f 4108 4121 4120
f 4102 4103 4122
f 4121 4102 4122
f 4103 4110 4122
f 4111 4126 4123
f 4111 4112 4127
f 4126 4111 4127
f 4112 4109 4115
f 4112 4115 4127
f 4127 4115 4128
f 4116 4129 4115
f 4129 4128 4115
f 4117 4130 4116
f 4130 4129 4116
f 4118 4131 4117
f 4131 4130 4117
f 4119 4132 4118
f 4132 4131 4118
f 4120 4133 4119
f 4133 4132 4119
f 4121 4134 4120
f 4134 4133 4120
f 4122 4135 4121
f 4135 4134 4121
f 4110 4113 4136
f 4110 4136 4122
f 4122 4136 4135
f 4113 4114 4137
f 4136 4113 4137
f 4114 4124 4137
f 4125 4142 4138
f 4125 4123 4126
f 4125 4126 4142
f 4142 4126 4143
f 4281 4127 4276
f 4281 4143 4127
f 4143 4126 4127
f 4128 4276 4127
f 4277 4276 4128
f 4129 4277 4128
f 4278 4277 4129
f 4130 4278 4129
f 4279 4278 4130
f 4131 4279 4130
f 4280 4279 4131
f 4280 4144 4282
f 4280 4131 4144
f 4131 4132 4144
f 4133 4145 4132
f 4145 4144 4132
f 4134 4146 4133
f 4146 4145 4133
f 4135 4147 4134
f 4147 4146 4134
f 4136 4148 4135
f 4148 4147 4135
f 4137 4149 4136
f 4149 4148 4136
f 4124 4139 4149
f 4137 4124 4149
f 4140 4153 4150
f 4140 4291 4153
f 4138 4291 4140
f 4138 4283 4291
f 4138 4142 4283
f 4143 4283 4142
f 4284 4283 4143
f 4281 4284 4143
f 4144 4285 4282
f 4285 4154 4292
f 4285 4144 4154
f 4144 4145 4154
f 4146 4155 4145
f 4155 4154 4145
f 4147 4156 4146
f 4156 4155 4146
f 4148 4157 4147
f 4157 4156 4147
f 4149 4158 4148
f 4158 4157 4148
f 4139 4141 4159
f 4139 4159 4149
f 4149 4159 4158
f 4141 4151 4159
f 4152 4163 4160
f 4152 4301 4163
f 4150 4301 4152
f 4150 4293 4301
f 4150 4153 4293
f 4291 4293 4153
f 4154 4294 4292
f 4294 4164 4302
f 4294 4154 4164
f 4154 4155 4164
f 4156 4165 4155
f 4165 4164 4155
f 4157 4166 4156
f 4166 4165 4156
f 4158 4167 4157
f 4167 4166 4157
f 4159 4168 4158
f 4168 4167 4158
f 4151 4161 4168
f 4159 4151 4168
f 4162 4171 4169
f 4162 4160 4163
f 4162 4163 4171
f 4171 4163 4172
f 4311 4163 4301
f 4172 4163 4311
f 4164 4303 4302
f 4303 4173 4312
f 4303 4164 4173
f 4164 4165 4173
f 4166 4174 4165
f 4174 4173 4165
f 4167 4175 4166
f 4175 4174 4166
f 4168 4176 4167
f 4176 4175 4167
f 4161 4170 4176
f 4168 4161 4176
f 4171 4180 4177
f 4169 4171 4177
f 4172 4181 4171
f 4181 4180 4171
f 4313 4172 4311
f 4313 4182 4172
f 4182 4181 4172
f 4313 4323 4182
f 4183 4324 4314
f 4312 4183 4314
f 4312 4173 4183
f 4173 4184 4183
f 4174 4185 4173
f 4185 4184 4173
f 4175 4186 4174
f 4186 4185 4174
f 4176 4187 4175
f 4187 4186 4175
f 4170 4178 4187
f 4176 4170 4187
f 4177 4180 4179
f 4188 4179 4180
f 4188 4180 4191
f 4191 4180 4181
f 4182 4192 4181
f 4192 4191 4181
f 4331 4182 4323
f 4192 4182 4331
f 4193 4324 4183
f 4332 4324 4193
f 4184 4194 4183
f 4194 4193 4183
f 4185 4195 4184
f 4195 4194 4184
f 4186 4196 4185
f 4196 4195 4185
f 4187 4197 4186
f 4197 4196 4186
f 4178 4189 4197
f 4187 4178 4197
f 4191 4201 4198
f 4188 4191 4198
f 4192 4202 4191
f 4202 4201 4191
f 4339 4192 4331
f 4202 4192 4339
f 4203 4332 4193
f 4340 4332 4203
f 4194 4204 4193
f 4204 4203 4193
f 4195 4205 4194
f 4205 4204 4194
f 4196 4206 4195
f 4206 4205 4195
f 4190 4199 4206
f 4190 4206 4197
f 4197 4206 4196
f 4189 4190 4197
f 4201 4210 4207
f 4198 4201 4207
f 4202 4211 4201
f 4211 4210 4201
f 4341 4202 4339
f 4341 4212 4202
f 4212 4211 4202
f 4341 4350 4212
f 4213 4351 4342
f 4340 4213 4342
f 4340 4203 4213
f 4203 4214 4213
f 4204 4215 4203
f 4215 4214 4203
f 4205 4216 4204
f 4216 4215 4204
f 4200 4208 4216
f 4200 4216 4206
f 4206 4216 4205
f 4199 4200 4206
f 4207 4210 4209
f 4217 4209 4210
f 4217 4210 4220
f 4220 4210 4211
f 4212 4221 4211
f 4221 4220 4211
f 4359 4212 4350
f 4221 4212 4359
f 4222 4360 4352
f 4351 4222 4352
f 4351 4213 4222
f 4213 4223 4222
f 4214 4224 4213
f 4224 4223 4213
f 4215 4225 4214
f 4225 4224 4214
f 4216 4226 4215
f 4226 4225 4215
f 4208 4218 4226
f 4216 4208 4226
f 4220 4232 4227
f 4217 4220 4227
f 4221 4233 4220
f 4233 4232 4220
f 4361 4221 4359
f 4361 4234 4221
f 4234 4233 4221
f 4361 4371 4234
f 4235 4372 4362
f 4235 4363 4236
f 4362 4363 4235
f 4236 4364 4237
f 4363 4364 4236
f 4360 4237 4364
f 4360 4222 4237
f 4222 4238 4237
f 4223 4239 4222
f 4239 4238 4222
f 4224 4240 4223
f 4240 4239 4223
f 4225 4241 4224
f 4241 4240 4224
f 4219 4228 4241
f 4219 4241 4226
f 4226 4241 4225
f 4218 4219 4226
f 4227 4232 4229
f 4242 4229 4232
f 4242 4232 4245
f 4245 4232 4233
f 4234 4246 4233
f 4246 4245 4233
f 4376 4234 4371
f 4246 4234 4376
f 4247 4377 4373
f 4372 4247 4373
f 4372 4235 4247
f 4235 4248 4247
f 4236 4249 4235
f 4249 4248 4235
f 4237 4250 4236
f 4250 4249 4236
f 4238 4251 4237
f 4251 4250 4237
f 4239 4252 4238
f 4252 4251 4238
f 4230 4243 4252
f 4230 4252 4240
f 4240 4252 4239
f 4231 4230 4240
f 4241 4231 4240
f 4228 4231 4241
f 4245 4260 4253
f 4242 4245 4253
f 4246 4261 4245
f 4261 4260 4245
f 4378 4246 4376
f 4378 4262 4246
f 4262 4261 4246
f 4377 4262 4378
f 4377 4247 4262
f 4247 4263 4262
f 4248 4264 4247
f 4264 4263 4247
f 4249 4265 4248
f 4265 4264 4248
f 4250 4266 4249
f 4266 4265 4249
f 4251 4267 4250
f 4267 4266 4250
f 4244 4254 4267
f 4244 4267 4252
f 4252 4267 4251
f 4243 4244 4252
f 4253 4260 4255
f 4256 4255 4260
f 4261 4256 4260
f 4257 4256 4261
f 4262 4257 4261
f 4258 4257 4262
f 4263 4258 4262
f 4268 4258 4263
f 4268 4263 4273
f 4273 4263 4264
f 4265 4274 4264
f 4274 4273 4264
f 4266 4275 4265
f 4275 4274 4265
f 4259 4269 4275
f 4259 4275 4267
f 4267 4275 4266
f 4254 4259 4267
f 4268 4273 4270
f 4271 4270 4273
f 4274 4271 4273
f 4272 4271 4274
f 4275 4272 4274
f 4269 4272 4275
f 4276 4286 4281
f 4276 4277 4287
f 4286 4276 4287
f 4277 4278 4288
f 4287 4277 4288
f 4278 4279 4289
f 4288 4278 4289
f 4279 4280 4290
f 4289 4279 4290
f 4280 4282 4290
f 4283 4295 4291
f 4382 4295 4283
f 4382 4283 4380
f 4380 4283 4284
f 4286 4284 4281
f 4286 4381 4284
f 4381 4380 4284
f 4381 4296 4383
f 4381 4286 4296
f 4286 4287 4296
f 4288 4297 4287
f 4297 4296 4287
f 4289 4298 4288
f 4298 4297 4288
f 4290 4299 4289
f 4299 4298 4289
f 4282 4285 4300
f 4282 4300 4290
f 4290 4300 4299
f 4285 4292 4300
f 4293 4304 4301
f 4293 4291 4295
f 4293 4295 4304
f 4304 4295 4305
f 4387 4295 4382
f 4305 4295 4387
f 4296 4384 4383
f 4384 4306 4388
f 4384 4296 4306
f 4296 4297 4306
f 4298 4307 4297
f 4307 4306 4297
f 4299 4308 4298
f 4308 4307 4298
f 4300 4309 4299
f 4309 4308 4299
f 4292 4294 4310
f 4292 4310 4300
f 4300 4310 4309
f 4294 4302 4310
f 4304 4315 4311
f 4301 4304 4311
f 4305 4316 4304
f 4316 4315 4304
f 4389 4305 4387
f 4389 4317 4305
f 4317 4316 4305
f 4389 4394 4317
f 4306 4390 4388
f 4390 4318 4395
f 4390 4306 4318
f 4306 4307 4318
f 4308 4319 4307
f 4319 4318 4307
f 4309 4320 4308
f 4320 4319 4308
f 4310 4321 4309
f 4321 4320 4309
f 4302 4303 4322
f 4302 4322 4310
f 4310 4322 4321
f 4303 4312 4322
f 4311 4315 4313
f 4323 4313 4315
f 4323 4315 4325
f 4325 4315 4316
f 4317 4326 4316
f 4326 4325 4316
f 4399 4317 4394
f 4326 4317 4399
f 4327 4395 4318
f 4400 4395 4327
f 4319 4328 4318
f 4328 4327 4318
f 4320 4329 4319
f 4329 4328 4319
f 4321 4330 4320
f 4330 4329 4320
f 4314 4324 4330
f 4314 4330 4322
f 4322 4330 4321
f 4312 4314 4322
f 4325 4333 4331
f 4323 4325 4331
f 4326 4334 4325
f 4334 4333 4325
f 4404 4326 4399
f 4334 4326 4404
f 4335 4400 4327
f 4405 4400 4335
f 4328 4336 4327
f 4336 4335 4327
f 4329 4337 4328
f 4337 4336 4328
f 4330 4338 4329
f 4338 4337 4329
f 4324 4332 4338
f 4330 4324 4338
f 4333 4343 4339
f 4331 4333 4339
f 4334 4344 4333
f 4344 4343 4333
f 4406 4334 4404
f 4406 4345 4334
f 4345 4344 4334
f 4406 4410 4345
f 4346 4405 4335
f 4411 4405 4346
f 4336 4347 4335
f 4347 4346 4335
f 4337 4348 4336
f 4348 4347 4336
f 4338 4349 4337
f 4349 4348 4337
f 4332 4340 4349
f 4338 4332 4349
f 4339 4343 4341
f 4350 4341 4343
f 4350 4343 4353
f 4353 4343 4344
f 4345 4354 4344
f 4354 4353 4344
f 4415 4345 4410
f 4354 4345 4415
f 4355 4416 4412
f 4411 4355 4412
f 4411 4346 4355
f 4346 4356 4355
f 4347 4357 4346
f 4357 4356 4346
f 4348 4358 4347
f 4358 4357 4347
f 4342 4351 4358
f 4342 4358 4349
f 4349 4358 4348
f 4340 4342 4349
f 4353 4365 4359
f 4350 4353 4359
f 4354 4366 4353
f 4366 4365 4353
f 4417 4354 4415
f 4417 4367 4354
f 4367 4366 4354
f 4416 4367 4417
f 4416 4355 4367
f 4355 4368 4367
f 4356 4369 4355
f 4369 4368 4355
f 4357 4370 4356
f 4370 4369 4356
f 4352 4360 4370
f 4352 4370 4358
f 4358 4370 4357
f 4351 4352 4358
f 4359 4365 4361
f 4371 4361 4365
f 4371 4365 4374
f 4374 4365 4366
f 4367 4375 4366
f 4375 4374 4366
f 4362 4372 4375
f 4362 4375 4368
f 4368 4375 4367
f 4363 4362 4368
f 4369 4363 4368
f 4364 4363 4369
f 4370 4364 4369
f 4360 4364 4370
f 4374 4379 4376
f 4371 4374 4376
f 4373 4377 4379
f 4373 4379 4375
f 4375 4379 4374
f 4372 4373 4375
f 4376 4379 4378
f 4377 4378 4379
f 4380 4385 4382
f 4380 4381 4386
f 4385 4380 4386
f 4381 4383 4386
f 4385 4391 4387
f 4382 4385 4387
f 4386 4392 4385
f 4392 4391 4385
f 4383 4384 4393
f 4383 4393 4386
f 4386 4393 4392
f 4384 4388 4393
f 4387 4391 4389
f 4394 4389 4391
f 4394 4391 4396
f 4396 4391 4392
f 4393 4397 4392
f 4397 4396 4392
f 4388 4390 4398
f 4388 4398 4393
f 4393 4398 4397
f 4390 4395 4398
f 4396 4401 4399
f 4394 4396 4399
f 4397 4402 4396
f 4402 4401 4396
f 4398 4403 4397
f 4403 4402 4397
f 4395 4400 4403
f 4398 4395 4403
f 4401 4407 4404
f 4399 4401 4404
f 4402 4408 4401
f 4408 4407 4401
f 4403 4409 4402
f 4409 4408 4402
f 4400 4405 4409
f 4403 4400 4409
f 4404 4407 4406
f 4410 4406 4407
f 4410 4407 4413
f 4413 4407 4408
f 4409 4414 4408
f 4414 4413 4408
f 4405 4411 4414
f 4409 4405 4414
f 4413 4418 4415
f 4410 4413 4415
f 4412 4416 4418
f 4412 4418 4414
f 4414 4418 4413
f 4411 4412 4414
f 4415 4418 4417
f 4416 4417 4418
