v -0.002110491 0.001096754 -0.002671001
v -0.00212208 0.001191773 -0.002669735
v -0.002056728 0.0009383427 -0.002660491
v -0.00206024 0.001016443 -0.002675999
v -0.002036637 0.001096233 -0.002683076
v -0.002052742 0.001168988 -0.002679532
v -0.002071613 0.001242806 -0.002670459
v -0.002013944 0.0009155578 -0.002655098
v -0.001999484 0.0009713439 -0.002668672
v -0.001981912 0.001054758 -0.002673433
v -0.001979084 0.001147412 -0.002669452
v -0.002000576 0.001231681 -0.002658751
v -0.002312504 0.001329351 -0.002568055
v -0.002323204 0.001407047 -0.00254643
v -0.002174558 0.001045882 -0.002636953
v -0.002196639 0.001148513 -0.002634672
v -0.002251029 0.001249276 -0.002608741
v -0.002238937 0.001333526 -0.002602638
v -0.002267063 0.001383248 -0.002577848
v -0.002262002 0.001438716 -0.002546232
v -0.002123295 0.001017553 -0.002662518
v -0.002173363 0.001231192 -0.002649591
v -0.002099952 0.0009108653 -0.002633561
v -0.002108708 0.0009617721 -0.002654823
v -0.002125947 0.001255288 -0.002663855
v -0.002148481 0.0009321421 -0.002617229
v -0.002153181 0.0009836153 -0.00263978
v -0.002167078 0.001303536 -0.002633562
v -0.002190299 0.001386813 -0.00258891
v -0.002054319 0.0008854588 -0.002629427
v -0.002097727 0.001294131 -0.002653467
v -0.002093402 0.00135298 -0.002612877
v -0.001993155 0.0008810796 -0.002626897
v -0.002038342 0.001297985 -0.002643696
v -0.001968288 0.0009295847 -0.002649902
v -0.001919618 0.0009973292 -0.002644351
v -0.00190335 0.001108272 -0.002642565
v -0.001910142 0.0012177 -0.002622581
v -0.00196585 0.00129716 -0.002612843
v -0.002017246 0.001344813 -0.002603051
v -0.001859783 0.0009671024 -0.002604798
v -0.001818952 0.001060367 -0.002595747
v -0.001828573 0.001167991 -0.002594399
v -0.001803503 0.0009738923 -0.002564084
v -0.001766837 0.001141975 -0.002559884
v -0.002369683 0.001282189 -0.002528652
v -0.002395373 0.001375353 -0.002500475
v -0.002443914 0.001380241 -0.002457982
v -0.002319187 0.001256738 -0.00256998
v -0.00236074 0.001435728 -0.00251616
v -0.002301735 0.001218017 -0.002580251
v -0.002322825 0.001451579 -0.002528139
v -0.002342631 0.001201728 -0.002542129
v -0.002350715 0.00146726 -0.00249924
v -0.002280564 0.001164971 -0.00258396
v -0.002304011 0.001478817 -0.002496156
v -0.002192506 0.0009201332 -0.002570526
v -0.002198878 0.000981479 -0.002600231
v -0.002250886 0.001063505 -0.002580944
v -0.002232392 0.001479604 -0.002493544
v -0.0022212 0.00087772 -0.002510308
v -0.002322112 0.001113953 -0.002534866
v -0.002124708 0.0008652749 -0.002575708
v -0.002188665 0.001444353 -0.002540611
v -0.002157504 0.0007994882 -0.002489172
v -0.002035981 0.0008386527 -0.002584824
v -0.0021194 0.00141913 -0.002555033
v -0.002074501 0.0007520944 -0.002481387
v -0.002078154 0.0008028148 -0.002534997
v -0.001970702 0.000846372 -0.00258542
v -0.002041474 0.00139294 -0.002558066
v -0.001922693 0.0009064673 -0.00261171
v -0.001885698 0.001305806 -0.002551888
v -0.001966409 0.001359468 -0.002551161
v -0.001997979 0.0007891499 -0.002520823
v -0.001852525 0.0009088028 -0.002565676
v -0.001834197 0.00124372 -0.002569813
v -0.001753679 0.001090728 -0.002554994
v -0.001912021 0.0007950903 -0.002475706
v -0.001912853 0.0008459165 -0.002548812
v -0.001806334 0.001286837 -0.002518592
v -0.001800881 0.0009200033 -0.002525917
v -0.001751772 0.001033367 -0.00253292
v -0.001729043 0.00112671 -0.002520904
v -0.001766455 0.001219864 -0.002527382
v -0.001764321 0.0009624021 -0.002513453
v -0.00173808 0.001170694 -0.002520929
v -0.00183794 0.0008587971 -0.002494472
v -0.001729664 0.001083614 -0.002527226
v -0.001760536 0.001278534 -0.002488597
v -0.001707705 0.001078066 -0.002472917
v -0.00173161 0.001255358 -0.002469253
v -0.002469155 0.001363502 -0.002422654
v -0.002444709 0.001347197 -0.002460913
v -0.002443166 0.0014184 -0.002433976
v -0.002397196 0.001228474 -0.002493232
v -0.002424341 0.001293917 -0.002475953
v -0.002391768 0.001449175 -0.00247371
v -0.00244656 0.001212168 -0.002424423
v -0.002462066 0.001307081 -0.002432217
v -0.002380951 0.001150671 -0.00248527
v -0.002358128 0.001487766 -0.002449077
v -0.002271672 0.0008739945 -0.002462269
v -0.002352108 0.001072898 -0.002486462
v -0.002327343 0.0008835394 -0.002408103
v -0.002384909 0.0009814334 -0.00239948
v -0.002404015 0.001078856 -0.002425237
v -0.002246021 0.0008298128 -0.002450334
v -0.002284364 0.0009156481 -0.002476503
v -0.002306022 0.00103908 -0.002521026
v -0.002289637 0.001507125 -0.002421084
v -0.002211281 0.0007719531 -0.002428404
v -0.002257823 0.0009664751 -0.002533641
v -0.002208828 0.001500776 -0.00243531
v -0.002276829 0.0007905786 -0.002393975
v -0.002333177 0.0009893425 -0.002464514
v -0.002139451 0.0007305988 -0.002420806
v -0.002147572 0.001468951 -0.002484315
v -0.002071066 0.0007193912 -0.002438089
v -0.002156918 0.001496606 -0.002405817
v -0.00205179 0.0007260749 -0.002462598
v -0.002073445 0.00143714 -0.002504857
v -0.002027792 0.0007392354 -0.00247342
v -0.00203683 0.0007188827 -0.002440026
v -0.001983372 0.0007412751 -0.002439289
v -0.002004173 0.001414189 -0.002483682
v -0.001912361 0.001373465 -0.002462317
v -0.00190817 0.0007595447 -0.002404855
v -0.001840032 0.001330758 -0.002484461
v -0.00184725 0.0008044168 -0.002416176
v -0.001869686 0.0007693983 -0.002377444
v -0.001797061 0.0008540704 -0.00243122
v -0.001787365 0.001313334 -0.002459536
v -0.001767647 0.0009083294 -0.002459528
v -0.001721734 0.0009839365 -0.002453956
v -0.001714742 0.00118098 -0.002451112
v -0.001763378 0.0008770614 -0.00240604
v -0.001689486 0.001022689 -0.002420108
v -0.001691382 0.001114894 -0.002432402
v -0.001720457 0.001254793 -0.002433724
v -0.001744748 0.001291665 -0.00244778
v -0.001681505 0.001071003 -0.002407669
v -0.001725017 0.001276538 -0.002445184
v -0.001684856 0.0009460363 -0.002365558
v -0.001689275 0.0009725537 -0.002389384
v -0.001732501 0.001282829 -0.002419225
v -0.0008753922 -0.0001066778 -0.002298935
v -0.0007626542 0.0005861793 -0.002296772
v -0.002507989 0.001200868 -0.002339829
v -0.002499304 0.001306219 -0.002367274
v -0.002488074 0.00139818 -0.002368629
v -0.002560312 0.001116695 -0.002259306
v -0.002556022 0.001181667 -0.002277851
v -0.002465786 0.001124356 -0.002368938
v -0.00246039 0.001450772 -0.002378445
v -0.002396535 0.0008472766 -0.002315221
v -0.002404689 0.000934585 -0.002352596
v -0.002448071 0.001025598 -0.002348119
v -0.002416695 0.001473146 -0.002411702
v -0.002511786 0.001103187 -0.00230682
v -0.00244249 0.001482387 -0.002351697
v -0.002334108 0.0008044361 -0.002353406
v -0.00238051 0.001507235 -0.002361535
v -0.002302978 0.0007407682 -0.002338144
v -0.002341439 0.0006985295 -0.002278241
v -0.002360508 0.0007677579 -0.002305653
v -0.002229778 0.0007271356 -0.002375261
v -0.002315223 0.00152583 -0.002331723
v -0.002248634 0.0006042051 -0.002254392
v -0.002173885 0.0006787764 -0.002343803
v -0.002229487 0.001519047 -0.002347881
v -0.002140311 0.00150097 -0.002325489
v -0.002199952 0.000603544 -0.002243131
v -0.002214625 0.0006323852 -0.002289312
v -0.00205543 0.0006979632 -0.002365316
v -0.002076182 0.001464549 -0.002416486
v -0.00213541 0.0006394153 -0.002281138
v -0.001957421 0.0007260846 -0.002364366
v -0.001984219 0.001429328 -0.002382674
v -0.001893106 0.0007455919 -0.002333858
v -0.001904638 0.00139341 -0.002346747
v -0.001839409 0.0007816678 -0.002342859
v -0.001837053 0.001350435 -0.002411033
v -0.001785391 0.0008373579 -0.002361427
v -0.00188252 0.0007376901 -0.002273357
v -0.001851621 0.0007597287 -0.002295467
v -0.001716216 0.000920033 -0.002360918
v -0.001773254 0.001311518 -0.002388576
v -0.001685425 0.0009410899 -0.002355379
v -0.00170578 0.001179907 -0.002341061
v -0.001732866 0.001254044 -0.002371356
v -0.001677235 0.0009500436 -0.00235568
v -0.001686295 0.001123063 -0.002386196
v -0.001676474 0.0009655785 -0.002362875
v -0.001674304 0.00101309 -0.002363459
v -0.001674374 0.001072895 -0.002358732
v -0.00167835 0.0009637978 -0.002337716
v -0.001670443 0.001002825 -0.002310805
v -0.001053351 0.00003404522 -0.00226109
v -0.001058373 0.0001038006 -0.002256801
v -0.001022667 0.0001916269 -0.002262621
v -0.001039232 0.0002829735 -0.002251205
v -0.001027449 0.0003441112 -0.002250766
v -0.0009070424 -0.000115482 -0.002291712
v -0.0009360518 -0.0001307922 -0.002281799
v -0.0009672053 0.00007288962 -0.002282693
v -0.0009594919 0.0002939739 -0.002272176
v -0.0009000713 0.0004817939 -0.002275124
v -0.001001322 0.0006897003 -0.002216952
v -0.0008572395 -0.0001270019 -0.002274161
v -0.0008846237 -0.00008242934 -0.002303381
v -0.0008574578 -0.00008608374 -0.00229712
v -0.0007966019 0.0005766042 -0.002290151
v -0.0008670667 -0.0004189989 -0.00225363
v -0.0008649694 -0.00001493212 -0.002295671
v -0.00086364 0.0001022072 -0.002295134
v -0.0008611501 0.000266134 -0.002288312
v -0.0008542161 0.0003920978 -0.002283385
v -0.0008460124 0.0004740579 -0.002284964
v -0.0008486453 0.0005289509 -0.002282768
v -0.0008987081 0.000816943 -0.002228833
v -0.0007566666 0.0005584484 -0.002296158
v -0.0007593475 0.0006195072 -0.002292312
v -0.0007388556 0.0005853091 -0.002296772
v -0.0008130377 -0.00007950819 -0.00227665
v -0.0007635544 -0.00001555851 -0.002272862
v -0.0007748989 0.00007613586 -0.00228757
v -0.0007964327 0.0001898345 -0.002292221
v -0.0007748516 0.0003047109 -0.002289419
v -0.0007762991 0.0004930547 -0.00229097
v -0.0007705239 0.0006570945 -0.002285863
v -0.0006853216 0.00005654949 -0.002257593
v -0.000691744 0.0001552245 -0.002277814
v -0.0006839158 0.0002642277 -0.002282848
v -0.0007008729 0.000490887 -0.002290755
v -0.0007102897 0.0005463711 -0.002293058
v -0.0005922094 0.0007866995 -0.002259159
v -0.0006677878 0.000979983 -0.002213422
v -0.0006209303 0.0001389803 -0.00225213
v -0.0006130295 0.0002189229 -0.002262574
v -0.000596598 0.0003019097 -0.00226556
v -0.0005252186 0.0007650914 -0.002254392
v -0.0004506282 0.0004634359 -0.002219569
v -0.0004791665 0.0007193597 -0.002251776
v -0.0004623417 0.0007594849 -0.00224319
v -0.002595237 0.001086926 -0.002214766
v -0.002592815 0.001159456 -0.002233795
v -0.002643582 0.001291467 -0.002168649
v -0.00254067 0.001051508 -0.002258918
v -0.00259921 0.001233513 -0.002232024
v -0.002551724 0.001269989 -0.002290271
v -0.002538263 0.001370357 -0.00228386
v -0.002488266 0.001447922 -0.002314006
v -0.002563493 0.0009999425 -0.002218151
v -0.002589274 0.001311501 -0.002234847
v -0.002594695 0.00137403 -0.002193195
v -0.00249601 0.001020317 -0.002292878
v -0.002448438 0.001494601 -0.002281793
v -0.002376657 0.0006661195 -0.002217771
v -0.00242297 0.0007562519 -0.002235908
v -0.002459741 0.0008532595 -0.002254127
v -0.002463031 0.0009389438 -0.002292188
v -0.002497528 0.000817322 -0.0022004
v -0.00252094 0.0009118477 -0.002222997
v -0.002516355 0.0009839463 -0.002257567
v -0.002339452 0.0006562419 -0.002252399
v -0.002379684 0.001524705 -0.002263274
v -0.002282571 0.0005972651 -0.00222736
v -0.002313306 0.0006522227 -0.002271999
v -0.002322189 0.0006228177 -0.002230908
v -0.002249596 0.0005864074 -0.002205403
v -0.002281846 0.0006114938 -0.002257114
v -0.002267053 0.0006698889 -0.002309627
v -0.002298647 0.001533377 -0.00225196
v -0.002261355 0.000625558 -0.002280654
v -0.002290295 0.000632164 -0.002273583
v -0.002199796 0.0005851173 -0.002184512
v -0.002212813 0.001523614 -0.002242409
v -0.002155097 0.0006052984 -0.002221529
v -0.002131088 0.001501792 -0.002222033
v -0.002100889 0.0006262973 -0.002213899
v -0.002057078 0.001471083 -0.002302879
v -0.002054293 0.0006620247 -0.002265917
v -0.001956156 0.0007052651 -0.002262082
v -0.00197795 0.001436064 -0.002269223
v -0.001887405 0.0007301549 -0.002233054
v -0.001905101 0.00139627 -0.002234816
v -0.001866123 0.0007415445 -0.002248082
v -0.001836318 0.001353829 -0.002313021
v -0.001849142 0.0007541185 -0.002260667
v -0.001800478 0.0007898815 -0.002261105
v -0.001749433 0.0008534423 -0.002299367
v -0.001849877 0.0007486478 -0.002223246
v -0.001712905 0.0008917083 -0.002274366
v -0.001781028 0.001302456 -0.002289804
v -0.001672458 0.0009757929 -0.002255446
v -0.001704108 0.001159266 -0.002248473
v -0.00173919 0.001237864 -0.002270347
v -0.001779802 0.0007803797 -0.002200677
v -0.00167079 0.001022919 -0.00228582
v -0.001682942 0.001109594 -0.00231883
v -0.001671542 0.001047773 -0.002316418
v -0.001638596 0.0008985282 -0.002192518
v -0.001625643 0.0009702272 -0.002193606
v -0.001678083 0.001069939 -0.002266964
v -0.001573098 0.0008445092 -0.002157326
v -0.001572332 0.0009350803 -0.00217233
v -0.001530619 0.001059071 -0.002134514
v -0.001437991 0.0006845887 -0.002116127
v -0.001473913 0.0008789214 -0.002158928
v -0.001513089 0.0009853961 -0.002156552
v -0.001455227 0.001041159 -0.002134705
v -0.001399881 0.000817142 -0.0021558
v -0.001371523 0.0008761691 -0.002161129
v -0.00140852 0.0009627473 -0.002154753
v -0.001241215 -0.0002024323 -0.002125047
v -0.001225819 0.000007918526 -0.002167919
v -0.001237027 0.0001616327 -0.002173032
v -0.001279017 0.0003986543 -0.002111742
v -0.001331745 0.000811759 -0.00215827
v -0.00109359 0.00001339086 -0.002245435
v -0.00111217 0.00006356772 -0.002237008
v -0.001122933 0.0001612318 -0.002228033
v -0.001097105 0.0002594922 -0.002230654
v -0.001076531 0.0003267453 -0.002233112
v -0.001214665 -0.0002240789 -0.002136742
v -0.00113061 -0.0000186703 -0.002219685
v -0.001194413 0.00009213454 -0.002195551
v -0.001191158 0.0001767434 -0.00219674
v -0.001112504 0.0004775831 -0.002194053
v -0.001179427 0.0006809481 -0.00214571
v -0.001125817 0.0008800458 -0.002171542
v -0.001119193 0.000959106 -0.002156038
v -0.001137187 0.001025637 -0.002129924
v -0.001064365 -0.00002178011 -0.002252894
v -0.001065171 0.0003961654 -0.002229138
v -0.0009594713 -0.0001295409 -0.002272675
v -0.001006688 -0.00002113728 -0.002274086
v -0.0009588454 0.0002074532 -0.002280683
v -0.001016943 0.0003992265 -0.002250147
v -0.0009497135 0.0004782823 -0.002263403
v -0.00101986 0.0006883911 -0.002210203
v -0.001050282 -0.0004165166 -0.002145354
v -0.001036308 -0.0003900762 -0.00215585
v -0.00102237 -0.0001106106 -0.002248421
v -0.001003679 0.0004777943 -0.002243215
v -0.001051811 0.0005849561 -0.002207842
v -0.001076875 0.000788109 -0.002187144
v -0.001050883 0.0008820897 -0.002182301
v -0.0009225678 -0.0001585631 -0.002255243
v -0.0009540624 -0.0001071157 -0.002284979
v -0.000947628 -0.00002290525 -0.002291983
v -0.0009602053 0.0001571046 -0.002283654
v -0.0009135632 0.0002202042 -0.002287893
v -0.0009903584 0.0003657671 -0.002261921
v -0.0009424772 0.0004369528 -0.002267419
v -0.0009434164 0.000516354 -0.002261139
v -0.00100799 0.0006566031 -0.002217803
v -0.001016099 0.0007219113 -0.002209105
v -0.0008670714 -0.0004189989 -0.002253625
v -0.0009220612 -0.00007145386 -0.002298104
v -0.000948752 0.0003799849 -0.002270339
v -0.0009028826 0.0005453861 -0.002269502
v -0.0009698269 0.0006934069 -0.002227086
v -0.0009318144 0.0008317317 -0.002218294
v -0.001017504 -0.0004230542 -0.002138043
v -0.0009689333 -0.0002170554 -0.002212277
v -0.0009720346 -0.00006881995 -0.002284426
v -0.0009302954 0.0001795219 -0.002289429
v -0.0009834735 0.0004119517 -0.002259918
v -0.000952121 0.0005980827 -0.002245377
v -0.0009758938 0.0007860756 -0.002214334
v -0.0008939055 0.0009658321 -0.00218018
v -0.0008670667 -0.0004190035 -0.002253625
v -0.0008670667 -0.0004189943 -0.002253625
v -0.0008448093 -0.0001816657 -0.002219922
v -0.0009151432 0.0001404185 -0.002292619
v -0.0008673791 0.0002018986 -0.002293744
v -0.0008638522 0.0006007208 -0.002272391
v -0.0009079572 0.000789259 -0.00223149
v -0.0008927591 0.0008448948 -0.002222501
v -0.0008670621 -0.0004189989 -0.002253625
v -0.0008678442 0.0001610805 -0.002296133
v -0.0007627347 0.0004207718 -0.00228996
v -0.0008075538 0.0006433426 -0.002280684
v -0.0008578273 0.0008041465 -0.002236268
v -0.0008670667 -0.0004189989 -0.002253621
v -0.0009202039 -0.0002737835 -0.002175748
v -0.0008911112 -0.0002274477 -0.002200172
v -0.000899106 0.0001791673 -0.002293842
v -0.0008720289 0.0007092968 -0.002250982
v -0.0008406689 0.0008901777 -0.002214879
v -0.0008285849 0.0009702899 -0.002186845
v -0.0007941024 -0.0001299697 -0.002232113
v -0.000760453 0.0003727483 -0.002289388
v -0.0007108736 0.000447211 -0.002289962
v -0.0007825185 0.0006917323 -0.002274431
v -0.0007568118 -0.00007653821 -0.002244473
v -0.0007059833 -0.00003059378 -0.002232698
v -0.0007331982 0.0006694999 -0.00228285
v -0.0006400064 0.0007781474 -0.002262441
v -0.0006819015 0.0009603276 -0.002216657
v -0.0007145857 0.0004004817 -0.002289173
v -0.0007291433 0.0007756435 -0.002255956
v -0.0007441134 0.0008788777 -0.002230638
v -0.0007462612 0.0009479959 -0.002208375
v -0.0006566341 0.00001531456 -0.002217997
v -0.0007007427 0.0003487575 -0.002287517
v -0.0006727536 0.0004640943 -0.002288003
v -0.0007077042 0.0006103524 -0.002291117
v -0.0006025145 0.0007326931 -0.002266457
v -0.0006356327 0.0008164359 -0.002253219
v -0.0006521281 0.0009640674 -0.00221694
v -0.0006860134 0.001005374 -0.002190277
v -0.0006135489 0.00008138933 -0.002214583
v -0.0006390595 0.0003395506 -0.002280127
v -0.0006408893 0.000503784 -0.002282392
v -0.0006572306 0.0005788697 -0.002285777
v -0.0006518915 0.0009858778 -0.002208212
v -0.0006725332 -0.00003256269 -0.002188555
v -0.0006466827 0.0004159075 -0.002281661
v -0.0006515391 0.0006573274 -0.002277444
v -0.0006570463 0.0008994216 -0.002229548
v -0.0005784137 0.0001458878 -0.002222822
v -0.000587146 0.0003722417 -0.002268468
v -0.0005295871 0.0007088069 -0.002263035
v -0.0005592305 0.0008401168 -0.002239655
v -0.0005741648 0.0001921452 -0.002239279
v -0.0005413324 0.0002726135 -0.002226589
v -0.0005449094 0.0003528433 -0.002248435
v -0.0004691707 0.000462491 -0.002229536
v -0.0004955982 0.0006723996 -0.002255508
v -0.0005448431 0.0001965184 -0.002202198
v -0.0005315843 0.0004574095 -0.002249771
v -0.0005831577 0.0005752168 -0.00226991
v -0.0005547383 0.0006571945 -0.002265649
v -0.0005614986 0.0009149619 -0.002215246
v -0.0006029326 0.0009894335 -0.002190732
v -0.0005651488 0.001059061 -0.002144447
v -0.000465963 0.000437766 -0.00221604
v -0.0004506555 0.0005015379 -0.002215425
v -0.0004504904 0.0006814834 -0.002237627
v -0.0004628648 0.0008098523 -0.002228338
v -0.0004397084 0.0004633881 -0.002199359
v -0.0004289535 0.000733679 -0.002230015
v -0.0004310293 0.0007720342 -0.002229701
v -0.0004987288 0.0003085688 -0.00219051
v -0.0004944063 0.0003690033 -0.002210883
v -0.0004787034 0.0006001163 -0.00223727
v -0.0004067637 0.0005801705 -0.002179436
v -0.0003902187 0.0006881082 -0.002191088
v -0.0003862373 0.0007869252 -0.002200311
v -0.0003559467 0.0008465232 -0.002174909
v -0.0003308421 0.0007682071 -0.002160654
v -0.0003245574 0.0008193483 -0.002163412
v -0.002700089 0.001274587 -0.002100476
v -0.002728993 0.001117187 -0.002071294
v -0.002676019 0.001234882 -0.00214347
v -0.002672591 0.001335774 -0.002113881
v -0.002614792 0.001024556 -0.002178421
v -0.002643678 0.001082547 -0.002165915
v -0.002644238 0.001175256 -0.002178119
v -0.002639625 0.00136611 -0.002138404
v -0.002651795 0.000793203 -0.00205284
v -0.002674047 0.001012029 -0.00211432
v -0.002681189 0.001115573 -0.002132063
v -0.002699483 0.001190041 -0.002116546
v -0.002658942 0.001380468 -0.00209379
v -0.002594076 0.0009451463 -0.002168969
v -0.002605262 0.00142362 -0.00211612
v -0.002530515 0.0007937582 -0.002159322
v -0.002557426 0.0008507844 -0.002162621
v -0.002527193 0.001450122 -0.002211346
v -0.002572545 0.0007672876 -0.002108116
v -0.002634073 0.0008781321 -0.002105945
v -0.002499221 0.0007469429 -0.00216015
v -0.002456204 0.001508206 -0.002181972
v -0.002378386 0.0006158004 -0.002151809
v -0.00245233 0.0006699767 -0.002144983
v -0.002524844 0.0006920446 -0.002103896
v -0.002308463 0.0005893984 -0.002171563
v -0.002374479 0.001532012 -0.002163691
v -0.002259865 0.0005749647 -0.002131443
v -0.002287229 0.001533936 -0.002154574
v -0.002194922 0.0005784633 -0.002119259
v -0.002205424 0.001521018 -0.002142828
v -0.002146413 0.0005963231 -0.00216822
v -0.002133428 0.001499924 -0.002119659
v -0.002145614 0.0005912995 -0.002118011
v -0.002093503 0.0006190647 -0.0021372
v -0.002055791 0.001472495 -0.002189614
v -0.002031631 0.0006572428 -0.00219294
v -0.001969874 0.0006862821 -0.002157806
v -0.001981026 0.0014371 -0.002152507
v -0.001906338 0.001393996 -0.002121151
v -0.001888619 0.0007217817 -0.002154947
v -0.001839381 0.001347909 -0.002206674
v -0.001736834 0.0008387043 -0.002240365
v -0.001849945 0.0007086744 -0.0020004
v -0.001899864 0.0007157662 -0.0020875
v -0.001812208 0.0007578397 -0.002181443
v -0.001755603 0.0008008872 -0.002207801
v -0.001691433 0.0008799636 -0.002221418
v -0.001784181 0.001289402 -0.002193561
v -0.001748465 0.0007746423 -0.002157441
v -0.001674034 0.0008580573 -0.002189835
v -0.001677253 0.001105663 -0.002187079
v -0.001713366 0.001176826 -0.002181703
v -0.001740955 0.001226227 -0.00218654
v -0.001707604 0.0008244072 -0.002187739
v -0.001726486 0.001212591 -0.002114442
v -0.001774815 0.001271988 -0.002125801
v -0.001651427 0.0008327647 -0.002165936
v -0.001643573 0.001024513 -0.002192574
v -0.00162042 0.000783943 -0.002131158
v -0.001618588 0.001010556 -0.002176486
v -0.001575346 0.00106496 -0.002141801
v -0.001686474 0.0007367351 -0.00209294
v -0.001684418 0.000790397 -0.002145676
v -0.001616306 0.001064489 -0.002154242
v -0.00154608 0.0007781928 -0.002132143
v -0.001599287 0.0009830804 -0.002175561
v -0.001569642 0.001029447 -0.002155296
v -0.001575377 0.00110656 -0.002114864
v -0.001455949 0.0006829107 -0.002107831
v -0.001500746 0.0008074456 -0.002146427
v -0.001572305 0.0009890465 -0.002166658
v -0.001546043 0.000591426 -0.002002758
v -0.001597494 0.001014679 -0.002166521
v -0.001423974 0.0006645646 -0.00210907
v -0.001445037 0.0006985518 -0.002119748
v -0.001449745 0.0008027698 -0.002149148
v -0.001483871 0.001123022 -0.002085659
v -0.001427339 0.0006926793 -0.00212104
v -0.001416652 0.0007773874 -0.002146658
v -0.001402893 0.001077875 -0.002113705
v -0.001459124 0.000734559 -0.002126885
v -0.001484032 0.001170279 -0.002039455
v -0.001361199 0.0007564562 -0.002146175
v -0.001386374 0.00102866 -0.002138721
v -0.001269559 -0.0001984053 -0.002094031
v -0.001270198 -0.00005024699 -0.002122156
v -0.00127716 0.0001573783 -0.002145398
v -0.001297802 0.0003998328 -0.002100803
v -0.001317988 0.0009250893 -0.002159147
v -0.001339663 0.0009930249 -0.002147976
v -0.001351911 0.0000962267 -0.002067674
v -0.001320432 0.0001973267 -0.002100868
v -0.001325491 0.0002997832 -0.002088816
v -0.001372088 0.0006818359 -0.002125514
v -0.001322905 0.001055032 -0.002120019
v -0.001238381 -0.0002291554 -0.002115933
v -0.001256764 -0.0001695133 -0.002115675
v -0.00118942 -0.0000795704 -0.002175901
v -0.00129402 0.00003721835 -0.002119272
v -0.00125479 0.0001180772 -0.002162888
v -0.001266501 0.0002034171 -0.002148277
v -0.001282894 0.0003611761 -0.002113426
v -0.001279045 0.0004265156 -0.002110915
v -0.001301649 0.0007674583 -0.002153362
v -0.001301457 0.0008567774 -0.002162267
v -0.001255992 0.00007233925 -0.002157715
v -0.001260486 0.0004086194 -0.002123447
v -0.001173294 0.0004809258 -0.002164034
v -0.001194316 0.0006749282 -0.002145787
v -0.001264545 0.0007950705 -0.002158427
v -0.001171664 0.0008794939 -0.002167327
v -0.001183166 0.0009323035 -0.00215878
v -0.001188395 0.001007168 -0.00213721
v -0.001233318 -0.0001315975 -0.002136482
v -0.001295124 0.0001117347 -0.002128434
v -0.001265067 0.0002787153 -0.002136844
v -0.001241395 0.0004850746 -0.002133116
v -0.001295936 0.0006064965 -0.002124448
v -0.001257867 0.0007065444 -0.002145955
v -0.001227836 0.0008704228 -0.002162417
v -0.001261013 0.0009792872 -0.002146706
v -0.001243009 0.001048339 -0.002119234
v -0.001204363 -0.0002560352 -0.002126698
v -0.001211395 -0.0001906458 -0.002144647
v -0.001116295 -0.0001070313 -0.002211021
v -0.001223539 0.0002261807 -0.002173718
v -0.001178419 0.0004335564 -0.002167718
v -0.001164975 0.0005271035 -0.002163587
v -0.001177825 0.0006656053 -0.002146586
v -0.001192416 0.0007000813 -0.002148413
v -0.001150371 0.000826323 -0.002171265
v -0.001176042 0.001073771 -0.002098485
v -0.001076548 -0.0004186976 -0.002133915
v -0.00108188 -0.0003870071 -0.002144148
v -0.001164333 -0.0002414082 -0.002152154
v -0.001084143 -0.0001483487 -0.002215044
v -0.001165606 0.0002446363 -0.002201846
v -0.001141867 0.0003507668 -0.002198266
v -0.001122351 0.0005685233 -0.002178736
v -0.001170431 0.0006848449 -0.00215191
v -0.001127881 0.0007774946 -0.002174059
v -0.001079162 0.001009504 -0.002138932
v -0.001109845 0.001057655 -0.00211045
v -0.001128846 -0.000411295 -0.002100066
v -0.001145725 -0.000319184 -0.002129894
v -0.001140561 -0.0001730878 -0.00218008
v -0.001205305 0.0002944808 -0.002173377
v -0.00122497 0.0003730322 -0.00214977
v -0.001183685 0.0006233191 -0.002152428
v -0.00117927 0.0007543522 -0.002161539
v -0.001056587 -0.000444549 -0.002115434
v -0.00106703 -0.0003487775 -0.002158004
v -0.00104852 -0.0001979596 -0.002207205
v -0.001108356 0.0006298237 -0.002179592
v -0.001113579 0.0007388024 -0.00217672
v -0.001054111 0.0009541528 -0.002163577
v -0.001021852 -0.0003548936 -0.002159489
v -0.001011702 -0.0002470757 -0.002195659
v -0.001063602 0.0006867492 -0.002194559
v -0.001013047 0.0009240508 -0.002178444
v -0.0009410449 0.0009731621 -0.002171402
v -0.00110085 -0.000473734 -0.002066583
v -0.001058811 -0.0002813114 -0.002170678
v -0.001133297 0.0006862303 -0.002168391
v -0.0009934249 0.0009832152 -0.002157404
v -0.001042545 0.001056334 -0.002109311
v -0.001009055 -0.0004509405 -0.002103947
v -0.0009993638 -0.0003908906 -0.002147397
v -0.0009738313 -0.0002826061 -0.00217844
v -0.000980483 0.0008719112 -0.002198573
v -0.0009310338 0.0009370911 -0.002187118
v -0.0009325658 0.0010004 -0.002157182
v -0.0009793962 -0.000417905 -0.002114444
v -0.0009351652 -0.0003081518 -0.002158833
v -0.0009270828 0.0008830341 -0.002205868
v -0.001038395 -0.0004812179 -0.002065142
v -0.0009624196 -0.0003487873 -0.002136544
v -0.0009720055 0.0009209093 -0.002186337
v -0.0009464734 0.00105438 -0.0021167
v -0.000899047 -0.0003107601 -0.002131577
v -0.0008735728 0.001016895 -0.002154935
v -0.0008729567 -0.0002710081 -0.002154749
v -0.0008347594 -0.0002345148 -0.002160529
v -0.0008485669 0.00107617 -0.002114253
v -0.0007873309 -0.0001811187 -0.002166607
v -0.0007805298 0.001025739 -0.002163475
v -0.0007256203 -0.0001014039 -0.002172648
v -0.000796533 -0.0002288211 -0.002109534
v -0.0007623211 0.001093002 -0.002116635
v -0.0006666387 -0.00004427948 -0.00212567
v -0.0007152859 0.001062222 -0.002149368
v -0.0006275959 0.00002466012 -0.00216221
v -0.0005938624 0.00007937551 -0.002169188
v -0.0005650174 0.0001354783 -0.002173799
v -0.0006431336 0.001081983 -0.00213288
v -0.0007071045 0.00109846 -0.0021211
v -0.0005338928 0.000191167 -0.002163006
v -0.0005506958 0.001114411 -0.002097521
v -0.0005062151 0.0009555831 -0.002185858
v -0.000509062 0.001025829 -0.002149377
v -0.0005242642 0.001072951 -0.002126196
v -0.0005365879 0.0001869335 -0.002101595
v -0.0005469608 0.001173363 -0.002043661
v -0.0005079427 0.0002596641 -0.002152803
v -0.0004866883 0.0008853055 -0.002209681
v -0.0004726739 0.0003445709 -0.002152636
v -0.0004435561 0.0004273877 -0.00216102
v -0.0004157917 0.0005024712 -0.002162892
v -0.0004110397 0.0008595928 -0.002193735
v -0.0004746105 0.0003231948 -0.002098182
v -0.0004330044 0.0009264927 -0.002173225
v -0.0004543105 0.0009822098 -0.002153582
v -0.000491993 0.001150519 -0.002043414
v -0.0003797618 0.000564455 -0.00211799
v -0.0003684463 0.0008980609 -0.002155946
v -0.0003581508 0.0006412347 -0.002127629
v -0.0003277589 0.0007259376 -0.002123192
v -0.0003019495 0.0007845221 -0.00212262
v -0.0003222178 0.0008651488 -0.002145492
v -0.0003008256 0.0008083662 -0.002141844
v -0.0002992306 0.0008390076 -0.002137703
v -0.000291975 0.0008306106 -0.002108989
v -0.0003006624 0.0008684568 -0.002114559
v -0.00277431 0.001082306 -0.001990806
v -0.002733066 0.001034147 -0.002053379
v -0.002767952 0.001167629 -0.002014222
v -0.002691206 0.000740672 -0.001982532
v -0.002717527 0.0009869307 -0.002063812
v -0.002739976 0.00121465 -0.002056904
v -0.002736614 0.001289388 -0.002028158
v -0.002695503 0.001344398 -0.002059244
v -0.002750336 0.0009744445 -0.002010918
v -0.002770543 0.001235794 -0.001994748
v -0.002759814 0.001291486 -0.001971709
v -0.002619416 0.0007129499 -0.00203724
v -0.002703759 0.0008176661 -0.002013932
v -0.002700636 0.0009310927 -0.002063397
v -0.002656308 0.00140508 -0.002035953
v -0.002685374 0.0008589242 -0.002053016
v -0.002647634 0.0006685534 -0.00198229
v -0.002729496 0.0008845413 -0.002012564
v -0.00256859 0.000690945 -0.002068113
v -0.00259559 0.001461003 -0.002032785
v -0.002546896 0.0006610673 -0.002065806
v -0.002534109 0.001483742 -0.002105629
v -0.002581926 0.0006412067 -0.002018471
v -0.002540109 0.001497157 -0.002029402
v -0.00251434 0.0006384545 -0.002068486
v -0.002461504 0.001517594 -0.002066653
v -0.002451613 0.0006038522 -0.00206807
v -0.002529366 0.0005949123 -0.002005227
v -0.002357477 0.0005763772 -0.002067508
v -0.002362621 0.001531299 -0.002063745
v -0.002253254 0.0005727323 -0.002028242
v -0.002277364 0.00152794 -0.002059896
v -0.002174293 0.0005837048 -0.002074459
v -0.002129696 0.0006003861 -0.002083303
v -0.0022032 0.001514829 -0.002052541
v -0.002147142 0.001499606 -0.002039378
v -0.002157746 0.0005987202 -0.002019589
v -0.002194282 0.001507049 -0.001987155
v -0.00208871 0.000625261 -0.002063695
v -0.002070243 0.001474268 -0.002064367
v -0.002027412 0.0006553824 -0.002110023
v -0.002039065 0.0006542751 -0.002040038
v -0.001954777 0.0006917765 -0.002064458
v -0.001981431 0.001437675 -0.002033142
v -0.001862791 0.0007046087 -0.001986477
v -0.001903911 0.0007120745 -0.002062578
v -0.001902686 0.001397272 -0.002008129
v -0.001831588 0.0007005049 -0.001985556
v -0.001859264 0.0007108655 -0.002009006
v -0.001887309 0.00071819 -0.002067128
v -0.001832082 0.001336561 -0.002094712
v -0.001846344 0.0007098895 -0.002010789
v -0.001871212 0.0007219665 -0.002087153
v -0.001738832 0.001251345 -0.002037453
v -0.00178109 0.001288399 -0.002051972
v -0.001878752 0.0007108795 -0.002029474
v -0.001806015 0.0007312311 -0.002094975
v -0.001707331 0.001213788 -0.002066407
v -0.001749622 0.000707636 -0.002036628
v -0.001812846 0.0007073652 -0.002019123
v -0.001691738 0.001229146 -0.002023653
v -0.001676428 0.0006834795 -0.002023634
v -0.001653881 0.001162174 -0.002094958
v -0.00155921 0.0005942563 -0.001993292
v -0.001626517 0.0006959114 -0.002060621
v -0.001631372 0.001201543 -0.002033543
v -0.001641595 0.001245835 -0.001970194
v -0.00154456 0.0005813486 -0.001995066
v -0.001550795 0.0006028782 -0.002009535
v -0.001573499 0.0007217475 -0.002095103
v -0.001576624 0.001163135 -0.00206532
v -0.001531658 0.0005827431 -0.002008928
v -0.001504438 0.0006824028 -0.002088456
v -0.001524176 0.001174872 -0.002040952
v -0.001567939 0.0006388303 -0.002029081
v -0.001573317 0.001206527 -0.002008306
v -0.001465499 0.0006328907 -0.002077178
v -0.001492803 0.001204898 -0.001989652
v -0.001403251 0.0001088247 -0.002010831
v -0.00139581 0.0001836671 -0.002023944
v -0.001371469 0.0002585637 -0.002050852
v -0.001429996 0.001171203 -0.00202674
v -0.001437298 0.0001455565 -0.001967166
v -0.001441991 0.000209404 -0.001968381
v -0.001441577 0.0003989053 -0.001995768
v -0.00147808 0.0005183858 -0.002010281
v -0.001493704 0.000587151 -0.002038153
v -0.001389984 0.00005467798 -0.002018634
v -0.001379187 0.0003355552 -0.002043734
v -0.001387264 0.0006126572 -0.002098919
v -0.001362332 0.001127647 -0.002067289
v -0.001302895 -0.000200731 -0.002047672
v -0.001312895 -0.0001231484 -0.002061368
v -0.001346659 -0.00000634726 -0.002054646
v -0.001330027 0.00037317 -0.002081281
v -0.001322508 0.0004418637 -0.002088323
v -0.001344204 0.0005302208 -0.002092596
v -0.001352628 -0.0001731563 -0.001987749
v -0.001377949 -0.0001146742 -0.001976018
v -0.001373893 0.0004046128 -0.002051874
v -0.001397358 0.0004756389 -0.002050087
v -0.001427112 0.0005597613 -0.002061611
v -0.001356327 0.001176499 -0.002007066
v -0.001248593 -0.0002643035 -0.002078732
v -0.001260809 0.001105167 -0.002077962
v -0.001201164 -0.0004088779 -0.002048922
v -0.001211173 -0.0003505188 -0.002069026
v -0.001239984 -0.0004331521 -0.001995326
v -0.001167866 -0.0004575026 -0.002041889
v -0.001180287 0.001139614 -0.002031004
v -0.001140976 -0.000498242 -0.002019491
v -0.001198498 -0.0004882195 -0.001986607
v -0.001154901 0.001175409 -0.001971601
v -0.001087645 -0.0005111572 -0.002014045
v -0.001101352 0.001102737 -0.002068608
v -0.001024177 -0.000505847 -0.001996748
v -0.001010407 0.00111163 -0.00205786
v -0.0009772929 -0.0004576599 -0.002048815
v -0.0009400513 -0.000403907 -0.002073161
v -0.0008892145 -0.0003508192 -0.0020549
v -0.0009115096 0.001121659 -0.00205786
v -0.0008401321 -0.0002820342 -0.002091172
v -0.0007897889 -0.0002412877 -0.002036951
v -0.0008145277 0.001136579 -0.002062246
v -0.0007514832 -0.0001739587 -0.00207801
v -0.0006996017 -0.00009619673 -0.002068836
v -0.0006627134 -0.00004135489 -0.002056265
v -0.0007112717 0.001150989 -0.002067137
v -0.0006305549 0.00001414555 -0.002076367
v -0.0005858938 0.00009278737 -0.002102247
v -0.0006127807 0.001162132 -0.002061549
v -0.000646354 -7.799212e-7 -0.002007808
v -0.0006540875 0.001220237 -0.001998519
v -0.0006596838 0.001260225 -0.001949248
v -0.0005610507 0.0001558324 -0.002020055
v -0.0005745537 0.001217518 -0.001997334
v -0.000529041 0.0002203403 -0.002018561
v -0.0004985399 0.0002803761 -0.002049729
v -0.0004763536 0.00108221 -0.002093732
v -0.0004675511 0.0003501977 -0.002040267
v -0.0004440441 0.001023509 -0.002120742
v -0.0004245929 0.001121995 -0.002021231
v -0.000507211 0.001206668 -0.001991738
v -0.0004458506 0.0003996283 -0.002076898
v -0.0004058516 0.0004984399 -0.002080315
v -0.0003917242 0.0009690876 -0.002121717
v -0.0004519906 0.001183266 -0.001984859
v -0.0004532096 0.0004018822 -0.002002357
v -0.0004012224 0.001044974 -0.002067983
v -0.0003703868 0.000571426 -0.00205871
v -0.0003306002 0.0009132315 -0.002110204
v -0.0003521377 0.0006151948 -0.002078846
v -0.0003276935 0.0006912799 -0.0020548
v -0.0003006672 0.0007927538 -0.002063106
v -0.0003007719 0.0008895056 -0.002058411
v -0.0003499441 0.0006263422 -0.002021704
v -0.0003332308 0.0006855444 -0.001985344
v -0.0003401058 0.0009798162 -0.00205154
v -0.0003511116 0.001074952 -0.001981859
v -0.002798852 0.0009965028 -0.001909824
v -0.00280526 0.001102518 -0.001914183
v -0.002792664 0.001179331 -0.00194483
v -0.002781784 0.001253522 -0.001940939
v -0.002768568 0.0009122048 -0.001961085
v -0.002758619 0.001304744 -0.001914239
v -0.002698684 0.0006601089 -0.001917786
v -0.002748808 0.0007382888 -0.00190491
v -0.002749897 0.0008248095 -0.001952801
v -0.002713996 0.001352455 -0.001974799
v -0.002787053 0.0008138117 -0.001870468
v -0.002789591 0.0008896303 -0.001905304
v -0.002636789 0.0006165202 -0.001949026
v -0.002637567 0.00143191 -0.001938418
v -0.002575912 0.001481782 -0.001977503
v -0.002669898 0.0006032033 -0.001896417
v -0.002587135 0.0005925017 -0.001965587
v -0.002518471 0.001504064 -0.001972649
v -0.002559242 0.0005705436 -0.001944346
v -0.002618036 0.0005789743 -0.001913058
v -0.0025703 0.001478534 -0.001923991
v -0.002475838 0.0005671331 -0.001967726
v -0.00243311 0.001515809 -0.001958041
v -0.002515444 0.001491109 -0.001893171
v -0.002374336 0.0005604608 -0.001949411
v -0.00234222 0.001524092 -0.001983568
v -0.002298944 0.0005688047 -0.00191636
v -0.002269389 0.001515386 -0.001961387
v -0.00221423 0.001501982 -0.001910726
v -0.002254548 0.0005894252 -0.001876077
v -0.002217259 0.0005875635 -0.001947407
v -0.002140268 0.001491459 -0.00196719
v -0.00215644 0.0006111194 -0.001951097
v -0.002098632 0.0006316035 -0.001990865
v -0.002192346 0.0006080532 -0.001900465
v -0.002036365 0.000664148 -0.001971744
v -0.002061013 0.001468828 -0.001941283
v -0.00196333 0.000688677 -0.001963333
v -0.001969605 0.001444272 -0.001907599
v -0.001905438 0.0006949822 -0.001947475
v -0.001893798 0.001405442 -0.001926214
v -0.001964225 0.0006840851 -0.00189312
v -0.001977536 0.001458392 -0.001872584
v -0.001852587 0.0006875996 -0.00193483
v -0.001829 0.001355614 -0.00196675
v -0.001765997 0.001297578 -0.001983906
v -0.001862423 0.001394449 -0.001901475
v -0.001764918 0.000672368 -0.001950044
v -0.001731927 0.001266301 -0.001993479
v -0.001703039 0.001264301 -0.001972359
v -0.001750258 0.0006436359 -0.001886947
v -0.001734213 0.001290192 -0.00195475
v -0.001661649 0.0006424427 -0.001969689
v -0.001691844 0.001290939 -0.001920983
v -0.001605696 0.0005913699 -0.001946627
v -0.001617758 0.001282536 -0.001889772
v -0.001543751 0.0005522319 -0.001971621
v -0.001556566 0.001244464 -0.001936942
v -0.001467877 0.0001161832 -0.001908595
v -0.001472581 0.0001926456 -0.001916862
v -0.001498446 0.0003685298 -0.001915361
v -0.001514874 0.0004677204 -0.001943208
v -0.0014289 0.000075932 -0.001967188
v -0.001465016 0.0002507717 -0.001938961
v -0.001460944 0.0003378881 -0.001959828
v -0.001475615 0.001245281 -0.001905109
v -0.001371535 -0.0002171019 -0.001935124
v -0.001418992 -0.0001385634 -0.001891979
v -0.0014297 0.0002834508 -0.001990492
v -0.00145366 -0.0001300959 -0.001830343
v -0.001471982 0.0003020449 -0.001937081
v -0.001458082 0.001258502 -0.001869909
v -0.001318984 -0.0002435542 -0.002003276
v -0.001413221 -0.00007751064 -0.001936342
v -0.001406627 0.00001005923 -0.00198199
v -0.001397526 0.001211114 -0.001949997
v -0.001299282 -0.0004173123 -0.00193505
v -0.001382329 -0.00005794163 -0.001993706
v -0.001316708 0.00119584 -0.001962607
v -0.001313924 -0.0004487548 -0.001883561
v -0.001424038 -0.00002840084 -0.001939856
v -0.001259967 -0.0004701856 -0.001940828
v -0.001287332 -0.0003886092 -0.001972847
v -0.001281898 -0.0003129256 -0.002016631
v -0.001277272 0.001162679 -0.002013288
v -0.001222835 -0.0005088195 -0.001935321
v -0.001255587 -0.0003754632 -0.002016061
v -0.001211363 0.001177375 -0.001978024
v -0.001272723 -0.0004973634 -0.001886803
v -0.00130167 -0.0003469432 -0.001977215
v -0.001258123 0.001194289 -0.001951515
v -0.001156833 -0.0005250979 -0.001955337
v -0.001193358 0.001201666 -0.001915653
v -0.001115354 0.001190743 -0.001931875
v -0.001081989 -0.0005342696 -0.001938074
v -0.001081487 0.001156456 -0.001997133
v -0.001038384 0.001196074 -0.001921524
v -0.001017086 -0.0005206528 -0.001917075
v -0.0009749123 0.001163815 -0.001992105
v -0.0009684239 -0.0004794333 -0.001957524
v -0.0009170446 -0.000414867 -0.001987275
v -0.0009739207 -0.0004942653 -0.0018885
v -0.0009390576 0.001211148 -0.001917611
v -0.0008690009 -0.0003597107 -0.001971224
v -0.0008747765 0.001177769 -0.001995118
v -0.0008292803 -0.000296306 -0.001973656
v -0.0008515807 -0.0003368424 -0.00192785
v -0.0008331852 0.001234672 -0.001923566
v -0.0007841012 -0.000233644 -0.001962707
v -0.0007838298 0.001191963 -0.002005728
v -0.0007594271 -0.0001976856 -0.001996847
v -0.0007258014 -0.0001293935 -0.001974461
v -0.0006808976 -0.00005344364 -0.001985905
v -0.0007207597 0.001210781 -0.002003005
v -0.0007036568 0.001249082 -0.001958444
v -0.0007597481 -0.000183009 -0.001926189
v -0.0007391703 -0.0001261305 -0.001887395
v -0.0007575486 0.001233044 -0.001963248
v -0.0007543029 0.00127042 -0.001906121
v -0.0006559263 0.00001642004 -0.001927525
v -0.0006826824 0.001286349 -0.001902452
v -0.000608734 0.00008324087 -0.001979932
v -0.0006014566 0.001274281 -0.001917529
v -0.0005733704 0.0001615502 -0.001946333
v -0.0005268517 0.001249666 -0.001939994
v -0.00054581 0.0002140224 -0.001952643
v -0.00051539 0.0002837743 -0.001953534
v -0.0004799321 0.0003644724 -0.001960223
v -0.00056372 0.0002069093 -0.001897421
v -0.00045507 0.0004351085 -0.001942267
v -0.0004534435 0.001243009 -0.001914218
v -0.0004284079 0.0004775524 -0.001982111
v -0.0003847508 0.0005727279 -0.001982785
v -0.0003550936 0.0006448839 -0.001959832
v -0.0003891128 0.001173231 -0.001936352
v -0.0004457112 0.0004907463 -0.001900825
v -0.0004459935 0.001269324 -0.001889388
v -0.0003415833 0.0007098789 -0.001916852
v -0.0003314273 0.001136007 -0.001907999
v -0.0003115204 0.0007725306 -0.001968574
v -0.0002945859 0.0008625454 -0.001990065
v -0.0002991118 0.0009740349 -0.001957437
v -0.000305476 0.001071019 -0.001919019
v -0.0003522974 0.001184858 -0.001886493
v -0.0002784188 0.0009754872 -0.001876472
v -0.0002811921 0.001042207 -0.001878032
v -0.002800369 0.0007999459 -0.00178616
v -0.002812621 0.0009126603 -0.001823199
v -0.002820923 0.00101279 -0.001816994
v -0.002815122 0.001088125 -0.001845375
v -0.002807218 0.0011586 -0.00187488
v -0.002787443 0.001236674 -0.001874647
v -0.002780888 0.0007431143 -0.001843662
v -0.002755182 0.001301758 -0.001850099
v -0.002712646 0.0006226437 -0.001851689
v -0.00275218 0.0006813584 -0.001852859
v -0.002708992 0.001363086 -0.001874015
v -0.002750966 0.0006572051 -0.001797024
v -0.002779328 0.0007139908 -0.001801831
v -0.002766499 0.001257753 -0.001805058
v -0.002659214 0.0005825823 -0.001854083
v -0.002654695 0.001411637 -0.001850548
v -0.0025736 0.0005636231 -0.001876277
v -0.002588472 0.001449938 -0.001850012
v -0.00247484 0.0005593994 -0.001870936
v -0.002514718 0.001466421 -0.001809555
v -0.00245536 0.001495101 -0.001859993
v -0.002383454 0.0005646369 -0.001853746
v -0.002368494 0.001505482 -0.001878857
v -0.002315524 0.0005742456 -0.00185353
v -0.002349391 0.0005790409 -0.001815821
v -0.002295433 0.0005970625 -0.001817616
v -0.002287301 0.001502231 -0.001857025
v -0.002235799 0.001495584 -0.001835131
v -0.002282462 0.001491793 -0.001789096
v -0.002216584 0.0006239813 -0.001832815
v -0.002156177 0.001485579 -0.001852972
v -0.00212614 0.0006383499 -0.00190278
v -0.002046759 0.0006710564 -0.001871019
v -0.002048031 0.001468785 -0.00181404
v -0.001995504 0.0006742826 -0.001810472
v -0.00199384 0.001461989 -0.001860529
v -0.002059595 0.001471803 -0.001746536
v -0.001913109 0.0006785567 -0.00187017
v -0.001981947 0.001462332 -0.001858734
v -0.001965285 0.00145453 -0.001853818
v -0.001991885 0.001463507 -0.001837522
v -0.001837485 0.0006614516 -0.001860599
v -0.001901199 0.001426136 -0.001845117
v -0.001781669 0.000653195 -0.001879245
v -0.00182202 0.001382964 -0.001866792
v -0.001836075 0.0006320945 -0.001780838
v -0.001766278 0.0006413859 -0.001861999
v -0.001756322 0.00133163 -0.001905861
v -0.001744457 0.0006232332 -0.001846738
v -0.001767774 0.0006051478 -0.0017857
v -0.001788949 0.0006379238 -0.0018358
v -0.001756032 0.001368489 -0.001817269
v -0.001694864 0.0006184294 -0.001896861
v -0.001678813 0.001329218 -0.001831622
v -0.001640899 0.000561056 -0.001863348
v -0.001599406 0.001304235 -0.001824853
v -0.001657748 0.0004986022 -0.001715275
v -0.001714179 0.001361917 -0.001786716
v -0.0015779 0.0005204469 -0.001900718
v -0.001527774 0.001276613 -0.001848428
v -0.001471015 -0.0001309787 -0.001792165
v -0.001491041 0.00008915878 -0.001854567
v -0.001511384 0.0001709683 -0.001835677
v -0.001501942 0.0002722976 -0.001880204
v -0.001545377 0.0003562834 -0.001827238
v -0.001554571 0.0004409352 -0.001865641
v -0.001481056 0.001264128 -0.001867151
v -0.00154826 0.0001966349 -0.001765332
v -0.001575713 0.0003783671 -0.00177531
v -0.001563569 0.001302119 -0.001795686
v -0.001447583 -0.0001624434 -0.001823307
v -0.001471948 -0.00008908973 -0.001813362
v -0.001454627 0.00003411088 -0.001907141
v -0.001467252 0.001265077 -0.001859565
v -0.001362721 -0.000424388 -0.00181377
v -0.001413666 -0.0002379937 -0.00184489
v -0.001454376 -0.00004352339 -0.001873621
v -0.001454032 0.001263594 -0.001850229
v -0.001477006 0.00126922 -0.001847472
v -0.001320569 -0.0004770103 -0.001835207
v -0.001350162 -0.0003870155 -0.001873794
v -0.001343373 -0.0002921445 -0.001941949
v -0.001413938 0.001248162 -0.001862289
v -0.001284447 -0.0005177187 -0.001819517
v -0.001328251 -0.0003604488 -0.001930946
v -0.001371225 -0.000323696 -0.001877756
v -0.001220094 -0.0005318671 -0.001882059
v -0.001300126 0.001222454 -0.0018804
v -0.001151079 -0.0005493113 -0.001868564
v -0.001209853 0.001223804 -0.001840127
v -0.001071583 -0.000541455 -0.001838548
v -0.001118337 0.00121808 -0.001851505
v -0.001006479 -0.00051646 -0.001850099
v -0.0009694673 -0.000479135 -0.001819776
v -0.001012582 0.001232255 -0.001836168
v -0.0009295558 -0.0004359038 -0.001876874
v -0.0008795138 -0.0003712256 -0.0019038
v -0.0008431973 -0.0002996476 -0.001859347
v -0.0009121507 0.001258873 -0.001829977
v -0.0007961504 -0.0002246504 -0.001877
v -0.0007643778 -0.0001604434 -0.001856816
v -0.0008236591 0.001290709 -0.001828444
v -0.0008808977 0.001288746 -0.00178882
v -0.000747223 -0.00009843239 -0.001809903
v -0.0007343968 0.001314808 -0.001836681
v -0.000703058 -0.0000418176 -0.001868281
v -0.0007185559 0.001352346 -0.001773611
v -0.0006662846 0.00004091312 -0.001846227
v -0.0006487728 0.00133059 -0.001818317
v -0.0006337849 0.00009145248 -0.001867868
v -0.0005939248 0.0001653239 -0.001871028
v -0.0005701674 0.001314386 -0.001838721
v -0.0006536366 0.00009383292 -0.001799902
v -0.0006786587 0.001361494 -0.001759
v -0.0005688466 0.000231743 -0.00184241
v -0.0004987398 0.001287738 -0.001858617
v -0.0005418238 0.0002768068 -0.001866813
v -0.0005078662 0.0003663535 -0.001860804
v -0.0004735994 0.0004556235 -0.001860312
v -0.0004556716 0.001274734 -0.001880993
v -0.0005608391 0.0002844552 -0.001793024
v -0.000533503 0.001319839 -0.001809743
v -0.0004518794 0.0005300592 -0.001838303
v -0.0004427067 0.001275685 -0.001877494
v -0.0004211128 0.0005676073 -0.001879304
v -0.000378971 0.0006481809 -0.001889338
v -0.0004313882 0.001264798 -0.001877924
v -0.0004436312 0.0005907582 -0.001794906
v -0.0004371194 0.001274672 -0.00185593
v -0.0003620978 0.0007319258 -0.001830885
v -0.0003804389 0.001237152 -0.001846602
v -0.0003241881 0.0007952906 -0.001866857
v -0.0002942986 0.0008867524 -0.001897187
v -0.000325807 0.001174008 -0.00185415
v -0.0003607438 0.001254946 -0.001807103
v -0.0002807663 0.0009532317 -0.001823918
v -0.0002968362 0.00111292 -0.001867065
v -0.000271838 0.001020876 -0.001825701
v -0.0002798904 0.001088653 -0.001822426
v -0.0002987211 0.00114587 -0.001821996
v -0.002736088 0.000646597 -0.001753986
v -0.002771406 0.0007260051 -0.001734202
v -0.002799161 0.0008247448 -0.001709664
v -0.002815407 0.0009005885 -0.001729119
v -0.002822872 0.0009889249 -0.001748125
v -0.002815927 0.001075325 -0.001764015
v -0.002795382 0.001172063 -0.001795808
v -0.002705528 0.000607342 -0.001798295
v -0.002740994 0.001233783 -0.001725463
v -0.002719801 0.001320746 -0.001789442
v -0.002682311 0.001378269 -0.001811097
v -0.002687939 0.000616213 -0.001748072
v -0.002722629 0.0006736841 -0.001708306
v -0.00264119 0.0005803443 -0.001801063
v -0.002634725 0.001404979 -0.001790772
v -0.002624163 0.0005992615 -0.001750285
v -0.002652999 0.0006485914 -0.001699169
v -0.002677032 0.001311236 -0.001714523
v -0.002670757 0.00136251 -0.001763234
v -0.002559621 0.0005747483 -0.001799312
v -0.00257129 0.001423643 -0.001761925
v -0.00254929 0.0006223299 -0.001723232
v -0.002614507 0.001315946 -0.001657693
v -0.002621596 0.001371393 -0.001724621
v -0.002469176 0.0005786002 -0.001794494
v -0.00250919 0.001437792 -0.001736706
v -0.002399214 0.0005820387 -0.001793684
v -0.002438656 0.001471021 -0.001772106
v -0.002436035 0.0006133989 -0.001744846
v -0.002468225 0.0006724278 -0.001681043
v -0.002458349 0.0007298081 -0.001634327
v -0.002547607 0.001383273 -0.001677197
v -0.002355588 0.0006049745 -0.001773877
v -0.002347966 0.00148499 -0.00177008
v -0.002300261 0.001478749 -0.001721659
v -0.002367616 0.0006496171 -0.001718632
v -0.002380491 0.0007091857 -0.001652137
v -0.002288101 0.000632809 -0.001767182
v -0.002232542 0.001484151 -0.001765202
v -0.00227791 0.0006772148 -0.001702173
v -0.002222571 0.0006532496 -0.001768204
v -0.002154575 0.001474048 -0.001730086
v -0.002148868 0.0006571786 -0.001808897
v -0.002088954 0.00147222 -0.001731645
v -0.002189102 0.0006734667 -0.001735797
v -0.002101475 0.0006763819 -0.001748113
v -0.002069214 0.001471158 -0.001707418
v -0.002026228 0.0006672449 -0.001709236
v -0.002026784 0.001467696 -0.001724396
v -0.001923898 0.0006551909 -0.001769088
v -0.001970388 0.00145676 -0.001788264
v -0.001881952 0.0006196516 -0.001701303
v -0.001815685 0.0006033171 -0.001731792
v -0.001903097 0.001441212 -0.001745544
v -0.001763714 0.0005722273 -0.001725379
v -0.00182296 0.001410075 -0.001762581
v -0.001671237 0.0004984479 -0.001705642
v -0.00172803 0.0005731204 -0.00176636
v -0.00165552 0.0004830743 -0.001709678
v -0.00166379 0.0005071137 -0.001721473
v -0.001701387 0.0005808988 -0.001815001
v -0.001742095 0.001383808 -0.001746709
v -0.001573101 0.0001660761 -0.001703156
v -0.001599276 0.00036156 -0.001728502
v -0.001655344 0.000495574 -0.001724107
v -0.001658807 0.0005438073 -0.001808058
v -0.001682613 0.001358552 -0.001747921
v -0.001684838 0.0005256961 -0.001740975
v -0.001710386 0.001381523 -0.001690662
v -0.001538662 0.0001410885 -0.001768692
v -0.001571339 0.0002398803 -0.001731736
v -0.001567037 0.0003332927 -0.001771333
v -0.001594997 0.0004060419 -0.001757567
v -0.001616702 0.000497651 -0.001814871
v -0.001607407 0.001326072 -0.001754089
v -0.001502227 -0.00009882788 -0.00173859
v -0.001516753 0.0001004642 -0.001803098
v -0.00154568 0.0002668649 -0.00179194
v -0.001584075 0.000423995 -0.001795106
v -0.001520478 0.001297971 -0.00175162
v -0.00151605 -0.0001403211 -0.001679357
v -0.001539662 0.00007512421 -0.001741251
v -0.001578144 0.0002958554 -0.001737081
v -0.001632343 0.0004506625 -0.001733462
v -0.001473839 -0.0001755315 -0.001756287
v -0.001503904 -0.00005050991 -0.001763748
v -0.001496598 0.00003128349 -0.001819458
v -0.001456175 0.001271288 -0.001807904
v -0.0014119 -0.0004039391 -0.001728129
v -0.001407693 -0.0003378033 -0.001793253
v -0.001460232 -0.0002559133 -0.001735591
v -0.001490529 -0.00003057949 -0.001804583
v -0.001450173 -0.0003953337 -0.001656213
v -0.00149834 -0.000202768 -0.001682284
v -0.001519028 0.000001362016 -0.001755671
v -0.001353705 -0.0004789658 -0.001756141
v -0.001360951 0.001256932 -0.001765302
v -0.001299279 -0.0005387595 -0.001735581
v -0.001351103 0.001265943 -0.00167464
v -0.001226275 -0.0005532721 -0.001795363
v -0.001263586 0.001238619 -0.00178825
v -0.001154396 -0.0005629623 -0.001767598
v -0.001185124 0.001237875 -0.001764075
v -0.001088763 -0.0005432417 -0.001728157
v -0.001089752 0.001245191 -0.001750322
v -0.001018636 -0.0005066048 -0.001764845
v -0.0009724681 -0.0004614454 -0.001749489
v -0.0009907457 0.001266573 -0.001742951
v -0.0009370978 -0.0004194809 -0.001770335
v -0.0008891381 -0.0003485205 -0.001791549
v -0.0009192264 0.001285019 -0.001761167
v -0.0009565181 -0.0004184476 -0.001700774
v -0.0009450184 0.001293324 -0.0017094
v -0.0008530775 -0.0002732397 -0.001763705
v -0.000876169 0.001315763 -0.001727639
v -0.0008207574 -0.0002193713 -0.001776309
v -0.0007839047 -0.0001543501 -0.00178444
v -0.000787197 0.001336841 -0.001765659
v -0.0008426315 -0.0002176634 -0.00170416
v -0.0007666448 -0.00007721598 -0.001717065
v -0.0007599878 0.001365855 -0.001721951
v -0.000727345 -0.00001704639 -0.00174564
v -0.0006848394 0.00005610935 -0.001763564
v -0.0006566098 0.0001244708 -0.001743002
v -0.0007115403 0.001374998 -0.001713216
v -0.0006257832 0.0001639011 -0.001775523
v -0.0005881231 0.0002365832 -0.001778093
v -0.0006416616 0.001367582 -0.001712366
v -0.000644069 0.0001794198 -0.001696773
v -0.000571774 0.0003174095 -0.001714912
v -0.0005711864 0.001339314 -0.001770081
v -0.0005381 0.0003679142 -0.001758848
v -0.0005038336 0.0004625013 -0.001759539
v -0.0004722222 0.0005535875 -0.001757884
v -0.0004968597 0.001321575 -0.001759072
v -0.0004517524 0.0006284593 -0.001735928
v -0.0004188737 0.001279724 -0.001787642
v -0.0004149238 0.0006799636 -0.001767436
v -0.000370997 0.001260299 -0.001798685
v -0.0004473329 0.0006703894 -0.001704224
v -0.0003748981 0.0007709829 -0.001755822
v -0.0003561521 0.001256987 -0.001791457
v -0.0003433314 0.0008035692 -0.001793814
v -0.0003112566 0.0008829751 -0.001796032
v -0.0003523558 0.001244545 -0.001800397
v -0.000352017 0.000850321 -0.001724383
v -0.0003203809 0.0009491889 -0.001703852
v -0.0003135366 0.001040679 -0.001662926
v -0.0003587771 0.001247786 -0.001769618
v -0.0002905664 0.0009592345 -0.001767023
v -0.0003290793 0.001201273 -0.001797686
v -0.0002760581 0.001001928 -0.001783446
v -0.0002796359 0.001062887 -0.001772344
v -0.0002968485 0.001136087 -0.001773068
v -0.0002916398 0.001019153 -0.001731277
v -0.0003050839 0.001109774 -0.001702757
v -0.0003307589 0.00119577 -0.001727806
v -0.002771189 0.0008108942 -0.001664632
v -0.002796627 0.0009067917 -0.001652828
v -0.002812976 0.0009818038 -0.00167525
v -0.002812323 0.001047921 -0.001699203
v -0.002783283 0.001128828 -0.001695687
v -0.002744086 0.0007384234 -0.001676241
v -0.002734542 0.001178716 -0.001655858
v -0.002721122 0.0007970608 -0.001633494
v -0.002749895 0.0008968412 -0.001609563
v -0.002750759 0.001114863 -0.001624168
v -0.002695705 0.0007155843 -0.001661767
v -0.002674855 0.001235681 -0.001645075
v -0.002644328 0.0006990379 -0.00165608
v -0.002649463 0.0007728374 -0.001621981
v -0.002679464 0.0008702318 -0.001593777
v -0.00270234 0.0009766979 -0.001575122
v -0.00270694 0.001082011 -0.001582261
v -0.002702585 0.001159345 -0.001611677
v -0.002602904 0.0006673394 -0.001674327
v -0.002604874 0.001257369 -0.001600762
v -0.002550887 0.0006769611 -0.001668844
v -0.002524144 0.0007254923 -0.001636963
v -0.002551739 0.001315664 -0.001601245
v -0.002593852 0.0007176062 -0.001641263
v -0.002568857 0.0007855435 -0.001604874
v -0.00261143 0.0008474799 -0.001584921
v -0.002618428 0.0009374963 -0.001560804
v -0.00262795 0.001049862 -0.001550928
v -0.002631785 0.001166609 -0.001574008
v -0.002492012 0.000782871 -0.001598842
v -0.002489119 0.001370145 -0.001600813
v -0.002467402 0.001425032 -0.001676859
v -0.002398607 0.001455233 -0.001689903
v -0.002422228 0.0007631865 -0.001603588
v -0.002348891 0.001468759 -0.001693731
v -0.002365984 0.0007505842 -0.001602748
v -0.00232175 0.001462154 -0.001656861
v -0.002390245 0.0007863101 -0.001568965
v -0.002364474 0.001449826 -0.001640787
v -0.002302791 0.000723619 -0.001623242
v -0.002254093 0.001465837 -0.001662935
v -0.002201144 0.000696964 -0.001654698
v -0.002183398 0.00146231 -0.00162701
v -0.002104898 0.001466787 -0.001651022
v -0.002109002 0.0006820314 -0.00164796
v -0.002057845 0.001468993 -0.001673949
v -0.002052585 0.0006650928 -0.001630723
v -0.002019972 0.001464656 -0.001643196
v -0.002101118 0.0006767 -0.001583641
v -0.002057758 0.001459771 -0.001573744
v -0.002061439 0.001466504 -0.001636375
v -0.001976025 0.0006409566 -0.001648222
v -0.0019569 0.0014573 -0.001684934
v -0.001909106 0.0005986229 -0.001611309
v -0.001829765 0.0005797773 -0.001666232
v -0.001868211 0.001441206 -0.001642069
v -0.001855061 0.00144977 -0.001575915
v -0.001762348 0.0005353547 -0.00166289
v -0.001774941 0.001407742 -0.001669737
v -0.001706848 0.0005020709 -0.001676536
v -0.001712217 0.001387913 -0.001611769
v -0.001749768 0.0004806948 -0.001603869
v -0.001678504 0.000459884 -0.001669848
v -0.00164976 0.00135765 -0.001671441
v -0.001550845 -0.0001204209 -0.001609142
v -0.001580299 0.0000702916 -0.001646152
v -0.001618485 0.0001694023 -0.001610514
v -0.001614365 0.0002729997 -0.001665142
v -0.001648672 0.0003814735 -0.001662959
v -0.001658922 0.000240349 -0.001566212
v -0.001676429 0.0003265042 -0.0015847
v -0.001704538 0.0004089877 -0.001597074
v -0.001525649 -0.0001726879 -0.001635913
v -0.001542125 -0.00007107403 -0.001659753
v -0.001546392 0.00002037588 -0.001700717
v -0.00156138 0.001325015 -0.001648239
v -0.001461262 -0.000421507 -0.001605129
v -0.001518246 -0.0002167506 -0.001626467
v -0.001529717 -0.00003463823 -0.001711171
v -0.001487868 0.001298979 -0.001675745
v -0.001558703 -0.000007992237 -0.001656437
v -0.001415029 -0.0004529334 -0.001666499
v -0.001486367 -0.0003673081 -0.001602034
v -0.001492562 -0.0002537289 -0.001663966
v -0.001443144 0.001281193 -0.001725698
v -0.001467477 -0.0003255364 -0.00167278
v -0.001398038 0.001273897 -0.001690466
v -0.001440444 0.001287163 -0.001661403
v -0.001362605 -0.0005179869 -0.001671964
v -0.001399459 0.001280305 -0.001625055
v -0.001313806 -0.000556869 -0.001675583
v -0.001331232 0.00126958 -0.001601298
v -0.001343829 -0.0005731223 -0.001608209
v -0.001242838 -0.0005813929 -0.001668072
v -0.001271373 0.001253901 -0.001691165
v -0.001296384 -0.0006750224 -0.001527414
v -0.00129333 -0.0006344104 -0.001573906
v -0.001149878 -0.0005665087 -0.001676939
v -0.001169932 0.001254716 -0.001664135
v -0.001101783 -0.0005400244 -0.001633552
v -0.001072708 0.001270693 -0.001643355
v -0.001046231 -0.0005016522 -0.001663923
v -0.0009944806 -0.0004565544 -0.001680684
v -0.0009949986 0.001287153 -0.001666407
v -0.001065952 -0.0004987678 -0.001590343
v -0.0009671744 -0.0003907018 -0.001623078
v -0.0009501708 0.001312342 -0.001644425
v -0.0009221152 -0.0003445855 -0.00167344
v -0.000875624 -0.000269227 -0.001688225
v -0.0008545585 -0.0001866538 -0.001623108
v -0.0008942492 0.001345749 -0.00162364
v -0.0008107026 -0.0001336016 -0.001671562
v -0.0008201466 0.001357833 -0.001684235
v -0.0007799449 -0.00005223558 -0.001639557
v -0.0007706499 0.001381329 -0.001653558
v -0.0007496706 -7.554563e-7 -0.001651776
v -0.0007115649 0.00006817322 -0.001661932
v -0.0006738037 0.00013358 -0.001676709
v -0.0007705307 7.678556e-7 -0.001586436
v -0.0006530292 0.0002124462 -0.001619413
v -0.0007095996 0.001389058 -0.001633298
v -0.0006116036 0.0002655509 -0.00166698
v -0.0006399727 0.001387759 -0.001603421
v -0.0005810758 0.0003535371 -0.001636067
v -0.0005430365 0.001356604 -0.001661278
v -0.0005566334 0.0004012783 -0.001653878
v -0.0005298492 0.0004745935 -0.001659917
v -0.0005018114 0.0005620329 -0.001659944
v -0.000471552 0.0006501268 -0.001661357
v -0.0004808636 0.001331226 -0.001695766
v -0.0005720265 0.0004119053 -0.001588122
v -0.0004428193 0.0007245715 -0.001657865
v -0.000443662 0.001308081 -0.001716422
v -0.0004019675 0.0008007871 -0.001668761
v -0.0003676845 0.000909316 -0.00163497
v -0.0003407178 0.0009993316 -0.001616742
v -0.000438513 0.0007977649 -0.001593526
v -0.0004501212 0.001322917 -0.001640488
v -0.0004338914 0.001330047 -0.001550044
v -0.0003286853 0.001062804 -0.001604872
v -0.0003865122 0.001265334 -0.001695995
v -0.0003229239 0.001113791 -0.001623019
v -0.0003436303 0.001198301 -0.001635468
v -0.0003353981 0.001106863 -0.001572243
v -0.0003910994 0.001279988 -0.001598504
v -0.002796442 0.000987759 -0.001618242
v -0.002791115 0.001053353 -0.00163713
v -0.002781683 0.0009521019 -0.001603378
v -0.002760705 0.001063457 -0.001596997
v -0.00275773 0.0009699317 -0.001584188
v -0.002752078 0.001021799 -0.001580047
v -0.002778898 0.0009941969 -0.001588509
v -0.002780916 0.001027258 -0.001596393
v -0.002527445 0.000876868 -0.001553016
v -0.002549934 0.001002605 -0.001520353
v -0.002549397 0.001124666 -0.001509621
v -0.002546389 0.001239313 -0.001539111
v -0.00250333 0.001313906 -0.001546569
v -0.002444346 0.0008196515 -0.001558968
v -0.002443911 0.001354817 -0.00151795
v -0.002383506 0.0008285593 -0.00151124
v -0.002413288 0.001415113 -0.00160086
v -0.002448053 0.0008806823 -0.001510178
v -0.002478128 0.0009614382 -0.001484558
v -0.002495 0.001063114 -0.001465883
v -0.002334616 0.0007683947 -0.001560636
v -0.002327153 0.001436389 -0.001574862
v -0.002386899 0.001399271 -0.001523863
v -0.002259032 0.0007359506 -0.001564423
v -0.002239604 0.001449374 -0.001570963
v -0.00217334 0.0007027827 -0.001561696
v -0.002150908 0.001448137 -0.001520283
v -0.002119812 0.0006769886 -0.001514304
v -0.002076325 0.00145382 -0.001521638
v -0.002166279 0.001438247 -0.001453162
v -0.002050352 0.0006535244 -0.001564881
v -0.002055504 0.001456537 -0.001532318
v -0.002029966 0.001455857 -0.001525094
v -0.002055311 0.001454 -0.001512096
v -0.001986338 0.000619688 -0.001551316
v -0.001956036 0.001456294 -0.001561233
v -0.001931855 0.0005840444 -0.001536775
v -0.001885316 0.001455997 -0.001575898
v -0.001984308 0.0005979846 -0.001486903
v -0.001972351 0.001455969 -0.001509754
v -0.001847979 0.000540903 -0.001566091
v -0.001869582 0.001457124 -0.001559516
v -0.001805806 0.0004747929 -0.001516448
v -0.001859444 0.00144942 -0.001545256
v -0.0018897 0.001455647 -0.001545239
v -0.001754761 0.0004310101 -0.001540747
v -0.001806102 0.001424305 -0.001559976
v -0.001684276 0.0002163227 -0.001503585
v -0.001710072 0.0002859717 -0.001496559
v -0.001730579 0.0003669942 -0.001521462
v -0.001710678 0.001385588 -0.001503429
v -0.0017345 0.000297988 -0.00145572
v -0.001655013 0.0001739549 -0.001538639
v -0.001633678 0.00135721 -0.001567827
v -0.001585186 -0.0001317613 -0.001528259
v -0.001592136 -0.00002314578 -0.001571605
v -0.001631627 0.00009634926 -0.001547887
v -0.001544335 -0.0001812574 -0.001587658
v -0.001558945 0.001330648 -0.001519437
v -0.001509955 -0.0003964941 -0.001526461
v -0.001533025 -0.0002216019 -0.001589608
v -0.001539853 -0.0004053817 -0.001464799
v -0.001555446 -0.0002203381 -0.001543676
v -0.001576082 0.001335856 -0.001464916
v -0.001437416 -0.0004903712 -0.001567283
v -0.001518272 -0.0003405779 -0.001553054
v -0.001515638 -0.0002646004 -0.001604681
v -0.001477674 0.001303109 -0.001588477
v -0.001403039 -0.0005820852 -0.001515033
v -0.001505352 -0.0003185059 -0.001595385
v -0.001537291 -0.0002890585 -0.001545093
v -0.001346501 -0.0006227443 -0.001553218
v -0.00140314 0.001288086 -0.001532369
v -0.001315393 -0.0006879817 -0.001499723
v -0.001326876 -0.0006618981 -0.001530624
v -0.001320098 0.001276269 -0.001502137
v -0.001348442 -0.0006739798 -0.001480398
v -0.001364603 -0.0006395626 -0.001510583
v -0.001288403 -0.0006912728 -0.001479923
v -0.001247415 0.001264005 -0.00158144
v -0.001262196 -0.0006612902 -0.001519745
v -0.0012351 -0.0006221537 -0.001568867
v -0.001165102 -0.0005734828 -0.001566556
v -0.001160352 0.001270454 -0.001556352
v -0.001101918 -0.0005235769 -0.001557154
v -0.001067791 -0.0004738954 -0.001516367
v -0.001087635 0.001287595 -0.001534618
v -0.00101842 -0.0004338934 -0.001570664
v -0.001019947 0.001298308 -0.001591276
v -0.001039213 0.001308268 -0.001516864
v -0.0009775261 -0.0003619526 -0.001545115
v -0.0009731398 0.001331186 -0.001546167
v -0.0009427008 -0.0003132517 -0.001561931
v -0.0008966349 -0.0002351284 -0.00157393
v -0.0009649316 -0.0003090705 -0.001491785
v -0.0008655453 -0.0001542185 -0.001542985
v -0.000907967 0.001365079 -0.001537254
v -0.0008355331 -0.0001071836 -0.001559423
v -0.0008007108 -0.00004757924 -0.001570611
v -0.0008404701 0.001375725 -0.001597102
v -0.0008543358 -0.00009966205 -0.001492996
v -0.0008630606 0.001384367 -0.001522736
v -0.0007808233 0.00002951096 -0.001510168
v -0.0007907955 0.001393207 -0.001552675
v -0.0007405994 0.00007724945 -0.001558602
v -0.0006921628 0.000164242 -0.001573201
v -0.0006633217 0.000241249 -0.001544529
v -0.0007128245 0.001399981 -0.001543787
v -0.0006351027 0.0002925813 -0.001556515
v -0.0005992994 0.0003727601 -0.001555754
v -0.0006599131 0.001400045 -0.001521441
v -0.0006554452 0.0002937594 -0.001492718
v -0.0007081946 0.001404747 -0.001478759
v -0.0005763828 0.0004480042 -0.001530295
v -0.0005844884 0.00138804 -0.001529168
v -0.0005538338 0.0004838629 -0.001565139
v -0.0005280346 0.0005706568 -0.001563826
v -0.0005016882 0.0006600427 -0.001561829
v -0.0004707878 0.0007513621 -0.001560859
v -0.0004968973 0.001361347 -0.001560389
v -0.0005691649 0.0005036579 -0.001490365
v -0.0004512288 0.0008315395 -0.001530797
v -0.0004681202 0.001360474 -0.001497446
v -0.0004168299 0.0008835429 -0.001557379
v -0.000380205 0.0009851218 -0.00154636
v -0.000351193 0.00106126 -0.001553565
v -0.0004269482 0.001329833 -0.001472985
v -0.0004475203 0.0008898238 -0.001482945
v -0.0003542191 0.001132737 -0.001519475
v -0.0003962632 0.001298264 -0.001529594
v -0.0003419382 0.001166934 -0.001564633
v -0.0003657359 0.001243392 -0.001541462
v -0.0003892524 0.001285888 -0.001487818
v -0.002498955 0.001204039 -0.001469901
v -0.002480564 0.001281329 -0.001485218
v -0.002493546 0.001139943 -0.001454443
v -0.002429117 0.001318638 -0.001432456
v -0.002353987 0.000844614 -0.001447024
v -0.002405398 0.0009193108 -0.00143582
v -0.002442239 0.001028129 -0.001416171
v -0.002457246 0.00112075 -0.001407995
v -0.002466976 0.001184215 -0.001419974
v -0.002453879 0.001248607 -0.001417783
v -0.00230619 0.0007842871 -0.001486092
v -0.002389787 0.001372801 -0.001455006
v -0.002344512 0.001407536 -0.001485081
v -0.002317537 0.0008192892 -0.001411478
v -0.002354791 0.0008779733 -0.001384472
v -0.002236434 0.0007382333 -0.001497552
v -0.002267253 0.001426476 -0.001475199
v -0.002195396 0.001431313 -0.001429288
v -0.002186302 0.000710242 -0.001470698
v -0.002170158 0.001434977 -0.001432093
v -0.002140739 0.0006797083 -0.00144547
v -0.002140208 0.001436993 -0.001431503
v -0.002188192 0.0007062356 -0.001404677
v -0.002168477 0.001425753 -0.001365419
v -0.002170492 0.001432379 -0.001414569
v -0.002064219 0.0006380386 -0.001464056
v -0.002057437 0.001447653 -0.001473238
v -0.002006732 0.0005854145 -0.001416405
v -0.00199755 0.00145482 -0.001504153
v -0.001931231 0.0005571157 -0.001472914
v -0.001980102 0.001454584 -0.001492048
v -0.001961181 0.001451156 -0.001488885
v -0.001994717 0.001450538 -0.001473376
v -0.001869325 0.0005039994 -0.001464778
v -0.001890362 0.00144036 -0.001489352
v -0.001737246 0.0002938577 -0.001446182
v -0.001829726 0.000464427 -0.001461969
v -0.0018581 0.0004533301 -0.001405868
v -0.001731854 0.0002801108 -0.001448307
v -0.001741826 0.000303762 -0.001445417
v -0.001790918 0.0004163661 -0.001468256
v -0.001796834 0.001408046 -0.001439561
v -0.001716474 0.0002338401 -0.001451051
v -0.001755067 0.0003287372 -0.001444957
v -0.00170865 0.00137666 -0.001390271
v -0.00173939 0.0001965061 -0.001388172
v -0.001743259 0.0002961955 -0.001437501
v -0.001812357 0.0003832387 -0.001396991
v -0.001684957 0.0001519389 -0.001467662
v -0.001616571 0.001350949 -0.001442233
v -0.001567272 -0.0004091642 -0.001413846
v -0.001597672 -0.0001900431 -0.001477078
v -0.001632642 -0.0001258067 -0.00144018
v -0.001628656 -0.0000569427 -0.001477278
v -0.001661752 0.00004034232 -0.001458332
v -0.001581712 0.001338447 -0.001442883
v -0.001640667 -0.0002107458 -0.001397904
v -0.001674392 -0.000120248 -0.001372622
v -0.001713199 0.0001122775 -0.001392073
v -0.001515469 -0.0004488784 -0.001468209
v -0.001564048 -0.0003657619 -0.001450782
v -0.001579453 -0.0002572984 -0.001480612
v -0.001569138 0.001334027 -0.001446548
v -0.001551177 -0.0003260906 -0.001496885
v -0.001553155 0.001329551 -0.001460131
v -0.00159845 -0.0003009603 -0.001428056
v -0.001563869 0.001336408 -0.001407779
v -0.001564369 0.001342613 -0.001344402
v -0.001477842 -0.0005195217 -0.001457746
v -0.001496542 0.001315678 -0.001450602
v -0.001367631 -0.0006835548 -0.001412673
v -0.001400094 -0.0006348836 -0.001446397
v -0.001448775 -0.000578339 -0.00143492
v -0.00132299 -0.0006991341 -0.00144683
v -0.001396877 0.001293508 -0.001422595
v -0.001309 0.001283169 -0.001398598
v -0.001290862 -0.0007014664 -0.001405457
v -0.001235705 0.001274922 -0.001474345
v -0.001251502 -0.0006713995 -0.001442733
v -0.001213806 -0.0006271535 -0.001490889
v -0.001166609 -0.0005725916 -0.001441549
v -0.001149298 0.001288455 -0.001444159
v -0.001113704 -0.0005101656 -0.001467997
v -0.001079882 0.001303911 -0.001463151
v -0.001167436 0.001383217 -0.001352522
v -0.001073116 -0.0004498867 -0.00144317
v -0.001028919 0.001326528 -0.001457394
v -0.001039202 -0.0004096147 -0.001461052
v -0.0009992326 -0.000355426 -0.00147447
v -0.001057015 -0.0004040963 -0.001396563
v -0.0009758188 -0.0002803307 -0.001413551
v -0.0009656796 0.001356185 -0.001459563
v -0.0009325062 -0.0002311883 -0.001461508
v -0.0008850656 -0.0001425499 -0.001466085
v -0.0009084882 0.001377422 -0.001477143
v -0.0009337224 0.001374605 -0.001423802
v -0.0008584869 -0.00007431348 -0.001440641
v -0.0008673922 0.001389046 -0.001449105
v -0.0008251824 -0.00002072822 -0.001455929
v -0.0008518936 -0.00003939136 -0.001404941
v -0.0007890576 0.00006287693 -0.00143238
v -0.0007778971 0.0014013 -0.00145701
v -0.00075891 0.0001075553 -0.001454971
v -0.0007208716 0.0001755309 -0.001469044
v -0.0006832548 0.0002448142 -0.001480012
v -0.0007342233 0.001404674 -0.001421897
v -0.0007755683 0.000117898 -0.001388018
v -0.0007837853 0.001401781 -0.001383214
v -0.0006665969 0.0003208246 -0.001423334
v -0.0006635955 0.001401949 -0.001438396
v -0.0006324361 0.0003711962 -0.001459223
v -0.0005951831 0.0004673609 -0.001453491
v -0.0005747101 0.0005425568 -0.001433022
v -0.0005831232 0.001397431 -0.001427456
v -0.0005529611 0.0005755657 -0.00147212
v -0.000529022 0.0006652896 -0.001468404
v -0.0005027792 0.0007579505 -0.00146355
v -0.0004741986 0.0008368932 -0.001467797
v -0.0005212097 0.001383484 -0.001476449
v -0.0005688407 0.0005986084 -0.001397547
v -0.0005317327 0.001392733 -0.001412575
v -0.0004642579 0.0009215045 -0.001412353
v -0.000480731 0.001371897 -0.001425993
v -0.0004260539 0.0009777035 -0.00145594
v -0.0003874523 0.001087304 -0.001468607
v -0.000408208 0.001283272 -0.001421955
v -0.0004444158 0.00134119 -0.001403849
v -0.0003743897 0.001170497 -0.001463767
v -0.0003755469 0.001251423 -0.001478917
v -0.0003603682 0.001200575 -0.001501581
v -0.0003809189 0.001224182 -0.001449157
v -0.002401822 0.001002551 -0.001359837
v -0.002416311 0.001102701 -0.001338138
v -0.002428472 0.001202612 -0.001353722
v -0.002409945 0.00129095 -0.00135659
v -0.002379361 0.0009383857 -0.001362199
v -0.00238021 0.001350821 -0.001379052
v -0.002313548 0.0008366916 -0.001332329
v -0.002355159 0.0009187145 -0.001313115
v -0.002332549 0.001392725 -0.001410407
v -0.00237837 0.0009796576 -0.001313216
v -0.002389226 0.001049941 -0.001289253
v -0.002332247 0.001375979 -0.001337572
v -0.002254803 0.0007599512 -0.001405151
v -0.002256865 0.001408767 -0.001347825
v -0.002212464 0.0007158993 -0.001328706
v -0.002197093 0.00141847 -0.001292446
v -0.002268801 0.0007759942 -0.00131434
v -0.002140868 0.0006677047 -0.001380394
v -0.002154674 0.001422678 -0.00130779
v -0.002133207 0.001425168 -0.00133783
v -0.002080209 0.0006182835 -0.001364393
v -0.002087634 0.001431098 -0.001362019
v -0.002031108 0.0005713885 -0.001346475
v -0.002081889 0.0005927389 -0.001306618
v -0.002120187 0.001424938 -0.001313446
v -0.001948973 0.0005197226 -0.001376586
v -0.001982684 0.001438888 -0.001416296
v -0.001906708 0.0004552605 -0.001337415
v -0.001979184 0.000336824 -0.001201938
v -0.001976822 0.0003614622 -0.001214104
v -0.001859354 0.0004114265 -0.001352836
v -0.001887594 0.001419389 -0.001361719
v -0.001785406 0.0002091577 -0.001321102
v -0.001833012 0.0003496342 -0.00133792
v -0.00179976 0.0001632326 -0.001281547
v -0.001754874 0.0001434984 -0.001335299
v -0.001777527 0.0002516469 -0.00135368
v -0.001787984 0.0003282217 -0.00138636
v -0.001789201 0.001393217 -0.001326608
v -0.001688403 -0.0002507008 -0.001319004
v -0.001720606 -0.0001471189 -0.001301218
v -0.001735301 0.00009683982 -0.001345255
v -0.001754322 0.0002765462 -0.001406788
v -0.001709369 0.001368045 -0.001290695
v -0.001755779 -0.0001299845 -0.001258699
v -0.001768382 0.00008492315 -0.001293974
v -0.001793533 0.0002975713 -0.001355961
v -0.001641388 -0.0002872962 -0.00136919
v -0.001708766 -0.00007447938 -0.001332604
v -0.00171278 0.0000478096 -0.001365649
v -0.001636402 0.001353273 -0.001329423
v -0.001609253 -0.0004101954 -0.001348487
v -0.001615507 -0.0003523141 -0.001376846
v -0.001677078 -0.00004208997 -0.001393972
v -0.00158249 0.001346154 -0.001337898
v -0.001660574 -0.0003711915 -0.001304717
v -0.001665014 -0.0003160733 -0.001326455
v -0.001732149 -0.000004384238 -0.001317681
v -0.001555598 -0.0004718777 -0.001375668
v -0.001564913 0.001348898 -0.001307137
v -0.001544208 0.001338871 -0.001327961
v -0.001561344 0.001336717 -0.001267013
v -0.001503553 -0.0005452281 -0.001376035
v -0.0014748 0.001314119 -0.00133812
v -0.001393004 -0.0006917091 -0.001331389
v -0.001413851 -0.0006572608 -0.001375045
v -0.001460243 -0.0006068298 -0.001367789
v -0.001511183 -0.0005714153 -0.001324295
v -0.001338003 -0.0007083808 -0.001366695
v -0.001379474 0.001297487 -0.001309581
v -0.001294982 0.001289221 -0.001316047
v -0.001301728 -0.000708538 -0.001314884
v -0.001228201 0.001286066 -0.001365294
v -0.001255069 -0.0006768041 -0.001349936
v -0.00120787 -0.0006211374 -0.001381049
v -0.00116744 0.001383217 -0.001352518
v -0.00125083 0.001292834 -0.001285087
v -0.001168589 -0.0005624937 -0.001358826
v -0.001160448 0.00129781 -0.001352534
v -0.001167436 0.001383213 -0.001352518
v -0.001167436 0.001383222 -0.001352518
v -0.001135027 -0.0005121563 -0.00137071
v -0.001090645 -0.000442664 -0.001370366
v -0.001086324 0.001318075 -0.001373452
v -0.001167431 0.001383217 -0.001352518
v -0.001152841 -0.0005200568 -0.001305215
v -0.001167436 0.001383217 -0.001352513
v -0.00106001 -0.0003825404 -0.001345728
v -0.001018062 0.001342919 -0.001400123
v -0.00102391 -0.000331721 -0.001361008
v -0.0009779447 0.001361336 -0.001391294
v -0.001051971 -0.0003507682 -0.001310196
v -0.001020254 0.00134922 -0.001335734
v -0.0009848262 -0.0002508256 -0.001336174
v -0.0009414658 0.00137458 -0.0013541
v -0.0009522219 -0.0002025316 -0.001354278
v -0.0009122008 -0.0001341881 -0.001367399
v -0.0008745677 -0.00006996845 -0.001382974
v -0.0009709562 -0.0001967548 -0.001285331
v -0.0008486341 0.000007286261 -0.001339872
v -0.0008531195 0.001393139 -0.001361951
v -0.0008058751 0.00008364072 -0.001351006
v -0.0008128055 0.001397764 -0.00132839
v -0.0008624459 0.001391129 -0.001290256
v -0.0007776386 0.0001530245 -0.001330682
v -0.0007430547 0.001400464 -0.001344672
v -0.0007484361 0.0001873487 -0.001369147
v -0.0007041423 0.0002766819 -0.001376504
v -0.000765581 0.0002071754 -0.001291307
v -0.0006760602 0.0003557298 -0.001352163
v -0.000644033 0.001396493 -0.001332253
v -0.0006526287 0.0003865253 -0.001379899
v -0.0006299324 0.0004669515 -0.001354048
v -0.0005941668 0.0005669351 -0.001354117
v -0.0005672083 0.001397004 -0.001368225
v -0.0006625924 0.0004211385 -0.001311861
v -0.0006506637 0.0004875638 -0.001272345
v -0.0005742451 0.0006453103 -0.001340354
v -0.0005199946 0.001387771 -0.001363052
v -0.0005534071 0.0006617987 -0.001390995
v -0.0005341457 0.0007627807 -0.001363951
v -0.0005004419 0.0008693081 -0.001366933
v -0.0005639077 0.0007215483 -0.00130803
v -0.0005530982 0.0007971469 -0.001278699
v -0.0004797968 0.0009605764 -0.001340274
v -0.0004776195 0.001366589 -0.001359592
v -0.0004545622 0.0009958665 -0.001373463
v -0.000435187 0.001083159 -0.001365801
v -0.0004107653 0.001197761 -0.001389301
v -0.0004265543 0.001272039 -0.001362763
v -0.0004498267 0.001323167 -0.00134799
v -0.0004704438 0.001036268 -0.001306749
v -0.0004616456 0.00110763 -0.001287623
v -0.0004811863 0.001359156 -0.0013166
v -0.002399159 0.001185605 -0.00127483
v -0.002386502 0.001271174 -0.001271323
v -0.002363924 0.001336628 -0.001302177
v -0.00239402 0.001122257 -0.001267381
v -0.002306625 0.001375712 -0.001263884
v -0.002335807 0.0008940194 -0.001245342
v -0.00236557 0.0009917896 -0.001239563
v -0.002378947 0.001097134 -0.001218162
v -0.002324127 0.0008617867 -0.001187777
v -0.002384771 0.001166033 -0.001221074
v -0.002377959 0.001231445 -0.00120727
v -0.002299739 0.0008189279 -0.001254376
v -0.002229518 0.001410223 -0.001221981
v -0.002215676 0.0007041891 -0.001265012
v -0.002255568 0.0007518288 -0.001257315
v -0.002192202 0.001419802 -0.00124792
v -0.002235721 0.0007006411 -0.001196172
v -0.002291344 0.0007946389 -0.001196414
v -0.002153257 0.0006464107 -0.001286748
v -0.002169924 0.00142212 -0.001266044
v -0.002105294 0.0005879666 -0.001267327
v -0.002146668 0.000575147 -0.001204482
v -0.002165878 0.001427012 -0.001213076
v -0.00214195 0.001441608 -0.001143547
v -0.002038133 0.0005299718 -0.001281579
v -0.002134516 0.001424774 -0.001268373
v -0.002010857 0.0003298054 -0.001178766
v -0.002002373 0.000360126 -0.001197862
v -0.002090602 0.001426629 -0.001287121
v -0.002046433 0.0003289573 -0.001155786
v -0.002067412 0.0004603559 -0.001202272
v -0.002104186 0.001430181 -0.00121959
v -0.001967358 0.0003001049 -0.001192921
v -0.002003162 0.0003960769 -0.001213785
v -0.001957442 0.0004800525 -0.001308004
v -0.002008162 0.001426134 -0.001268571
v -0.001853071 0.0001884542 -0.001233615
v -0.001948084 0.0003356567 -0.001221746
v -0.001961783 0.0003785711 -0.001232315
v -0.001930772 0.0004459008 -0.001298649
v -0.001970348 0.0004338761 -0.001259735
v -0.001821185 0.0001312372 -0.001243591
v -0.001829274 0.0002227808 -0.001273649
v -0.001896801 0.0004015178 -0.001300927
v -0.001868638 0.001405052 -0.001225629
v -0.001774903 -0.000120736 -0.001237435
v -0.001819195 0.00008502595 -0.001229751
v -0.001824322 0.0002778579 -0.001306645
v -0.001871804 0.0003345781 -0.001284752
v -0.001816447 -0.0001015036 -0.001194703
v -0.001832593 -0.00001271972 -0.001188236
v -0.001895404 0.0002749616 -0.001235665
v -0.00192163 0.0003612653 -0.001254323
v -0.001891397 0.001410554 -0.00114699
v -0.001768571 -0.0001529945 -0.001241933
v -0.001765676 -0.0001009326 -0.001251033
v -0.001789386 0.00001507834 -0.001245588
v -0.001773322 0.001382338 -0.00124254
v -0.001707647 -0.0003848213 -0.001240948
v -0.001718033 -0.0003126448 -0.001263639
v -0.001747224 -0.0002236702 -0.001255349
v -0.001748853 -0.0000597678 -0.001279722
v -0.001711866 0.001363567 -0.001202815
v -0.001767922 -0.000353925 -0.001193556
v -0.001786352 -0.0002772304 -0.001202569
v -0.001804556 -0.0001949809 -0.001198577
v -0.001788538 -0.00005091977 -0.001231665
v -0.001643555 -0.0004459882 -0.001273694
v -0.001642064 0.001346077 -0.001243496
v -0.001597887 0.001327525 -0.001207019
v -0.001568008 0.001354783 -0.001271563
v -0.001567994 -0.0005286185 -0.001291706
v -0.00156375 0.001320716 -0.001207812
v -0.001566073 0.001362396 -0.001240152
v -0.001562676 0.001358225 -0.001266605
v -0.001532384 -0.0005782013 -0.001279778
v -0.001525547 0.001318772 -0.001210925
v -0.001561775 0.001357839 -0.00125494
v -0.001557381 -0.0006243454 -0.001190392
v -0.001573908 -0.0005757206 -0.001226788
v -0.001494423 -0.0006047187 -0.001305381
v -0.001470648 0.001312906 -0.001250472
v -0.001429541 -0.0006973377 -0.001251465
v -0.001456093 -0.0006518285 -0.001300437
v -0.001495229 -0.0006711828 -0.001206296
v -0.001517269 -0.0006176621 -0.001251949
v -0.001365572 -0.0007179531 -0.001259568
v -0.001403959 0.001306935 -0.001216323
v -0.001309299 -0.0007123984 -0.001224544
v -0.001308441 0.001302834 -0.001221947
v -0.001266262 -0.0006821692 -0.001258008
v -0.001224085 -0.0006274098 -0.001274674
v -0.001183938 -0.0005666744 -0.001289542
v -0.001227499 0.001303577 -0.001234279
v -0.00127688 -0.0006877124 -0.001191362
v -0.00115822 -0.0004978438 -0.001229494
v -0.001194836 0.001298546 -0.001292046
v -0.001119993 -0.0004491687 -0.001276183
v -0.001077121 -0.0003823075 -0.001290402
v -0.0011379 0.001311163 -0.001298376
v -0.001080913 0.001334839 -0.001260705
v -0.001160259 0.001316935 -0.001228204
v -0.001047055 -0.0003069988 -0.001243939
v -0.001003867 0.00136008 -0.00125835
v -0.001003126 -0.000242892 -0.001265417
v -0.001052843 0.001349141 -0.001210101
v -0.0009774555 -0.0001655722 -0.001209438
v -0.0009227869 0.001380276 -0.001279847
v -0.0009390272 -0.0001221134 -0.001260276
v -0.0008904394 -0.00003737496 -0.001278562
v -0.0008988767 0.001383672 -0.001225614
v -0.0008608692 0.00004052946 -0.00124901
v -0.0008215382 0.001393177 -0.001264552
v -0.0008318263 0.00009547751 -0.00125605
v -0.0007950361 0.0001745139 -0.00125239
v -0.0008531791 0.00009472672 -0.001190633
v -0.0007693873 0.0002456348 -0.001231729
v -0.0007472709 0.001392064 -0.001239657
v -0.0007397428 0.0002812855 -0.001271385
v -0.0006978858 0.0003776111 -0.001269934
v -0.0006734079 0.0004570424 -0.001244246
v -0.0007596358 0.0003025637 -0.00119102
v -0.0006625583 0.0005247463 -0.00120342
v -0.0006479078 0.001375998 -0.001197871
v -0.000629566 0.0005712272 -0.001249572
v -0.0005948681 0.0006774839 -0.001253754
v -0.000574964 0.0007847648 -0.001224436
v -0.0005688745 0.001386598 -0.001304229
v -0.0006713824 0.001375935 -0.001124448
v -0.0005573495 0.0008520309 -0.001222762
v -0.0005112404 0.001376236 -0.001312608
v -0.000533836 0.000865128 -0.001278956
v -0.0005096737 0.0009802944 -0.001254882
v -0.0004890014 0.001088122 -0.001238038
v -0.0005004876 0.001362627 -0.001290041
v -0.0005461287 0.0009299819 -0.001195541
v -0.000537095 0.001008463 -0.001167748
v -0.0005383128 0.00135585 -0.00125487
v -0.0004750277 0.001151965 -0.001246121
v -0.0004849163 0.001332692 -0.001287839
v -0.0004503114 0.001172971 -0.001300864
v -0.0004550677 0.001263586 -0.001304477
v -0.000483833 0.001219034 -0.001235231
v -0.000507031 0.001295166 -0.001232899
v -0.002328743 0.0008629507 -0.001159835
v -0.00234454 0.001332423 -0.001224509
v -0.002469035 0.001283095 -0.001052153
v -0.002317916 0.0008368471 -0.001161293
v -0.00233517 0.0008830823 -0.00115737
v -0.002362662 0.001290858 -0.001199414
v -0.002290324 0.001369772 -0.001165574
v -0.002281301 0.000702418 -0.001105586
v -0.002306412 0.0007940226 -0.001131836
v -0.002350942 0.000937648 -0.001148342
v -0.002368835 0.001062965 -0.001151308
v -0.002370351 0.001178415 -0.001144799
v -0.002354258 0.001271751 -0.001144918
v -0.002332414 0.000865821 -0.001138229
v -0.002373463 0.001036489 -0.001078748
v -0.002374229 0.001125827 -0.001081021
v -0.002368335 0.001193077 -0.001067325
v -0.002336284 0.001323065 -0.001162752
v -0.002227702 0.0006285983 -0.001138684
v -0.002226442 0.001409838 -0.001129145
v -0.002205066 0.0005396074 -0.001117117
v -0.002182037 0.001437348 -0.001128096
v -0.002138417 0.000495796 -0.001160312
v -0.002163049 0.001457316 -0.001089124
v -0.002067773 0.0003167516 -0.001135063
v -0.002112208 0.000445046 -0.001158423
v -0.002148966 0.001454518 -0.001083962
v -0.002118805 0.0003179077 -0.001096639
v -0.002164238 0.0003943441 -0.001095334
v -0.002159961 0.0004539395 -0.001122377
v -0.002167376 0.001433957 -0.001058653
v -0.002027103 0.0002802493 -0.001142224
v -0.002078646 0.0003459143 -0.001141309
v -0.002084721 0.0004195233 -0.001168928
v -0.002084619 0.00143521 -0.001136294
v -0.002049821 0.0003787875 -0.00117548
v -0.002078972 0.0002303933 -0.001076466
v -0.00211003 0.000393211 -0.001137663
v -0.001953831 0.0002474349 -0.001176164
v -0.001967137 0.001422425 -0.001134934
v -0.001883426 -0.00009192334 -0.00112496
v -0.001879473 -0.0000314611 -0.00113488
v -0.001909456 0.0002047786 -0.001190031
v -0.001908057 0.001416887 -0.001093738
v -0.001936769 -0.0002943225 -0.001054012
v -0.00193315 -0.0001222975 -0.001074869
v -0.001977631 0.0001799888 -0.001124075
v -0.0018656 -0.0001630182 -0.001139638
v -0.001882996 0.00002726365 -0.001142637
v -0.001876793 0.0001339125 -0.001188828
v -0.001870669 0.001407961 -0.001119032
v -0.001814891 -0.0003817309 -0.001133155
v -0.001831109 -0.000320109 -0.001146813
v -0.001847565 -0.0002460373 -0.001149079
v -0.00185132 0.00005723353 -0.001185585
v -0.001851045 0.001401844 -0.001153058
v -0.001880949 -0.0003551544 -0.00108426
v -0.001882934 -0.0002897701 -0.00110689
v -0.001914811 -0.0002190022 -0.001087827
v -0.001919673 0.00008841959 -0.001129134
v -0.001742656 -0.0004344314 -0.001168682
v -0.00179358 0.001387486 -0.00115866
v -0.001719687 0.001369736 -0.001113921
v -0.00165453 -0.0005215228 -0.001188279
v -0.001636687 0.00134082 -0.001159798
v -0.001590236 -0.0006272332 -0.001148341
v -0.001614658 -0.0005905294 -0.001160618
v -0.001601384 0.001323431 -0.001177747
v -0.001567106 0.001368156 -0.001235337
v -0.001633132 -0.0006305749 -0.001094597
v -0.001676731 -0.0005668018 -0.001115869
v -0.001556217 -0.0006621457 -0.001145886
v -0.001581036 0.001318719 -0.001184337
v -0.001567657 0.001372289 -0.001222618
v -0.001565952 0.001368908 -0.001233435
v -0.001511915 -0.0006970576 -0.00114678
v -0.001552018 0.0013198 -0.001169129
v -0.001566602 0.001370435 -0.001226607
v -0.001553605 -0.000710876 -0.001080734
v -0.001588908 0.001324364 -0.001157238
v -0.00156766 0.001373742 -0.001221046
v -0.001448039 -0.0007284235 -0.001144809
v -0.001479786 0.001319734 -0.001159502
v -0.001491895 -0.0007658248 -0.001062579
v -0.001356418 -0.0007261307 -0.001156466
v -0.001383447 0.00131767 -0.001138093
v -0.001304088 -0.0007028885 -0.001146982
v -0.001272405 -0.0006707758 -0.001139741
v -0.001307732 0.001318722 -0.001127102
v -0.001243885 -0.0006337696 -0.001174834
v -0.001196451 -0.0005483861 -0.001182467
v -0.001257879 -0.00063023 -0.001097101
v -0.001163749 -0.0004717184 -0.001153111
v -0.001222369 0.001321146 -0.001152285
v -0.001133136 -0.0004219103 -0.001171428
v -0.001092671 -0.000361415 -0.001197181
v -0.001149677 -0.0004169684 -0.001100775
v -0.001064491 -0.0002755316 -0.001128322
v -0.001093246 0.001345185 -0.001149397
v -0.00101639 -0.0002057601 -0.001155724
v -0.001026804 0.001357777 -0.001191123
v -0.0009830527 -0.0001335603 -0.001133223
v -0.0009692503 0.001370751 -0.0012078
v -0.0009544495 -0.00009178525 -0.001155762
v -0.00091767 -0.00002641217 -0.001170241
v -0.0008809934 0.00004329315 -0.00117991
v -0.0009475588 0.001375456 -0.001163057
v -0.0009695299 -0.00008362367 -0.001089874
v -0.001007182 0.001364026 -0.00115407
v -0.0008646072 0.0001206009 -0.001115417
v -0.0008647968 0.001385573 -0.001164555
v -0.0008287373 0.0001747472 -0.00115294
v -0.0007887293 0.0002680732 -0.001151849
v -0.0007653809 0.0003429572 -0.001130615
v -0.0007686593 0.001388825 -0.001133341
v -0.0007360228 0.0003796599 -0.001169341
v -0.0006970252 0.0004778899 -0.001164854
v -0.0007057335 0.001385008 -0.001125292
v -0.0007575363 0.0004016334 -0.00108983
v -0.0007483063 0.001390339 -0.001084746
v -0.0006763729 0.000557125 -0.001136423
v -0.0007043121 0.00138161 -0.001077613
v -0.000653337 0.000601142 -0.001154544
v -0.0006284481 0.0006769308 -0.001156737
v -0.000603673 0.0007774041 -0.001145692
v -0.0005775503 0.0008845578 -0.001141407
v -0.0005611552 0.000991255 -0.001117347
v -0.0006389564 0.001349168 -0.001090646
v -0.0006723752 0.0006097804 -0.001096651
v -0.0005473341 0.001056927 -0.001117128
v -0.0005701964 0.001323815 -0.001172958
v -0.0005237041 0.001084718 -0.001165314
v -0.0005046387 0.001163495 -0.001189493
v -0.0005316956 0.00124891 -0.001160792
v -0.0005478124 0.001114076 -0.001097498
v -0.0005776164 0.001294263 -0.00110897
v -0.00246904 0.001283095 -0.001052148
v -0.002469035 0.00128309 -0.001052148
v -0.002469035 0.001283099 -0.001052148
v -0.002391542 0.001019257 -0.001011107
v -0.00238859 0.001103092 -0.00101636
v -0.002378474 0.001166838 -0.001027291
v -0.00246903 0.001283095 -0.001052148
v -0.002469035 0.001283095 -0.001052144
v -0.002369859 0.0009609423 -0.001064932
v -0.002367627 0.001226331 -0.001008287
v -0.002317779 0.000688952 -0.001040411
v -0.002331508 0.0007767048 -0.001058635
v -0.002350023 0.0008736994 -0.001078666
v -0.002351805 0.001253261 -0.001074679
v -0.002315727 0.001326704 -0.001091371
v -0.002325865 0.0003232001 -0.0009604586
v -0.002348132 0.0004139194 -0.0009655033
v -0.002358023 0.0005958031 -0.0009751023
v -0.002355863 0.0006725679 -0.0009875123
v -0.002268137 0.0006190279 -0.001078789
v -0.002253777 0.001384134 -0.001080086
v -0.002179574 0.0003012362 -0.001046828
v -0.002201615 0.0003553407 -0.001052367
v -0.002227443 0.0004539822 -0.001064928
v -0.002265678 0.0005444731 -0.00105644
v -0.002232595 0.001390359 -0.001016656
v -0.002171659 0.001466491 -0.001056048
v -0.002237049 0.0002823411 -0.0009992915
v -0.002276689 0.0003878736 -0.001008087
v -0.002316116 0.0005026314 -0.001001485
v -0.00231269 0.0006044135 -0.001022511
v -0.002281283 0.001355983 -0.00102542
v -0.002155979 0.0002545743 -0.001038003
v -0.002188528 0.00140412 -0.0009737672
v -0.002171109 0.001471745 -0.001037402
v -0.002166514 0.001473262 -0.001050323
v -0.002126747 0.0001980418 -0.001023419
v -0.002118503 0.001423813 -0.0009916998
v -0.002167022 0.001470815 -0.001042682
v -0.002188298 0.0002047618 -0.000988913
v -0.002066513 0.0001569494 -0.001040762
v -0.002056598 0.001430563 -0.001047305
v -0.001984664 -0.0003239654 -0.0009935086
v -0.001998956 -0.0001046965 -0.001014814
v -0.002031751 -0.0001458691 -0.0009852662
v -0.001935121 -0.0003523781 -0.001035037
v -0.001988191 -0.0002661 -0.001011056
v -0.001974888 -0.0001727865 -0.001035051
v -0.001973642 -0.00006285137 -0.001038027
v -0.001997883 0.00009880458 -0.00106314
v -0.001961236 0.001430034 -0.001017586
v -0.001911023 -0.0003931609 -0.001032811
v -0.00196508 -0.0002340366 -0.001039855
v -0.001931252 -0.00004640292 -0.001080386
v -0.001942222 0.00002697419 -0.001084671
v -0.001894899 0.001418761 -0.00104777
v -0.001953554 -0.0003785206 -0.0009979372
v -0.002011503 -0.0002095206 -0.0009979879
v -0.00198751 -0.000007592813 -0.001032204
v -0.002010176 0.00004682214 -0.001027586
v -0.001967167 0.001439205 -0.000977817
v -0.001843448 -0.0004326178 -0.001066113
v -0.001872313 0.001410911 -0.001086215
v -0.001839127 0.001401918 -0.001106388
v -0.001856466 0.001410404 -0.001056165
v -0.001755447 -0.0005132623 -0.001083597
v -0.001798996 0.001397664 -0.001056127
v -0.001699353 -0.0006257936 -0.001025535
v -0.001719827 -0.0005803594 -0.001053276
v -0.001719451 0.001384176 -0.00102268
v -0.001759626 -0.0005961723 -0.0009891932
v -0.001784273 -0.0005515239 -0.001011627
v -0.001650985 -0.0006751643 -0.001020724
v -0.001658781 0.001359047 -0.001078391
v -0.001608387 -0.0007297338 -0.0009937587
v -0.001536463 -0.0007645463 -0.00101466
v -0.001572072 0.00134102 -0.001091772
v -0.001493801 -0.0007873927 -0.001025014
v -0.001477219 -0.0007877601 -0.001042714
v -0.00145171 0.00134468 -0.001036303
v -0.001454314 -0.0007723391 -0.001041609
v -0.00147809 -0.0007919297 -0.001021983
v -0.001431401 0.001367142 -0.0009453587
v -0.001391975 -0.0007409733 -0.001067627
v -0.001351712 0.001331666 -0.001066634
v -0.001333935 -0.0007089952 -0.001075458
v -0.001289614 -0.000668217 -0.001078355
v -0.001360101 -0.0007170658 -0.001004594
v -0.001266496 -0.0006037169 -0.001016616
v -0.001275187 0.001334682 -0.00106047
v -0.001224975 -0.000551393 -0.001068891
v -0.00118096 -0.0004699605 -0.001083525
v -0.001156149 -0.0003879908 -0.00102347
v -0.001184469 0.001343452 -0.001059577
v -0.001112905 -0.0003339025 -0.001075131
v -0.001075815 -0.0002506475 -0.001044296
v -0.001103305 0.001357861 -0.001044109
v -0.001041829 -0.0001958272 -0.001054528
v -0.0009995472 -0.0001195003 -0.001054678
v -0.001063741 -0.0001991238 -0.000988501
v -0.0009704938 -0.00005303037 -0.001034211
v -0.0009935029 0.001371818 -0.001080859
v -0.0009424745 -0.00001782044 -0.001070993
v -0.0009005685 0.00006820761 -0.001075942
v -0.0009572126 -0.000002984569 -0.0009958509
v -0.0008755332 0.0001456944 -0.001042104
v -0.0008768182 0.001388573 -0.001055768
v -0.0008505917 0.0001977248 -0.001051496
v -0.0008192699 0.0002748716 -0.001052773
v -0.0007850062 0.0003661598 -0.001051359
v -0.0008000139 0.001392704 -0.001061199
v -0.0008693003 0.0001970286 -0.0009896364
v -0.000840691 0.001395282 -0.001009851
v -0.0007643597 0.0004424932 -0.001030296
v -0.0007734618 0.001393425 -0.001017151
v -0.0007359111 0.0004787566 -0.001068441
v -0.0006999607 0.0005741055 -0.001063654
v -0.0007576966 0.0005008985 -0.0009909647
v -0.0006796339 0.0006482524 -0.001043828
v -0.0007049324 0.001378946 -0.001011225
v -0.0006561169 0.0006696011 -0.001085466
v -0.0006382425 0.0007670481 -0.00105232
v -0.0006113101 0.0008758967 -0.001047455
v -0.0005900928 0.0009829733 -0.00104291
v -0.0005720932 0.001085666 -0.001049432
v -0.0006037633 0.001285354 -0.001034317
v -0.0006587559 0.001349312 -0.0009917611
v -0.0006695702 0.0007161258 -0.001008985
v -0.0006608789 0.0007860581 -0.0009702373
v -0.0007040083 0.001380364 -0.0009502388
v -0.0005640412 0.001161327 -0.001054972
v -0.0005615481 0.001247554 -0.001091953
v -0.0005408187 0.001178403 -0.001113274
v -0.0005710327 0.00121755 -0.001051817
v -0.002522638 0.0005614698 -0.0008463534
v -0.00239033 0.0002675341 -0.0009093183
v -0.002387686 0.0003579825 -0.000931251
v -0.002407218 0.0005972711 -0.0009331627
v -0.002392769 0.0006577286 -0.0009477282
v -0.002414777 0.0009898563 -0.0009590529
v -0.002421975 0.001084934 -0.0009362443
v -0.002396517 0.001173592 -0.0009600989
v -0.002478334 0.000475557 -0.0008812625
v -0.002463253 0.0005820626 -0.0008903088
v -0.00245533 0.0008104175 -0.0008970228
v -0.002473055 0.0009164025 -0.0008796234
v -0.002457734 0.001005414 -0.0008932819
v -0.002464948 0.001096038 -0.0008638151
v -0.00230878 0.0002365057 -0.0009417387
v -0.002410152 0.0004335885 -0.000926263
v -0.002372521 0.0005391341 -0.0009592329
v -0.002401249 0.0007324038 -0.0009468878
v -0.00238609 0.000932107 -0.001010125
v -0.00238082 0.001252469 -0.0009225047
v -0.0023718 0.0004813996 -0.0009569675
v -0.002362267 0.0007539875 -0.0009982806
v -0.00237439 0.0008417654 -0.001006632
v -0.002330729 0.001302376 -0.0009936695
v -0.002339205 0.00003984475 -0.0008466642
v -0.002345885 0.0001182297 -0.0008768487
v -0.00235324 0.0001889456 -0.0009029328
v -0.002416001 0.0005182533 -0.0009259572
v -0.002401381 0.0008084234 -0.0009574939
v -0.002421928 0.0009014327 -0.0009430745
v -0.002248573 0.0002051059 -0.0009572288
v -0.002269336 0.001363103 -0.0009451729
v -0.002213536 0.0001468331 -0.0009424581
v -0.002172047 0.001483718 -0.001030952
v -0.002256582 -0.00001530562 -0.00086064
v -0.002242415 0.00007673247 -0.0008942905
v -0.002287165 0.0001608851 -0.0009183867
v -0.002140654 0.0001470871 -0.000982688
v -0.002206672 0.001392708 -0.0008913485
v -0.002172978 0.001483488 -0.001028357
v -0.00217111 0.00148463 -0.001028206
v -0.002078578 -0.0001274009 -0.0009480242
v -0.002137803 0.00141363 -0.0009338196
v -0.002172041 0.001484401 -0.001025611
v -0.002153317 -0.0001034139 -0.0008953294
v -0.002175683 0.00001464919 -0.0009020506
v -0.002173062 0.001488779 -0.001021764
v -0.002070826 -0.0001755924 -0.0009477976
v -0.002063107 -0.00008972778 -0.0009626732
v -0.002078878 0.00008696134 -0.0009911193
v -0.002044515 0.001430807 -0.0009403602
v -0.00199572 -0.0003760282 -0.0009462018
v -0.002033536 -0.00032335 -0.0009362123
v -0.00204132 -0.0002583131 -0.0009557107
v -0.002027081 -0.00004285085 -0.0009938538
v -0.002052435 0.00001902254 -0.0009842382
v -0.001984736 0.001438426 -0.0009688794
v -0.002054762 -0.0003590847 -0.0008841394
v -0.002086697 -0.0002903114 -0.0008903744
v -0.002113054 -0.0002113914 -0.0008972202
v -0.002097741 -0.00002463197 -0.0009433972
v -0.002122427 0.00004210204 -0.000938686
v -0.001931093 -0.0004320046 -0.0009714643
v -0.001971602 0.001441509 -0.0009618655
v -0.001954229 0.001438595 -0.000955871
v -0.001983093 0.001440813 -0.0009377072
v -0.00185256 -0.0005053561 -0.0009828935
v -0.001882685 0.001424254 -0.0009779251
v -0.001793238 -0.0006117788 -0.000927005
v -0.001821708 -0.0005646224 -0.0009516234
v -0.001726795 -0.0006455182 -0.0009674747
v -0.001785994 0.001412916 -0.0009511543
v -0.001707282 0.001402313 -0.0009337807
v -0.001682973 -0.0006970866 -0.0009521328
v -0.001644362 0.00137405 -0.001001592
v -0.00164602 -0.000737929 -0.0009335116
v -0.001697504 -0.0007172402 -0.0008991052
v -0.001584939 -0.0007686046 -0.0009420268
v -0.001562028 0.00137245 -0.000968122
v -0.00149119 0.001371732 -0.0009452074
v -0.001536428 0.001389647 -0.0008996635
v -0.001496504 -0.0007869705 -0.0009588167
v -0.001473883 0.0013917 -0.0008737576
v -0.001412416 -0.0007506283 -0.0009622303
v -0.001398377 0.001379116 -0.0008964367
v -0.001507332 -0.0008067237 -0.0008630818
v -0.0013578 -0.0006952212 -0.0009211405
v -0.001343077 0.001355946 -0.0009730803
v -0.001314182 -0.0006597865 -0.0009825695
v -0.001341241 0.001380486 -0.0008824327
v -0.001279922 -0.0005754407 -0.0009160012
v -0.001244697 0.001351833 -0.0009933542
v -0.001239838 -0.0005168125 -0.0009496994
v -0.001195149 -0.0004386754 -0.0009736832
v -0.001163634 -0.0003594409 -0.000946436
v -0.00116883 0.001361952 -0.0009760068
v -0.00113308 -0.0003102448 -0.0009632901
v -0.00109609 -0.0002493058 -0.0009750501
v -0.001151221 -0.0003056685 -0.0008942941
v -0.001073801 -0.0001751752 -0.0009125844
v -0.001075925 0.00137391 -0.0009734353
v -0.001032476 -0.0001231148 -0.0009548131
v -0.0009862635 -0.00003789156 -0.0009591329
v -0.0009588533 0.00002944909 -0.0009396282
v -0.0009768781 0.001387338 -0.000968781
v -0.0009306181 0.00006805158 -0.0009749947
v -0.0008948672 0.0001454735 -0.0009785695
v -0.0008980517 0.001394624 -0.0009776745
v -0.0009471766 0.00008522604 -0.0008947754
v -0.0009381294 0.001397747 -0.0009227262
v -0.0008796658 0.0002226506 -0.0009198409
v -0.0008617464 0.001400916 -0.0009353239
v -0.0008486353 0.0002743701 -0.0009565246
v -0.0008153724 0.0003698433 -0.0009529006
v -0.0007834121 0.0004650659 -0.0009524065
v -0.000764296 0.0005411562 -0.0009336825
v -0.0007699779 0.001397442 -0.0009284997
v -0.0007371188 0.0005754927 -0.0009721355
v -0.0007027931 0.0006720424 -0.0009647948
v -0.0006834346 0.0007543262 -0.0009371141
v -0.0007241202 0.001388584 -0.0008887647
v -0.0007573655 0.0005970914 -0.0008983351
v -0.0006735881 0.0008241209 -0.000900422
v -0.0006809537 0.001363564 -0.000922103
v -0.0006434435 0.0008695963 -0.0009519549
v -0.0006198913 0.0009756244 -0.0009531007
v -0.0006049778 0.001084685 -0.0009554998
v -0.0006008437 0.001203804 -0.0009737045
v -0.000643436 0.001312276 -0.0009354754
v -0.002585643 0.0005431853 -0.0007950685
v -0.002535372 0.0004955129 -0.0008402624
v -0.002563788 0.0006216089 -0.0008096782
v -0.002523279 0.0004429782 -0.0008506982
v -0.002504951 0.0007958075 -0.0008493603
v -0.002522003 0.0008783436 -0.0008313778
v -0.002512872 0.000980815 -0.0008320041
v -0.002499155 0.001056468 -0.0008338312
v -0.002542395 0.0001160424 -0.0007705271
v -0.002566494 0.0002141623 -0.0007808707
v -0.002582339 0.0003103269 -0.0007862868
v -0.002591438 0.0003915628 -0.0007888808
v -0.002567429 0.0004522449 -0.0008139262
v -0.002566157 0.0007011944 -0.0008023106
v -0.002561719 0.0007988046 -0.0008001245
v -0.00257997 0.0008821561 -0.000778507
v -0.002540514 0.001153206 -0.000739406
v -0.002499633 0.0004129835 -0.0008662031
v -0.002512241 0.0006483711 -0.0008496876
v -0.002479174 0.0007572614 -0.0008724395
v -0.002501534 0.001126614 -0.0008057934
v -0.002410484 0.00001719699 -0.0008063883
v -0.002416309 0.00008206853 -0.000833987
v -0.00242336 0.0001707766 -0.0008640947
v -0.002461167 0.0002506694 -0.0008665068
v -0.002461037 0.0003562154 -0.0008842417
v -0.002451123 0.0006898809 -0.000897957
v -0.002444117 0.001193667 -0.0008436596
v -0.002483106 0.0000448863 -0.0007824
v -0.002476847 0.0001170519 -0.0008181977
v -0.00250135 0.0001885198 -0.0008257672
v -0.002520002 0.0002808982 -0.0008336498
v -0.002535912 0.0003775405 -0.0008356426
v -0.002511599 0.0007321534 -0.0008456159
v -0.002496933 0.001178357 -0.0007785032
v -0.002422649 0.001370505 -0.0007323209
v -0.002350288 -0.00003286511 -0.0008090094
v -0.002399656 0.001283754 -0.0008383808
v -0.002345386 0.001320237 -0.0008848379
v -0.002389891 0.001342726 -0.0007805544
v -0.002403863 0.001365026 -0.000741502
v -0.002273611 -0.00008914461 -0.0008241967
v -0.002298943 0.001365127 -0.0008241946
v -0.002228923 -0.0001408021 -0.0008287313
v -0.002195765 0.00007537704 -0.0009009624
v -0.002287024 -0.0001384598 -0.0007914204
v -0.002181341 -0.0001879967 -0.0008438985
v -0.002192239 0.00006028013 -0.0008971483
v -0.002167652 0.00008888828 -0.0009283676
v -0.002213483 0.001393723 -0.0007988081
v -0.00207138 -0.0004003162 -0.0008241415
v -0.002129017 -0.0003308452 -0.0008151981
v -0.002147912 -0.0002549903 -0.0008427785
v -0.002167284 0.00005700668 -0.0009089333
v -0.002134118 0.001413563 -0.0008635632
v -0.002181693 -0.0003126294 -0.0007734143
v -0.002180507 0.00007167071 -0.0009034959
v -0.002006462 -0.000425523 -0.0008825915
v -0.002067451 0.001430903 -0.0008350488
v -0.001938336 -0.0004989199 -0.000884403
v -0.001963654 0.001444821 -0.0008533698
v -0.001950111 -0.0005480067 -0.0008024102
v -0.001941646 0.001465808 -0.0007499567
v -0.001875081 -0.0005418422 -0.0009130781
v -0.001850966 0.00143621 -0.0008780317
v -0.001822173 -0.0006181 -0.0008792324
v -0.001849576 -0.0005840475 -0.0008902221
v -0.001870904 -0.0006132548 -0.0008153223
v -0.001899311 -0.000557157 -0.0008602586
v -0.00176686 -0.0006639559 -0.0008862392
v -0.001756092 0.001434348 -0.0008384494
v -0.001732357 -0.0007161197 -0.0008473632
v -0.00169126 0.001415286 -0.0008768387
v -0.001800257 -0.0006860483 -0.0007969109
v -0.001659657 -0.0007591214 -0.0008652058
v -0.00164293 0.001397724 -0.0009145858
v -0.001592279 0.001400072 -0.0008858054
v -0.001656196 0.001426819 -0.0008234741
v -0.001667527 0.001447338 -0.0007598844
v -0.001571833 -0.0008018651 -0.0008625017
v -0.001561384 0.001415712 -0.0008233599
v -0.001536376 -0.0008233328 -0.0008186377
v -0.001579181 -0.0008268873 -0.0007900066
v -0.001495803 -0.0008138461 -0.0007970738
v -0.001494996 0.001416594 -0.0007961526
v -0.001450145 -0.0007755648 -0.0008558111
v -0.001391129 -0.0007214985 -0.0008615752
v -0.001356447 -0.0006753862 -0.0008493095
v -0.001404735 0.001405217 -0.000806582
v -0.001322171 -0.00061887 -0.0008527241
v -0.001308803 0.001393896 -0.000830035
v -0.001347062 -0.0006468369 -0.000810538
v -0.001285684 -0.0005432595 -0.0008341218
v -0.001254496 0.001373188 -0.0009082668
v -0.001256549 -0.0004963343 -0.0008540638
v -0.001219525 -0.0004260912 -0.0008655224
v -0.001181606 -0.0003556001 -0.0008779627
v -0.001272008 -0.0004903147 -0.0007891546
v -0.001226897 0.001396216 -0.0008192306
v -0.001159819 -0.0002769462 -0.0008174767
v -0.001152052 0.001381346 -0.0008959442
v -0.0011174 -0.0002265963 -0.0008659074
v -0.001126691 0.001399384 -0.0008202609
v -0.001083378 -0.0001492791 -0.0008371886
v -0.001061677 0.001389476 -0.0008953939
v -0.001052438 -0.00009987964 -0.0008513202
v -0.001013588 -0.00002901973 -0.0008602705
v -0.0009757392 0.00003928332 -0.0008729546
v -0.0009959938 0.001396562 -0.0008922566
v -0.001072604 -0.00009690034 -0.0007845241
v -0.001043822 0.0014013 -0.0008391182
v -0.0009565611 0.0001208655 -0.0008165917
v -0.0009609652 0.001406058 -0.0008465553
v -0.0009167998 0.0001729294 -0.0008693684
v -0.0008868823 0.0002583039 -0.000847952
v -0.0008607208 0.001408373 -0.0008432728
v -0.0008656288 0.0002897541 -0.0008770982
v -0.0008443017 0.0003700821 -0.0008523012
v -0.0008120647 0.0004688956 -0.000853123
v -0.00078122 0.0005641778 -0.0008572322
v -0.0008725467 0.0003251536 -0.0008087874
v -0.0008600649 0.0003911009 -0.0007699216
v -0.0007612869 0.0006392708 -0.0008434898
v -0.0007801827 0.00140345 -0.0008430085
v -0.0007373863 0.0006612486 -0.0008880189
v -0.00071247 0.0007729849 -0.0008411859
v -0.0007365242 0.001392841 -0.0008420579
v -0.0007482072 0.000706129 -0.0008110394
v -0.0007397617 0.0007572166 -0.000780277
v -0.0007607756 0.001394474 -0.0007944626
v -0.0006835756 0.0008677639 -0.0008310739
v -0.000694789 0.001360758 -0.0008393598
v -0.0006621717 0.0008944388 -0.0008711505
v -0.0006458237 0.0009656618 -0.0008700817
v -0.0006331812 0.001074223 -0.0008554602
v -0.0006271183 0.001179492 -0.0008671033
v -0.0006455926 0.001283482 -0.0008531399
v -0.0006707289 0.0009458428 -0.0008032433
v -0.0006563953 0.001033957 -0.0007894328
v -0.0006504908 0.00110661 -0.000775149
v -0.0006683435 0.001334597 -0.0007994102
v -0.00259422 0.00007357115 -0.0006948228
v -0.002601544 0.000158447 -0.0007273831
v -0.002631002 0.0002500245 -0.0007181837
v -0.002634175 0.0003591788 -0.0007368241
v -0.002627981 0.0004626127 -0.0007531791
v -0.002644202 0.0005552747 -0.0007379248
v -0.002630325 0.0006522518 -0.0007473323
v -0.002614502 0.0007521836 -0.0007566121
v -0.00262927 0.0008452095 -0.0007349894
v -0.002573303 0.001154018 -0.0006983615
v -0.002675833 0.0003261033 -0.0006680925
v -0.002675703 0.0004242491 -0.0006855186
v -0.00267853 0.000516509 -0.0006931529
v -0.002682975 0.0006034016 -0.000690248
v -0.002689687 0.0006799254 -0.0006813483
v -0.002657683 0.0009346795 -0.0006924745
v -0.00264886 0.001019128 -0.0006802076
v -0.002630937 0.00108308 -0.0006689223
v -0.002543678 0.0000441105 -0.0007403255
v -0.002612295 0.0009250126 -0.0007435171
v -0.002588695 0.001114399 -0.0007068974
v -0.002553074 0.001180317 -0.0006924124
v -0.002516023 -5.798692e-7 -0.0007362157
v -0.002567561 0.0009560073 -0.0007810705
v -0.002556487 0.001059296 -0.0007682484
v -0.002438555 0.001379759 -0.0007162167
v -0.002558144 0.000009009394 -0.0007029067
v -0.002612643 0.0009957711 -0.0007296254
v -0.002611705 0.001059258 -0.000710904
v -0.002447434 -0.00003678158 -0.000753941
v -0.002494931 0.001222309 -0.0007218427
v -0.002428007 0.001357851 -0.00073257
v -0.00243698 0.001382781 -0.0007139625
v -0.002433668 0.001296545 -0.000757753
v -0.002361549 -0.0001080986 -0.0007606948
v -0.002419866 0.001373254 -0.0007216537
v -0.002318407 -0.0001671221 -0.0007537771
v -0.002372975 0.001361872 -0.0007376248
v -0.002346269 -0.0002686878 -0.0006571756
v -0.002378378 -0.0002219472 -0.000670352
v -0.002380306 -0.0001728759 -0.0007051831
v -0.002423918 0.001355718 -0.0007108702
v -0.002250677 -0.0001916533 -0.0007876888
v -0.00229119 0.001373447 -0.0007274438
v -0.002206977 -0.0003151682 -0.0007462387
v -0.002255639 -0.0003096948 -0.0007019691
v -0.002309328 -0.0002267161 -0.000720704
v -0.002182717 -0.0003441449 -0.0007464953
v -0.002211235 -0.000294143 -0.000757163
v -0.00219844 -0.0002328491 -0.0008074043
v -0.002211822 0.001398291 -0.0007086929
v -0.002125236 -0.0004030866 -0.000753634
v -0.002182789 -0.0002795586 -0.000794481
v -0.002138415 0.001417633 -0.0007719939
v -0.002200117 -0.0003910052 -0.0006796535
v -0.00223392 -0.0002551562 -0.0007627216
v -0.00203665 -0.0004780939 -0.0007791063
v -0.002058882 0.001443247 -0.0007394233
v -0.00200098 -0.0005531891 -0.000722017
v -0.001989632 0.001461169 -0.000742458
v -0.001942227 -0.0005856481 -0.0007566186
v -0.001967664 0.001473335 -0.0006978885
v -0.001918459 -0.0006170853 -0.0007382304
v -0.001920669 0.001476937 -0.0006876903
v -0.00196216 -0.0005957304 -0.0007090109
v -0.001873238 -0.0006582661 -0.0007328904
v -0.00186675 0.001459275 -0.0007694299
v -0.001817065 -0.0007143596 -0.0007153138
v -0.001737224 -0.0007444868 -0.0007806206
v -0.001779081 0.001463232 -0.000722481
v -0.001709129 0.00145113 -0.0007591238
v -0.001654587 -0.0008021306 -0.000769389
v -0.001678608 0.001457416 -0.0007261015
v -0.001603583 -0.0008425563 -0.0007196507
v -0.001626681 0.00144727 -0.0007357359
v -0.001542541 -0.0008366609 -0.0007570665
v -0.001549375 0.001434576 -0.0007486508
v -0.001501731 -0.0008233719 -0.0007137019
v -0.001487941 0.001432595 -0.0007267441
v -0.001455235 -0.0007800579 -0.00074775
v -0.001410308 -0.000727001 -0.00077384
v -0.001370542 -0.0006760674 -0.0007914185
v -0.001343169 -0.0006050585 -0.0007430151
v -0.00141788 0.001429611 -0.0007086351
v -0.001301001 -0.0005274522 -0.0007544039
v -0.001273805 -0.0004599218 -0.000733875
v -0.001320075 0.001416634 -0.0007378193
v -0.001245305 -0.0004195826 -0.0007661886
v -0.001199862 -0.0003265913 -0.0007698059
v -0.001262762 -0.0004069242 -0.0006885137
v -0.001169241 -0.000246123 -0.0007391916
v -0.001202385 0.00141488 -0.0007333831
v -0.001139431 -0.0002003879 -0.0007564042
v -0.001103828 -0.0001433307 -0.0007683884
v -0.00115785 -0.0001921474 -0.0006899733
v -0.00108406 -0.00006704554 -0.0007073638
v -0.00107496 0.001413211 -0.0007522681
v -0.001043483 -0.00001904081 -0.0007546206
v -0.0009954943 0.00007362033 -0.0007659977
v -0.0009674287 0.0001557663 -0.0007379541
v -0.000955631 0.001413702 -0.0007485585
v -0.0009396077 0.0002045073 -0.0007575868
v -0.0009037558 0.0002836149 -0.0007644438
v -0.0008798285 0.0003612537 -0.000740661
v -0.0009590436 0.0002124947 -0.000690577
v -0.0008681188 0.0004283426 -0.0006995245
v -0.0008453308 0.001407437 -0.0007555689
v -0.0008396017 0.0004732586 -0.0007482574
v -0.0008073451 0.0005701142 -0.0007576203
v -0.000776213 0.0006631278 -0.00076598
v -0.0007559095 0.0007377882 -0.0007509558
v -0.0007898475 0.001391036 -0.000725616
v -0.0007393737 0.0008089915 -0.0007205391
v -0.0007356946 0.001375312 -0.0007607554
v -0.0007036312 0.0009013296 -0.0007409033
v -0.0006830384 0.001011647 -0.0007208242
v -0.0006704855 0.001096935 -0.0007195539
v -0.0006934395 0.001348167 -0.0007621976
v -0.0006623489 0.001155246 -0.0007327334
v -0.0006692863 0.001337933 -0.0007725579
v -0.000646111 0.001166671 -0.0007881286
v -0.0006523508 0.001248471 -0.0007884047
v -0.0006611901 0.001312077 -0.000781342
v -0.000672696 0.001222308 -0.00072364
v -0.000686078 0.001302427 -0.0007327588
v -0.0006728984 0.001331332 -0.0007591522
v -0.00270315 0.0002945965 -0.0005897867
v -0.002703717 0.0003972202 -0.0006143127
v -0.002705522 0.0004915476 -0.0006327027
v -0.002707093 0.0005667754 -0.0006472176
v -0.00271873 0.0006537709 -0.0006271311
v -0.002701827 0.0009079634 -0.0006378277
v -0.002680767 0.0009779894 -0.0006470486
v -0.002666737 0.001037857 -0.0006357036
v -0.00273952 0.0007512175 -0.0005888137
v -0.002745478 0.0008226577 -0.0005833881
v -0.002730467 0.000881836 -0.0005930242
v -0.002675762 0.0002444521 -0.0006485484
v -0.00271549 0.0007316887 -0.0006441214
v -0.002682453 0.0008540283 -0.0006775823
v -0.0026415 0.001090757 -0.0006292533
v -0.00258618 -0.000005170531 -0.0006413818
v -0.002639397 0.00006610181 -0.0006071593
v -0.002650369 0.0001588682 -0.0006549716
v -0.002673847 0.0007616138 -0.0006959513
v -0.002595701 0.001142931 -0.0006548482
v -0.002680605 0.000139411 -0.0005720803
v -0.002689491 0.0002081557 -0.0005999333
v -0.002720538 0.0008157681 -0.0006301652
v -0.002662992 0.001054035 -0.0006022887
v -0.002524135 -0.00004405678 -0.0006896586
v -0.002543299 0.001198234 -0.0006494634
v -0.002444775 0.001386857 -0.0007068483
v -0.002461137 -0.0001163662 -0.0006833649
v -0.002487321 0.001243936 -0.0006355344
v -0.002441186 0.001379134 -0.0007094874
v -0.002439622 0.001382146 -0.0007072224
v -0.002393093 -0.0002856897 -0.0005942653
v -0.002406139 -0.0002435325 -0.0006270402
v -0.002443118 -0.0001928543 -0.0006384674
v -0.002441187 0.001294892 -0.0006812839
v -0.002441813 0.001380568 -0.000704692
v -0.002499961 -0.0001521448 -0.0006197237
v -0.002446202 0.001386972 -0.000703697
v -0.002330074 -0.0003169181 -0.0006236443
v -0.00236939 0.00134123 -0.0006654611
v -0.002282109 -0.0003698452 -0.0006124808
v -0.002274546 0.001373851 -0.0006329905
v -0.002224513 -0.0004423199 -0.0005855093
v -0.002217958 0.001398759 -0.000579758
v -0.002128847 -0.0004691189 -0.000669813
v -0.002204168 0.001404339 -0.0006411346
v -0.002145453 0.001423186 -0.0006812031
v -0.002161689 -0.000497757 -0.0005833612
v -0.002164812 0.001421266 -0.000610072
v -0.002059982 -0.000519838 -0.0006902918
v -0.002090835 0.001446753 -0.0006188793
v -0.002005569 -0.0005897824 -0.0006504458
v -0.002039731 -0.0005519987 -0.0006683538
v -0.002016183 0.001466191 -0.0006713949
v -0.002087647 -0.0005426092 -0.0006104317
v -0.001936718 -0.0006318011 -0.000681238
v -0.001969625 0.001480556 -0.000640629
v -0.001922807 0.001484817 -0.0006135436
v -0.001964596 -0.0006440423 -0.0006081274
v -0.001890311 -0.0006850053 -0.0006519649
v -0.001855465 0.00147687 -0.0006609246
v -0.001838278 -0.0007307067 -0.0006474847
v -0.001875007 -0.0007176591 -0.0006114428
v -0.001761515 -0.0007756531 -0.0006775649
v -0.001770399 0.001475386 -0.0006236188
v -0.001717743 0.001466494 -0.0006927655
v -0.00167983 -0.0008353915 -0.0006649874
v -0.001673853 0.001463906 -0.0006903968
v -0.001622475 -0.0008683581 -0.0006344497
v -0.001651139 0.001464018 -0.000659617
v -0.001645927 -0.0008977698 -0.0005548122
v -0.001684396 -0.0008684595 -0.0005935942
v -0.001698306 0.001471178 -0.0006457335
v -0.001556894 -0.0008534165 -0.0006750549
v -0.001578636 0.001453516 -0.0006618476
v -0.001512717 -0.0008341436 -0.0006258998
v -0.001486897 0.001447344 -0.0006385705
v -0.001466381 -0.0007851963 -0.0006534353
v -0.001423785 -0.0007217831 -0.0006713814
v -0.001382962 -0.0006592382 -0.0006996123
v -0.001479473 -0.0007952183 -0.0005799692
v -0.001359808 -0.0005766684 -0.0006308071
v -0.001394026 0.001439459 -0.0006342605
v -0.001323926 -0.0005134956 -0.0006542958
v -0.001289828 -0.0004509139 -0.0006686684
v -0.001271662 -0.0003741248 -0.0006126793
v -0.001290228 0.001431972 -0.0006374323
v -0.001234561 -0.000326826 -0.000659716
v -0.001189017 -0.0002336249 -0.0006612782
v -0.00116225 -0.000164348 -0.0006365061
v -0.00117711 0.001426526 -0.0006413957
v -0.001129253 -0.0001149871 -0.0006555099
v -0.001155272 -0.0001294811 -0.0006058131
v -0.001095242 -0.00003316076 -0.0006278839
v -0.001059179 0.001420333 -0.0006459373
v -0.001064567 0.00001181035 -0.0006492813
v -0.001027674 0.00008338534 -0.0006589508
v -0.0009880723 0.0001726256 -0.0006580799
v -0.001083934 0.00002228968 -0.0005816139
v -0.0009646248 0.0002474084 -0.0006326825
v -0.0009362299 0.001408122 -0.0006500547
v -0.0009363007 0.000286617 -0.000666028
v -0.0008990018 0.0003813431 -0.0006602323
v -0.0009560219 0.0003030702 -0.0005909413
v -0.0009502312 0.001397791 -0.0005640308
v -0.0008780856 0.0004604706 -0.0006298847
v -0.0008454928 0.00139852 -0.0006832476
v -0.0008567895 0.0005063923 -0.0006481232
v -0.0008309808 0.0005799314 -0.0006585298
v -0.0008011447 0.0006699342 -0.0006657864
v -0.0007711931 0.0007496636 -0.0006808937
v -0.0008094331 0.001384548 -0.0006759014
v -0.0008723964 0.0005146902 -0.0005862277
v -0.0008540141 0.001375501 -0.0006107026
v -0.0007589706 0.0008358989 -0.0006185541
v -0.0007564283 0.001351174 -0.0006870907
v -0.0007326211 0.0009047028 -0.0006375354
v -0.0007118834 0.000995645 -0.0006383626
v -0.0007000344 0.001093397 -0.0006418662
v -0.0006903218 0.001174063 -0.0006690185
v -0.0007228473 0.001267237 -0.0006467843
v -0.0007847384 0.001321585 -0.0005947266
v -0.0007669431 0.001383217 -0.0005515379
v -0.002741141 0.0007558281 -0.0005434907
v -0.002745871 0.0008095328 -0.0005532062
v -0.002743392 0.0008583159 -0.0005628722
v -0.002727924 0.0006772862 -0.0005508566
v -0.002722424 0.0009094765 -0.0005620753
v -0.002691614 0.000132176 -0.0005013982
v -0.002704556 0.0002191831 -0.0005282014
v -0.002713775 0.0003033481 -0.0005217681
v -0.002712102 0.0003778087 -0.0005415297
v -0.002712127 0.0004773435 -0.0005606848
v -0.002719154 0.0005735641 -0.0005879069
v -0.002694905 0.0009735466 -0.0005956736
v -0.002722235 0.0007422257 -0.0005155785
v -0.002723698 0.0008057136 -0.0005191322
v -0.002723546 0.0008697464 -0.0005361175
v -0.002667002 0.00007328774 -0.0005383568
v -0.002656563 0.001036896 -0.0005692549
v -0.002619722 -0.00001706493 -0.0005346904
v -0.002620068 0.001106625 -0.0005927494
v -0.002576533 0.001164914 -0.0006092623
v -0.002696434 0.0006919973 -0.0004929007
v -0.00267913 0.0007861478 -0.0004812904
v -0.002676744 0.0008762647 -0.0004995076
v -0.002674103 0.0009597925 -0.0005364759
v -0.002546785 -0.00009189845 -0.0006107533
v -0.002530042 0.001198377 -0.0005919187
v -0.002531782 -0.0001549633 -0.0005764879
v -0.002554822 -0.0001845413 -0.000471186
v -0.002567712 -0.0001275471 -0.0005278719
v -0.00261986 0.0008658134 -0.000459454
v -0.002596113 0.0009691111 -0.0004797662
v -0.002595892 0.001070514 -0.000532545
v -0.002570449 0.001147187 -0.0005684376
v -0.002495832 -0.0001899124 -0.0005886803
v -0.002473847 0.001233953 -0.0005748093
v -0.002435436 -0.0002899137 -0.0005346492
v -0.002460033 -0.0002386434 -0.0005725528
v -0.002423063 0.001285387 -0.0006067895
v -0.002498695 -0.0002507018 -0.000488507
v -0.002523312 -0.0001950851 -0.0005368398
v -0.002510604 0.00107923 -0.000471752
v -0.002506581 0.001168313 -0.0005302302
v -0.002368607 -0.0003401925 -0.0005475654
v -0.002344177 0.001324687 -0.0005753506
v -0.002271523 0.001364625 -0.0005471313
v -0.002433816 0.00116867 -0.0004703928
v -0.002407396 0.001250443 -0.0005253734
v -0.002308637 -0.0004048658 -0.0005298306
v -0.002222177 0.001392214 -0.0005252018
v -0.002213038 -0.0004944623 -0.0005086649
v -0.002269768 -0.0004517917 -0.0005070731
v -0.002149158 -0.0005309153 -0.000537595
v -0.002158777 0.001422532 -0.0005389314
v -0.002108387 -0.0005668923 -0.0005241072
v -0.002066985 0.001455921 -0.0005090538
v -0.002018672 0.001473126 -0.000593431
v -0.002076487 0.001455316 -0.0004578028
v -0.002039694 -0.0006066053 -0.0005556201
v -0.001970626 0.001484818 -0.0005876935
v -0.001923584 -0.000696785 -0.0005674319
v -0.001987544 -0.0006542652 -0.0005433928
v -0.001946249 0.00148348 -0.0005566537
v -0.001979523 -0.0006831484 -0.0004906382
v -0.002027337 -0.0006417395 -0.0004953978
v -0.001994627 0.001477747 -0.0005448078
v -0.001846435 -0.0007572297 -0.0005776357
v -0.001874208 0.001479135 -0.0005593684
v -0.001759454 -0.0008300219 -0.0005732817
v -0.001789426 0.001474078 -0.0005278406
v -0.00167908 -0.0009139485 -0.0004972065
v -0.00171813 -0.0008864504 -0.0005209183
v -0.001778801 -0.0008592815 -0.0004891211
v -0.001637311 -0.0009173521 -0.0004978022
v -0.001682112 0.001469628 -0.0005720023
v -0.001612646 -0.0009068249 -0.000536972
v -0.001575549 -0.0008778161 -0.0005713147
v -0.001572013 0.001461058 -0.0005579597
v -0.001515032 -0.0008320618 -0.0005363124
v -0.001598799 -0.0009045871 -0.000504607
v -0.001475289 -0.0007731941 -0.0005056164
v -0.001476106 0.001453152 -0.0005457477
v -0.001442778 -0.000723755 -0.0005611771
v -0.001397359 -0.0006295972 -0.0005781571
v -0.001370017 -0.0005463149 -0.0005458567
v -0.00137681 0.001445246 -0.0005414509
v -0.001343848 -0.0004946901 -0.0005601709
v -0.001307418 -0.0004180593 -0.000566304
v -0.001361731 -0.0004904268 -0.0004948889
v -0.00128162 -0.0003419545 -0.0005373922
v -0.001272228 0.001437483 -0.0005416155
v -0.001254743 -0.0002969547 -0.0005551181
v -0.001219237 -0.0002278825 -0.0005638222
v -0.001179397 -0.00015075 -0.0005695998
v -0.00127294 -0.0002896398 -0.0004912184
v -0.001149803 -0.00008738077 -0.0005615059
v -0.001162647 0.001428484 -0.0005429256
v -0.001117682 -0.00001319889 -0.0005430005
v -0.001146242 -0.00004140554 -0.0005074631
v -0.00108757 0.00005901348 -0.0005239492
v -0.001047505 0.001414683 -0.0005429191
v -0.00105811 0.00009177762 -0.0005614142
v -0.001020305 0.0001766798 -0.0005613787
v -0.0009836642 0.0002656537 -0.0005574544
v -0.0009963326 0.001395002 -0.0004926001
v -0.001075814 0.0001133192 -0.0004854705
v -0.0009614527 0.0003392205 -0.0005331078
v -0.0009187621 0.001375594 -0.0005230216
v -0.0009334462 0.0003785105 -0.0005654303
v -0.0008975811 0.0004750225 -0.0005553099
v -0.0009530699 0.0003944714 -0.0004910039
v -0.0008774796 0.0005497679 -0.0005311054
v -0.0008440263 0.001329038 -0.0005122964
v -0.0008547428 0.0005853185 -0.0005671519
v -0.0008261168 0.0006762891 -0.0005669853
v -0.0007918384 0.0007796711 -0.000569694
v -0.0007897471 0.001304081 -0.0005483015
v -0.0007669478 0.001383217 -0.0005515332
v -0.0008698644 0.0006049564 -0.0004945379
v -0.0007695133 0.0008670617 -0.0005430545
v -0.000759825 0.001276155 -0.0005727299
v -0.0007669431 0.001383213 -0.0005515332
v -0.0007669431 0.001383222 -0.0005515332
v -0.0007506742 0.000904137 -0.000568374
v -0.000738249 0.0009805367 -0.0005477819
v -0.0007285671 0.00107899 -0.000552005
v -0.0007365652 0.001195537 -0.0005640614
v -0.0007669384 0.001383217 -0.0005515332
v -0.0007601641 0.0009318443 -0.0005047914
v -0.0007535462 0.0009914519 -0.0004756155
v -0.0007839962 0.001273734 -0.0005199602
v -0.0007669431 0.001383217 -0.0005515285
v -0.002687696 0.0001205056 -0.0004503741
v -0.002697659 0.0001915199 -0.0004497677
v -0.002705158 0.0002784335 -0.0004683078
v -0.002707148 0.0003511532 -0.000485685
v -0.002689726 0.0004477656 -0.0004790417
v -0.002700247 0.0005806688 -0.0005090036
v -0.002668652 0.00006452193 -0.0004791847
v -0.002661195 0.0006439746 -0.0004599672
v -0.002567056 -0.0001807345 -0.0004091417
v -0.002593726 -0.00009674802 -0.0004428208
v -0.002635946 0.00001297023 -0.0004358374
v -0.002642946 0.0007262201 -0.0004507898
v -0.002622265 0.0007986124 -0.0004461302
v -0.002667373 0.00008303722 -0.0004271506
v -0.002677418 0.0001401719 -0.0004094831
v -0.002625596 0.0004417161 -0.0004006588
v -0.002644272 0.0005562482 -0.0004397983
v -0.002540005 -0.0002280476 -0.0004317961
v -0.002570395 0.0008431519 -0.000428827
v -0.002500914 -0.0002712368 -0.0004089623
v -0.002543398 0.0009203111 -0.0004339953
v -0.00251822 0.001001372 -0.0004429872
v -0.0025447 -0.0002264077 -0.0003914922
v -0.002572954 0.0003606221 -0.0003473878
v -0.002557547 0.0004619592 -0.0003628498
v -0.002563375 0.0005557004 -0.0003845766
v -0.002590284 0.0006657582 -0.0004154857
v -0.002573454 0.0007725522 -0.0004195639
v -0.00243959 -0.0003144561 -0.0004710867
v -0.002465125 0.00105075 -0.0004306078
v -0.002437304 0.001108347 -0.0004374312
v -0.002510386 0.0002390067 -0.0003040738
v -0.002513979 0.000302256 -0.000316339
v -0.002498089 0.0006606731 -0.0003729623
v -0.002517158 0.0007435813 -0.0003921908
v -0.002474523 0.0008579456 -0.0003940667
v -0.00246232 0.0009808007 -0.000411424
v -0.002375347 -0.0003742063 -0.0004642931
v -0.002379964 0.001156598 -0.0004274514
v -0.002347088 0.001231696 -0.0004524346
v -0.002305256 0.001315356 -0.0004941941
v -0.00225051 0.001366699 -0.0004976459
v -0.002425772 0.0006889802 -0.0003536452
v -0.002435724 0.0007599966 -0.0003665843
v -0.002374318 0.0009735862 -0.0003769447
v -0.002387705 0.001076645 -0.0004033103
v -0.002320092 -0.0004284414 -0.0004582748
v -0.002199629 0.001392135 -0.0004828037
v -0.002232818 -0.0005042263 -0.0004345846
v -0.002273439 -0.0004706207 -0.0004497928
v -0.00227596 -0.0004763811 -0.0003846836
v -0.002314514 -0.0004444459 -0.0004050796
v -0.002295069 0.001000615 -0.0003548336
v -0.002299761 0.001071434 -0.0003673576
v -0.002285126 0.001187245 -0.0003920894
v -0.002257963 0.00129484 -0.0004305103
v -0.00224032 0.00135171 -0.0004621065
v -0.002168973 -0.0005440835 -0.0004578723
v -0.002135847 0.001424367 -0.0004707684
v -0.002095785 0.001448452 -0.0004579149
v -0.002181267 0.001292775 -0.000380535
v -0.00217513 0.001369997 -0.0004303546
v -0.002090748 -0.0006045283 -0.0004569154
v -0.002084611 0.001449143 -0.0004424002
v -0.001981219 -0.0007107216 -0.0004187862
v -0.002035231 -0.0006601448 -0.0004300739
v -0.002053133 0.001440516 -0.0004403968
v -0.002070934 0.0008803724 -0.0003170738
v -0.002088599 0.001376653 -0.0003879778
v -0.002107189 0.001424435 -0.000433264
v -0.001918274 -0.0007367416 -0.0004880311
v -0.001968262 0.001464363 -0.00049135
v -0.001846513 -0.0008069929 -0.0004713644
v -0.001867837 0.001459908 -0.0004613088
v -0.001807487 -0.0008670139 -0.0004090406
v -0.001757907 -0.0008897273 -0.0004598215
v -0.001754378 0.001461365 -0.0004382118
v -0.001719924 -0.0009117338 -0.0004550458
v -0.00175971 -0.0009022433 -0.0004126635
v -0.001744849 0.001450678 -0.0003657548
v -0.001675345 -0.0009235546 -0.0004377852
v -0.00164793 0.001464014 -0.0004793694
v -0.001618919 -0.0009122751 -0.0004288939
v -0.001564453 0.001456592 -0.0004605641
v -0.001559348 -0.0008702152 -0.000465014
v -0.001505451 -0.0008046028 -0.0004464702
v -0.001581343 -0.0008851461 -0.0003831456
v -0.001473884 -0.000750037 -0.0004352446
v -0.001465121 0.001449063 -0.000450306
v -0.00145086 -0.0007048346 -0.0004570441
v -0.001420937 -0.0006283865 -0.0004666265
v -0.001387066 -0.0005336648 -0.0004642044
v -0.001461591 -0.000704189 -0.0003940651
v -0.001365902 -0.000457303 -0.000436439
v -0.00136331 0.001442094 -0.0004468584
v -0.001339182 -0.0004174869 -0.0004686976
v -0.001301518 -0.0003297314 -0.0004624418
v -0.001356726 -0.0004026295 -0.0003941579
v -0.001277908 -0.0002594043 -0.0004358107
v -0.001260553 0.001433361 -0.0004453995
v -0.001248845 -0.0002204778 -0.0004668017
v -0.001208255 -0.0001391142 -0.0004714363
v -0.001170413 -0.00007418738 -0.0004876779
v -0.001268611 -0.0002059121 -0.0003893839
v -0.001146518 0.00000884055 -0.0004379291
v -0.001154919 0.001420647 -0.0004426874
v -0.001104932 0.00008442769 -0.0004464464
v -0.001175039 0.001412423 -0.000363081
v -0.001079221 0.0001517395 -0.0004280024
v -0.001069523 0.001408372 -0.000460586
v -0.001051365 0.0001826411 -0.0004660651
v -0.001014664 0.0002684949 -0.0004646515
v -0.0009797057 0.000354921 -0.0004608267
v -0.001037405 0.001391492 -0.0004264875
v -0.001068599 0.00020516 -0.0003897267
v -0.001107313 0.001403661 -0.0003952018
v -0.0009585152 0.0004272991 -0.0004343711
v -0.0009542736 0.00136065 -0.0004353721
v -0.0009307913 0.0004718118 -0.0004615024
v -0.0008945396 0.0005721439 -0.0004529876
v -0.0009511485 0.0004830039 -0.0003847803
v -0.0008721948 0.000651151 -0.0004360482
v -0.0008722609 0.001305296 -0.0004088707
v -0.0008510943 0.0006696997 -0.000486848
v -0.000826035 0.0007753491 -0.0004587518
v -0.0007897546 0.0008837343 -0.0004634269
v -0.0007703727 0.0009634811 -0.0004450177
v -0.0008575404 0.0007287725 -0.0004013972
v -0.0008434704 0.0008065343 -0.0003690348
v -0.0008415686 0.001263282 -0.0003744649
v -0.0008670667 0.001383217 -0.0003512922
v -0.0007659711 0.001025363 -0.0004205297
v -0.0008159217 0.00128419 -0.0004645928
v -0.0007480804 0.001053923 -0.0004742069
v -0.0007589328 0.001147466 -0.0004604367
v -0.0007812267 0.001232404 -0.0004683569
v -0.0008018432 0.001212555 -0.0003928304
v -0.0008179989 0.001262862 -0.000420334
v -0.002685954 0.000257676 -0.000412183
v -0.002678681 0.0003480246 -0.0004263619
v -0.002681599 0.0001972117 -0.0003996848
v -0.002636199 0.0003547064 -0.0003790213
v -0.002570335 -0.0001265609 -0.0003669998
v -0.002593038 -0.00002511041 -0.0003702713
v -0.002632944 0.00008665102 -0.0003777356
v -0.00265726 0.0001661616 -0.0003757828
v -0.002622233 0.0003178621 -0.0003561603
v -0.002657506 0.0002280409 -0.000372055
v -0.002656098 0.0002970515 -0.0003788916
v -0.002555306 -0.0001921153 -0.0003663582
v -0.002600548 0.0003025167 -0.0003419636
v -0.002483151 -0.0002770822 -0.0003525381
v -0.002523634 -0.000232547 -0.0003548716
v -0.002532166 0.0001730127 -0.000304278
v -0.002568817 0.0002604597 -0.0003266975
v -0.002502376 0.0004326769 -0.0003372426
v -0.002504615 0.0005154822 -0.0003518731
v -0.002494873 0.0005838354 -0.0003591169
v -0.002533579 -0.0001692806 -0.0003258014
v -0.00253768 -0.00007090571 -0.0003083284
v -0.002550832 0.00006037447 -0.0003113509
v -0.002607632 0.0001774024 -0.0003415268
v -0.002623192 0.0002653806 -0.0003493076
v -0.002432417 -0.0003311324 -0.0003876697
v -0.002467147 0.0001968665 -0.0002850458
v -0.002497627 0.0003636515 -0.0003234591
v -0.002440576 0.0006241667 -0.0003488233
v -0.002461931 0.0002662313 -0.0002962086
v -0.002460853 0.000326344 -0.0003073142
v -0.002379093 0.0008922926 -0.0003668662
v -0.002445081 -0.0002958926 -0.0003225665
v -0.002481354 -0.0002277983 -0.0003038046
v -0.002492222 -0.0001406462 -0.0002781083
v -0.002427279 0.0003980667 -0.0003128464
v -0.002437809 0.0004954791 -0.0003304559
v -0.002453372 0.0005609273 -0.0003431985
v -0.002362429 -0.0003974531 -0.0003940249
v -0.002381906 0.0006641352 -0.0003402562
v -0.002397416 0.0008341602 -0.000364924
v -0.002314141 0.0009349384 -0.000353828
v -0.002270726 -0.0004696096 -0.0003091021
v -0.002324417 -0.000425964 -0.000342275
v -0.002364415 0.0007342553 -0.000345317
v -0.002362397 0.0007990177 -0.0003520177
v -0.002416881 0.0002339989 -0.0002793016
v -0.002396868 0.0003068089 -0.0002897286
v -0.002334789 0.000384786 -0.0002925768
v -0.002348942 0.0004817513 -0.0003107499
v -0.002376888 0.0005844052 -0.0003297794
v -0.002330966 0.0008618282 -0.0003512115
v -0.00222124 -0.000519105 -0.0003719032
v -0.002251693 0.0009762938 -0.0003418606
v -0.00223064 0.001048095 -0.0003422632
v -0.002218082 0.001139903 -0.0003495734
v -0.002195309 0.001218812 -0.0003561172
v -0.002238679 0.0004538029 -0.0002884654
v -0.002268849 0.000576154 -0.0003103592
v -0.002294775 0.0006873124 -0.0003275991
v -0.002279927 0.0008044967 -0.0003367068
v -0.002249586 0.0009070294 -0.0003381606
v -0.002155198 -0.0005735734 -0.000369569
v -0.00214225 0.001263638 -0.0003459653
v -0.002091403 0.0008621319 -0.0003175209
v -0.002111493 0.001314451 -0.0003537949
v -0.002150115 0.0003946796 -0.0002659175
v -0.002138725 0.0004897258 -0.0002798474
v -0.002163004 0.0005713888 -0.000294101
v -0.002183787 0.0006777467 -0.0003098396
v -0.002201002 0.0007677359 -0.000321598
v -0.002152575 0.0008728285 -0.0003223648
v -0.002164862 0.000992314 -0.0003251696
v -0.002147281 0.001107852 -0.0003248521
v -0.002141048 0.001200603 -0.0003322275
v -0.002091216 -0.0006324094 -0.0003646463
v -0.002058115 0.0008635587 -0.0003116585
v -0.00208424 0.0008945536 -0.0003171164
v -0.002063794 0.001342208 -0.0003495124
v -0.001985436 -0.00073229 -0.0003495714
v -0.002034966 -0.00068699 -0.0003529346
v -0.002050952 0.0008959801 -0.0003112539
v -0.002033412 0.001374425 -0.0003624898
v -0.002077407 -0.0006812291 -0.0002379964
v -0.002082159 -0.0006611177 -0.0002893881
v -0.00209813 0.0003379202 -0.0002465768
v -0.002073187 0.0003990883 -0.0002554623
v -0.00207436 0.0004666185 -0.0002669128
v -0.002063762 0.0005624168 -0.0002781125
v -0.002079814 0.0006674654 -0.0002925275
v -0.002091825 0.0007936377 -0.0003079061
v -0.002055659 0.0009559278 -0.0003060592
v -0.002060678 0.001076871 -0.0003028871
v -0.002059829 0.001185452 -0.0003081023
v -0.002073448 0.001278038 -0.0003288304
v -0.001928176 -0.0007647328 -0.0003994785
v -0.001971415 0.001413089 -0.0003934189
v -0.001950507 -0.0007750082 -0.000311311
v -0.00199457 0.0006452836 -0.0002748395
v -0.001981542 0.0007513146 -0.0002819929
v -0.001986971 0.0008796245 -0.0002918246
v -0.001960638 0.0009805601 -0.000282395
v -0.00198218 0.001048653 -0.000284171
v -0.001947276 0.001166529 -0.0002722339
v -0.001979553 0.001273131 -0.0003021629
v -0.002004864 0.001345432 -0.00033846
v -0.001880447 -0.0008229046 -0.0003544392
v -0.001848378 0.001433267 -0.000380489
v -0.001781333 -0.0008982873 -0.000345347
v -0.001837709 -0.0008662239 -0.0003206964
v -0.001785843 0.001447128 -0.0003663853
v -0.001874031 -0.0008447237 -0.0003018942
v -0.001922394 0.0006910098 -0.0002627259
v -0.001895378 0.0009554789 -0.0002671129
v -0.001883006 0.001059586 -0.0002542312
v -0.001882248 0.001280206 -0.0002644959
v -0.001899286 0.001365263 -0.0003210209
v -0.001725433 -0.0009192923 -0.0003839842
v -0.001770891 0.001441512 -0.0003411906
v -0.001741642 0.001425367 -0.0003226199
v -0.001824307 0.0009942792 -0.0002425608
v -0.001790486 0.001361044 -0.0002691945
v -0.001807344 0.001417997 -0.0003288348
v -0.001672632 -0.0009229045 -0.0003436178
v -0.001667952 0.001447552 -0.0003826255
v -0.001617597 -0.0009069916 -0.000344359
v -0.001583648 -0.0008732523 -0.0003044538
v -0.001557444 0.001437801 -0.000363443
v -0.001537371 -0.0008261538 -0.0003564913
v -0.001487522 -0.0007445235 -0.0003612357
v -0.001462719 -0.0006779186 -0.0003398667
v -0.001450148 0.001434907 -0.0003577377
v -0.001441134 -0.0006315757 -0.0003686963
v -0.001410813 -0.000535968 -0.0003648619
v -0.001380394 -0.0004428111 -0.0003620928
v -0.001453669 -0.0006246593 -0.0002923308
v -0.001359941 -0.0003693342 -0.0003372587
v -0.001349958 0.001430143 -0.0003555813
v -0.001332717 -0.0003295062 -0.0003688065
v -0.001296842 -0.000253286 -0.0003711462
v -0.001349624 -0.000313385 -0.0002903549
v -0.001278704 -0.0001731252 -0.0003120055
v -0.001253005 0.001420805 -0.0003491223
v -0.001239467 -0.0001268226 -0.0003631707
v -0.001190465 -0.00003723861 -0.0003793224
v -0.001209038 0.001403927 -0.000299286
v -0.001161925 0.00004365592 -0.0003479314
v -0.001142681 0.00139672 -0.0003304689
v -0.001132413 0.00009815296 -0.0003544001
v -0.001096211 0.00017469 -0.0003514774
v -0.001154746 0.00009867402 -0.0002897547
v -0.001071635 0.0002428997 -0.0003322781
v -0.001057797 0.001373208 -0.0003456318
v -0.001044347 0.0002745516 -0.0003702276
v -0.001007902 0.0003576583 -0.0003712892
v -0.0009762762 0.000430686 -0.0003738765
v -0.001060381 0.0002965353 -0.0002936714
v -0.0009624686 0.0005115083 -0.0003072288
v -0.0009611353 0.00132979 -0.0003379267
v -0.0009269644 0.0005720787 -0.000347023
v -0.0008883298 0.0006828659 -0.0003467177
v -0.0008645985 0.0007895868 -0.0003162109
v -0.0008941888 0.001282321 -0.0003223368
v -0.0008670714 0.001383217 -0.0003512875
v -0.0008470963 0.000855032 -0.0003126729
v -0.0008442726 0.00123672 -0.0003343815
v -0.0008670667 0.001383213 -0.0003512875
v -0.0008670667 0.001383222 -0.0003512875
v -0.0008236274 0.000885084 -0.0003630042
v -0.000795197 0.0009835275 -0.0003746065
v -0.0008218433 0.001174237 -0.0003224054
v -0.0008670621 0.001383217 -0.0003512875
v -0.0008422262 0.0009123062 -0.0002854457
v -0.0008670667 0.001383217 -0.0003512829
v -0.000784017 0.001061314 -0.0003659405
v -0.0007828032 0.001150739 -0.0003838896
v -0.0007669757 0.001093738 -0.0004062855
v -0.0007906924 0.001114509 -0.0003512513
v -0.002498418 -0.000004833444 -0.000271368
v -0.002498856 0.00004934877 -0.000274279
v -0.002486449 -0.0000716759 -0.0002638093
v -0.002473581 0.0001076407 -0.0002733822
v -0.002415017 -0.000268278 -0.000270719
v -0.002432567 -0.000180437 -0.0002493131
v -0.002447943 -0.0001061146 -0.0002442924
v -0.002433408 -0.0000263249 -0.0002394399
v -0.002461214 0.00003885585 -0.0002560807
v -0.002384035 -0.0003503408 -0.0003143212
v -0.002401837 0.0001688617 -0.0002626521
v -0.002258394 -0.0004554291 -0.0002295691
v -0.002315145 -0.0003905323 -0.0002567573
v -0.002354265 0.000238995 -0.0002667391
v -0.002316563 0.000308926 -0.0002746177
v -0.002273518 0.0003648774 -0.0002784008
v -0.002359641 -0.0003109204 -0.0002453183
v -0.002355944 -0.0002215686 -0.0002113134
v -0.002373635 -0.0001023935 -0.0002127968
v -0.002355798 -0.000004249807 -0.0002150461
v -0.002389967 0.00007369263 -0.0002399698
v -0.002206933 -0.0005281953 -0.0002792104
v -0.00222264 0.0003697828 -0.0002715536
v -0.002196157 0.0003270284 -0.0002587994
v -0.002216246 -0.0004960308 -0.0001927961
v -0.002284992 -0.0001402794 -0.0001684662
v -0.00228416 -0.00003130517 -0.0001869375
v -0.002289461 0.0000669746 -0.0002105774
v -0.002305408 0.0001694814 -0.0002404322
v -0.002285857 0.0002539709 -0.0002568302
v -0.002250002 0.0003110552 -0.000263542
v -0.002138135 -0.000600835 -0.0002883391
v -0.002153467 0.0003155159 -0.0002499993
v -0.002086892 -0.0006699806 -0.0002031437
v -0.002112312 -0.00063374 -0.0002275452
v -0.002119723 0.00027323 -0.0002331441
v -0.002211312 -0.0004609369 -0.0001366351
v -0.002219482 -0.0001365828 -0.0001334533
v -0.002209086 -0.00006151424 -0.0001500406
v -0.002184868 0.00005179929 -0.0001775216
v -0.002212989 0.0001428141 -0.0002126511
v -0.002201165 0.0002461976 -0.0002394364
v -0.002078187 -0.0006882023 -0.0002185115
v -0.002061974 0.0002878499 -0.0002259653
v -0.00206455 -0.0006983761 -0.0002221366
v -0.002029373 0.0003588224 -0.0002374182
v -0.002012842 0.0004386317 -0.0002503431
v -0.002005443 0.0005158316 -0.000261505
v -0.001989019 0.0005795472 -0.0002668026
v -0.002073863 -0.0006913448 -0.0002068336
v -0.002084099 0.000179989 -0.0001953873
v -0.002025811 -0.0007205014 -0.0002629231
v -0.001933699 0.0006175296 -0.0002573738
v -0.001908318 -0.0008219412 -0.0002630895
v -0.001965851 -0.0007786036 -0.0002353404
v -0.001903124 0.0008222358 -0.0002688694
v -0.001890587 0.000889821 -0.0002686348
v -0.001874951 0.001225299 -0.0002435168
v -0.001981277 -0.0007792056 -0.0001361174
v -0.001998679 -0.0007558038 -0.0001821583
v -0.001978379 0.0001322772 -0.0001512868
v -0.001969887 0.0002046473 -0.0001772413
v -0.001980499 0.0002908933 -0.0002054294
v -0.001951554 0.0004006955 -0.0002252805
v -0.001944289 0.0004920661 -0.000241528
v -0.001949405 0.0005559247 -0.0002537957
v -0.001862865 -0.0008572598 -0.0002684029
v -0.001874258 0.0006572994 -0.0002436852
v -0.001897459 0.0007549024 -0.0002622198
v -0.001831385 0.0009249953 -0.0002495579
v -0.00184298 0.001171522 -0.0002292458
v -0.001854428 0.001260668 -0.0002375157
v -0.00181015 -0.0008862565 -0.0002424545
v -0.001859695 0.0007162883 -0.000246138
v -0.001806151 0.001104238 -0.0002210193
v -0.001813484 0.001289621 -0.0002285832
v -0.001875569 -0.000849464 -0.0002137393
v -0.001914507 0.0001740455 -0.0001496713
v -0.001899538 0.000250001 -0.0001672189
v -0.001874469 0.0003582875 -0.0001878277
v -0.001872936 0.0004675728 -0.0002120339
v -0.001877761 0.0005742232 -0.0002322726
v -0.001827933 0.0007899684 -0.0002417736
v -0.001842835 0.0008629157 -0.0002531245
v -0.001835896 0.001238795 -0.0002253948
v -0.00173892 -0.0009178217 -0.000297061
v -0.001774655 0.0009598747 -0.000226257
v -0.001802852 0.001049964 -0.0002278268
v -0.001774668 0.001328346 -0.0002259452
v -0.001764971 0.001012774 -0.0002176436
v -0.001726432 0.001347176 -0.0002222057
v -0.001803681 0.0004381259 -0.0001772439
v -0.001793581 0.000542446 -0.000191931
v -0.00178481 0.0006848094 -0.0002112319
v -0.001751192 0.0007993746 -0.0002113955
v -0.001770511 0.0008837936 -0.0002243717
v -0.001738564 0.001076501 -0.000196791
v -0.001755947 0.001301093 -0.0002023487
v -0.001695707 -0.000923618 -0.000250409
v -0.001660088 0.001399111 -0.0002762289
v -0.001638443 -0.0009017283 -0.0002485383
v -0.001677198 -0.0009170208 -0.0002074021
v -0.001695224 0.0007704709 -0.0001819706
v -0.00169032 0.0008635953 -0.0001864188
v -0.001691734 0.0009807619 -0.0001853169
v -0.001663347 0.00107636 -0.00016223
v -0.001662429 0.001354562 -0.0002060208
v -0.001587918 -0.0008603312 -0.0002300663
v -0.001530144 0.00141014 -0.0002754437
v -0.001550631 -0.0008175325 -0.0002503145
v -0.001509748 -0.0007489675 -0.0002653571
v -0.001475726 -0.0006774046 -0.0002768031
v -0.001567748 -0.0008202945 -0.0001799731
v -0.001613379 0.001044924 -0.0001411907
v -0.001587107 0.001369182 -0.0002073725
v -0.00145933 -0.0005971879 -0.0002127726
v -0.001426399 0.001412961 -0.0002740052
v -0.001432126 -0.0005379572 -0.0002601163
v -0.001400844 -0.0004415476 -0.0002669471
v -0.001373647 -0.0003642745 -0.0002736661
v -0.001487064 0.001377007 -0.0002012904
v -0.001356487 -0.0002844406 -0.0002137531
v -0.001336069 0.001412093 -0.0002748336
v -0.001318717 -0.0002268866 -0.0002608765
v -0.001391724 0.001385164 -0.0002027337
v -0.001287189 -0.0001395108 -0.0002337281
v -0.001272225 0.001407523 -0.0002724788
v -0.00125837 -0.00009295245 -0.0002557541
v -0.001220516 -0.00002470436 -0.0002697698
v -0.001183083 0.0000469732 -0.0002790813
v -0.001242268 0.001390913 -0.0002370487
v -0.001274574 -0.00008472767 -0.0001885921
v -0.001309094 0.001390162 -0.0002131576
v -0.001165378 0.0001249635 -0.0002144125
v -0.001157384 0.001373856 -0.0002504579
v -0.001128178 0.0001769694 -0.0002530906
v -0.001087156 0.000263451 -0.0002557872
v -0.001062225 0.0003328552 -0.0002362423
v -0.001043219 0.001332465 -0.0002435983
v -0.001034296 0.0003686942 -0.0002731486
v -0.0009960709 0.0004476034 -0.000284594
v -0.001049684 0.000390929 -0.0001902779
v -0.001057721 0.00130931 -0.0001573342
v -0.0009776604 0.0005354697 -0.0002166914
v -0.0009563356 0.001303519 -0.0002735229
v -0.0009469968 0.0005986313 -0.0002363131
v -0.0009165435 0.0006838046 -0.000240889
v -0.0008891851 0.0007833255 -0.0002367015
v -0.0008658 0.0008808125 -0.000237904
v -0.0009237039 0.00127805 -0.0002653925
v -0.0009719974 0.001276639 -0.0002017613
v -0.0008529218 0.0009593937 -0.0002328375
v -0.000885831 0.001235152 -0.0002676499
v -0.0008297104 0.0009779447 -0.000290854
v -0.0008227323 0.0010827 -0.0002923603
v -0.000859804 0.001168195 -0.0002504518
v -0.0008571551 0.001037804 -0.0002111774
v -0.0008770202 0.001127664 -0.0001932926
v -0.0009145211 0.00120575 -0.0001873912
v -0.0008670667 0.001283095 -0.0001510452
v -0.00227358 -0.000389439 -0.0001851494
v -0.002305713 -0.0003075544 -0.0001903332
v -0.002293792 -0.0002282247 -0.0001673532
v -0.002243246 -0.0004405675 -0.0001679562
v -0.00224537 -0.0002017885 -0.0001361232
v -0.002188595 -0.0005121407 -0.0001535481
v -0.002232803 -0.0004306305 -0.0001384471
v -0.002242111 -0.0003966537 -0.0001404177
v -0.002253242 -0.00033199 -0.0001427639
v -0.002263528 -0.00026712 -0.0001457781
v -0.002164391 -0.0005627385 -0.0002016781
v -0.002174875 -0.0004901204 -0.0001127388
v -0.002218122 -0.0004164933 -0.0001192371
v -0.002193153 -0.0001781641 -0.0001100891
v -0.002107446 -0.0006110139 -0.0001448087
v -0.002176428 -0.0004258484 -0.00008834594
v -0.002159567 -0.0001081481 -0.0001120146
v -0.00211772 -0.00001231408 -0.0001297971
v -0.002096401 0.00007293226 -0.0001588898
v -0.002155483 -0.0005383027 -0.0001334118
v -0.002208903 -0.0003608617 -0.0001053206
v -0.002206578 -0.0002642876 -0.0001064842
v -0.002055654 -0.0006963843 -0.0001798872
v -0.002041682 0.00009787332 -0.0001535277
v -0.001983155 -0.0007677471 -0.0001001343
v -0.002013988 -0.0007326857 -0.0001206853
v -0.001998023 0.0000588564 -0.0001191699
v -0.002033064 -0.00001159107 -0.00009333382
v -0.002056587 0.00004250549 -0.0001323254
v -0.00197596 -0.000788897 -0.0001222555
v -0.001934311 0.00008322057 -0.0001094011
v -0.001966687 -0.0007964934 -0.0001331779
v -0.001917134 0.0001299663 -0.0001326467
v -0.001965033 -0.0007923648 -0.0001168483
v -0.001937162 -0.000806183 -0.0001548426
v -0.001887638 0.0001497811 -0.0001297085
v -0.001779191 -0.0008884303 -0.0001428009
v -0.001850829 -0.0008542342 -0.0001406741
v -0.001846615 0.0001851649 -0.0001162282
v -0.001822006 0.0002937102 -0.0001443225
v -0.001801659 0.0003711275 -0.000160036
v -0.001780412 0.001237655 -0.0002013104
v -0.001881365 0.0001159448 -0.0001042197
v -0.001743103 -0.0009143908 -0.00021214
v -0.001767427 0.0004110624 -0.0001529681
v -0.001761577 0.00116013 -0.0001957274
v -0.001725026 0.001270814 -0.0001788586
v -0.001703221 -0.0009186384 -0.000191584
v -0.001722026 0.0004787489 -0.0001409884
v -0.001710665 0.0006089178 -0.000163311
v -0.001691666 0.0006975681 -0.0001701541
v -0.001697023 0.001314334 -0.0001840094
v -0.001726687 -0.0009059929 -0.0001513863
v -0.001788091 0.0001682989 -0.00006593365
v -0.001771594 0.0002473528 -0.00009182228
v -0.001749446 0.0003571511 -0.0001214026
v -0.001711054 0.001217614 -0.000169829
v -0.001672603 -0.0008906225 -0.0001394598
v -0.001642235 0.000746624 -0.0001494658
v -0.001684707 0.001146055 -0.000163316
v -0.001627058 0.001320869 -0.0001675545
v -0.001608322 -0.0008567596 -0.000160353
v -0.001628355 0.0008250485 -0.0001493617
v -0.001622948 0.0009169704 -0.0001518416
v -0.001609369 0.0009852709 -0.0001441918
v -0.001643063 0.0004906013 -0.00009385726
v -0.001646853 0.0005731624 -0.0001178671
v -0.001638594 0.0006720126 -0.000133467
v -0.001637766 0.001208909 -0.0001397113
v -0.001667275 0.001269857 -0.0001576214
v -0.001572018 -0.0007956574 -0.00009975606
v -0.0015639 0.001021153 -0.0001127857
v -0.001596609 0.001128096 -0.0001227515
v -0.001540277 0.001324634 -0.0001500869
v -0.001529962 -0.0007459302 -0.0001550136
v -0.00148847 -0.0006641118 -0.0001825787
v -0.001571597 0.00107099 -0.0001142663
v -0.001597107 0.0005471133 -0.0000745734
v -0.001584268 0.00063712 -0.00008464766
v -0.00157259 0.0007629293 -0.00009991824
v -0.001566784 0.0008840791 -0.0001111919
v -0.001571749 0.0009578188 -0.000120172
v -0.001570026 0.001208981 -0.0001107532
v -0.001592468 0.001268261 -0.0001322846
v -0.001466661 -0.0005741008 -0.0001161422
v -0.00143166 0.001330646 -0.000128486
v -0.001441245 -0.0005075337 -0.0001461983
v -0.001415269 -0.0004325939 -0.0001682754
v -0.001385768 -0.0003434869 -0.0001747507
v -0.001512085 0.0008596454 -0.00006057884
v -0.001513243 0.0009766658 -0.00007037955
v -0.001519151 0.001169893 -0.00008020405
v -0.001502431 0.001255289 -0.00009542746
v -0.001364103 -0.0002629886 -0.0001378045
v -0.00134453 0.001359749 -0.0001509202
v -0.001338306 -0.0002064929 -0.000147576
v -0.001302042 -0.0001268238 -0.0001523786
v -0.001354276 -0.0002147347 -0.00008359487
v -0.001275139 -0.00005536669 -0.000132936
v -0.001252436 0.001359235 -0.0001613466
v -0.001246518 -0.00001597456 -0.0001682299
v -0.00120195 0.00007201729 -0.0001736143
v -0.001260954 -0.000004489568 -0.00008959485
v -0.0011741 0.0001500226 -0.000140017
v -0.001145069 0.001334164 -0.0001459258
v -0.001146657 0.0002022108 -0.0001494679
v -0.001111257 0.0002752412 -0.0001551034
v -0.001076797 0.000345061 -0.0001672917
v -0.001099071 0.001300788 -0.0000880134
v -0.001163376 0.0002018563 -0.00008413191
v -0.001056039 0.0004288028 -0.00010883
v -0.001032909 0.001280763 -0.0001180053
v -0.001016606 0.0004807063 -0.0001648177
v -0.0009837341 0.0005698261 -0.0001406085
v -0.0009825367 0.001236126 -0.0001132606
v -0.0009621915 0.0006046887 -0.0001665221
v -0.0009409165 0.000683443 -0.0001407972
v -0.000914408 0.0007808103 -0.0001417808
v -0.0008950313 0.0008787301 -0.0001440107
v -0.0008827731 0.0009809056 -0.000149974
v -0.0009001142 0.001084298 -0.0001228077
v -0.0009341624 0.001167745 -0.0001104238
v -0.0008670714 0.001283095 -0.0001510406
v -0.0009671099 0.0006366443 -0.00009946244
v -0.0009537853 0.0007002803 -0.00006221244
v -0.0008670667 0.00128309 -0.0001510406
v -0.0008670667 0.001283099 -0.0001510406
v -0.0008670621 0.001283095 -0.0001510406
v -0.0008670667 0.001283095 -0.000151036
v -0.002081908 -0.0005951505 -0.00006313947
v -0.002122518 -0.000502919 -0.00006264149
v -0.002136488 -0.0004154578 -0.0000488787
v -0.002138455 -0.0003262173 -0.00005028717
v -0.00212928 -0.0001879978 -0.00007168253
v -0.002086026 -0.00008461576 -0.00008372279
v -0.00205317 -0.0006653775 -0.00009323123
v -0.002028783 -0.00006725547 -0.00005997007
v -0.001996367 -0.0007064786 -0.0000321469
v -0.001997838 -0.0000367028 -0.00006054094
v -0.002043588 -0.0006282211 -0.0000235758
v -0.002064083 -0.0005528863 9.505209e-8
v -0.002069188 -0.0003224264 0.00001552963
v -0.002067277 -0.0002332259 -0.00001194176
v -0.002048329 -0.0001356689 -0.00003818713
v -0.001952136 -0.0007778247 -0.00007177555
v -0.001951721 0.000003933816 -0.00006261923
v -0.002016433 -0.0002640545 0.00004445251
v -0.001997912 -0.0001758963 0.00001707418
v -0.001981359 -0.00008152799 -0.00002448536
v -0.001888351 -0.0008118305 -0.00005433237
v -0.001890398 0.00005970136 -0.00006909181
v -0.001804896 -0.0008494878 -0.00004061073
v -0.001825489 0.00009502244 -0.0000475614
v -0.001733369 -0.0008785047 -0.00007650426
v -0.001769394 0.0001306268 -0.00002591492
v -0.001737769 0.0001933912 -0.00003290675
v -0.001697049 0.0002965325 -0.00005053454
v -0.001676901 0.0004069044 -0.00008715844
v -0.001802528 0.00002640383 0.0000251506
v -0.001773905 0.00008308422 0.000005797633
v -0.001677544 -0.0008515961 -0.00002310823
v -0.001625698 0.0004443045 -0.00006267749
v -0.001621022 -0.0008339118 -0.00006303461
v -0.001602709 0.0004913441 -0.00006259154
v -0.00164043 0.0002985574 0.000006001818
v -0.001634945 0.0003766898 -0.00003606042
v -0.001579558 -0.0007725124 -0.000004145104
v -0.001578341 0.0005166786 -0.00004780429
v -0.001538075 -0.0007185093 -0.00003697919
v -0.001496407 -0.0006364657 -0.00006515825
v -0.001542881 0.0005705046 -0.00002256974
v -0.001524971 0.0006929041 -0.00004147297
v -0.001508732 0.0007797737 -0.00004618722
v -0.001522821 0.001083901 -0.00007925697
v -0.001608279 0.0003049535 0.00004208567
v -0.001598562 0.0003629922 0.00001397666
v -0.00158091 0.0004567684 -0.00001902567
v -0.001468812 -0.0005516461 -0.00003747622
v -0.001473819 0.000829606 -0.00001564004
v -0.001485404 0.001049153 -0.0000493522
v -0.001485406 0.001138505 -0.00005470324
v -0.001448026 -0.0004931496 -0.00005152304
v -0.001423357 -0.0004192295 -0.00006832185
v -0.001401461 -0.0003562827 -0.00009478106
v -0.001377815 -0.0002754476 -0.00007069838
v -0.00145389 0.000920696 -0.000004489093
v -0.001449966 0.001027362 -0.00001452439
v -0.001440037 0.001188007 -0.00003424113
v -0.001414263 0.00126997 -0.00006353856
v -0.001456521 -0.000499829 0.00001597477
v -0.001493166 0.0005719748 0.0000433422
v -0.001484819 0.0006534378 0.00002191017
v -0.001474497 0.0007518543 0.000002719217
v -0.001462667 0.001101756 -0.00003380169
v -0.001357379 -0.0002041587 -0.00002417921
v -0.001324575 0.001310097 -0.00007157493
v -0.001326047 -0.0001337679 -0.00003809026
v -0.001287238 -0.0000519717 -0.00006487477
v -0.001372727 -0.0002391968 0.00001230149
v -0.00137043 0.001187606 0.00001725726
v -0.001362962 0.001244213 -0.00001354401
v -0.001262036 0.0000242436 -0.00001355896
v -0.001228523 0.00132473 -0.00008505497
v -0.001229316 0.00007018565 -0.00006587812
v -0.001190471 0.0001474308 -0.00007533601
v -0.00116908 0.0002258056 -0.000004536536
v -0.001170475 0.001307714 -0.00005584591
v -0.001134756 0.0002838862 -0.00004670811
v -0.001091136 0.0003811765 -0.00005573195
v -0.001127516 0.001285839 -0.00002876971
v -0.001174877 0.001282203 -0.000001354474
v -0.001063448 0.0004651284 -0.0000261072
v -0.001061124 0.001257789 -0.00004264465
v -0.00103635 0.0005138748 -0.0000478067
v -0.0009990201 0.0005933218 -0.00005660502
v -0.00097285 0.000670112 -0.00003400562
v -0.001053228 0.0005229853 0.00002305421
v -0.0009618222 0.0007331966 9.822093e-7
v -0.0009987729 0.001200546 -0.00003537058
v -0.0009393123 0.0007778307 -0.00004429348
v -0.0009217315 0.0008722407 -0.00005284324
v -0.0009156045 0.0009643657 -0.00005692667
v -0.0009189229 0.001043906 -0.0000614751
v -0.0009576245 0.001126252 -0.0000275023
v -0.001011158 0.001174684 0.00002246508
v -0.002096559 -0.0004046709 -0.000004531304
v -0.002076915 -0.0004761377 0.00001163158
v -0.002062515 -0.0003712109 0.00003428034
v -0.001966929 -0.0006889369 0.00005645906
v -0.002002978 -0.0006032869 0.00006095205
v -0.002033137 -0.0004961359 0.0000615685
v -0.002024653 -0.0003426034 0.00006517237
v -0.002051359 -0.0004175277 0.00004871421
v -0.001927492 -0.0007522653 0.00002436501
v -0.001990646 -0.0002898326 0.00007910849
v -0.001945755 -0.0002319316 0.00008798881
v -0.001930281 -0.0001238452 0.00003661751
v -0.001921048 -0.00005258568 -0.000004906569
v -0.001933511 -0.0007081936 0.00009599595
v -0.001952744 -0.0006522175 0.0001197915
v -0.00197326 -0.0003269466 0.0001084699
v -0.001844635 -0.0007976163 0.00004995112
v -0.001869434 0.000002022588 -0.000009679382
v -0.001791332 -0.0008289396 0.00003883483
v -0.001828915 -0.00004858316 0.00006255419
v -0.001883271 -0.0002286127 0.0001412901
v -0.00186281 -0.0001416493 0.0001031118
v -0.001880532 -0.00007168735 0.00003737284
v -0.001738228 -0.0008410422 0.00002795343
v -0.001780105 -0.0000162869 0.00008458164
v -0.001750691 0.00004835211 0.00006370002
v -0.001731731 0.0001239407 0.00002358971
v -0.001678953 0.0002063889 0.00002937378
v -0.001773467 -0.0008016127 0.0001073213
v -0.001775844 -0.0007633598 0.0001759068
v -0.001679563 -0.0008239321 0.00005837908
v -0.001631279 0.0002547045 0.00005208581
v -0.001626679 -0.0008016826 0.00004180484
v -0.001632189 0.0001976359 0.0001090419
v -0.001583639 -0.0007533599 0.00006846912
v -0.00159941 0.0002761604 0.00008462182
v -0.001550598 -0.0007088525 0.00005647617
v -0.001513145 -0.0006383397 0.00004284398
v -0.001479346 -0.0005607483 0.00002969872
v -0.001575855 0.0003416779 0.0000652338
v -0.001559561 0.0004073962 0.00004140978
v -0.001522354 0.0004873246 0.00004811722
v -0.001569093 -0.0007134812 0.0001157999
v -0.001566567 0.0003141224 0.0001110032
v -0.001457809 -0.0004847201 0.0000960473
v -0.00147885 0.000536792 0.00008899094
v -0.001430767 -0.0004168724 0.00004332555
v -0.001398191 -0.000320417 0.000007150381
v -0.00145178 0.0006138367 0.00009784314
v -0.001438159 0.0007208373 0.00007299292
v -0.001430612 0.0008344267 0.00004490485
v -0.001413364 0.0009152631 0.00004660022
v -0.001392977 0.0009962748 0.00004996453
v -0.001396963 0.001109601 0.00001977279
v -0.001489932 0.0004785326 0.0001141724
v -0.001374956 -0.0002380682 0.00009042201
v -0.001330532 0.001159604 0.00005376913
v -0.001348413 -0.0001662013 0.00005966669
v -0.001319273 -0.00008828711 0.00007021832
v -0.00129052 -0.00002456043 0.00003976528
v -0.001312946 0.001217608 0.00003698696
v -0.001302703 0.001265783 0.000001331165
v -0.001329727 0.0009958625 0.0001172301
v -0.001326217 0.001087214 0.00008113009
v -0.00126192 0.0000495378 0.00006122482
v -0.001239624 0.001288381 -0.00001313198
v -0.001236047 0.00009921881 0.00004307469
v -0.001202346 0.0001627294 0.00002195689
v -0.001200147 0.001248029 0.0000428438
v -0.001245568 0.00009899922 0.0001143509
v -0.001259719 0.001066605 0.0001370201
v -0.001236762 0.001177187 0.00009066836
v -0.001260702 0.001244373 0.00003790341
v -0.00117671 0.0002474352 0.00009471327
v -0.001130157 0.001254409 0.00002081998
v -0.001146527 0.000312258 0.0000699438
v -0.001114224 0.0003911217 0.00005760571
v -0.001079597 0.0004834635 0.00005818803
v -0.001172071 0.001116307 0.0001456524
v -0.00105708 0.0005596904 0.00008320853
v -0.001067097 0.001209798 0.00003651508
v -0.001030434 0.0005973339 0.00004427251
v -0.0009935914 0.0006883991 0.00004066494
v -0.001041734 0.001174754 0.00006074028
v -0.001049181 0.0006167264 0.0001225143
v -0.001092108 0.001157188 0.0001082122
v -0.00097435 0.0007641975 0.00006043205
v -0.001010472 0.001134365 0.00005528762
v -0.0009563629 0.0007963449 0.00003279617
v -0.0009512499 0.0008718066 0.00003963365
v -0.0009405542 0.0009473897 0.00001527746
v -0.000962941 0.001044544 0.0000339306
v -0.0009759316 0.0008284021 0.00009291934
v -0.0009814507 0.0008959161 0.0001147493
v -0.00102367 0.001095723 0.0001053921
v -0.001983531 -0.0005040115 0.0001234352
v -0.001998308 -0.0004128139 0.0001046893
v -0.001949017 -0.0005707244 0.0001580015
v -0.001959445 -0.0003714654 0.0001373909
v -0.001911304 -0.0006849615 0.0001519425
v -0.001923408 -0.0006328925 0.0001739296
v -0.001914284 -0.0003181937 0.0001595718
v -0.001949583 -0.0005011 0.0001689571
v -0.001944858 -0.0004282242 0.0001643982
v -0.001886917 -0.0007388877 0.0001117759
v -0.001861196 -0.0002599068 0.0001827883
v -0.00182499 -0.0007587112 0.000144033
v -0.001837835 -0.0001977632 0.0001665767
v -0.001819218 -0.0001487706 0.0001508509
v -0.001857708 -0.0007004756 0.0001848603
v -0.001885398 -0.0006501339 0.0002022736
v -0.001857299 -0.0003127868 0.0002172247
v -0.001797247 -0.0007169374 0.0002126083
v -0.001791496 -0.0000922341 0.0001381033
v -0.001726159 -0.0007719345 0.0001783964
v -0.001751645 -0.0007390894 0.0002172327
v -0.00173746 -0.00001279685 0.0001379326
v -0.001689135 0.00009414508 0.0001139662
v -0.001822764 -0.0003072837 0.0002545364
v -0.001817812 -0.000247086 0.0002227447
v -0.001793379 -0.000167511 0.0001949334
v -0.001707796 -0.0008064433 0.0001127237
v -0.001640099 0.0001260581 0.0001702134
v -0.001654372 -0.0007881316 0.000118075
v -0.001606393 -0.000752287 0.0001213004
v -0.001602737 0.0001831688 0.0001857845
v -0.001585065 0.0002539409 0.0001406335
v -0.001680267 -0.000775394 0.0001654726
v -0.001658608 0.00006927289 0.000192937
v -0.001583414 -0.0006956192 0.0001770999
v -0.001546567 0.0003115232 0.0001626838
v -0.00153641 -0.0006431813 0.0001436226
v -0.001490759 -0.0005584436 0.0001248872
v -0.001529491 0.0003928056 0.0001125198
v -0.001463713 -0.0004776339 0.0001956488
v -0.001480077 0.0004431735 0.0001778812
v -0.001431912 -0.000402836 0.000166297
v -0.001399165 -0.0003103485 0.0001385066
v -0.001451178 0.0005351625 0.0001582243
v -0.001426811 0.000603821 0.0001613464
v -0.0014062 0.0006788378 0.0001619542
v -0.001390697 0.000794406 0.0001280082
v -0.001375645 0.0009068014 0.0001017353
v -0.001372982 -0.0002296722 0.0001695547
v -0.001331601 0.0009366053 0.000146332
v -0.001353003 -0.0001715135 0.0001574919
v -0.001326731 -0.00009894131 0.0001519731
v -0.001298383 -0.00002540115 0.0001404353
v -0.001270259 0.00004353406 0.0001281367
v -0.001279736 0.0009689279 0.0001800837
v -0.001358294 -0.0001878131 0.0002243443
v -0.001376571 0.0006755134 0.0002391247
v -0.00136004 0.0007561367 0.00021376
v -0.001332073 0.0008682261 0.0001854435
v -0.001245548 0.0001133076 0.000198079
v -0.001202973 0.001032509 0.0001867378
v -0.001211117 0.0001842723 0.0001480643
v -0.001177531 0.001196779 0.0001092834
v -0.001219341 0.0009642605 0.000227803
v -0.00117794 0.0002734597 0.0001784917
v -0.001140734 0.00106386 0.0001834682
v -0.001162858 0.001178627 0.0001199983
v -0.001150205 0.001209936 0.00008580271
v -0.00115626 0.0003264477 0.0001638072
v -0.001131411 0.0004006627 0.0001610003
v -0.001104464 0.0004876064 0.000159868
v -0.001075561 0.0005803666 0.0001604349
v -0.00110885 0.001103452 0.0001575803
v -0.001140332 0.001192055 0.0001136574
v -0.001164819 0.0003269993 0.0002291101
v -0.001140397 0.0009891454 0.0002241002
v -0.001157908 0.001199918 0.0001140518
v -0.001057144 0.0006559385 0.0001780656
v -0.001065521 0.001100247 0.0001447205
v -0.001030755 0.0006895338 0.0001340376
v -0.001002149 0.0007698909 0.0001199763
v -0.001016216 0.0008593691 0.0001675019
v -0.001036875 0.001064082 0.0001464844
v -0.001054494 0.0007121732 0.0002073776
v -0.001069587 0.0009313555 0.0002190997
v -0.001078666 0.0009994931 0.0002015517
v -0.001083414 0.00105189 0.0001795236
v -0.00101092 0.0009359219 0.0001568941
v -0.001001497 0.00104031 0.0001137319
v -0.0009776695 0.0009670586 0.00009542982
v -0.001032598 0.001003849 0.0001638589
v -0.001904847 -0.0004933765 0.0002143887
v -0.001884767 -0.0003903748 0.000218377
v -0.001893415 -0.0005872669 0.0002168502
v -0.001842483 -0.0003567981 0.0002546553
v -0.001818222 -0.0006246541 0.0002622197
v -0.001852546 -0.0005323275 0.0002643618
v -0.00183409 -0.0004301393 0.0002830302
v -0.001742068 -0.0006849042 0.0002656805
v -0.001808541 -0.0003431757 0.000289113
v -0.001713135 -0.0007313239 0.0002317201
v -0.001787643 -0.0002788979 0.0002816122
v -0.00177165 -0.0002111983 0.0002556323
v -0.001732548 -0.0001126422 0.0002350351
v -0.001689266 0.000005894749 0.0001983477
v -0.001774648 -0.0003148058 0.0003193104
v -0.001682996 -0.0007460217 0.0002100718
v -0.001657198 0.00003315615 0.0002322951
v -0.001637605 -0.0007368123 0.0001886261
v -0.001617032 0.00009126353 0.0002584477
v -0.001576265 0.0001870061 0.0002455475
v -0.001563466 0.0002469232 0.0002023685
v -0.001663954 -0.0006886097 0.0002648825
v -0.001641356 -0.000627249 0.0003301034
v -0.00168912 -0.0001392755 0.0003308761
v -0.001662888 -0.00003187206 0.0002859749
v -0.001607087 -0.0006799253 0.0002368233
v -0.001530068 0.0002996773 0.0002222136
v -0.00156094 -0.0006295288 0.0002381589
v -0.001505979 -0.0005476346 0.0002371032
v -0.001507826 0.0003637185 0.0001997634
v -0.001601144 -0.0006313802 0.0002966097
v -0.001581281 0.00008410249 0.0003501612
v -0.001556122 0.0001659527 0.0003219681
v -0.001538757 0.0002464034 0.0002691342
v -0.001468259 -0.0004689375 0.0002779798
v -0.001471742 0.0004062806 0.0002488542
v -0.001438912 -0.0004081923 0.0002688088
v -0.001407268 -0.0003279356 0.0002555411
v -0.001378391 -0.0002473717 0.0002389371
v -0.001440635 0.0004833782 0.000248035
v -0.001405084 0.0005898801 0.0002391288
v -0.001453211 -0.0004268798 0.0003354881
v -0.001509608 0.0002462619 0.0003471217
v -0.001494446 0.0003276123 0.0002866323
v -0.001354982 -0.0001805983 0.0003052414
v -0.001367779 0.0006417293 0.0002945384
v -0.001333136 -0.0001164371 0.0002513925
v -0.001303536 -0.00003414872 0.0002354866
v -0.00127483 0.00004159642 0.0002214676
v -0.001342805 0.0007107589 0.000293656
v -0.001306426 0.0008056064 0.0002816189
v -0.001266995 0.000898479 0.0002479645
v -0.001375339 0.0005881163 0.0003296263
v -0.001251173 0.0001122932 0.0003021375
v -0.001199414 0.0009113256 0.0002850393
v -0.001220898 0.0001933249 0.0002811238
v -0.001186687 0.0002816026 0.0002642736
v -0.001275263 0.0007997112 0.0003474626
v -0.001252536 0.0008521979 0.0003163499
v -0.001164468 0.0003540936 0.0002875394
v -0.001135136 0.0009169683 0.0002741058
v -0.001147989 0.0003978848 0.0002560182
v -0.001126887 0.0004874972 0.0002580777
v -0.001105946 0.00057977 0.0002551168
v -0.00108284 0.0006747606 0.0002477147
v -0.001106579 0.0008551033 0.0002897669
v -0.001158345 0.000404584 0.0003332575
v -0.001069937 0.0007498835 0.000252133
v -0.001058897 0.0008502498 0.00023394
v -0.001041263 0.0007794019 0.0002019045
v -0.00107449 0.0008037002 0.0002638605
v -0.001763815 -0.0005766148 0.0003333814
v -0.001793688 -0.0005134133 0.000324611
v -0.001782299 -0.0004313395 0.0003433851
v -0.001784076 -0.0003710296 0.0003300917
v -0.001748161 -0.0006248602 0.0003144272
v -0.001757873 -0.000328563 0.0003460176
v -0.001694191 -0.0006359732 0.0003238491
v -0.001730717 -0.0002523575 0.0003419177
v -0.001712244 -0.0005815963 0.0003622651
v -0.001732924 -0.000520696 0.0003792234
v -0.001750245 -0.0004599534 0.0003771485
v -0.001736595 -0.0003743714 0.0003851116
v -0.001653907 -0.000583106 0.0003761653
v -0.001676389 -0.0001928049 0.0003950892
v -0.001639862 -0.000105662 0.0003970891
v -0.001612022 0.00000573875 0.0003577304
v -0.001670291 -0.0005248647 0.0004162463
v -0.001692415 -0.0004481153 0.0004332122
v -0.001679806 -0.0002528242 0.0004268549
v -0.001597413 -0.0005773632 0.0003657833
v -0.001571159 0.00003854329 0.0004181742
v -0.001547499 -0.0005655823 0.0003201584
v -0.001492071 -0.0004856101 0.0003477735
v -0.001544359 0.0001161017 0.0004032257
v -0.001519349 0.0001838787 0.0003928156
v -0.001458911 -0.0004218042 0.0003975417
v -0.001481761 0.0002319571 0.0004304109
v -0.001421909 -0.0003503817 0.000378236
v -0.001382175 -0.0002558845 0.0003401325
v -0.001463524 0.0003128917 0.0003886935
v -0.001440205 0.0004109336 0.0003398877
v -0.001402084 0.0005137423 0.0003334532
v -0.001488402 -0.000452324 0.000433507
v -0.001356291 -0.0001789565 0.0004081446
v -0.001363222 0.0005498815 0.0004057223
v -0.001329539 -0.0001050401 0.0003642012
v -0.001308356 -0.00004637451 0.0003206773
v -0.001280089 0.00003271325 0.0003290092
v -0.001337197 0.0006422209 0.000372535
v -0.001302143 0.0007363537 0.0003585894
v -0.001257424 0.0001029062 0.0003829474
v -0.00126116 0.0007652351 0.0003975624
v -0.001235272 0.0001844384 0.0004020049
v -0.001203701 0.0002796679 0.0003749174
v -0.00117651 0.0003554203 0.0003547918
v -0.001245071 0.0008186175 0.0003670932
v -0.001211461 0.0008525556 0.0003500949
v -0.001273348 0.00006047448 0.0004180396
v -0.001167776 0.0004290119 0.0004042712
v -0.001164106 0.0008696226 0.0003271243
v -0.001149124 0.0004787881 0.0003555193
v -0.001134726 0.0005707454 0.0003466245
v -0.001121928 0.0006642726 0.0003348383
v -0.001106886 0.0007613661 0.0003120386
v -0.001148897 0.0008132178 0.0003563524
v -0.001184631 0.0008311176 0.0003734206
v -0.001692754 -0.000315309 0.0004324457
v -0.001685981 -0.0003765702 0.0004527673
v -0.001654665 -0.0002871789 0.0004805133
v -0.001616111 -0.0004646695 0.0004869406
v -0.001640421 -0.0003934848 0.0005027534
v -0.001635556 -0.0002107823 0.0004743604
v -0.001600372 -0.000124905 0.0004906202
v -0.001592669 -0.00004232227 0.0004439769
v -0.001656555 -0.0003387929 0.0004902778
v -0.001606822 -0.0005274747 0.0004290278
v -0.001557017 -0.000001330592 0.0004824502
v -0.001541643 -0.0005082766 0.0004164839
v -0.001531084 0.00006621182 0.000476557
v -0.00150019 0.0001514849 0.0004662392
v -0.001564084 -0.0004821203 0.0004824559
v -0.001570308 -0.0001257125 0.000548047
v -0.001565203 -0.00006502281 0.0005167958
v -0.001509404 -0.0004451432 0.0005073442
v -0.001462018 0.000204685 0.0004963236
v -0.001454505 -0.0003894231 0.0004798369
v -0.001416224 -0.0003178769 0.0004847573
v -0.001387003 -0.0002566924 0.0004464751
v -0.001431286 0.0002821486 0.0004891023
v -0.001421203 0.0003689867 0.0004370325
v -0.001388309 0.0004563168 0.0004358473
v -0.001466763 0.0001550087 0.000527114
v -0.001365855 -0.0001821949 0.0005068529
v -0.001350465 0.0005104088 0.0004782223
v -0.00133463 -0.0001003115 0.000469911
v -0.001301486 -0.00001538192 0.000420441
v -0.001321441 0.0005799042 0.0004668442
v -0.001281134 0.0006762636 0.0004410295
v -0.001356221 0.0004551961 0.0005137576
v -0.001282877 0.00005741784 0.0004903168
v -0.001238329 0.0007340615 0.0004391327
v -0.001258278 0.0001207435 0.000460086
v -0.001249654 0.0001957317 0.0005199251
v -0.001223097 0.0002817006 0.0004831737
v -0.001194505 0.0003756424 0.0004555539
v -0.001217931 0.0007965416 0.000401283
v -0.001265693 0.0002138834 0.0005845517
v -0.001229094 0.0006633215 0.0004829674
v -0.001180847 0.0004551218 0.0004684364
v -0.0011811 0.0007897061 0.0003998945
v -0.001166001 0.0004900387 0.0004354858
v -0.001161863 0.0005535525 0.0004290485
v -0.001157076 0.0006392818 0.000415482
v -0.001156081 0.000733259 0.0003945868
v -0.001185744 0.0005160742 0.0004911005
v -0.001194535 0.0006003416 0.0004887335
v -0.001186103 0.0006814317 0.0004525211
v -0.001200842 0.0007396842 0.0004365707
v -0.001582897 -0.0004023427 0.000559869
v -0.001597663 -0.0003073024 0.0005608693
v -0.00158592 -0.0001933873 0.0005509389
v -0.001551821 -0.0004424068 0.0005447864
v -0.001546506 -0.0001504655 0.000592983
v -0.001542166 -0.00008762471 0.0005691788
v -0.001516846 -0.000004426217 0.0005523912
v -0.001489293 0.00009274785 0.0005327168
v -0.00155072 -0.000327663 0.0006303556
v -0.001508182 -0.0004194066 0.0005860513
v -0.00145242 0.0001247908 0.0005678723
v -0.001473436 -0.0003923884 0.0005678973
v -0.001436091 -0.000331201 0.0005570119
v -0.00139959 -0.0002578831 0.0005386194
v -0.001426621 0.0001948344 0.0005581776
v -0.001380017 0.0002754681 0.0005720268
v -0.001379861 0.0003748849 0.0005200232
v -0.001473972 -0.0000106175 0.0006098334
v -0.001463321 0.00005849673 0.0005887862
v -0.00138557 -0.0001903315 0.000585166
v -0.001339401 0.000423862 0.000561718
v -0.001354323 -0.0001129096 0.0005600966
v -0.001319881 -0.00001383535 0.0005352374
v -0.001297758 0.0001722768 0.0006088339
v -0.001317864 0.0005006783 0.0005414335
v -0.001273143 0.0005837561 0.0005262278
v -0.001326688 0.0002479689 0.0006222203
v -0.001337716 0.0003507135 0.0005923159
v -0.001295209 0.00006859039 0.0005544401
v -0.001270713 0.0001638181 0.0005710999
v -0.001279199 0.0002544995 0.0006156362
v -0.001232973 0.0005879626 0.0005339402
v -0.00127042 0.0001206743 0.000533697
v -0.001248482 0.0002830262 0.0005752717
v -0.001224705 0.0003658112 0.0005464846
v -0.00120543 0.0004487925 0.0005250413
v -0.001221404 0.0005231628 0.0005514476
v -0.001289504 0.0001171019 0.0005807474
v -0.001250629 0.0005437643 0.0005684818
v -0.001551931 -0.000366423 0.0006162758
v -0.001551444 -0.000227571 0.0006096775
v -0.001535218 -0.0004072943 0.0006044483
v -0.001526054 -0.000343629 0.0006475405
v -0.001547389 -0.00028627 0.0006290004
v -0.0015147 -0.0001695412 0.0006300221
v -0.001523998 -0.0003071187 0.0006508211
v -0.001502459 -0.00008704108 0.0006121161
v -0.001515102 -0.0003736573 0.0006405555
v -0.001505341 -0.0002390086 0.0006472105
v -0.001505152 -0.0003999114 0.0006269334
v -0.001454115 -0.00004658487 0.0006346685
v -0.001485724 -0.0003927217 0.0006164505
v -0.001464189 -0.0003491319 0.0006161337
v -0.001429441 -0.0002653462 0.0006124297
v -0.001430951 0.00002827806 0.000626514
v -0.001414403 0.0001184196 0.0006093765
v -0.001378095 0.000195056 0.0006118357
v -0.001489579 -0.0003719749 0.0006396808
v -0.001486688 -0.0003127808 0.0006481726
v -0.001448014 -0.000212757 0.0006475884
v -0.001461724 -0.0001315994 0.0006451422
v -0.00140704 -0.0001870187 0.0006297675
v -0.001353205 0.000184495 0.0006325751
v -0.001379984 -0.0001352071 0.0006136991
v -0.001362991 -0.00005919699 0.000607073
v -0.001333119 0.00006054075 0.0006057248
v -0.001341768 0.0001483622 0.000630558
v -0.001298702 0.0003455345 0.000626815
v -0.001301495 0.0004276989 0.0006009145
v -0.001277043 0.0005049467 0.0005837129
v -0.001407916 -0.0001264448 0.000640046
v -0.001402694 -0.00002838314 0.0006364792
v -0.001380806 0.00007882369 0.0006318339
v -0.001372259 0.0001453077 0.0006315691
v -0.001286914 0.0003003468 0.0006330025
v -0.001250753 0.0004968671 0.0005916112
v -0.001265681 0.00030813 0.0006215203
v -0.001251938 0.0003570264 0.0006068829
v -0.001240357 0.0004376972 0.0005889639
v -0.001273319 0.0003425547 0.0006318968
v -0.001271278 0.000396346 0.0006212589
v -0.001267723 0.0004556999 0.0006085138
f 1 15 21
f 1 2 16
f 15 1 16
f 16 2 22
f 3 23 30
f 3 4 24
f 23 3 24
f 21 24 4
f 21 4 1
f 1 4 5
f 2 1 6
f 6 1 5
f 25 22 2
f 25 2 7
f 7 2 6
f 25 7 31
f 8 3 30
f 33 8 30
f 4 3 9
f 9 3 8
f 5 4 10
f 10 4 9
f 6 5 11
f 11 5 10
f 7 6 12
f 12 6 11
f 34 31 7
f 12 34 7
f 8 33 35
f 9 8 35
f 36 9 35
f 10 9 36
f 37 10 36
f 11 10 37
f 38 11 37
f 12 11 38
f 39 12 38
f 34 12 39
f 13 46 49
f 13 14 47
f 46 13 47
f 47 14 50
f 17 51 55
f 49 51 17
f 49 17 13
f 13 17 18
f 14 13 19
f 19 13 18
f 52 50 14
f 52 14 20
f 20 14 19
f 52 20 56
f 26 57 63
f 26 27 58
f 57 26 58
f 27 21 15
f 27 15 58
f 58 15 59
f 55 16 17
f 55 59 16
f 59 15 16
f 22 17 16
f 22 28 17
f 28 18 17
f 19 18 29
f 29 18 28
f 64 60 20
f 64 20 29
f 29 20 19
f 56 20 60
f 23 26 63
f 23 63 30
f 30 63 66
f 24 26 23
f 27 26 24
f 21 27 24
f 22 25 28
f 31 28 25
f 31 32 28
f 32 29 28
f 67 64 29
f 32 67 29
f 30 66 33
f 66 70 33
f 32 34 40
f 31 34 32
f 71 67 32
f 40 71 32
f 33 70 72
f 35 33 72
f 41 72 76
f 41 36 72
f 36 35 72
f 36 42 37
f 41 42 36
f 37 43 38
f 42 43 37
f 77 38 43
f 77 73 38
f 73 39 38
f 40 34 39
f 40 39 74
f 74 39 73
f 71 40 74
f 44 41 76
f 82 44 76
f 83 78 42
f 83 42 44
f 44 42 41
f 78 84 45
f 78 45 42
f 42 45 43
f 85 77 43
f 45 85 43
f 44 82 86
f 83 44 86
f 45 84 87
f 85 45 87
f 48 93 94
f 93 48 95
f 53 96 101
f 53 49 46
f 53 46 96
f 96 46 97
f 94 47 48
f 94 97 47
f 97 46 47
f 50 54 98
f 47 50 98
f 47 98 95
f 47 95 48
f 98 54 102
f 61 103 108
f 103 61 109
f 62 104 110
f 101 104 62
f 53 101 62
f 53 62 55
f 53 55 51
f 49 53 51
f 50 52 54
f 54 52 56
f 54 56 102
f 102 56 111
f 65 112 117
f 108 112 65
f 61 108 65
f 61 65 63
f 61 63 57
f 61 113 109
f 61 57 113
f 57 58 113
f 110 59 62
f 110 113 59
f 113 58 59
f 55 62 59
f 60 118 114
f 64 118 60
f 111 56 60
f 114 111 60
f 68 119 121
f 117 119 68
f 117 68 65
f 65 68 69
f 63 69 66
f 65 69 63
f 64 67 118
f 118 67 122
f 68 121 123
f 123 125 75
f 123 75 68
f 68 75 69
f 66 75 70
f 69 75 66
f 67 71 122
f 122 71 126
f 79 75 125
f 128 79 125
f 70 80 72
f 70 75 80
f 75 79 80
f 72 80 76
f 73 77 81
f 129 73 81
f 129 127 73
f 127 74 73
f 126 71 74
f 127 126 74
f 79 128 130
f 130 132 88
f 130 88 79
f 79 88 80
f 76 88 82
f 80 88 76
f 78 83 89
f 78 89 84
f 81 85 90
f 77 85 81
f 133 129 81
f 90 133 81
f 88 132 134
f 82 88 134
f 82 134 86
f 86 134 135
f 83 86 135
f 83 135 91
f 83 91 89
f 138 91 135
f 84 89 91
f 84 91 136
f 84 136 87
f 136 91 139
f 85 87 136
f 85 136 92
f 85 92 90
f 140 92 136
f 141 133 90
f 92 141 90
f 91 138 142
f 139 91 142
f 92 140 143
f 141 92 143
f 99 149 154
f 99 100 150
f 149 99 150
f 100 94 93
f 100 93 150
f 150 93 151
f 151 93 95
f 155 151 95
f 105 156 162
f 105 106 157
f 156 105 157
f 106 107 158
f 157 106 158
f 154 158 107
f 99 154 107
f 99 107 101
f 99 101 96
f 97 99 96
f 100 99 97
f 94 100 97
f 95 159 155
f 98 159 95
f 159 98 102
f 163 159 102
f 115 164 167
f 162 164 115
f 105 162 115
f 105 115 108
f 105 108 103
f 109 105 103
f 109 116 105
f 116 106 105
f 104 116 110
f 104 107 116
f 107 106 116
f 101 107 104
f 102 111 163
f 163 111 168
f 112 115 167
f 112 167 117
f 117 167 170
f 108 115 112
f 109 113 116
f 110 116 113
f 114 118 120
f 114 120 171
f 114 171 111
f 111 171 168
f 119 124 121
f 119 175 124
f 119 117 175
f 117 170 175
f 120 176 172
f 120 118 176
f 118 122 176
f 171 120 172
f 121 124 123
f 124 125 123
f 124 175 125
f 175 178 125
f 122 126 176
f 176 126 179
f 180 131 128
f 180 128 178
f 178 128 125
f 180 182 131
f 127 183 181
f 129 183 127
f 179 126 127
f 181 179 127
f 128 131 130
f 132 184 137
f 130 184 132
f 130 182 184
f 130 131 182
f 184 187 137
f 129 133 183
f 183 133 188
f 137 134 132
f 189 192 144
f 134 187 135
f 134 137 187
f 135 187 145
f 189 144 187
f 145 187 144
f 135 145 138
f 136 193 190
f 139 193 136
f 140 191 146
f 140 136 191
f 136 190 191
f 146 191 188
f 146 188 141
f 141 188 133
f 144 192 194
f 145 144 194
f 195 145 194
f 138 145 195
f 138 195 142
f 142 195 196
f 193 139 142
f 196 193 142
f 140 146 143
f 141 143 146
f 147 204 210
f 204 147 211
f 147 210 212
f 211 147 212
f 148 213 222
f 213 148 223
f 148 222 224
f 223 148 224
f 152 246 249
f 152 153 247
f 246 152 247
f 247 153 250
f 160 152 249
f 257 160 249
f 149 160 154
f 149 153 160
f 153 152 160
f 153 251 250
f 153 149 251
f 149 150 251
f 151 252 150
f 150 252 251
f 155 161 253
f 155 253 151
f 151 253 252
f 253 161 258
f 165 259 266
f 165 166 260
f 259 165 260
f 166 162 156
f 166 156 260
f 260 156 261
f 157 262 156
f 156 262 261
f 257 158 160
f 257 262 158
f 262 157 158
f 154 160 158
f 155 159 161
f 161 159 163
f 161 163 258
f 258 163 267
f 169 268 271
f 266 269 165
f 268 169 272
f 164 273 167
f 164 165 273
f 164 166 165
f 165 269 273
f 162 166 164
f 163 168 267
f 267 168 274
f 173 169 271
f 277 173 271
f 275 272 169
f 275 169 174
f 174 169 173
f 174 273 275
f 174 170 273
f 170 167 273
f 168 171 274
f 274 171 278
f 173 277 279
f 279 281 177
f 279 177 173
f 173 177 174
f 170 177 175
f 174 177 170
f 172 282 280
f 176 282 172
f 278 171 172
f 280 278 172
f 177 281 283
f 283 175 177
f 283 284 175
f 284 178 175
f 176 179 282
f 282 179 285
f 185 286 288
f 180 185 186
f 180 284 185
f 180 178 284
f 286 185 284
f 180 186 182
f 181 289 287
f 183 289 181
f 285 179 181
f 287 285 181
f 185 288 290
f 186 185 290
f 291 186 290
f 182 186 291
f 182 291 184
f 184 291 292
f 292 187 184
f 294 187 292
f 183 188 289
f 289 188 295
f 189 197 192
f 296 187 294
f 296 197 187
f 296 198 197
f 197 189 187
f 296 300 198
f 190 301 297
f 193 301 190
f 191 190 298
f 190 297 298
f 295 188 191
f 298 295 191
f 192 197 194
f 195 194 197
f 198 195 197
f 198 300 302
f 198 302 195
f 195 302 196
f 301 193 196
f 302 301 196
f 199 321 335
f 199 200 322
f 321 199 322
f 200 201 323
f 322 200 323
f 201 202 324
f 323 201 324
f 202 203 325
f 324 202 325
f 325 203 336
f 205 337 350
f 335 338 199
f 337 205 351
f 338 352 206
f 338 206 199
f 199 206 200
f 353 339 201
f 353 201 206
f 206 201 200
f 339 354 207
f 339 207 201
f 201 207 202
f 355 340 203
f 355 203 207
f 207 203 202
f 341 356 208
f 336 203 340
f 341 208 357
f 209 342 358
f 342 209 359
f 214 360 374
f 360 214 375
f 204 205 350
f 204 350 210
f 210 350 376
f 211 215 361
f 204 211 361
f 204 361 351
f 204 351 205
f 352 361 215
f 352 215 206
f 206 215 216
f 377 353 206
f 216 377 206
f 217 207 354
f 378 217 354
f 362 355 207
f 362 207 218
f 218 207 217
f 356 362 218
f 356 218 208
f 208 218 219
f 363 357 208
f 363 208 220
f 220 208 219
f 358 364 209
f 363 220 379
f 365 380 221
f 359 209 364
f 365 221 381
f 214 374 382
f 375 214 382
f 225 212 210
f 225 210 394
f 394 210 376
f 212 215 211
f 212 225 215
f 225 226 215
f 216 215 227
f 227 215 226
f 383 377 216
f 383 216 228
f 228 216 227
f 378 383 228
f 378 228 217
f 217 228 229
f 395 384 218
f 395 218 229
f 229 218 217
f 384 396 230
f 384 230 218
f 218 230 219
f 213 230 222
f 213 220 230
f 220 219 230
f 223 231 385
f 213 223 385
f 213 385 379
f 213 379 220
f 380 386 221
f 385 231 397
f 381 221 386
f 225 394 398
f 226 225 398
f 399 226 398
f 399 407 232
f 399 232 226
f 226 232 227
f 228 227 233
f 233 227 232
f 229 228 234
f 234 228 233
f 408 395 229
f 234 408 229
f 235 230 396
f 409 235 396
f 222 236 224
f 222 230 236
f 230 235 236
f 224 236 410
f 223 224 410
f 223 410 400
f 223 400 231
f 401 411 237
f 397 231 400
f 401 237 412
f 238 402 413
f 402 238 414
f 232 407 415
f 415 424 239
f 415 239 232
f 232 239 233
f 234 233 240
f 240 233 239
f 416 408 234
f 416 234 241
f 241 234 240
f 409 417 235
f 416 241 425
f 236 235 417
f 418 236 417
f 410 236 418
f 242 237 411
f 426 242 411
f 427 412 237
f 242 427 237
f 238 413 419
f 414 238 419
f 239 424 428
f 240 239 428
f 429 240 428
f 241 240 429
f 430 241 429
f 431 440 243
f 425 241 430
f 431 243 441
f 244 432 442
f 426 432 244
f 426 244 242
f 242 244 245
f 443 427 242
f 245 443 242
f 243 440 444
f 441 243 444
f 244 442 445
f 245 244 445
f 446 245 445
f 443 245 446
f 248 456 458
f 456 248 459
f 254 460 469
f 254 249 246
f 254 246 460
f 460 246 461
f 247 462 246
f 246 462 461
f 250 255 248
f 250 248 462
f 250 462 247
f 462 248 458
f 463 459 248
f 463 248 256
f 256 248 255
f 463 256 470
f 263 471 476
f 263 264 472
f 471 263 472
f 469 472 264
f 469 264 254
f 254 264 265
f 249 265 257
f 254 265 249
f 250 251 255
f 252 255 251
f 256 255 252
f 256 473 470
f 256 252 473
f 252 253 473
f 473 253 258
f 477 473 258
f 270 478 481
f 270 266 259
f 270 259 478
f 478 259 479
f 476 260 263
f 476 479 260
f 479 259 260
f 261 263 260
f 264 263 261
f 262 264 261
f 265 264 262
f 257 265 262
f 258 267 477
f 477 267 482
f 268 270 481
f 268 481 271
f 271 481 483
f 272 270 268
f 272 276 270
f 266 270 269
f 269 270 276
f 269 276 273
f 267 274 482
f 482 274 484
f 271 483 277
f 483 485 277
f 272 275 276
f 273 276 275
f 274 278 484
f 484 278 486
f 277 485 487
f 279 277 487
f 487 281 279
f 490 281 487
f 280 491 488
f 282 491 280
f 486 278 280
f 488 486 280
f 281 490 492
f 283 281 492
f 492 284 283
f 493 284 492
f 282 285 491
f 491 285 494
f 286 293 288
f 286 496 293
f 286 284 496
f 284 493 496
f 287 497 495
f 289 497 287
f 494 285 287
f 495 494 287
f 288 293 290
f 293 291 290
f 293 501 291
f 293 496 501
f 501 299 291
f 502 291 299
f 502 498 291
f 498 292 291
f 498 294 292
f 503 294 498
f 289 295 497
f 497 295 504
f 299 501 505
f 506 513 303
f 502 299 505
f 296 303 304
f 296 503 303
f 296 294 503
f 506 303 503
f 514 296 304
f 514 507 296
f 300 296 305
f 305 296 507
f 305 297 301
f 305 507 297
f 507 508 297
f 298 297 509
f 297 508 509
f 504 295 298
f 509 504 298
f 306 515 521
f 513 515 306
f 513 306 303
f 303 306 307
f 522 516 304
f 522 304 307
f 307 304 303
f 302 300 305
f 517 523 308
f 304 516 514
f 302 305 301
f 308 524 517
f 309 525 530
f 521 526 306
f 525 309 531
f 526 532 310
f 526 310 306
f 306 310 307
f 527 522 307
f 527 307 311
f 311 307 310
f 523 527 311
f 523 311 308
f 308 311 312
f 533 524 308
f 312 533 308
f 309 530 534
f 535 539 313
f 531 309 534
f 532 535 313
f 532 313 310
f 310 313 314
f 311 310 315
f 315 310 314
f 540 536 312
f 540 312 315
f 315 312 311
f 533 312 536
f 316 541 552
f 541 316 553
f 317 542 554
f 542 317 555
f 318 543 556
f 543 318 557
f 319 544 558
f 544 319 559
f 320 313 539
f 560 320 539
f 561 545 314
f 561 314 320
f 320 314 313
f 315 314 545
f 546 315 545
f 540 315 546
f 326 316 552
f 579 326 552
f 580 553 316
f 326 580 316
f 327 317 554
f 581 327 554
f 562 555 317
f 562 317 328
f 328 317 327
f 556 562 328
f 556 328 318
f 318 328 329
f 582 557 318
f 329 582 318
f 319 558 563
f 564 583 330
f 559 319 563
f 564 330 584
f 331 565 585
f 560 566 320
f 565 331 586
f 567 587 332
f 561 320 566
f 332 333 568
f 567 332 568
f 333 334 569
f 568 333 569
f 569 334 588
f 343 589 607
f 343 344 590
f 589 343 590
f 579 591 326
f 590 344 608
f 592 609 345
f 580 326 591
f 581 592 345
f 327 581 345
f 327 345 335
f 327 335 321
f 322 327 321
f 328 327 322
f 323 328 322
f 329 328 323
f 329 593 582
f 329 323 593
f 323 324 593
f 325 594 324
f 324 594 593
f 336 346 330
f 336 330 594
f 336 594 325
f 594 330 583
f 595 584 330
f 595 330 347
f 347 330 346
f 585 596 331
f 595 347 610
f 597 611 348
f 586 331 596
f 587 597 348
f 587 348 332
f 332 348 349
f 612 598 333
f 612 333 349
f 349 333 332
f 334 333 598
f 599 334 598
f 588 334 599
f 366 343 607
f 623 366 607
f 624 613 344
f 624 344 366
f 366 344 343
f 614 625 367
f 608 344 613
f 609 614 367
f 345 609 367
f 345 367 350
f 345 350 337
f 351 345 337
f 351 368 345
f 335 345 338
f 338 345 368
f 338 368 352
f 339 353 369
f 339 369 354
f 340 355 370
f 340 346 336
f 340 370 346
f 341 346 356
f 356 346 370
f 357 346 341
f 357 371 346
f 371 347 346
f 358 342 615
f 358 615 347
f 358 347 371
f 610 347 615
f 359 372 348
f 359 348 615
f 359 615 342
f 615 348 611
f 626 616 349
f 626 349 372
f 372 349 348
f 617 627 373
f 612 349 616
f 617 373 628
f 360 387 374
f 366 623 629
f 360 375 387
f 629 624 366
f 388 630 636
f 625 630 388
f 625 388 367
f 367 388 389
f 350 389 376
f 367 389 350
f 351 361 368
f 352 368 361
f 369 377 390
f 353 377 369
f 354 390 378
f 369 390 354
f 355 362 370
f 356 370 362
f 357 363 371
f 379 371 363
f 379 391 371
f 358 371 364
f 364 371 391
f 364 372 359
f 364 391 372
f 365 372 380
f 380 372 391
f 381 392 631
f 365 381 631
f 365 631 626
f 365 626 372
f 627 631 392
f 627 392 373
f 373 392 393
f 637 628 373
f 393 637 373
f 374 387 382
f 388 636 638
f 375 382 387
f 389 388 638
f 639 389 638
f 639 376 389
f 639 641 376
f 641 394 376
f 377 383 390
f 378 390 383
f 384 395 403
f 384 403 396
f 379 385 391
f 397 391 385
f 397 404 391
f 380 391 386
f 386 391 404
f 386 392 381
f 386 404 392
f 404 405 392
f 393 392 406
f 406 392 405
f 642 637 393
f 406 642 393
f 394 641 643
f 398 394 643
f 420 643 646
f 420 399 643
f 399 398 643
f 399 420 407
f 403 408 421
f 395 408 403
f 396 421 409
f 403 421 396
f 400 410 422
f 400 404 397
f 400 422 404
f 401 404 411
f 411 404 422
f 412 404 401
f 412 423 404
f 423 405 404
f 402 423 413
f 402 406 423
f 406 405 423
f 406 402 414
f 406 414 642
f 642 414 647
f 420 646 648
f 407 420 648
f 407 648 415
f 415 648 649
f 424 650 433
f 424 415 650
f 415 649 650
f 650 653 433
f 408 416 421
f 425 421 416
f 425 434 421
f 409 421 417
f 417 421 434
f 417 435 418
f 434 435 417
f 418 422 410
f 418 435 422
f 435 436 422
f 411 436 426
f 422 436 411
f 423 427 437
f 412 427 423
f 413 438 419
f 413 423 438
f 423 437 438
f 651 647 414
f 651 414 438
f 651 438 439
f 438 414 419
f 651 439 654
f 424 433 428
f 433 429 428
f 433 660 429
f 433 653 660
f 660 447 429
f 429 448 430
f 447 448 429
f 430 434 425
f 430 448 434
f 431 434 440
f 440 434 448
f 441 434 431
f 441 449 434
f 449 435 434
f 432 449 442
f 432 436 449
f 436 435 449
f 426 436 432
f 437 661 655
f 437 427 661
f 427 443 661
f 438 437 655
f 656 438 655
f 439 438 656
f 657 439 656
f 654 439 657
f 447 660 662
f 448 447 662
f 663 448 662
f 440 448 663
f 440 663 444
f 444 663 664
f 441 444 664
f 441 664 450
f 441 450 449
f 670 450 664
f 442 451 445
f 442 449 451
f 449 450 451
f 445 452 446
f 451 452 445
f 665 661 443
f 665 443 452
f 665 452 453
f 452 443 446
f 665 453 671
f 450 670 672
f 451 450 672
f 673 451 672
f 673 674 454
f 673 454 451
f 451 454 452
f 453 452 455
f 455 452 454
f 675 671 453
f 455 675 453
f 454 674 676
f 455 454 676
f 677 455 676
f 675 455 677
f 457 680 681
f 680 457 682
f 464 683 691
f 683 464 692
f 465 684 693
f 681 684 465
f 681 465 457
f 457 465 466
f 685 682 457
f 685 457 467
f 467 457 466
f 467 458 456
f 467 456 685
f 685 456 686
f 459 468 687
f 459 687 456
f 456 687 686
f 687 468 694
f 474 464 691
f 698 474 691
f 695 692 464
f 695 464 475
f 475 464 474
f 693 695 475
f 465 693 475
f 465 475 469
f 465 469 460
f 461 465 460
f 466 465 461
f 462 466 461
f 467 466 462
f 458 467 462
f 459 463 468
f 468 463 470
f 468 470 694
f 694 470 699
f 480 700 704
f 698 700 480
f 474 698 480
f 474 480 476
f 474 476 471
f 472 474 471
f 475 474 472
f 469 475 472
f 470 701 699
f 473 701 470
f 701 473 477
f 705 701 477
f 478 706 708
f 481 478 708
f 704 479 480
f 704 706 479
f 706 478 479
f 476 480 479
f 477 482 705
f 705 482 709
f 481 708 483
f 708 710 483
f 482 484 709
f 709 484 711
f 712 489 485
f 712 485 710
f 710 485 483
f 712 713 489
f 484 486 711
f 711 486 714
f 485 489 487
f 489 490 487
f 489 713 490
f 713 718 490
f 488 719 715
f 491 719 488
f 714 486 488
f 715 714 488
f 490 718 720
f 492 490 720
f 720 493 492
f 722 493 720
f 491 494 719
f 719 494 723
f 499 724 727
f 724 499 728
f 725 500 722
f 722 500 496
f 722 496 493
f 725 729 500
f 495 730 726
f 497 730 495
f 723 494 495
f 726 723 495
f 499 727 731
f 499 731 728
f 500 732 496
f 496 732 736
f 496 736 501
f 498 502 510
f 500 729 732
f 498 510 503
f 511 737 733
f 511 734 512
f 733 734 511
f 512 734 730
f 512 730 504
f 504 730 497
f 518 738 741
f 505 518 519
f 505 736 518
f 505 501 736
f 738 518 736
f 505 510 502
f 505 519 510
f 506 510 513
f 513 510 519
f 503 510 506
f 507 514 520
f 511 742 737
f 511 507 742
f 511 508 507
f 520 742 507
f 509 508 511
f 512 509 511
f 504 509 512
f 528 743 747
f 741 744 518
f 743 528 748
f 515 749 521
f 515 518 749
f 515 519 518
f 518 744 749
f 513 519 515
f 516 522 529
f 516 520 514
f 516 529 520
f 517 520 523
f 523 520 529
f 520 517 524
f 520 524 742
f 742 524 750
f 528 747 751
f 756 530 525
f 756 525 752
f 748 528 751
f 525 537 752
f 525 531 537
f 752 537 749
f 526 521 537
f 749 537 521
f 526 537 532
f 522 527 529
f 523 529 527
f 753 533 538
f 753 750 533
f 750 524 533
f 753 538 757
f 547 758 767
f 547 548 759
f 758 547 759
f 548 549 760
f 759 548 760
f 760 549 768
f 550 534 530
f 550 530 769
f 769 530 756
f 534 537 531
f 534 550 537
f 535 537 539
f 539 537 550
f 532 537 535
f 536 540 551
f 536 551 770
f 533 536 770
f 533 770 761
f 533 761 538
f 757 538 761
f 541 771 783
f 552 541 783
f 553 570 772
f 553 772 541
f 541 772 771
f 570 554 542
f 570 542 772
f 772 542 773
f 555 571 547
f 555 547 773
f 555 773 542
f 773 547 767
f 543 571 556
f 543 548 571
f 548 547 571
f 557 548 543
f 557 572 548
f 572 549 548
f 558 544 774
f 558 774 549
f 558 549 572
f 768 549 774
f 559 573 775
f 559 775 544
f 544 775 774
f 573 574 776
f 775 573 776
f 769 776 574
f 769 574 550
f 550 574 575
f 539 575 560
f 550 575 539
f 545 561 576
f 545 577 546
f 576 577 545
f 546 551 540
f 546 577 551
f 577 578 551
f 784 770 551
f 578 784 551
f 600 785 788
f 600 601 786
f 785 600 786
f 601 783 786
f 601 579 783
f 579 552 783
f 570 580 602
f 553 580 570
f 554 602 581
f 570 602 554
f 555 562 571
f 556 571 562
f 572 582 603
f 557 582 572
f 558 604 563
f 558 572 604
f 572 603 604
f 563 573 559
f 563 604 573
f 564 573 583
f 583 573 604
f 584 573 564
f 584 605 573
f 605 574 573
f 565 605 585
f 565 575 605
f 575 574 605
f 586 575 565
f 586 606 575
f 560 575 566
f 566 575 606
f 566 576 561
f 566 606 576
f 567 576 587
f 587 576 606
f 568 576 567
f 577 576 568
f 569 577 568
f 578 577 569
f 578 569 588
f 578 588 784
f 784 588 789
f 618 790 793
f 788 790 618
f 600 788 618
f 600 618 607
f 600 607 589
f 590 600 589
f 601 600 590
f 608 601 590
f 608 619 601
f 579 601 591
f 591 601 619
f 591 602 580
f 591 619 602
f 592 602 609
f 609 602 619
f 581 602 592
f 582 593 603
f 594 603 593
f 604 603 594
f 583 604 594
f 584 595 605
f 610 605 595
f 610 620 605
f 585 605 596
f 596 605 620
f 596 606 586
f 596 620 606
f 597 606 611
f 611 606 620
f 587 606 597
f 598 612 621
f 598 622 599
f 621 622 598
f 599 622 794
f 599 794 588
f 588 794 789
f 632 618 793
f 795 632 793
f 607 632 623
f 618 632 607
f 613 624 633
f 613 619 608
f 613 633 619
f 614 619 625
f 625 619 633
f 609 619 614
f 610 615 620
f 611 620 615
f 616 626 634
f 616 621 612
f 616 634 621
f 617 621 627
f 627 621 634
f 628 621 617
f 628 635 621
f 635 622 621
f 796 794 622
f 635 796 622
f 632 795 797
f 623 632 797
f 623 797 629
f 629 797 798
f 636 633 799
f 636 630 633
f 799 633 798
f 624 629 633
f 798 633 629
f 625 633 630
f 626 631 634
f 627 634 631
f 635 637 640
f 628 637 635
f 800 796 635
f 640 800 635
f 636 799 801
f 638 636 801
f 644 801 802
f 644 639 801
f 639 638 801
f 639 644 641
f 640 642 645
f 637 642 640
f 803 800 640
f 645 803 640
f 644 802 804
f 641 644 804
f 641 804 643
f 643 804 805
f 805 646 643
f 806 646 805
f 645 647 652
f 642 647 645
f 807 803 645
f 652 807 645
f 646 806 808
f 648 646 808
f 649 648 809
f 648 808 809
f 658 809 814
f 658 650 809
f 650 649 809
f 650 658 653
f 647 651 652
f 654 659 810
f 651 654 810
f 651 810 807
f 651 807 652
f 810 659 815
f 658 814 816
f 658 660 653
f 658 817 660
f 658 816 817
f 666 660 817
f 817 819 666
f 655 661 667
f 655 668 656
f 667 668 655
f 820 656 668
f 820 818 656
f 818 657 656
f 654 657 818
f 654 818 669
f 654 669 659
f 821 669 818
f 822 815 659
f 669 822 659
f 660 666 662
f 666 819 823
f 666 823 662
f 662 823 663
f 664 663 824
f 663 823 824
f 824 670 664
f 829 670 824
f 661 665 667
f 825 668 667
f 825 667 671
f 825 671 830
f 665 671 667
f 820 668 825
f 669 821 826
f 822 669 826
f 670 829 831
f 672 670 831
f 673 672 832
f 672 831 832
f 674 833 678
f 674 673 833
f 673 832 833
f 678 834 679
f 833 834 678
f 679 834 830
f 679 830 675
f 675 830 671
f 674 678 676
f 677 676 678
f 679 677 678
f 675 677 679
f 688 839 843
f 688 681 680
f 688 680 839
f 839 680 840
f 682 689 841
f 682 841 680
f 680 841 840
f 689 690 842
f 841 689 842
f 842 690 844
f 696 845 851
f 696 691 683
f 696 683 845
f 845 683 846
f 692 697 847
f 692 847 683
f 683 847 846
f 843 847 697
f 688 843 697
f 688 697 693
f 688 693 684
f 681 688 684
f 682 685 689
f 686 689 685
f 690 689 686
f 690 848 844
f 690 686 848
f 686 687 848
f 848 687 694
f 852 848 694
f 702 696 851
f 855 702 851
f 691 702 698
f 696 702 691
f 692 695 697
f 693 697 695
f 853 699 703
f 853 852 699
f 852 694 699
f 853 703 856
f 707 857 860
f 855 857 707
f 702 855 707
f 702 707 704
f 702 704 700
f 698 702 700
f 699 701 703
f 703 701 705
f 703 705 856
f 856 705 861
f 706 707 860
f 706 860 708
f 708 860 863
f 704 707 706
f 705 709 861
f 861 709 864
f 708 863 710
f 863 865 710
f 709 711 864
f 864 711 866
f 716 712 710
f 716 710 869
f 869 710 865
f 712 716 713
f 717 870 867
f 717 867 866
f 717 866 714
f 714 866 711
f 716 869 871
f 716 718 713
f 716 872 718
f 716 871 872
f 721 718 872
f 872 874 721
f 715 870 717
f 715 719 870
f 719 875 870
f 714 715 717
f 718 721 720
f 721 722 720
f 721 874 722
f 874 876 722
f 719 723 875
f 875 723 877
f 724 878 882
f 727 724 882
f 724 735 878
f 724 728 735
f 878 735 876
f 725 722 735
f 876 735 722
f 725 735 729
f 726 883 879
f 730 883 726
f 877 723 726
f 879 877 726
f 739 731 727
f 739 727 886
f 886 727 882
f 731 735 728
f 731 739 735
f 732 735 736
f 736 735 739
f 729 735 732
f 733 737 740
f 887 733 740
f 887 884 733
f 884 734 733
f 883 730 734
f 884 883 734
f 738 739 886
f 738 886 741
f 741 886 891
f 736 739 738
f 740 742 745
f 737 742 740
f 888 887 740
f 888 740 746
f 746 740 745
f 888 746 892
f 743 893 895
f 747 743 895
f 743 754 893
f 743 748 754
f 893 754 891
f 744 741 754
f 891 754 741
f 744 754 749
f 745 750 755
f 742 750 745
f 896 894 746
f 896 746 755
f 755 746 745
f 892 746 894
f 762 897 901
f 762 763 898
f 897 762 898
f 898 763 902
f 764 899 903
f 764 765 900
f 899 764 900
f 751 765 766
f 751 895 765
f 751 747 895
f 900 765 895
f 751 754 748
f 751 766 754
f 752 754 756
f 756 754 766
f 749 754 752
f 750 753 755
f 755 753 757
f 755 757 896
f 896 757 904
f 777 905 911
f 777 778 906
f 905 777 906
f 906 778 912
f 758 762 901
f 758 901 767
f 767 901 913
f 759 762 758
f 763 762 759
f 763 907 902
f 763 759 907
f 759 760 907
f 768 779 764
f 768 764 907
f 768 907 760
f 907 764 903
f 765 764 780
f 780 764 779
f 766 765 781
f 781 765 780
f 756 781 769
f 766 781 756
f 761 770 782
f 761 782 914
f 761 914 757
f 757 914 904
f 787 915 920
f 915 787 921
f 771 777 911
f 771 911 783
f 783 911 922
f 772 777 771
f 778 777 772
f 778 916 912
f 778 772 916
f 772 773 916
f 913 773 767
f 916 773 913
f 768 774 779
f 775 779 774
f 780 779 775
f 776 780 775
f 781 780 776
f 769 781 776
f 782 923 917
f 782 770 923
f 770 784 923
f 914 782 917
f 791 924 930
f 920 924 791
f 787 920 791
f 787 791 788
f 787 788 785
f 787 925 921
f 787 785 925
f 785 786 925
f 922 786 783
f 925 786 922
f 926 789 792
f 926 923 789
f 923 784 789
f 926 792 931
f 790 791 930
f 790 930 793
f 793 930 933
f 788 791 790
f 792 934 932
f 792 789 934
f 789 794 934
f 931 792 932
f 793 933 795
f 933 936 795
f 794 796 934
f 934 796 937
f 795 936 938
f 797 795 938
f 798 797 939
f 797 938 939
f 939 799 798
f 942 799 939
f 796 800 937
f 937 800 943
f 799 942 944
f 801 799 944
f 944 802 801
f 947 802 944
f 800 803 943
f 943 803 948
f 802 947 949
f 804 802 949
f 805 804 950
f 804 949 950
f 806 951 811
f 806 805 951
f 805 950 951
f 951 958 811
f 952 807 812
f 952 948 807
f 948 803 807
f 812 813 953
f 952 812 953
f 953 813 959
f 806 811 808
f 811 958 960
f 811 960 808
f 808 960 809
f 960 814 809
f 962 814 960
f 807 810 812
f 961 813 812
f 961 812 815
f 961 815 963
f 810 815 812
f 959 813 961
f 814 962 964
f 816 814 964
f 817 816 965
f 816 964 965
f 819 966 827
f 819 817 966
f 817 965 966
f 966 968 827
f 818 820 828
f 818 828 821
f 815 822 963
f 963 822 969
f 819 827 823
f 827 968 970
f 827 970 823
f 823 970 824
f 829 971 835
f 829 824 971
f 824 970 971
f 835 972 836
f 971 972 835
f 972 976 836
f 825 830 837
f 825 828 820
f 825 837 828
f 837 838 828
f 821 828 838
f 821 838 973
f 821 973 826
f 973 838 977
f 969 822 826
f 973 969 826
f 829 835 831
f 832 831 835
f 836 832 835
f 836 976 978
f 836 978 832
f 832 978 833
f 834 833 979
f 833 978 979
f 837 830 834
f 837 834 980
f 980 834 979
f 838 837 980
f 981 838 980
f 977 838 981
f 849 985 991
f 849 850 986
f 985 849 986
f 850 843 839
f 850 839 986
f 986 839 987
f 840 988 839
f 839 988 987
f 841 989 840
f 840 989 988
f 842 990 841
f 841 990 989
f 990 842 844
f 992 990 844
f 854 993 999
f 854 851 845
f 854 845 993
f 993 845 994
f 991 846 849
f 991 994 846
f 994 845 846
f 847 849 846
f 850 849 847
f 843 850 847
f 844 995 992
f 848 995 844
f 995 848 852
f 1000 995 852
f 858 854 999
f 1001 858 999
f 851 858 855
f 854 858 851
f 859 852 853
f 859 1002 852
f 1002 1000 852
f 853 856 859
f 857 858 1001
f 857 1001 860
f 860 1001 1003
f 855 858 857
f 862 1002 859
f 1004 1002 862
f 856 861 862
f 859 856 862
f 860 1003 863
f 1003 1006 863
f 862 1005 1004
f 1005 862 861
f 1005 861 1007
f 1007 861 864
f 1008 868 865
f 1008 865 1006
f 1006 865 863
f 1008 1010 868
f 864 866 1007
f 1007 866 1011
f 868 873 869
f 865 868 869
f 1014 868 1010
f 873 868 1014
f 867 1015 1012
f 870 1015 867
f 1011 866 867
f 1012 1011 867
f 869 873 871
f 873 1014 1016
f 873 1016 871
f 871 1016 872
f 1016 874 872
f 1017 874 1016
f 870 875 1015
f 1015 875 1018
f 880 1019 1022
f 880 1017 1019
f 880 876 1017
f 876 874 1017
f 1020 877 881
f 1020 1018 877
f 1018 875 877
f 1020 881 1023
f 878 880 1022
f 878 1022 882
f 882 1022 1026
f 876 880 878
f 879 883 885
f 879 885 1027
f 877 879 1027
f 877 1027 1024
f 877 1024 881
f 1023 881 1024
f 1028 889 886
f 1028 886 1026
f 1026 886 882
f 1028 1031 889
f 884 887 890
f 884 890 1032
f 883 884 1032
f 883 1032 1029
f 883 1029 885
f 1027 885 1029
f 889 1033 1037
f 889 1037 886
f 886 1037 891
f 1031 1033 889
f 887 888 890
f 890 888 892
f 890 892 1032
f 1032 892 1038
f 893 1039 1043
f 895 893 1043
f 1037 893 891
f 1039 893 1037
f 894 1044 1040
f 896 1044 894
f 1038 892 894
f 1040 1038 894
f 908 1045 1055
f 1045 908 1056
f 897 1046 1057
f 901 897 1057
f 898 1047 897
f 897 1047 1046
f 902 909 1048
f 902 1048 898
f 898 1048 1047
f 909 903 899
f 909 899 1048
f 1048 899 1049
f 900 1050 899
f 899 1050 1049
f 1043 900 895
f 1050 900 1043
f 1051 904 910
f 1051 1044 904
f 1044 896 904
f 1051 910 1058
f 918 1059 1064
f 1059 918 1065
f 905 1060 1066
f 911 905 1066
f 1055 906 908
f 1055 1060 906
f 1060 905 906
f 912 919 1061
f 906 912 1061
f 906 1061 1056
f 906 1056 908
f 919 1057 1061
f 919 913 1057
f 913 901 1057
f 902 907 909
f 903 909 907
f 910 1067 1062
f 910 904 1067
f 904 914 1067
f 1058 910 1062
f 927 1068 1071
f 1064 1068 927
f 918 1064 927
f 918 927 920
f 918 920 915
f 921 928 1069
f 915 921 1069
f 915 1069 1065
f 915 1065 918
f 928 1066 1069
f 928 922 1066
f 922 911 1066
f 912 916 919
f 913 919 916
f 917 923 929
f 917 929 1072
f 917 1072 914
f 914 1072 1067
f 924 927 1071
f 924 1071 930
f 930 1071 1073
f 920 927 924
f 921 925 928
f 922 928 925
f 923 926 929
f 929 926 931
f 929 931 1072
f 1072 931 1074
f 930 1073 933
f 1073 1075 933
f 932 934 935
f 932 935 1076
f 932 1076 931
f 931 1076 1074
f 1077 940 936
f 1077 936 1075
f 1075 936 933
f 1077 1078 940
f 935 937 941
f 934 937 935
f 1079 1076 935
f 941 1079 935
f 936 940 938
f 940 1078 1080
f 940 1080 938
f 938 1080 939
f 942 1081 945
f 942 939 1081
f 939 1080 1081
f 1081 1082 945
f 941 943 946
f 937 943 941
f 1083 1079 941
f 946 1083 941
f 942 945 944
f 947 1084 954
f 944 1084 947
f 944 1082 1084
f 944 945 1082
f 954 1085 955
f 1084 1085 954
f 1085 1088 955
f 946 948 956
f 943 948 946
f 1086 1083 946
f 1086 946 957
f 957 946 956
f 1086 957 1089
f 947 954 949
f 950 949 954
f 955 950 954
f 955 1088 1090
f 955 1090 950
f 950 1090 951
f 1090 958 951
f 1092 958 1090
f 948 952 956
f 953 956 952
f 957 956 953
f 957 953 959
f 957 959 1089
f 1089 959 1093
f 958 1092 1094
f 960 958 1094
f 962 1095 967
f 962 960 1095
f 960 1094 1095
f 1095 1099 967
f 961 1100 1096
f 963 1100 961
f 1093 959 961
f 1096 1093 961
f 962 967 964
f 967 1099 1101
f 967 1101 964
f 964 1101 965
f 966 965 1102
f 965 1101 1102
f 968 1103 974
f 968 966 1103
f 966 1102 1103
f 1103 1107 974
f 1104 969 975
f 1104 1100 969
f 1100 963 969
f 1104 975 1108
f 968 974 970
f 974 1107 1109
f 974 1109 970
f 970 1109 971
f 972 971 1110
f 971 1109 1110
f 1110 976 972
f 1114 976 1110
f 973 977 982
f 973 982 1115
f 969 973 1115
f 969 1115 1111
f 969 1111 975
f 1108 975 1111
f 976 1114 1116
f 978 976 1116
f 979 978 1117
f 978 1116 1117
f 983 1117 1120
f 983 980 1117
f 980 979 1117
f 980 984 981
f 983 984 980
f 981 984 1121
f 977 981 1121
f 977 1121 1118
f 977 1118 982
f 1115 982 1118
f 983 1120 1122
f 984 983 1122
f 1123 984 1122
f 1121 984 1123
f 996 1125 1132
f 996 997 1126
f 1125 996 1126
f 997 991 985
f 997 985 1126
f 1126 985 1127
f 986 1128 985
f 985 1128 1127
f 987 1129 986
f 986 1129 1128
f 988 1130 987
f 987 1130 1129
f 989 1131 988
f 988 1131 1130
f 998 1133 1131
f 998 1131 990
f 990 1131 989
f 990 992 998
f 993 996 1132
f 993 1132 999
f 999 1132 1138
f 994 996 993
f 997 996 994
f 991 997 994
f 998 1134 1133
f 992 1134 998
f 992 995 1134
f 995 1135 1134
f 1135 995 1000
f 1139 1135 1000
f 999 1138 1001
f 1138 1144 1001
f 1000 1002 1139
f 1139 1002 1145
f 1001 1144 1003
f 1144 1149 1003
f 1002 1004 1145
f 1145 1004 1150
f 1151 1009 1006
f 1151 1006 1149
f 1149 1006 1003
f 1151 1157 1009
f 1004 1152 1150
f 1005 1152 1004
f 1152 1005 1007
f 1158 1152 1007
f 1006 1009 1008
f 1009 1010 1008
f 1009 1157 1010
f 1157 1162 1010
f 1013 1163 1159
f 1013 1159 1158
f 1013 1158 1011
f 1011 1158 1007
f 1010 1162 1014
f 1162 1165 1014
f 1012 1163 1013
f 1012 1015 1163
f 1015 1166 1163
f 1011 1012 1013
f 1014 1165 1167
f 1016 1014 1167
f 1167 1017 1016
f 1170 1017 1167
f 1168 1018 1021
f 1168 1166 1018
f 1166 1015 1018
f 1168 1021 1171
f 1019 1172 1174
f 1022 1019 1174
f 1170 1019 1017
f 1172 1019 1170
f 1025 1018 1020
f 1025 1175 1018
f 1021 1018 1173
f 1173 1018 1175
f 1021 1173 1171
f 1020 1023 1025
f 1030 1176 1177
f 1030 1174 1176
f 1030 1026 1174
f 1026 1022 1174
f 1024 1175 1025
f 1024 1027 1175
f 1027 1178 1175
f 1023 1024 1025
f 1034 1030 1177
f 1179 1034 1177
f 1026 1035 1028
f 1026 1030 1035
f 1030 1034 1035
f 1028 1035 1031
f 1029 1032 1036
f 1029 1036 1180
f 1029 1180 1027
f 1027 1180 1178
f 1041 1181 1183
f 1179 1182 1034
f 1181 1041 1184
f 1033 1185 1037
f 1033 1034 1185
f 1033 1035 1034
f 1034 1182 1185
f 1031 1035 1033
f 1036 1038 1042
f 1032 1038 1036
f 1186 1180 1036
f 1042 1186 1036
f 1052 1187 1194
f 1187 1052 1195
f 1053 1188 1196
f 1183 1189 1041
f 1188 1053 1197
f 1198 1043 1039
f 1198 1039 1190
f 1184 1041 1189
f 1185 1039 1037
f 1190 1039 1185
f 1040 1044 1054
f 1040 1054 1199
f 1038 1040 1199
f 1038 1199 1191
f 1038 1191 1042
f 1186 1042 1191
f 1045 1200 1209
f 1055 1045 1209
f 1200 1045 1056
f 1210 1200 1056
f 1046 1201 1211
f 1057 1046 1211
f 1194 1047 1052
f 1194 1201 1047
f 1201 1046 1047
f 1052 1202 1195
f 1052 1047 1202
f 1047 1048 1202
f 1196 1049 1053
f 1196 1202 1049
f 1202 1048 1049
f 1053 1203 1197
f 1053 1049 1203
f 1049 1050 1203
f 1198 1050 1043
f 1203 1050 1198
f 1063 1044 1051
f 1063 1212 1044
f 1054 1044 1204
f 1204 1044 1212
f 1054 1204 1199
f 1051 1058 1063
f 1059 1213 1220
f 1064 1059 1220
f 1065 1070 1214
f 1065 1214 1059
f 1059 1214 1213
f 1070 1066 1060
f 1070 1060 1214
f 1214 1060 1215
f 1209 1060 1055
f 1215 1060 1209
f 1056 1216 1210
f 1061 1216 1056
f 1211 1061 1057
f 1216 1061 1211
f 1062 1212 1063
f 1062 1067 1212
f 1067 1221 1212
f 1058 1062 1063
f 1068 1222 1224
f 1071 1068 1224
f 1220 1068 1064
f 1222 1068 1220
f 1065 1069 1070
f 1066 1070 1069
f 1067 1072 1221
f 1221 1072 1225
f 1071 1224 1073
f 1224 1226 1073
f 1072 1074 1225
f 1225 1074 1227
f 1073 1226 1075
f 1226 1228 1075
f 1074 1076 1227
f 1227 1076 1229
f 1075 1228 1230
f 1077 1075 1230
f 1230 1078 1077
f 1231 1078 1230
f 1076 1079 1229
f 1229 1079 1232
f 1078 1231 1233
f 1080 1078 1233
f 1081 1080 1234
f 1080 1233 1234
f 1234 1082 1081
f 1238 1082 1234
f 1235 1083 1087
f 1235 1232 1083
f 1232 1079 1083
f 1235 1087 1239
f 1082 1238 1240
f 1084 1082 1240
f 1085 1084 1241
f 1084 1240 1241
f 1241 1088 1085
f 1244 1088 1241
f 1083 1086 1087
f 1089 1091 1242
f 1086 1089 1242
f 1086 1242 1239
f 1086 1239 1087
f 1242 1091 1245
f 1088 1244 1246
f 1090 1088 1246
f 1092 1247 1097
f 1092 1090 1247
f 1090 1246 1247
f 1247 1248 1097
f 1091 1093 1098
f 1089 1093 1091
f 1249 1245 1091
f 1098 1249 1091
f 1092 1097 1094
f 1097 1248 1250
f 1097 1250 1094
f 1094 1250 1095
f 1099 1251 1105
f 1099 1095 1251
f 1095 1250 1251
f 1251 1254 1105
f 1096 1100 1106
f 1096 1106 1255
f 1093 1096 1255
f 1093 1255 1252
f 1093 1252 1098
f 1249 1098 1252
f 1099 1105 1101
f 1105 1254 1256
f 1105 1256 1101
f 1101 1256 1102
f 1103 1102 1257
f 1102 1256 1257
f 1107 1258 1112
f 1107 1103 1258
f 1103 1257 1258
f 1258 1260 1112
f 1113 1100 1104
f 1113 1261 1100
f 1106 1100 1259
f 1259 1100 1261
f 1106 1259 1255
f 1104 1108 1113
f 1107 1112 1109
f 1112 1260 1262
f 1112 1262 1109
f 1109 1262 1110
f 1262 1114 1110
f 1265 1114 1262
f 1263 1115 1119
f 1263 1261 1115
f 1111 1115 1113
f 1113 1115 1261
f 1111 1113 1108
f 1119 1266 1263
f 1114 1265 1267
f 1116 1114 1267
f 1117 1116 1268
f 1116 1267 1268
f 1268 1120 1117
f 1274 1120 1268
f 1118 1121 1124
f 1118 1124 1275
f 1115 1118 1275
f 1115 1275 1269
f 1115 1269 1119
f 1266 1119 1269
f 1120 1274 1276
f 1122 1120 1276
f 1123 1122 1277
f 1122 1276 1277
f 1124 1121 1123
f 1124 1123 1278
f 1278 1123 1277
f 1275 1124 1278
f 1125 1136 1132
f 1125 1126 1137
f 1136 1125 1137
f 1287 1137 1126
f 1287 1126 1282
f 1282 1126 1127
f 1128 1283 1127
f 1127 1283 1282
f 1129 1284 1128
f 1128 1284 1283
f 1130 1285 1129
f 1129 1285 1284
f 1131 1286 1130
f 1130 1286 1285
f 1286 1131 1133
f 1288 1286 1133
f 1136 1140 1138
f 1132 1136 1138
f 1137 1141 1136
f 1141 1140 1136
f 1292 1137 1287
f 1141 1137 1292
f 1142 1133 1134
f 1142 1293 1133
f 1293 1288 1133
f 1134 1135 1143
f 1142 1134 1143
f 1135 1139 1143
f 1140 1146 1144
f 1138 1140 1144
f 1300 1141 1294
f 1300 1146 1141
f 1146 1140 1141
f 1292 1294 1141
f 1147 1293 1142
f 1301 1293 1147
f 1143 1148 1142
f 1148 1147 1142
f 1139 1145 1148
f 1143 1139 1148
f 1146 1153 1149
f 1144 1146 1149
f 1302 1146 1300
f 1302 1154 1146
f 1154 1153 1146
f 1154 1303 1155
f 1302 1303 1154
f 1303 1311 1155
f 1147 1304 1301
f 1304 1156 1312
f 1304 1147 1156
f 1147 1148 1156
f 1145 1150 1156
f 1148 1145 1156
f 1149 1153 1151
f 1157 1151 1153
f 1157 1153 1160
f 1160 1153 1154
f 1155 1161 1154
f 1161 1160 1154
f 1315 1155 1311
f 1161 1155 1315
f 1156 1313 1312
f 1150 1313 1156
f 1150 1152 1313
f 1152 1314 1313
f 1314 1152 1158
f 1316 1314 1158
f 1160 1164 1162
f 1157 1160 1162
f 1321 1161 1317
f 1321 1164 1161
f 1164 1160 1161
f 1315 1317 1161
f 1159 1322 1318
f 1163 1322 1159
f 1316 1158 1159
f 1318 1316 1159
f 1164 1169 1165
f 1162 1164 1165
f 1323 1164 1321
f 1169 1164 1323
f 1163 1166 1322
f 1322 1166 1324
f 1165 1169 1167
f 1169 1170 1167
f 1169 1323 1170
f 1323 1326 1170
f 1166 1325 1324
f 1168 1325 1166
f 1325 1168 1171
f 1327 1325 1171
f 1172 1328 1333
f 1174 1172 1333
f 1326 1172 1170
f 1328 1172 1326
f 1173 1334 1329
f 1175 1334 1173
f 1327 1171 1173
f 1329 1327 1173
f 1176 1335 1336
f 1177 1176 1336
f 1333 1176 1174
f 1335 1176 1333
f 1175 1178 1334
f 1334 1178 1337
f 1177 1336 1179
f 1336 1339 1179
f 1178 1180 1337
f 1337 1180 1340
f 1181 1341 1344
f 1183 1181 1344
f 1181 1192 1341
f 1181 1184 1192
f 1341 1192 1339
f 1182 1179 1192
f 1339 1192 1179
f 1182 1192 1185
f 1193 1345 1342
f 1193 1342 1340
f 1193 1340 1186
f 1186 1340 1180
f 1205 1346 1354
f 1346 1205 1355
f 1206 1347 1356
f 1206 1194 1187
f 1206 1187 1347
f 1347 1187 1348
f 1195 1207 1349
f 1195 1349 1187
f 1187 1349 1348
f 1207 1196 1188
f 1207 1188 1349
f 1349 1188 1350
f 1188 1208 1350
f 1188 1197 1208
f 1350 1208 1344
f 1189 1183 1208
f 1344 1208 1183
f 1189 1192 1184
f 1189 1208 1192
f 1190 1192 1198
f 1198 1192 1208
f 1185 1192 1190
f 1191 1345 1193
f 1191 1199 1345
f 1199 1357 1345
f 1186 1191 1193
f 1217 1358 1363
f 1358 1217 1364
f 1218 1359 1365
f 1354 1359 1218
f 1205 1354 1218
f 1205 1218 1209
f 1205 1209 1200
f 1210 1219 1360
f 1200 1210 1360
f 1200 1360 1355
f 1200 1355 1205
f 1356 1360 1219
f 1206 1356 1219
f 1206 1219 1211
f 1206 1211 1201
f 1194 1206 1201
f 1195 1202 1207
f 1196 1207 1202
f 1197 1203 1208
f 1198 1208 1203
f 1204 1366 1361
f 1212 1366 1204
f 1357 1199 1204
f 1361 1357 1204
f 1213 1217 1363
f 1213 1363 1220
f 1220 1363 1370
f 1217 1367 1364
f 1217 1213 1367
f 1213 1214 1367
f 1365 1215 1218
f 1365 1367 1215
f 1367 1214 1215
f 1209 1218 1215
f 1210 1216 1219
f 1211 1219 1216
f 1368 1221 1223
f 1368 1366 1221
f 1366 1212 1221
f 1368 1223 1371
f 1222 1372 1375
f 1224 1222 1375
f 1370 1222 1220
f 1372 1222 1370
f 1223 1376 1373
f 1223 1221 1376
f 1221 1225 1376
f 1371 1223 1373
f 1224 1375 1226
f 1375 1379 1226
f 1225 1227 1376
f 1376 1227 1380
f 1226 1379 1228
f 1379 1381 1228
f 1227 1229 1380
f 1380 1229 1382
f 1228 1381 1383
f 1230 1228 1383
f 1231 1384 1236
f 1231 1230 1384
f 1230 1383 1384
f 1384 1387 1236
f 1385 1232 1237
f 1385 1382 1232
f 1382 1229 1232
f 1385 1237 1388
f 1231 1236 1233
f 1236 1387 1389
f 1236 1389 1233
f 1233 1389 1234
f 1238 1390 1243
f 1238 1234 1390
f 1234 1389 1390
f 1390 1391 1243
f 1232 1235 1237
f 1237 1235 1239
f 1237 1239 1388
f 1388 1239 1392
f 1238 1243 1240
f 1243 1391 1393
f 1243 1393 1240
f 1240 1393 1241
f 1393 1244 1241
f 1395 1244 1393
f 1239 1394 1392
f 1242 1394 1239
f 1394 1242 1245
f 1396 1394 1245
f 1244 1395 1397
f 1246 1244 1397
f 1247 1246 1398
f 1246 1397 1398
f 1248 1399 1253
f 1248 1247 1399
f 1247 1398 1399
f 1399 1401 1253
f 1245 1249 1396
f 1396 1249 1402
f 1248 1253 1250
f 1253 1401 1403
f 1253 1403 1250
f 1250 1403 1251
f 1403 1254 1251
f 1405 1254 1403
f 1252 1406 1404
f 1255 1406 1252
f 1402 1249 1252
f 1404 1402 1252
f 1254 1405 1407
f 1256 1254 1407
f 1257 1256 1408
f 1256 1407 1408
f 1258 1257 1409
f 1257 1408 1409
f 1260 1410 1264
f 1260 1258 1410
f 1258 1409 1410
f 1410 1413 1264
f 1259 1414 1411
f 1261 1414 1259
f 1406 1255 1259
f 1411 1406 1259
f 1260 1264 1262
f 1265 1415 1270
f 1262 1415 1265
f 1262 1413 1415
f 1262 1264 1413
f 1270 1416 1271
f 1415 1416 1270
f 1271 1417 1272
f 1416 1417 1271
f 1417 1421 1272
f 1273 1261 1263
f 1273 1422 1261
f 1422 1414 1261
f 1263 1266 1273
f 1265 1270 1267
f 1268 1267 1270
f 1271 1268 1270
f 1274 1268 1271
f 1274 1271 1279
f 1279 1271 1272
f 1423 1272 1421
f 1423 1280 1272
f 1280 1279 1272
f 1280 1424 1281
f 1423 1424 1280
f 1422 1281 1424
f 1273 1281 1422
f 1273 1275 1281
f 1273 1269 1275
f 1266 1269 1273
f 1274 1279 1276
f 1277 1276 1279
f 1280 1277 1279
f 1278 1277 1280
f 1281 1278 1280
f 1275 1278 1281
f 1282 1289 1287
f 1282 1283 1290
f 1289 1282 1290
f 1429 1290 1283
f 1429 1283 1427
f 1427 1283 1284
f 1285 1428 1284
f 1284 1428 1427
f 1291 1430 1428
f 1291 1428 1286
f 1286 1428 1285
f 1286 1288 1291
f 1289 1295 1292
f 1287 1289 1292
f 1290 1296 1289
f 1296 1295 1289
f 1431 1290 1429
f 1431 1297 1290
f 1297 1296 1290
f 1297 1432 1298
f 1431 1432 1297
f 1430 1298 1432
f 1430 1291 1298
f 1291 1299 1298
f 1288 1293 1299
f 1291 1288 1299
f 1294 1305 1300
f 1294 1292 1295
f 1294 1295 1305
f 1305 1295 1306
f 1296 1307 1295
f 1307 1306 1295
f 1297 1308 1296
f 1308 1307 1296
f 1298 1309 1297
f 1309 1308 1297
f 1299 1310 1298
f 1310 1309 1298
f 1293 1301 1310
f 1299 1293 1310
f 1300 1305 1302
f 1303 1302 1305
f 1306 1303 1305
f 1435 1306 1307
f 1435 1311 1306
f 1435 1440 1311
f 1303 1306 1311
f 1308 1435 1307
f 1436 1435 1308
f 1309 1436 1308
f 1437 1436 1309
f 1310 1437 1309
f 1438 1437 1310
f 1301 1438 1310
f 1301 1304 1438
f 1304 1439 1438
f 1439 1304 1312
f 1441 1439 1312
f 1319 1442 1447
f 1319 1440 1442
f 1319 1315 1440
f 1315 1311 1440
f 1312 1443 1441
f 1313 1443 1312
f 1320 1448 1443
f 1320 1443 1314
f 1314 1443 1313
f 1314 1316 1320
f 1317 1319 1447
f 1317 1447 1321
f 1321 1447 1450
f 1315 1319 1317
f 1318 1448 1320
f 1318 1322 1448
f 1322 1451 1448
f 1316 1318 1320
f 1321 1450 1323
f 1450 1452 1323
f 1322 1324 1451
f 1451 1324 1453
f 1330 1454 1457
f 1330 1452 1454
f 1330 1326 1452
f 1326 1323 1452
f 1331 1458 1455
f 1325 1332 1331
f 1325 1331 1453
f 1325 1453 1324
f 1455 1453 1331
f 1325 1327 1332
f 1328 1330 1457
f 1328 1457 1333
f 1333 1457 1461
f 1326 1330 1328
f 1331 1459 1458
f 1329 1334 1462
f 1329 1462 1331
f 1329 1331 1332
f 1331 1462 1459
f 1327 1329 1332
f 1335 1463 1467
f 1336 1335 1467
f 1461 1335 1333
f 1463 1335 1461
f 1464 1337 1338
f 1464 1462 1337
f 1462 1334 1337
f 1464 1338 1468
f 1343 1469 1472
f 1343 1467 1469
f 1343 1339 1467
f 1339 1336 1467
f 1338 1473 1470
f 1338 1337 1473
f 1337 1340 1473
f 1468 1338 1470
f 1351 1474 1479
f 1351 1352 1475
f 1474 1351 1475
f 1352 1353 1476
f 1475 1352 1476
f 1472 1476 1353
f 1343 1472 1353
f 1343 1353 1344
f 1343 1344 1341
f 1339 1343 1341
f 1342 1480 1477
f 1345 1480 1342
f 1473 1340 1342
f 1477 1473 1342
f 1346 1481 1484
f 1354 1346 1484
f 1355 1362 1482
f 1355 1482 1346
f 1346 1482 1481
f 1362 1356 1347
f 1362 1347 1482
f 1482 1347 1483
f 1479 1348 1351
f 1479 1483 1348
f 1483 1347 1348
f 1349 1351 1348
f 1352 1351 1349
f 1350 1352 1349
f 1353 1352 1350
f 1344 1353 1350
f 1345 1357 1480
f 1480 1357 1485
f 1358 1486 1491
f 1363 1358 1491
f 1486 1358 1364
f 1492 1486 1364
f 1359 1487 1493
f 1365 1359 1493
f 1484 1359 1354
f 1487 1359 1484
f 1355 1360 1362
f 1356 1362 1360
f 1361 1366 1369
f 1361 1369 1494
f 1361 1494 1357
f 1357 1494 1485
f 1374 1495 1498
f 1374 1491 1495
f 1374 1370 1491
f 1370 1363 1491
f 1364 1496 1492
f 1367 1496 1364
f 1493 1367 1365
f 1496 1367 1493
f 1366 1368 1369
f 1369 1368 1371
f 1369 1371 1494
f 1494 1371 1499
f 1377 1500 1505
f 1377 1378 1501
f 1500 1377 1501
f 1498 1501 1378
f 1374 1498 1378
f 1374 1378 1375
f 1374 1375 1372
f 1370 1374 1372
f 1373 1506 1502
f 1376 1506 1373
f 1499 1371 1373
f 1502 1499 1373
f 1377 1505 1507
f 1378 1377 1507
f 1508 1378 1507
f 1508 1375 1378
f 1508 1509 1375
f 1509 1379 1375
f 1376 1380 1506
f 1506 1380 1510
f 1511 1386 1381
f 1511 1381 1509
f 1509 1381 1379
f 1511 1512 1386
f 1380 1382 1510
f 1510 1382 1513
f 1381 1386 1383
f 1386 1512 1514
f 1386 1514 1383
f 1383 1514 1384
f 1514 1387 1384
f 1517 1387 1514
f 1382 1515 1513
f 1385 1515 1382
f 1515 1385 1388
f 1518 1515 1388
f 1387 1517 1519
f 1389 1387 1519
f 1390 1389 1520
f 1389 1519 1520
f 1520 1391 1390
f 1522 1391 1520
f 1388 1392 1518
f 1518 1392 1523
f 1391 1522 1524
f 1393 1391 1524
f 1395 1525 1400
f 1395 1393 1525
f 1393 1524 1525
f 1525 1529 1400
f 1392 1526 1523
f 1394 1526 1392
f 1526 1394 1396
f 1530 1526 1396
f 1395 1400 1397
f 1400 1529 1531
f 1400 1531 1397
f 1397 1531 1398
f 1399 1398 1532
f 1398 1531 1532
f 1532 1401 1399
f 1533 1401 1532
f 1396 1402 1530
f 1530 1402 1534
f 1401 1533 1535
f 1403 1401 1535
f 1405 1536 1412
f 1405 1403 1536
f 1403 1535 1536
f 1536 1540 1412
f 1404 1541 1537
f 1406 1541 1404
f 1534 1402 1404
f 1537 1534 1404
f 1405 1412 1407
f 1412 1540 1542
f 1412 1542 1407
f 1407 1542 1408
f 1409 1408 1543
f 1408 1542 1543
f 1410 1409 1544
f 1409 1543 1544
f 1413 1545 1418
f 1413 1410 1545
f 1410 1544 1545
f 1545 1548 1418
f 1411 1414 1419
f 1546 1541 1406
f 1546 1406 1419
f 1546 1419 1420
f 1419 1406 1411
f 1546 1420 1549
f 1413 1418 1415
f 1418 1548 1550
f 1418 1550 1415
f 1415 1550 1416
f 1417 1416 1551
f 1416 1550 1551
f 1421 1552 1425
f 1421 1417 1552
f 1417 1551 1552
f 1552 1555 1425
f 1419 1422 1426
f 1414 1422 1419
f 1556 1553 1420
f 1556 1420 1426
f 1426 1420 1419
f 1549 1420 1553
f 1421 1425 1423
f 1425 1555 1557
f 1425 1557 1423
f 1423 1557 1424
f 1426 1422 1424
f 1426 1424 1558
f 1558 1424 1557
f 1556 1426 1558
f 1427 1433 1429
f 1427 1428 1434
f 1433 1427 1434
f 1428 1430 1434
f 1429 1433 1431
f 1432 1431 1433
f 1434 1432 1433
f 1430 1432 1434
f 1435 1444 1440
f 1435 1436 1445
f 1444 1435 1445
f 1436 1437 1446
f 1445 1436 1446
f 1562 1446 1437
f 1562 1437 1560
f 1560 1437 1438
f 1439 1561 1438
f 1438 1561 1560
f 1561 1439 1441
f 1563 1561 1441
f 1442 1564 1570
f 1447 1442 1570
f 1444 1442 1440
f 1444 1565 1442
f 1565 1564 1442
f 1445 1565 1444
f 1566 1565 1445
f 1446 1566 1445
f 1567 1566 1446
f 1562 1567 1446
f 1449 1441 1443
f 1449 1571 1441
f 1571 1563 1441
f 1443 1448 1449
f 1447 1570 1450
f 1570 1575 1450
f 1449 1572 1571
f 1572 1449 1448
f 1572 1448 1576
f 1576 1448 1451
f 1450 1575 1452
f 1575 1578 1452
f 1577 1453 1456
f 1577 1576 1453
f 1576 1451 1453
f 1577 1456 1579
f 1454 1580 1585
f 1457 1454 1585
f 1578 1454 1452
f 1580 1454 1578
f 1455 1458 1460
f 1455 1460 1586
f 1453 1455 1586
f 1453 1586 1581
f 1453 1581 1456
f 1579 1456 1581
f 1465 1587 1589
f 1465 1585 1587
f 1465 1461 1585
f 1461 1457 1585
f 1458 1459 1460
f 1462 1466 1588
f 1459 1462 1588
f 1459 1588 1586
f 1459 1586 1460
f 1588 1466 1590
f 1463 1465 1589
f 1463 1589 1467
f 1467 1589 1593
f 1461 1465 1463
f 1471 1462 1464
f 1471 1594 1462
f 1466 1462 1591
f 1591 1462 1594
f 1466 1591 1590
f 1464 1468 1471
f 1478 1595 1598
f 1595 1478 1599
f 1469 1596 1600
f 1472 1469 1600
f 1593 1469 1467
f 1596 1469 1593
f 1470 1594 1471
f 1470 1473 1594
f 1473 1601 1594
f 1468 1470 1471
f 1474 1602 1608
f 1479 1474 1608
f 1598 1475 1478
f 1598 1602 1475
f 1602 1474 1475
f 1478 1603 1599
f 1478 1475 1603
f 1475 1476 1603
f 1600 1476 1472
f 1603 1476 1600
f 1477 1609 1604
f 1480 1609 1477
f 1601 1473 1477
f 1604 1601 1477
f 1488 1610 1619
f 1610 1488 1620
f 1489 1611 1621
f 1489 1484 1481
f 1489 1481 1611
f 1611 1481 1612
f 1482 1613 1481
f 1481 1613 1612
f 1483 1614 1482
f 1482 1614 1613
f 1608 1483 1479
f 1614 1483 1608
f 1490 1622 1615
f 1490 1615 1609
f 1490 1609 1485
f 1485 1609 1480
f 1486 1488 1619
f 1486 1619 1491
f 1491 1619 1628
f 1492 1497 1623
f 1486 1492 1623
f 1486 1623 1620
f 1486 1620 1488
f 1621 1623 1497
f 1489 1621 1497
f 1489 1497 1493
f 1489 1493 1487
f 1484 1489 1487
f 1490 1624 1622
f 1624 1490 1485
f 1624 1485 1629
f 1629 1485 1494
f 1503 1630 1633
f 1503 1504 1631
f 1630 1503 1631
f 1504 1498 1495
f 1504 1495 1631
f 1631 1495 1632
f 1628 1495 1491
f 1632 1495 1628
f 1492 1496 1497
f 1493 1497 1496
f 1494 1499 1629
f 1629 1499 1634
f 1500 1503 1633
f 1500 1633 1505
f 1505 1633 1636
f 1501 1503 1500
f 1504 1503 1501
f 1498 1504 1501
f 1502 1637 1635
f 1506 1637 1502
f 1634 1499 1502
f 1635 1634 1502
f 1505 1636 1638
f 1507 1505 1638
f 1508 1507 1639
f 1507 1638 1639
f 1639 1509 1508
f 1640 1509 1639
f 1506 1510 1637
f 1637 1510 1641
f 1509 1640 1642
f 1511 1509 1642
f 1642 1512 1511
f 1645 1512 1642
f 1643 1513 1516
f 1643 1641 1513
f 1641 1510 1513
f 1643 1516 1646
f 1512 1645 1647
f 1514 1512 1647
f 1517 1648 1521
f 1517 1514 1648
f 1514 1647 1648
f 1648 1650 1521
f 1513 1515 1516
f 1516 1515 1518
f 1516 1518 1646
f 1646 1518 1651
f 1517 1521 1519
f 1521 1650 1652
f 1521 1652 1519
f 1519 1652 1520
f 1522 1653 1527
f 1522 1520 1653
f 1520 1652 1653
f 1653 1656 1527
f 1654 1523 1528
f 1654 1651 1523
f 1651 1518 1523
f 1654 1528 1657
f 1522 1527 1524
f 1527 1656 1658
f 1527 1658 1524
f 1524 1658 1525
f 1658 1529 1525
f 1660 1529 1658
f 1523 1526 1528
f 1528 1526 1530
f 1528 1530 1657
f 1657 1530 1661
f 1529 1660 1662
f 1531 1529 1662
f 1532 1531 1663
f 1531 1662 1663
f 1533 1664 1538
f 1533 1532 1664
f 1532 1663 1664
f 1664 1668 1538
f 1539 1669 1665
f 1539 1665 1661
f 1539 1661 1534
f 1534 1661 1530
f 1533 1538 1535
f 1538 1668 1670
f 1538 1670 1535
f 1535 1670 1536
f 1540 1671 1547
f 1540 1536 1671
f 1536 1670 1671
f 1671 1672 1547
f 1537 1669 1539
f 1537 1541 1669
f 1541 1673 1669
f 1534 1537 1539
f 1540 1547 1542
f 1547 1672 1674
f 1547 1674 1542
f 1542 1674 1543
f 1544 1543 1675
f 1543 1674 1675
f 1545 1544 1676
f 1544 1675 1676
f 1548 1677 1554
f 1548 1545 1677
f 1545 1676 1677
f 1677 1681 1554
f 1541 1678 1673
f 1546 1678 1541
f 1678 1546 1549
f 1682 1678 1549
f 1548 1554 1550
f 1554 1681 1683
f 1554 1683 1550
f 1550 1683 1551
f 1552 1551 1684
f 1551 1683 1684
f 1684 1555 1552
f 1687 1555 1684
f 1559 1688 1685
f 1559 1553 1556
f 1559 1685 1553
f 1685 1686 1553
f 1682 1549 1553
f 1686 1682 1553
f 1555 1687 1689
f 1557 1555 1689
f 1688 1559 1558
f 1688 1558 1689
f 1689 1558 1557
f 1556 1558 1559
f 1560 1568 1562
f 1560 1561 1569
f 1568 1560 1569
f 1561 1563 1569
f 1564 1573 1570
f 1564 1565 1574
f 1573 1564 1574
f 1695 1574 1565
f 1695 1565 1691
f 1691 1565 1566
f 1567 1692 1566
f 1566 1692 1691
f 1568 1567 1562
f 1568 1693 1567
f 1693 1692 1567
f 1569 1693 1568
f 1694 1693 1569
f 1694 1569 1563
f 1694 1563 1696
f 1696 1563 1571
f 1573 1697 1703
f 1573 1703 1570
f 1570 1703 1575
f 1574 1697 1573
f 1698 1697 1574
f 1695 1698 1574
f 1571 1699 1696
f 1572 1699 1571
f 1699 1572 1576
f 1704 1699 1576
f 1582 1705 1708
f 1582 1703 1705
f 1582 1578 1703
f 1578 1575 1703
f 1583 1709 1706
f 1577 1584 1583
f 1577 1583 1704
f 1577 1704 1576
f 1706 1704 1583
f 1577 1579 1584
f 1580 1582 1708
f 1580 1708 1585
f 1585 1708 1711
f 1578 1582 1580
f 1583 1710 1709
f 1581 1586 1712
f 1581 1712 1583
f 1581 1583 1584
f 1583 1712 1710
f 1579 1581 1584
f 1587 1713 1716
f 1589 1587 1716
f 1711 1587 1585
f 1713 1587 1711
f 1592 1586 1588
f 1592 1717 1586
f 1717 1712 1586
f 1588 1590 1592
f 1597 1718 1721
f 1597 1716 1718
f 1597 1593 1716
f 1593 1589 1716
f 1591 1717 1592
f 1591 1594 1717
f 1594 1722 1717
f 1590 1591 1592
f 1605 1723 1726
f 1606 1598 1595
f 1727 1723 1605
f 1599 1606 1595
f 1607 1724 1728
f 1721 1724 1607
f 1597 1721 1607
f 1597 1607 1600
f 1597 1600 1596
f 1593 1597 1596
f 1594 1601 1722
f 1722 1601 1729
f 1616 1730 1738
f 1616 1617 1731
f 1730 1616 1731
f 1731 1617 1739
f 1618 1732 1740
f 1726 1732 1618
f 1605 1726 1618
f 1605 1618 1608
f 1605 1608 1602
f 1605 1733 1727
f 1605 1602 1733
f 1606 1733 1598
f 1598 1733 1602
f 1728 1603 1607
f 1728 1733 1603
f 1599 1603 1606
f 1606 1603 1733
f 1600 1607 1603
f 1604 1741 1734
f 1609 1741 1604
f 1729 1601 1604
f 1734 1729 1604
f 1610 1742 1749
f 1619 1610 1749
f 1620 1625 1743
f 1620 1743 1610
f 1610 1743 1742
f 1738 1743 1625
f 1616 1738 1625
f 1616 1625 1621
f 1616 1621 1611
f 1612 1616 1611
f 1617 1616 1612
f 1617 1744 1739
f 1617 1612 1744
f 1612 1613 1744
f 1740 1614 1618
f 1740 1744 1614
f 1744 1613 1614
f 1608 1618 1614
f 1615 1622 1626
f 1745 1741 1609
f 1745 1609 1626
f 1745 1626 1627
f 1626 1609 1615
f 1745 1627 1750
f 1619 1749 1628
f 1749 1753 1628
f 1620 1623 1625
f 1621 1625 1623
f 1622 1624 1626
f 1751 1627 1626
f 1751 1626 1629
f 1751 1629 1754
f 1624 1629 1626
f 1750 1627 1751
f 1630 1755 1759
f 1633 1630 1759
f 1631 1756 1630
f 1630 1756 1755
f 1632 1757 1631
f 1631 1757 1756
f 1753 1632 1628
f 1757 1632 1753
f 1629 1634 1754
f 1754 1634 1760
f 1633 1759 1636
f 1759 1762 1636
f 1635 1763 1761
f 1637 1763 1635
f 1760 1634 1635
f 1761 1760 1635
f 1636 1762 1764
f 1638 1636 1764
f 1639 1638 1765
f 1638 1764 1765
f 1765 1640 1639
f 1768 1640 1765
f 1637 1641 1763
f 1763 1641 1769
f 1644 1766 1770
f 1766 1644 1771
f 1640 1768 1772
f 1642 1640 1772
f 1645 1773 1649
f 1645 1642 1773
f 1642 1772 1773
f 1773 1778 1649
f 1641 1774 1769
f 1643 1774 1641
f 1774 1643 1646
f 1774 1646 1779
f 1775 1644 1770
f 1771 1644 1775
f 1645 1649 1647
f 1649 1778 1780
f 1649 1780 1647
f 1647 1780 1648
f 1780 1650 1648
f 1784 1650 1780
f 1781 1651 1655
f 1781 1779 1651
f 1779 1646 1651
f 1781 1655 1785
f 1650 1784 1786
f 1652 1650 1786
f 1653 1652 1787
f 1652 1786 1787
f 1656 1788 1659
f 1656 1653 1788
f 1653 1787 1788
f 1788 1790 1659
f 1651 1654 1655
f 1655 1654 1657
f 1655 1657 1785
f 1785 1657 1791
f 1656 1659 1658
f 1660 1792 1666
f 1658 1792 1660
f 1658 1790 1792
f 1658 1659 1790
f 1792 1795 1666
f 1667 1796 1793
f 1667 1793 1791
f 1667 1791 1661
f 1661 1791 1657
f 1660 1666 1662
f 1666 1795 1797
f 1666 1797 1662
f 1662 1797 1663
f 1664 1663 1798
f 1663 1797 1798
f 1798 1668 1664
f 1800 1668 1798
f 1665 1796 1667
f 1665 1669 1796
f 1669 1801 1796
f 1661 1665 1667
f 1668 1800 1802
f 1670 1668 1802
f 1671 1670 1803
f 1670 1802 1803
f 1672 1804 1679
f 1672 1671 1804
f 1671 1803 1804
f 1804 1808 1679
f 1805 1673 1680
f 1805 1801 1673
f 1801 1669 1673
f 1805 1680 1809
f 1672 1679 1674
f 1679 1808 1810
f 1679 1810 1674
f 1674 1810 1675
f 1676 1675 1811
f 1675 1810 1811
f 1677 1676 1812
f 1676 1811 1812
f 1812 1681 1677
f 1815 1681 1812
f 1673 1678 1680
f 1680 1678 1682
f 1680 1682 1809
f 1809 1682 1816
f 1681 1815 1817
f 1683 1681 1817
f 1684 1683 1818
f 1683 1817 1818
f 1687 1819 1690
f 1687 1684 1819
f 1684 1818 1819
f 1690 1685 1688
f 1690 1819 1685
f 1819 1820 1685
f 1686 1685 1821
f 1685 1820 1821
f 1816 1682 1686
f 1821 1816 1686
f 1687 1690 1689
f 1688 1689 1690
f 1691 1700 1695
f 1691 1692 1701
f 1700 1691 1701
f 1828 1701 1692
f 1828 1692 1825
f 1825 1692 1693
f 1694 1826 1693
f 1693 1826 1825
f 1696 1702 1827
f 1696 1827 1694
f 1694 1827 1826
f 1827 1702 1829
f 1697 1707 1703
f 1836 1707 1697
f 1836 1697 1830
f 1830 1697 1698
f 1700 1698 1695
f 1700 1831 1698
f 1831 1830 1698
f 1701 1831 1700
f 1832 1831 1701
f 1828 1832 1701
f 1696 1699 1702
f 1702 1699 1704
f 1702 1704 1829
f 1829 1704 1837
f 1705 1838 1843
f 1708 1705 1843
f 1707 1705 1703
f 1707 1839 1705
f 1839 1838 1705
f 1836 1839 1707
f 1706 1844 1840
f 1709 1844 1706
f 1837 1704 1706
f 1840 1837 1706
f 1714 1845 1849
f 1714 1843 1845
f 1714 1711 1843
f 1711 1708 1843
f 1715 1709 1710
f 1715 1850 1709
f 1850 1844 1709
f 1710 1712 1715
f 1719 1851 1857
f 1719 1720 1852
f 1851 1719 1852
f 1852 1720 1858
f 1713 1714 1849
f 1713 1849 1716
f 1716 1849 1859
f 1711 1714 1713
f 1715 1853 1850
f 1853 1715 1712
f 1853 1712 1860
f 1860 1712 1717
f 1725 1861 1866
f 1857 1862 1719
f 1861 1725 1867
f 1720 1719 1862
f 1863 1720 1862
f 1868 1721 1718
f 1868 1718 1864
f 1858 1720 1863
f 1859 1718 1716
f 1864 1718 1859
f 1717 1722 1860
f 1860 1722 1869
f 1735 1870 1879
f 1870 1735 1880
f 1736 1871 1881
f 1866 1871 1736
f 1725 1866 1736
f 1725 1736 1726
f 1725 1726 1723
f 1727 1737 1872
f 1723 1727 1872
f 1723 1872 1867
f 1723 1867 1725
f 1737 1728 1724
f 1737 1724 1872
f 1872 1724 1873
f 1868 1724 1721
f 1873 1724 1868
f 1722 1729 1869
f 1869 1729 1882
f 1746 1883 1892
f 1746 1747 1884
f 1883 1746 1884
f 1747 1738 1730
f 1747 1730 1884
f 1884 1730 1885
f 1879 1731 1735
f 1879 1885 1731
f 1885 1730 1731
f 1739 1748 1886
f 1731 1739 1886
f 1731 1886 1880
f 1731 1880 1735
f 1881 1886 1748
f 1736 1881 1748
f 1736 1748 1740
f 1736 1740 1732
f 1726 1736 1732
f 1727 1733 1737
f 1728 1737 1733
f 1734 1893 1887
f 1741 1893 1734
f 1882 1729 1734
f 1887 1882 1734
f 1742 1746 1892
f 1742 1892 1749
f 1749 1892 1896
f 1743 1746 1742
f 1747 1746 1743
f 1738 1747 1743
f 1739 1744 1748
f 1740 1748 1744
f 1752 1897 1894
f 1895 1752 1745
f 1895 1898 1752
f 1745 1752 1741
f 1894 1893 1752
f 1741 1752 1893
f 1895 1745 1750
f 1899 1895 1750
f 1758 1900 1905
f 1758 1896 1900
f 1758 1753 1896
f 1753 1749 1896
f 1752 1901 1897
f 1906 1752 1754
f 1906 1901 1752
f 1754 1752 1751
f 1898 1902 1752
f 1751 1752 1902
f 1899 1750 1751
f 1902 1899 1751
f 1755 1907 1911
f 1759 1755 1911
f 1756 1908 1755
f 1755 1908 1907
f 1905 1757 1758
f 1905 1908 1757
f 1908 1756 1757
f 1753 1758 1757
f 1754 1760 1906
f 1906 1760 1912
f 1759 1911 1762
f 1911 1913 1762
f 1761 1763 1767
f 1761 1767 1914
f 1761 1914 1760
f 1760 1914 1912
f 1762 1913 1915
f 1764 1762 1915
f 1765 1764 1916
f 1764 1915 1916
f 1768 1917 1776
f 1768 1765 1917
f 1765 1916 1917
f 1917 1920 1776
f 1767 1921 1918
f 1767 1763 1921
f 1763 1769 1921
f 1766 1777 1770
f 1767 1918 1914
f 1766 1771 1777
f 1768 1776 1772
f 1776 1920 1922
f 1776 1922 1772
f 1772 1922 1773
f 1778 1923 1782
f 1778 1773 1923
f 1773 1922 1923
f 1923 1927 1782
f 1769 1924 1921
f 1774 1924 1769
f 1777 1775 1770
f 1925 1774 1783
f 1925 1924 1774
f 1774 1779 1783
f 1775 1777 1771
f 1783 1928 1925
f 1778 1782 1780
f 1784 1929 1789
f 1780 1929 1784
f 1780 1927 1929
f 1780 1782 1927
f 1929 1931 1789
f 1779 1781 1783
f 1783 1781 1785
f 1783 1785 1928
f 1928 1785 1932
f 1784 1789 1786
f 1789 1931 1933
f 1789 1933 1786
f 1786 1933 1787
f 1788 1787 1934
f 1787 1933 1934
f 1934 1790 1788
f 1936 1790 1934
f 1794 1937 1935
f 1794 1935 1932
f 1794 1932 1791
f 1791 1932 1785
f 1790 1936 1938
f 1792 1790 1938
f 1795 1939 1799
f 1795 1792 1939
f 1792 1938 1939
f 1939 1941 1799
f 1793 1937 1794
f 1793 1796 1937
f 1796 1942 1937
f 1791 1793 1794
f 1795 1799 1797
f 1799 1941 1943
f 1799 1943 1797
f 1797 1943 1798
f 1800 1944 1806
f 1800 1798 1944
f 1798 1943 1944
f 1806 1945 1807
f 1944 1945 1806
f 1945 1947 1807
f 1796 1801 1942
f 1942 1801 1948
f 1800 1806 1802
f 1803 1802 1806
f 1807 1803 1806
f 1807 1947 1949
f 1807 1949 1803
f 1803 1949 1804
f 1808 1950 1813
f 1808 1804 1950
f 1804 1949 1950
f 1813 1951 1814
f 1950 1951 1813
f 1951 1954 1814
f 1801 1952 1948
f 1805 1952 1801
f 1952 1805 1809
f 1955 1952 1809
f 1808 1813 1810
f 1811 1810 1813
f 1814 1811 1813
f 1814 1954 1956
f 1814 1956 1811
f 1811 1956 1812
f 1815 1957 1822
f 1815 1812 1957
f 1812 1956 1957
f 1822 1958 1823
f 1957 1958 1822
f 1958 1963 1823
f 1824 1964 1959
f 1824 1959 1955
f 1824 1955 1816
f 1816 1955 1809
f 1815 1822 1817
f 1818 1817 1822
f 1823 1818 1822
f 1823 1963 1965
f 1823 1965 1818
f 1818 1965 1819
f 1820 1819 1966
f 1819 1965 1966
f 1964 1824 1821
f 1964 1821 1966
f 1966 1821 1820
f 1816 1821 1824
f 1833 1969 1972
f 1969 1833 1973
f 1825 1834 1828
f 1825 1826 1835
f 1834 1825 1835
f 1974 1835 1826
f 1974 1826 1970
f 1970 1826 1827
f 1970 1827 1829
f 1975 1970 1829
f 1841 1976 1987
f 1841 1842 1977
f 1976 1841 1977
f 1972 1977 1842
f 1833 1972 1842
f 1833 1842 1836
f 1833 1836 1830
f 1833 1978 1973
f 1833 1830 1978
f 1830 1831 1978
f 1832 1979 1831
f 1831 1979 1978
f 1834 1832 1828
f 1834 1980 1832
f 1980 1979 1832
f 1835 1980 1834
f 1981 1980 1835
f 1974 1981 1835
f 1829 1837 1975
f 1975 1837 1988
f 1846 1989 1991
f 1987 1989 1846
f 1841 1987 1846
f 1841 1846 1843
f 1841 1843 1838
f 1839 1841 1838
f 1842 1841 1839
f 1836 1842 1839
f 1840 1844 1847
f 1990 1988 1837
f 1990 1837 1847
f 1990 1847 1848
f 1847 1837 1840
f 1990 1848 1992
f 1854 1993 2000
f 1993 1854 2001
f 1855 1994 2002
f 1991 1994 1855
f 1846 1991 1855
f 1846 1855 1849
f 1846 1849 1845
f 1843 1846 1845
f 1847 1850 1856
f 1844 1850 1847
f 2003 1995 1848
f 2003 1848 1856
f 1856 1848 1847
f 1992 1848 1995
f 1851 1854 2000
f 1851 2000 1857
f 1857 2000 2007
f 1854 2004 2001
f 1854 1851 2004
f 1851 1852 2004
f 1858 1865 1855
f 1858 1855 2004
f 1858 2004 1852
f 2004 1855 2002
f 1849 1865 1859
f 1855 1865 1849
f 1850 1853 1856
f 1856 1853 1860
f 1856 1860 2003
f 2003 1860 2008
f 1874 2009 2016
f 1874 1875 2010
f 2009 1874 2010
f 2010 1875 2017
f 1861 2011 2018
f 1866 1861 2018
f 1861 1876 2011
f 1861 1867 1876
f 2011 1876 2007
f 1862 1857 1876
f 2007 1876 1857
f 1862 1877 1863
f 1876 1877 1862
f 1863 1865 1858
f 1863 1877 1865
f 1864 1865 1868
f 1868 1865 1877
f 1859 1865 1864
f 1878 2019 2012
f 1878 2012 2008
f 1878 2008 1869
f 1869 2008 1860
f 1888 2020 2029
f 1888 1889 2021
f 2020 1888 2021
f 1889 1890 2022
f 2021 1889 2022
f 2016 2022 1890
f 1874 2016 1890
f 1874 1890 1879
f 1874 1879 1870
f 1880 1874 1870
f 1880 1891 1874
f 1891 1875 1874
f 1881 1871 2023
f 1881 2023 1875
f 1881 1875 1891
f 2017 1875 2023
f 2018 1871 1866
f 2023 1871 2018
f 1867 1872 1876
f 1873 1876 1872
f 1877 1876 1873
f 1868 1877 1873
f 1878 2024 2019
f 2024 1878 1869
f 2024 1869 2030
f 2030 1869 1882
f 1883 1888 2029
f 1883 2029 1892
f 1892 2029 2032
f 1884 1888 1883
f 1889 1888 1884
f 1885 1889 1884
f 1890 1889 1885
f 1879 1890 1885
f 1880 1886 1891
f 1881 1891 1886
f 1887 2033 2031
f 1893 2033 1887
f 2030 1882 1887
f 2031 2030 1887
f 1903 2034 2040
f 1903 1904 2035
f 2034 1903 2035
f 1904 2032 2035
f 1904 1896 2032
f 1896 1892 2032
f 1894 2041 2036
f 1897 2041 1894
f 1895 2037 1898
f 2037 2042 1898
f 1894 2033 1893
f 1894 2036 2033
f 2037 1895 1899
f 2043 2037 1899
f 1909 2044 2050
f 2040 2044 1909
f 2040 1909 1903
f 1903 1909 1910
f 1900 1910 1905
f 1900 1904 1910
f 1904 1903 1910
f 1896 1904 1900
f 1897 2045 2041
f 1901 2045 1897
f 1901 1906 2051
f 1901 2051 2045
f 1902 1898 2046
f 2046 1898 2042
f 2043 1899 1902
f 2046 2043 1902
f 1907 1909 2050
f 1907 2050 1911
f 1911 2050 2053
f 1908 1909 1907
f 1910 1909 1908
f 1905 1910 1908
f 1906 1912 2051
f 2051 1912 2054
f 2055 1919 1913
f 2055 1913 2053
f 2053 1913 1911
f 2055 2056 1919
f 1912 1914 2054
f 2054 1914 2057
f 1913 1919 1915
f 1919 2056 2058
f 1919 2058 1915
f 1915 2058 1916
f 1917 1916 2059
f 1916 2058 2059
f 2059 1920 1917
f 2061 1920 2059
f 1918 1921 1926
f 1918 1926 2062
f 1918 2062 1914
f 1914 2062 2057
f 1920 2061 2063
f 1922 1920 2063
f 1923 1922 2064
f 1922 2063 2064
f 2064 1927 1923
f 2066 1927 2064
f 1921 1924 1926
f 1926 1924 1925
f 1926 1925 2067
f 1926 2067 2062
f 2067 1925 1930
f 1925 1928 1930
f 1927 2066 2068
f 1929 1927 2068
f 2068 1931 1929
f 2070 1931 2068
f 1930 2069 2067
f 2069 1930 1928
f 2069 1928 2071
f 2071 1928 1932
f 1931 2070 2072
f 1933 1931 2072
f 1934 1933 2073
f 1933 2072 2073
f 1936 2074 1940
f 1936 1934 2074
f 1934 2073 2074
f 2074 2078 1940
f 1935 2079 2075
f 1937 2079 1935
f 2071 1932 1935
f 2075 2071 1935
f 1936 1940 1938
f 1940 2078 2080
f 1940 2080 1938
f 1938 2080 1939
f 1941 2081 1946
f 1941 1939 2081
f 1939 2080 2081
f 2081 2082 1946
f 1937 1942 2079
f 2079 1942 2083
f 1941 1946 1943
f 1946 2082 2084
f 1946 2084 1943
f 1943 2084 1944
f 1945 1944 2085
f 1944 2084 2085
f 2085 1947 1945
f 2089 1947 2085
f 2086 1948 1953
f 2086 2083 1948
f 2083 1942 1948
f 2086 1953 2090
f 1947 2089 2091
f 1949 1947 2091
f 1950 1949 2092
f 1949 2091 2092
f 1951 1950 2093
f 1950 2092 2093
f 1954 2094 1960
f 1954 1951 2094
f 1951 2093 2094
f 1960 2095 1961
f 2094 2095 1960
f 2095 2098 1961
f 1962 1948 1952
f 1962 2099 1948
f 1953 1948 2096
f 2096 1948 2099
f 1953 2096 2090
f 1952 1955 1962
f 1954 1960 1956
f 1957 1956 1960
f 1961 1957 1960
f 1961 2098 2100
f 1961 2100 1957
f 1957 2100 1958
f 1963 2101 1967
f 1963 1958 2101
f 1958 2100 2101
f 1967 2102 1968
f 2101 2102 1967
f 2099 1968 2102
f 1962 1968 2099
f 1962 1964 1968
f 1962 1959 1964
f 1955 1959 1962
f 1963 1967 1965
f 1966 1965 1967
f 1968 1966 1967
f 1964 1966 1968
f 1971 2105 2106
f 2105 1971 2107
f 1969 1982 1972
f 1973 1982 1969
f 1983 2108 2113
f 1983 1984 2109
f 2108 1983 2109
f 1984 1985 2110
f 2109 1984 2110
f 2106 2111 1971
f 2110 1985 2114
f 1970 1986 1974
f 1971 2111 2107
f 1970 1975 1986
f 1976 2115 2124
f 1987 1976 2124
f 1977 2116 1976
f 1976 2116 2115
f 1982 1977 1972
f 1982 2117 1977
f 2117 2116 1977
f 2113 1978 1983
f 2113 2117 1978
f 1973 1978 1982
f 1982 1978 2117
f 1979 1983 1978
f 1984 1983 1979
f 1980 1984 1979
f 1985 1984 1980
f 1985 2118 2114
f 1985 1980 2118
f 1980 1981 2118
f 1986 1981 1974
f 1986 2119 1981
f 2119 2118 1981
f 2119 1986 1975
f 2119 1975 2125
f 2125 1975 1988
f 1996 2126 2137
f 1996 1997 2127
f 2126 1996 2127
f 1997 1998 2128
f 2127 1997 2128
f 1998 1991 1989
f 1998 1989 2128
f 2128 1989 2129
f 2124 1989 1987
f 2129 1989 2124
f 1999 2138 2130
f 2131 1999 1990
f 2131 2139 1999
f 1990 1999 1988
f 2130 2125 1999
f 1988 1999 2125
f 2131 1990 1992
f 2140 2131 1992
f 2005 2141 2145
f 2137 2141 2005
f 1996 2137 2005
f 1996 2005 2000
f 1996 2000 1993
f 2001 1996 1993
f 2001 2006 1996
f 2006 1997 1996
f 1994 2006 2002
f 1994 1998 2006
f 1998 1997 2006
f 1991 1998 1994
f 1999 2142 2138
f 2146 1999 2003
f 2146 2142 1999
f 2003 1999 1995
f 2139 2143 1999
f 1995 1999 2143
f 2140 1992 1995
f 2143 2140 1995
f 2013 2147 2150
f 2147 2013 2151
f 2014 2148 2152
f 2148 2014 2153
f 2015 2005 2145
f 2154 2015 2145
f 2000 2015 2007
f 2005 2015 2000
f 2001 2004 2006
f 2002 2006 2004
f 2003 2008 2146
f 2146 2008 2155
f 2025 2156 2166
f 2150 2156 2025
f 2150 2025 2013
f 2013 2025 2026
f 2157 2151 2013
f 2157 2013 2027
f 2027 2013 2026
f 2152 2157 2027
f 2014 2152 2027
f 2014 2027 2016
f 2014 2016 2009
f 2014 2158 2153
f 2014 2009 2158
f 2009 2010 2158
f 2017 2028 2159
f 2017 2159 2010
f 2010 2159 2158
f 2154 2159 2028
f 2015 2154 2028
f 2015 2028 2018
f 2015 2018 2011
f 2007 2015 2011
f 2012 2167 2160
f 2019 2167 2012
f 2155 2008 2012
f 2160 2155 2012
f 2020 2025 2166
f 2020 2166 2029
f 2029 2166 2170
f 2021 2025 2020
f 2026 2025 2021
f 2022 2026 2021
f 2027 2026 2022
f 2016 2027 2022
f 2017 2023 2028
f 2018 2028 2023
f 2019 2168 2167
f 2024 2168 2019
f 2168 2024 2030
f 2171 2168 2030
f 2038 2172 2177
f 2038 2039 2173
f 2172 2038 2173
f 2039 2170 2173
f 2039 2032 2170
f 2032 2029 2170
f 2031 2178 2174
f 2033 2178 2031
f 2171 2030 2031
f 2174 2171 2031
f 2047 2179 2180
f 2177 2179 2047
f 2038 2177 2047
f 2038 2047 2040
f 2038 2040 2034
f 2035 2038 2034
f 2039 2038 2035
f 2032 2039 2035
f 2036 2041 2048
f 2037 2049 2042
f 2036 2048 2033
f 2033 2048 2181
f 2033 2181 2178
f 2037 2043 2049
f 2052 2182 2183
f 2180 2182 2052
f 2047 2180 2052
f 2047 2052 2050
f 2047 2050 2044
f 2040 2047 2044
f 2041 2045 2048
f 2046 2042 2049
f 2051 2181 2045
f 2051 2184 2181
f 2181 2048 2045
f 2043 2046 2049
f 2052 2183 2185
f 2185 2050 2052
f 2185 2188 2050
f 2188 2053 2050
f 2051 2054 2184
f 2184 2054 2189
f 2053 2188 2190
f 2055 2053 2190
f 2056 2191 2060
f 2056 2055 2191
f 2055 2190 2191
f 2191 2193 2060
f 2054 2057 2189
f 2189 2057 2194
f 2056 2060 2058
f 2060 2193 2195
f 2060 2195 2058
f 2058 2195 2059
f 2061 2196 2065
f 2061 2059 2196
f 2059 2195 2196
f 2196 2197 2065
f 2057 2062 2194
f 2194 2062 2198
f 2061 2065 2063
f 2065 2197 2199
f 2065 2199 2063
f 2063 2199 2064
f 2199 2066 2064
f 2200 2066 2199
f 2062 2067 2198
f 2198 2067 2201
f 2066 2200 2202
f 2068 2066 2202
f 2070 2203 2076
f 2070 2068 2203
f 2068 2202 2203
f 2203 2205 2076
f 2077 2067 2069
f 2077 2206 2067
f 2206 2201 2067
f 2069 2071 2077
f 2070 2076 2072
f 2076 2205 2207
f 2076 2207 2072
f 2072 2207 2073
f 2074 2073 2208
f 2073 2207 2208
f 2208 2078 2074
f 2210 2078 2208
f 2075 2206 2077
f 2075 2079 2206
f 2079 2211 2206
f 2071 2075 2077
f 2078 2210 2212
f 2080 2078 2212
f 2081 2080 2213
f 2080 2212 2213
f 2082 2214 2087
f 2082 2081 2214
f 2081 2213 2214
f 2214 2218 2087
f 2215 2083 2088
f 2215 2211 2083
f 2211 2079 2083
f 2215 2088 2219
f 2082 2087 2084
f 2087 2218 2220
f 2087 2220 2084
f 2084 2220 2085
f 2089 2221 2097
f 2089 2085 2221
f 2085 2220 2221
f 2221 2223 2097
f 2083 2086 2088
f 2088 2086 2090
f 2088 2090 2219
f 2219 2090 2224
f 2089 2097 2091
f 2097 2223 2225
f 2097 2225 2091
f 2091 2225 2092
f 2093 2092 2226
f 2092 2225 2226
f 2094 2093 2227
f 2093 2226 2227
f 2095 2094 2228
f 2094 2227 2228
f 2098 2229 2103
f 2098 2095 2229
f 2095 2228 2229
f 2229 2235 2103
f 2104 2236 2230
f 2104 2096 2099
f 2104 2230 2096
f 2230 2231 2096
f 2224 2090 2096
f 2231 2224 2096
f 2098 2103 2100
f 2103 2235 2237
f 2103 2237 2100
f 2100 2237 2101
f 2236 2104 2102
f 2236 2102 2237
f 2237 2102 2101
f 2099 2102 2104
f 2105 2112 2106
f 2105 2107 2112
f 2120 2240 2253
f 2120 2121 2241
f 2240 2120 2241
f 2241 2121 2254
f 2122 2242 2255
f 2122 2123 2243
f 2242 2122 2243
f 2243 2123 2256
f 2108 2244 2257
f 2113 2108 2257
f 2109 2245 2108
f 2108 2245 2244
f 2110 2246 2109
f 2109 2246 2245
f 2114 2258 2246
f 2114 2246 2110
f 2106 2112 2111
f 2107 2111 2112
f 2132 2120 2253
f 2269 2132 2253
f 2121 2120 2133
f 2133 2120 2132
f 2259 2254 2121
f 2259 2121 2134
f 2134 2121 2133
f 2255 2259 2134
f 2255 2134 2122
f 2122 2134 2135
f 2115 2135 2124
f 2115 2123 2135
f 2123 2122 2135
f 2123 2260 2256
f 2123 2115 2260
f 2115 2116 2260
f 2117 2261 2116
f 2116 2261 2260
f 2257 2117 2113
f 2261 2117 2257
f 2114 2262 2258
f 2118 2262 2114
f 2136 2270 2262
f 2136 2262 2119
f 2119 2262 2118
f 2119 2125 2136
f 2144 2271 2276
f 2269 2271 2144
f 2132 2269 2144
f 2132 2144 2137
f 2132 2137 2126
f 2127 2132 2126
f 2133 2132 2127
f 2128 2133 2127
f 2134 2133 2128
f 2129 2134 2128
f 2135 2134 2129
f 2124 2135 2129
f 2130 2270 2136
f 2130 2138 2270
f 2138 2277 2270
f 2131 2272 2278
f 2131 2278 2139
f 2130 2136 2125
f 2272 2131 2140
f 2279 2272 2140
f 2149 2280 2286
f 2280 2149 2287
f 2141 2144 2276
f 2141 2276 2145
f 2145 2276 2288
f 2137 2144 2141
f 2138 2281 2277
f 2142 2281 2138
f 2142 2146 2289
f 2142 2289 2281
f 2143 2139 2282
f 2282 2139 2278
f 2279 2140 2143
f 2282 2279 2143
f 2161 2290 2301
f 2161 2150 2147
f 2161 2147 2290
f 2290 2147 2291
f 2151 2162 2292
f 2151 2292 2147
f 2147 2292 2291
f 2286 2292 2162
f 2149 2286 2162
f 2149 2162 2152
f 2149 2152 2148
f 2153 2163 2293
f 2148 2153 2293
f 2148 2293 2287
f 2148 2287 2149
f 2163 2164 2294
f 2293 2163 2294
f 2164 2288 2294
f 2164 2154 2288
f 2154 2145 2288
f 2295 2155 2165
f 2295 2289 2155
f 2289 2146 2155
f 2295 2165 2302
f 2156 2161 2301
f 2156 2301 2166
f 2166 2301 2305
f 2150 2161 2156
f 2151 2157 2162
f 2152 2162 2157
f 2153 2158 2163
f 2159 2163 2158
f 2164 2163 2159
f 2154 2164 2159
f 2160 2167 2169
f 2160 2169 2306
f 2155 2160 2306
f 2155 2306 2303
f 2155 2303 2165
f 2302 2165 2303
f 2175 2307 2309
f 2175 2176 2308
f 2307 2175 2308
f 2176 2305 2308
f 2176 2170 2305
f 2170 2166 2305
f 2167 2168 2169
f 2169 2168 2171
f 2169 2171 2306
f 2306 2171 2310
f 2172 2175 2309
f 2172 2309 2177
f 2177 2309 2312
f 2173 2175 2172
f 2176 2175 2173
f 2170 2176 2173
f 2174 2313 2311
f 2178 2313 2174
f 2310 2171 2174
f 2311 2310 2174
f 2179 2314 2316
f 2180 2179 2316
f 2312 2179 2177
f 2314 2179 2312
f 2178 2181 2313
f 2313 2181 2317
f 2182 2186 2183
f 2182 2320 2186
f 2182 2180 2320
f 2180 2316 2320
f 2318 2184 2187
f 2318 2317 2184
f 2317 2181 2184
f 2318 2187 2321
f 2183 2186 2185
f 2188 2322 2192
f 2185 2322 2188
f 2185 2320 2322
f 2185 2186 2320
f 2322 2325 2192
f 2187 2326 2323
f 2187 2184 2326
f 2184 2189 2326
f 2321 2187 2323
f 2188 2192 2190
f 2192 2325 2327
f 2192 2327 2190
f 2190 2327 2191
f 2327 2193 2191
f 2329 2193 2327
f 2189 2194 2326
f 2326 2194 2330
f 2193 2329 2331
f 2195 2193 2331
f 2196 2195 2332
f 2195 2331 2332
f 2332 2197 2196
f 2333 2197 2332
f 2194 2198 2330
f 2330 2198 2334
f 2197 2333 2335
f 2199 2197 2335
f 2200 2336 2204
f 2200 2199 2336
f 2199 2335 2336
f 2336 2338 2204
f 2198 2201 2334
f 2334 2201 2339
f 2200 2204 2202
f 2204 2338 2340
f 2204 2340 2202
f 2202 2340 2203
f 2205 2341 2209
f 2205 2203 2341
f 2203 2340 2341
f 2341 2342 2209
f 2201 2206 2339
f 2339 2206 2343
f 2205 2209 2207
f 2209 2342 2344
f 2209 2344 2207
f 2207 2344 2208
f 2210 2345 2216
f 2210 2208 2345
f 2208 2344 2345
f 2345 2349 2216
f 2346 2211 2217
f 2346 2343 2211
f 2343 2206 2211
f 2346 2217 2350
f 2210 2216 2212
f 2216 2349 2351
f 2216 2351 2212
f 2212 2351 2213
f 2214 2213 2352
f 2213 2351 2352
f 2218 2353 2222
f 2218 2214 2353
f 2214 2352 2353
f 2353 2354 2222
f 2211 2215 2217
f 2217 2215 2219
f 2217 2219 2350
f 2350 2219 2355
f 2218 2222 2220
f 2222 2354 2356
f 2222 2356 2220
f 2220 2356 2221
f 2223 2357 2232
f 2223 2221 2357
f 2221 2356 2357
f 2232 2358 2233
f 2357 2358 2232
f 2358 2361 2233
f 2234 2362 2359
f 2234 2359 2355
f 2234 2355 2224
f 2224 2355 2219
f 2223 2232 2225
f 2226 2225 2232
f 2233 2226 2232
f 2233 2361 2363
f 2233 2363 2226
f 2226 2363 2227
f 2228 2227 2364
f 2227 2363 2364
f 2229 2228 2365
f 2228 2364 2365
f 2235 2366 2238
f 2235 2229 2366
f 2229 2365 2366
f 2238 2230 2236
f 2238 2366 2230
f 2366 2367 2230
f 2362 2234 2231
f 2362 2231 2367
f 2367 2231 2230
f 2224 2231 2234
f 2235 2238 2237
f 2236 2237 2238
f 2239 2368 2369
f 2368 2239 2370
f 2247 2371 2385
f 2369 2371 2247
f 2369 2247 2239
f 2239 2247 2248
f 2386 2370 2239
f 2248 2386 2239
f 2249 2372 2387
f 2249 2250 2373
f 2372 2249 2373
f 2250 2251 2374
f 2373 2250 2374
f 2251 2252 2375
f 2374 2251 2375
f 2375 2252 2388
f 2263 2389 2404
f 2263 2264 2390
f 2389 2263 2390
f 2264 2265 2391
f 2390 2264 2391
f 2265 2253 2240
f 2265 2240 2391
f 2391 2240 2392
f 2241 2393 2240
f 2240 2393 2392
f 2254 2266 2247
f 2254 2247 2393
f 2254 2393 2241
f 2393 2247 2385
f 2242 2266 2255
f 2242 2248 2266
f 2248 2247 2266
f 2248 2394 2386
f 2248 2242 2394
f 2242 2243 2394
f 2256 2267 2249
f 2256 2249 2394
f 2256 2394 2243
f 2394 2249 2387
f 2250 2249 2268
f 2268 2249 2267
f 2244 2268 2257
f 2244 2251 2268
f 2251 2250 2268
f 2245 2251 2244
f 2252 2251 2245
f 2252 2395 2388
f 2252 2245 2395
f 2245 2246 2395
f 2395 2246 2258
f 2405 2395 2258
f 2273 2263 2404
f 2409 2273 2404
f 2264 2263 2274
f 2274 2263 2273
f 2265 2264 2275
f 2275 2264 2274
f 2253 2275 2269
f 2265 2275 2253
f 2254 2259 2266
f 2255 2266 2259
f 2256 2260 2267
f 2261 2267 2260
f 2268 2267 2261
f 2257 2268 2261
f 2258 2406 2405
f 2262 2406 2258
f 2406 2262 2270
f 2410 2406 2270
f 2283 2411 2414
f 2409 2411 2283
f 2409 2283 2273
f 2273 2283 2284
f 2415 2412 2274
f 2415 2274 2284
f 2284 2274 2273
f 2271 2416 2276
f 2271 2274 2416
f 2271 2275 2274
f 2274 2412 2416
f 2269 2275 2271
f 2270 2277 2410
f 2410 2277 2417
f 2272 2285 2278
f 2272 2279 2285
f 2296 2418 2425
f 2296 2297 2419
f 2418 2296 2419
f 2297 2298 2420
f 2419 2297 2420
f 2414 2420 2298
f 2283 2414 2298
f 2283 2298 2286
f 2283 2286 2280
f 2287 2283 2280
f 2287 2299 2283
f 2299 2284 2283
f 2421 2415 2284
f 2421 2284 2300
f 2300 2284 2299
f 2300 2416 2421
f 2300 2288 2416
f 2288 2276 2416
f 2277 2422 2417
f 2281 2422 2277
f 2289 2426 2422
f 2289 2422 2281
f 2278 2285 2282
f 2279 2282 2285
f 2290 2296 2425
f 2290 2425 2301
f 2301 2425 2427
f 2291 2296 2290
f 2297 2296 2291
f 2292 2297 2291
f 2298 2297 2292
f 2286 2298 2292
f 2287 2293 2299
f 2294 2299 2293
f 2300 2299 2294
f 2288 2300 2294
f 2304 2289 2295
f 2304 2428 2289
f 2428 2426 2289
f 2295 2302 2304
f 2301 2427 2305
f 2427 2431 2305
f 2303 2428 2304
f 2303 2306 2428
f 2306 2432 2428
f 2302 2303 2304
f 2307 2433 2437
f 2309 2307 2437
f 2308 2434 2307
f 2307 2434 2433
f 2431 2308 2305
f 2434 2308 2431
f 2306 2310 2432
f 2432 2310 2438
f 2315 2439 2442
f 2315 2437 2439
f 2315 2312 2437
f 2312 2309 2437
f 2311 2443 2440
f 2313 2443 2311
f 2438 2310 2311
f 2440 2438 2311
f 2314 2315 2442
f 2314 2442 2316
f 2316 2442 2447
f 2312 2315 2314
f 2444 2317 2319
f 2444 2443 2317
f 2443 2313 2317
f 2444 2319 2448
f 2324 2449 2451
f 2324 2447 2449
f 2324 2320 2447
f 2320 2316 2447
f 2317 2318 2319
f 2319 2318 2321
f 2319 2321 2448
f 2448 2321 2452
f 2324 2451 2453
f 2320 2324 2453
f 2320 2453 2322
f 2322 2453 2454
f 2454 2325 2322
f 2455 2325 2454
f 2323 2326 2328
f 2323 2328 2456
f 2323 2456 2321
f 2321 2456 2452
f 2325 2455 2457
f 2327 2325 2457
f 2457 2329 2327
f 2460 2329 2457
f 2328 2461 2458
f 2328 2326 2461
f 2326 2330 2461
f 2456 2328 2458
f 2329 2460 2462
f 2331 2329 2462
f 2332 2331 2463
f 2331 2462 2463
f 2333 2464 2337
f 2333 2332 2464
f 2332 2463 2464
f 2464 2467 2337
f 2330 2334 2461
f 2461 2334 2468
f 2333 2337 2335
f 2337 2467 2469
f 2337 2469 2335
f 2335 2469 2336
f 2469 2338 2336
f 2471 2338 2469
f 2334 2339 2468
f 2468 2339 2472
f 2338 2471 2473
f 2340 2338 2473
f 2341 2340 2474
f 2340 2473 2474
f 2342 2475 2347
f 2342 2341 2475
f 2341 2474 2475
f 2475 2479 2347
f 2476 2343 2348
f 2476 2472 2343
f 2472 2339 2343
f 2476 2348 2480
f 2342 2347 2344
f 2347 2479 2481
f 2347 2481 2344
f 2344 2481 2345
f 2481 2349 2345
f 2482 2349 2481
f 2343 2346 2348
f 2348 2346 2350
f 2348 2350 2480
f 2480 2350 2483
f 2349 2482 2484
f 2351 2349 2484
f 2352 2351 2485
f 2351 2484 2485
f 2353 2352 2486
f 2352 2485 2486
f 2354 2487 2360
f 2354 2353 2487
f 2353 2486 2487
f 2487 2490 2360
f 2350 2355 2483
f 2483 2355 2491
f 2354 2360 2356
f 2360 2490 2492
f 2360 2492 2356
f 2356 2492 2357
f 2358 2357 2493
f 2357 2492 2493
f 2493 2361 2358
f 2498 2361 2493
f 2359 2499 2494
f 2362 2499 2359
f 2491 2355 2359
f 2494 2491 2359
f 2361 2498 2500
f 2363 2361 2500
f 2364 2363 2501
f 2363 2500 2501
f 2365 2364 2502
f 2364 2501 2502
f 2366 2365 2503
f 2365 2502 2503
f 2367 2366 2504
f 2366 2503 2504
f 2499 2362 2367
f 2504 2499 2367
f 2376 2509 2527
f 2376 2377 2510
f 2509 2376 2510
f 2377 2378 2511
f 2510 2377 2511
f 2378 2379 2512
f 2511 2378 2512
f 2379 2380 2513
f 2512 2379 2513
f 2380 2369 2368
f 2380 2368 2513
f 2513 2368 2514
f 2370 2381 2515
f 2370 2515 2368
f 2368 2515 2514
f 2381 2382 2516
f 2515 2381 2516
f 2382 2383 2517
f 2516 2382 2517
f 2517 2383 2528
f 2384 2518 2529
f 2518 2384 2530
f 2396 2531 2538
f 2527 2531 2396
f 2527 2396 2376
f 2376 2396 2397
f 2377 2376 2398
f 2398 2376 2397
f 2378 2377 2399
f 2399 2377 2398
f 2379 2378 2400
f 2400 2378 2399
f 2371 2400 2385
f 2371 2380 2400
f 2380 2379 2400
f 2369 2380 2371
f 2381 2386 2401
f 2370 2386 2381
f 2372 2401 2387
f 2372 2382 2401
f 2382 2381 2401
f 2373 2382 2372
f 2383 2382 2373
f 2383 2532 2528
f 2383 2373 2532
f 2373 2374 2532
f 2375 2533 2374
f 2374 2533 2532
f 2388 2402 2384
f 2388 2384 2533
f 2388 2533 2375
f 2533 2384 2529
f 2539 2530 2384
f 2402 2539 2384
f 2403 2534 2540
f 2534 2403 2541
f 2389 2396 2538
f 2389 2538 2404
f 2404 2538 2543
f 2390 2396 2389
f 2397 2396 2390
f 2391 2397 2390
f 2398 2397 2391
f 2392 2398 2391
f 2399 2398 2392
f 2393 2399 2392
f 2400 2399 2393
f 2385 2400 2393
f 2386 2394 2401
f 2387 2401 2394
f 2388 2395 2402
f 2405 2407 2542
f 2395 2405 2542
f 2395 2542 2539
f 2395 2539 2402
f 2540 2542 2407
f 2540 2407 2403
f 2403 2407 2408
f 2544 2541 2403
f 2408 2544 2403
f 2413 2545 2551
f 2413 2543 2545
f 2413 2409 2543
f 2409 2404 2543
f 2405 2406 2407
f 2546 2408 2407
f 2546 2407 2410
f 2546 2410 2552
f 2406 2410 2407
f 2544 2408 2546
f 2423 2553 2556
f 2553 2423 2557
f 2411 2413 2551
f 2411 2551 2414
f 2414 2551 2558
f 2409 2413 2411
f 2412 2415 2424
f 2412 2424 2416
f 2410 2417 2552
f 2552 2417 2559
f 2418 2560 2565
f 2425 2418 2565
f 2556 2419 2423
f 2556 2560 2419
f 2560 2418 2419
f 2423 2561 2557
f 2423 2419 2561
f 2419 2420 2561
f 2558 2420 2414
f 2561 2420 2558
f 2415 2421 2424
f 2416 2424 2421
f 2417 2562 2559
f 2422 2562 2417
f 2562 2422 2426
f 2566 2562 2426
f 2429 2567 2569
f 2429 2565 2567
f 2429 2427 2565
f 2427 2425 2565
f 2568 2428 2430
f 2568 2566 2428
f 2566 2426 2428
f 2568 2430 2570
f 2435 2571 2574
f 2569 2571 2435
f 2569 2435 2429
f 2429 2435 2436
f 2427 2436 2431
f 2429 2436 2427
f 2430 2575 2572
f 2430 2428 2575
f 2428 2432 2575
f 2570 2430 2572
f 2441 2576 2577
f 2574 2576 2441
f 2435 2574 2441
f 2435 2441 2437
f 2435 2437 2433
f 2434 2435 2433
f 2436 2435 2434
f 2431 2436 2434
f 2432 2438 2575
f 2575 2438 2578
f 2439 2441 2577
f 2439 2577 2442
f 2442 2577 2580
f 2437 2441 2439
f 2440 2443 2445
f 2579 2578 2438
f 2579 2438 2445
f 2579 2445 2446
f 2445 2438 2440
f 2579 2446 2581
f 2450 2582 2584
f 2450 2580 2582
f 2450 2447 2580
f 2447 2442 2580
f 2443 2444 2445
f 2583 2446 2445
f 2583 2445 2448
f 2583 2448 2585
f 2444 2448 2445
f 2581 2446 2583
f 2449 2450 2584
f 2449 2584 2451
f 2451 2584 2586
f 2447 2450 2449
f 2448 2452 2585
f 2585 2452 2587
f 2451 2586 2588
f 2453 2451 2588
f 2454 2453 2589
f 2453 2588 2589
f 2455 2590 2459
f 2455 2454 2590
f 2454 2589 2590
f 2590 2591 2459
f 2452 2456 2587
f 2587 2456 2592
f 2455 2459 2457
f 2460 2593 2465
f 2457 2593 2460
f 2457 2591 2593
f 2457 2459 2591
f 2593 2594 2465
f 2458 2461 2466
f 2458 2466 2595
f 2458 2595 2456
f 2456 2595 2592
f 2460 2465 2462
f 2465 2594 2596
f 2465 2596 2462
f 2462 2596 2463
f 2464 2463 2597
f 2463 2596 2597
f 2597 2467 2464
f 2599 2467 2597
f 2466 2468 2470
f 2461 2468 2466
f 2600 2595 2466
f 2470 2600 2466
f 2467 2599 2601
f 2469 2467 2601
f 2471 2602 2477
f 2471 2469 2602
f 2469 2601 2602
f 2602 2604 2477
f 2470 2472 2478
f 2468 2472 2470
f 2605 2600 2470
f 2478 2605 2470
f 2471 2477 2473
f 2477 2604 2606
f 2477 2606 2473
f 2473 2606 2474
f 2475 2474 2607
f 2474 2606 2607
f 2607 2479 2475
f 2608 2479 2607
f 2472 2476 2478
f 2478 2476 2480
f 2478 2480 2605
f 2605 2480 2609
f 2479 2608 2610
f 2481 2479 2610
f 2482 2611 2488
f 2482 2481 2611
f 2481 2610 2611
f 2488 2612 2489
f 2611 2612 2488
f 2612 2614 2489
f 2480 2483 2609
f 2609 2483 2615
f 2482 2488 2484
f 2485 2484 2488
f 2489 2485 2488
f 2489 2614 2616
f 2489 2616 2485
f 2485 2616 2486
f 2487 2486 2617
f 2486 2616 2617
f 2490 2618 2495
f 2490 2487 2618
f 2487 2617 2618
f 2495 2619 2496
f 2618 2619 2495
f 2619 2621 2496
f 2497 2622 2620
f 2497 2620 2615
f 2497 2615 2491
f 2491 2615 2483
f 2490 2495 2492
f 2493 2492 2495
f 2496 2493 2495
f 2498 2623 2505
f 2493 2623 2498
f 2493 2621 2623
f 2493 2496 2621
f 2505 2624 2506
f 2623 2624 2505
f 2506 2625 2507
f 2624 2625 2506
f 2625 2627 2507
f 2626 2499 2508
f 2626 2622 2499
f 2494 2499 2497
f 2497 2499 2622
f 2494 2497 2491
f 2508 2628 2626
f 2498 2505 2500
f 2501 2500 2505
f 2506 2501 2505
f 2502 2501 2506
f 2507 2502 2506
f 2507 2627 2629
f 2507 2629 2502
f 2502 2629 2503
f 2504 2503 2630
f 2503 2629 2630
f 2508 2499 2504
f 2508 2504 2631
f 2631 2504 2630
f 2628 2508 2631
f 2519 2635 2646
f 2519 2520 2636
f 2635 2519 2636
f 2520 2521 2637
f 2636 2520 2637
f 2521 2522 2638
f 2637 2521 2638
f 2522 2523 2639
f 2638 2522 2639
f 2639 2523 2647
f 2524 2640 2648
f 2524 2525 2641
f 2640 2524 2641
f 2525 2526 2642
f 2641 2525 2642
f 2642 2526 2649
f 2535 2650 2659
f 2535 2527 2509
f 2535 2509 2650
f 2650 2509 2651
f 2510 2652 2509
f 2509 2652 2651
f 2646 2511 2519
f 2646 2652 2511
f 2652 2510 2511
f 2512 2519 2511
f 2520 2519 2512
f 2513 2520 2512
f 2521 2520 2513
f 2514 2521 2513
f 2522 2521 2514
f 2515 2522 2514
f 2523 2522 2515
f 2523 2653 2647
f 2523 2515 2653
f 2515 2516 2653
f 2648 2517 2524
f 2648 2653 2517
f 2653 2516 2517
f 2528 2524 2517
f 2528 2536 2524
f 2536 2525 2524
f 2526 2525 2537
f 2537 2525 2536
f 2529 2518 2654
f 2529 2654 2526
f 2529 2526 2537
f 2649 2526 2654
f 2654 2518 2530
f 2660 2654 2530
f 2531 2535 2659
f 2531 2659 2538
f 2538 2659 2662
f 2527 2535 2531
f 2528 2532 2536
f 2533 2536 2532
f 2537 2536 2533
f 2529 2537 2533
f 2530 2539 2660
f 2660 2539 2663
f 2534 2661 2664
f 2540 2534 2664
f 2661 2534 2541
f 2665 2661 2541
f 2547 2666 2673
f 2547 2548 2667
f 2666 2547 2667
f 2548 2549 2668
f 2667 2548 2668
f 2549 2662 2668
f 2549 2543 2662
f 2543 2538 2662
f 2539 2669 2663
f 2542 2669 2539
f 2664 2550 2540
f 2664 2670 2550
f 2540 2550 2542
f 2674 2669 2550
f 2542 2550 2669
f 2550 2670 2665
f 2550 2665 2544
f 2544 2665 2541
f 2554 2547 2673
f 2675 2554 2673
f 2548 2547 2555
f 2555 2547 2554
f 2545 2555 2551
f 2545 2549 2555
f 2549 2548 2555
f 2543 2549 2545
f 2546 2674 2550
f 2546 2552 2674
f 2552 2676 2674
f 2544 2546 2550
f 2563 2677 2679
f 2675 2677 2563
f 2554 2675 2563
f 2554 2563 2556
f 2554 2556 2553
f 2557 2554 2553
f 2557 2564 2554
f 2564 2555 2554
f 2551 2564 2558
f 2555 2564 2551
f 2552 2559 2676
f 2676 2559 2680
f 2560 2563 2679
f 2560 2679 2565
f 2565 2679 2684
f 2556 2563 2560
f 2557 2561 2564
f 2558 2564 2561
f 2559 2681 2680
f 2562 2681 2559
f 2681 2562 2566
f 2685 2681 2566
f 2573 2686 2690
f 2573 2569 2567
f 2573 2567 2686
f 2686 2567 2687
f 2684 2567 2565
f 2687 2567 2684
f 2566 2688 2685
f 2568 2688 2566
f 2688 2568 2570
f 2691 2688 2570
f 2571 2573 2690
f 2571 2690 2574
f 2574 2690 2694
f 2569 2573 2571
f 2572 2695 2692
f 2575 2695 2572
f 2691 2570 2572
f 2692 2691 2572
f 2576 2696 2698
f 2577 2576 2698
f 2694 2576 2574
f 2696 2576 2694
f 2575 2578 2695
f 2695 2578 2699
f 2577 2698 2580
f 2698 2701 2580
f 2578 2700 2699
f 2579 2700 2578
f 2700 2579 2581
f 2702 2700 2581
f 2582 2703 2708
f 2584 2582 2708
f 2701 2582 2580
f 2703 2582 2701
f 2583 2709 2704
f 2585 2709 2583
f 2702 2581 2583
f 2704 2702 2583
f 2584 2708 2586
f 2708 2710 2586
f 2585 2587 2709
f 2709 2587 2711
f 2586 2710 2712
f 2588 2586 2712
f 2589 2588 2713
f 2588 2712 2713
f 2590 2589 2714
f 2589 2713 2714
f 2714 2591 2590
f 2716 2591 2714
f 2587 2592 2711
f 2711 2592 2717
f 2591 2716 2718
f 2593 2591 2718
f 2594 2719 2598
f 2594 2593 2719
f 2593 2718 2719
f 2719 2720 2598
f 2592 2595 2717
f 2717 2595 2721
f 2594 2598 2596
f 2598 2720 2722
f 2598 2722 2596
f 2596 2722 2597
f 2599 2723 2603
f 2599 2597 2723
f 2597 2722 2723
f 2723 2724 2603
f 2595 2600 2721
f 2721 2600 2725
f 2599 2603 2601
f 2603 2724 2726
f 2603 2726 2601
f 2601 2726 2602
f 2726 2604 2602
f 2728 2604 2726
f 2600 2605 2725
f 2725 2605 2729
f 2604 2728 2730
f 2606 2604 2730
f 2607 2606 2731
f 2606 2730 2731
f 2608 2732 2613
f 2608 2607 2732
f 2607 2731 2732
f 2732 2734 2613
f 2605 2609 2729
f 2729 2609 2735
f 2608 2613 2610
f 2613 2734 2736
f 2613 2736 2610
f 2610 2736 2611
f 2612 2611 2737
f 2611 2736 2737
f 2737 2614 2612
f 2740 2614 2737
f 2609 2615 2735
f 2735 2615 2741
f 2614 2740 2742
f 2616 2614 2742
f 2617 2616 2743
f 2616 2742 2743
f 2618 2617 2744
f 2617 2743 2744
f 2619 2618 2745
f 2618 2744 2745
f 2745 2621 2619
f 2749 2621 2745
f 2620 2750 2746
f 2622 2750 2620
f 2741 2615 2620
f 2746 2741 2620
f 2621 2749 2751
f 2623 2621 2751
f 2624 2623 2752
f 2623 2751 2752
f 2625 2624 2753
f 2624 2752 2753
f 2627 2754 2632
f 2627 2625 2754
f 2625 2753 2754
f 2632 2755 2633
f 2754 2755 2632
f 2626 2634 2633
f 2626 2633 2750
f 2626 2750 2622
f 2755 2750 2633
f 2626 2628 2634
f 2627 2632 2629
f 2630 2629 2632
f 2633 2630 2632
f 2631 2630 2633
f 2634 2631 2633
f 2628 2631 2634
f 2643 2758 2761
f 2643 2644 2759
f 2758 2643 2759
f 2644 2645 2760
f 2759 2644 2760
f 2760 2645 2762
f 2655 2763 2773
f 2655 2656 2764
f 2763 2655 2764
f 2656 2646 2635
f 2656 2635 2764
f 2764 2635 2765
f 2636 2766 2635
f 2635 2766 2765
f 2637 2767 2636
f 2636 2767 2766
f 2638 2768 2637
f 2637 2768 2767
f 2761 2639 2643
f 2761 2768 2639
f 2768 2638 2639
f 2647 2643 2639
f 2647 2657 2643
f 2657 2644 2643
f 2640 2657 2648
f 2640 2645 2657
f 2645 2644 2657
f 2645 2769 2762
f 2645 2640 2769
f 2640 2641 2769
f 2658 2774 2769
f 2658 2769 2642
f 2642 2769 2641
f 2642 2649 2658
f 2650 2775 2782
f 2659 2650 2782
f 2773 2651 2655
f 2773 2775 2651
f 2775 2650 2651
f 2652 2655 2651
f 2656 2655 2652
f 2646 2656 2652
f 2647 2653 2657
f 2648 2657 2653
f 2658 2776 2774
f 2649 2776 2658
f 2649 2654 2776
f 2654 2777 2776
f 2777 2654 2660
f 2783 2777 2660
f 2671 2784 2791
f 2671 2782 2784
f 2671 2662 2782
f 2662 2659 2782
f 2660 2663 2783
f 2783 2663 2792
f 2661 2672 2664
f 2661 2665 2672
f 2666 2793 2800
f 2673 2666 2800
f 2667 2794 2666
f 2666 2794 2793
f 2791 2668 2671
f 2791 2794 2668
f 2794 2667 2668
f 2662 2671 2668
f 2663 2795 2792
f 2669 2795 2663
f 2674 2801 2795
f 2674 2795 2669
f 2664 2672 2670
f 2665 2670 2672
f 2673 2800 2675
f 2800 2805 2675
f 2802 2676 2678
f 2802 2801 2676
f 2801 2674 2676
f 2802 2678 2806
f 2682 2807 2809
f 2682 2679 2677
f 2682 2677 2807
f 2807 2677 2808
f 2805 2677 2675
f 2808 2677 2805
f 2678 2680 2683
f 2676 2680 2678
f 2810 2806 2678
f 2683 2810 2678
f 2689 2682 2809
f 2811 2689 2809
f 2679 2689 2684
f 2682 2689 2679
f 2680 2681 2683
f 2683 2681 2685
f 2683 2685 2810
f 2810 2685 2812
f 2686 2693 2690
f 2689 2811 2815
f 2689 2815 2686
f 2689 2686 2687
f 2693 2686 2815
f 2684 2689 2687
f 2685 2813 2812
f 2688 2813 2685
f 2813 2688 2691
f 2816 2813 2691
f 2697 2817 2823
f 2693 2818 2817
f 2693 2817 2694
f 2693 2694 2690
f 2694 2817 2697
f 2815 2818 2693
f 2692 2824 2819
f 2695 2824 2692
f 2816 2691 2692
f 2819 2816 2692
f 2696 2697 2823
f 2696 2823 2698
f 2698 2823 2825
f 2694 2697 2696
f 2695 2699 2824
f 2824 2699 2826
f 2705 2827 2830
f 2705 2706 2828
f 2827 2705 2828
f 2706 2825 2828
f 2706 2701 2825
f 2701 2698 2825
f 2707 2699 2700
f 2707 2831 2699
f 2831 2826 2699
f 2700 2702 2707
f 2705 2830 2832
f 2703 2833 2708
f 2703 2705 2833
f 2703 2706 2705
f 2705 2832 2833
f 2701 2706 2703
f 2704 2831 2707
f 2704 2709 2831
f 2709 2834 2831
f 2702 2704 2707
f 2835 2715 2710
f 2835 2710 2833
f 2833 2710 2708
f 2835 2837 2715
f 2709 2711 2834
f 2834 2711 2838
f 2710 2715 2712
f 2715 2837 2839
f 2715 2839 2712
f 2712 2839 2713
f 2714 2713 2840
f 2713 2839 2840
f 2840 2716 2714
f 2841 2716 2840
f 2711 2717 2838
f 2838 2717 2842
f 2716 2841 2843
f 2718 2716 2843
f 2719 2718 2844
f 2718 2843 2844
f 2844 2720 2719
f 2846 2720 2844
f 2717 2721 2842
f 2842 2721 2847
f 2720 2846 2848
f 2722 2720 2848
f 2723 2722 2849
f 2722 2848 2849
f 2724 2850 2727
f 2724 2723 2850
f 2723 2849 2850
f 2850 2852 2727
f 2721 2725 2847
f 2847 2725 2853
f 2724 2727 2726
f 2728 2854 2733
f 2726 2854 2728
f 2726 2852 2854
f 2726 2727 2852
f 2854 2856 2733
f 2725 2729 2853
f 2853 2729 2857
f 2728 2733 2730
f 2733 2856 2858
f 2733 2858 2730
f 2730 2858 2731
f 2732 2731 2859
f 2731 2858 2859
f 2734 2860 2738
f 2734 2732 2860
f 2732 2859 2860
f 2860 2863 2738
f 2739 2864 2861
f 2739 2861 2857
f 2739 2857 2735
f 2735 2857 2729
f 2734 2738 2736
f 2738 2863 2865
f 2738 2865 2736
f 2736 2865 2737
f 2740 2866 2747
f 2740 2737 2866
f 2737 2865 2866
f 2866 2868 2747
f 2748 2864 2739
f 2869 2864 2748
f 2735 2741 2748
f 2739 2735 2748
f 2740 2747 2742
f 2747 2868 2870
f 2747 2870 2742
f 2742 2870 2743
f 2744 2743 2871
f 2743 2870 2871
f 2745 2744 2872
f 2744 2871 2872
f 2872 2749 2745
f 2876 2749 2872
f 2756 2877 2873
f 2748 2746 2750
f 2748 2750 2756
f 2748 2756 2869
f 2873 2869 2756
f 2874 2878 2757
f 2746 2748 2741
f 2757 2879 2874
f 2749 2876 2880
f 2751 2749 2880
f 2752 2751 2881
f 2751 2880 2881
f 2753 2752 2882
f 2752 2881 2882
f 2754 2753 2883
f 2753 2882 2883
f 2877 2756 2755
f 2877 2755 2883
f 2883 2755 2754
f 2757 2878 2884
f 2750 2755 2756
f 2879 2757 2884
f 2758 2770 2761
f 2758 2759 2771
f 2770 2758 2771
f 2759 2760 2772
f 2771 2759 2772
f 2760 2762 2772
f 2763 2889 2895
f 2773 2763 2895
f 2764 2890 2763
f 2763 2890 2889
f 2765 2891 2764
f 2764 2891 2890
f 2766 2892 2765
f 2765 2892 2891
f 2767 2893 2766
f 2766 2893 2892
f 2768 2894 2767
f 2767 2894 2893
f 2761 2894 2768
f 2761 2778 2894
f 2761 2770 2778
f 2896 2894 2778
f 2771 2779 2770
f 2779 2778 2770
f 2772 2780 2771
f 2780 2779 2771
f 2762 2769 2781
f 2762 2781 2772
f 2772 2781 2780
f 2769 2774 2781
f 2785 2897 2906
f 2785 2786 2898
f 2897 2785 2898
f 2786 2782 2775
f 2786 2775 2898
f 2898 2775 2899
f 2895 2775 2773
f 2899 2775 2895
f 2778 2900 2896
f 2779 2900 2778
f 2901 2900 2779
f 2901 2787 2907
f 2901 2779 2787
f 2779 2780 2787
f 2781 2788 2780
f 2788 2787 2780
f 2774 2776 2789
f 2774 2789 2781
f 2781 2789 2788
f 2776 2777 2790
f 2789 2776 2790
f 2777 2783 2790
f 2796 2908 2917
f 2906 2908 2796
f 2906 2796 2785
f 2785 2796 2797
f 2784 2797 2791
f 2784 2786 2797
f 2786 2785 2797
f 2782 2786 2784
f 2787 2909 2907
f 2788 2909 2787
f 2910 2909 2788
f 2910 2798 2918
f 2910 2788 2798
f 2788 2789 2798
f 2790 2799 2789
f 2799 2798 2789
f 2783 2792 2799
f 2790 2783 2799
f 2793 2796 2917
f 2793 2917 2800
f 2800 2917 2926
f 2794 2796 2793
f 2797 2796 2794
f 2791 2797 2794
f 2798 2919 2918
f 2919 2803 2927
f 2919 2798 2803
f 2798 2799 2803
f 2792 2795 2804
f 2792 2804 2799
f 2799 2804 2803
f 2795 2801 2804
f 2800 2926 2805
f 2926 2935 2805
f 2803 2928 2927
f 2804 2928 2803
f 2929 2928 2804
f 2801 2929 2804
f 2801 2802 2929
f 2802 2930 2929
f 2930 2802 2806
f 2936 2930 2806
f 2807 2937 2946
f 2809 2807 2946
f 2808 2938 2807
f 2807 2938 2937
f 2935 2808 2805
f 2938 2808 2935
f 2806 2810 2936
f 2936 2810 2947
f 2809 2946 2811
f 2946 2951 2811
f 2948 2812 2814
f 2948 2947 2812
f 2947 2810 2812
f 2948 2814 2952
f 2820 2953 2959
f 2820 2821 2954
f 2953 2820 2954
f 2821 2951 2954
f 2821 2815 2951
f 2815 2811 2951
f 2822 2812 2813
f 2822 2960 2812
f 2814 2812 2955
f 2955 2812 2960
f 2814 2955 2952
f 2813 2816 2822
f 2817 2820 2959
f 2817 2959 2823
f 2823 2959 2961
f 2818 2820 2817
f 2821 2820 2818
f 2815 2821 2818
f 2819 2960 2822
f 2819 2824 2960
f 2824 2962 2960
f 2816 2819 2822
f 2829 2963 2964
f 2829 2961 2963
f 2829 2825 2961
f 2825 2823 2961
f 2824 2826 2962
f 2962 2826 2965
f 2827 2966 2969
f 2830 2827 2969
f 2964 2828 2829
f 2964 2966 2828
f 2966 2827 2828
f 2825 2829 2828
f 2826 2831 2965
f 2965 2831 2970
f 2836 2832 2830
f 2836 2830 2971
f 2971 2830 2969
f 2832 2836 2833
f 2831 2834 2970
f 2970 2834 2972
f 2836 2971 2973
f 2833 2836 2973
f 2833 2973 2835
f 2835 2973 2974
f 2974 2837 2835
f 2976 2837 2974
f 2834 2838 2972
f 2972 2838 2977
f 2837 2976 2978
f 2839 2837 2978
f 2840 2839 2979
f 2839 2978 2979
f 2841 2980 2845
f 2841 2840 2980
f 2840 2979 2980
f 2980 2982 2845
f 2838 2842 2977
f 2977 2842 2983
f 2841 2845 2843
f 2845 2982 2984
f 2845 2984 2843
f 2843 2984 2844
f 2846 2985 2851
f 2846 2844 2985
f 2844 2984 2985
f 2985 2987 2851
f 2842 2847 2983
f 2983 2847 2988
f 2846 2851 2848
f 2851 2987 2989
f 2851 2989 2848
f 2848 2989 2849
f 2850 2849 2990
f 2849 2989 2990
f 2852 2991 2855
f 2852 2850 2991
f 2850 2990 2991
f 2991 2993 2855
f 2847 2853 2988
f 2988 2853 2994
f 2852 2855 2854
f 2856 2995 2862
f 2854 2995 2856
f 2854 2993 2995
f 2854 2855 2993
f 2995 2997 2862
f 2853 2857 2994
f 2994 2857 2998
f 2856 2862 2858
f 2862 2997 2999
f 2862 2999 2858
f 2858 2999 2859
f 2860 2859 3000
f 2859 2999 3000
f 2863 3001 2867
f 2863 2860 3001
f 2860 3000 3001
f 3001 3005 2867
f 2861 3006 3002
f 2864 3006 2861
f 2998 2857 2861
f 3002 2998 2861
f 2863 2867 2865
f 2867 3005 3007
f 2867 3007 2865
f 2865 3007 2866
f 2868 3008 2875
f 2868 2866 3008
f 2866 3007 3008
f 3008 3010 2875
f 2864 2869 3006
f 3006 2869 3011
f 2868 2875 2870
f 2875 3010 3012
f 2875 3012 2870
f 2870 3012 2871
f 2872 2871 3013
f 2871 3012 3013
f 2876 3014 2885
f 2876 2872 3014
f 2872 3013 3014
f 2885 3015 2886
f 3014 3015 2885
f 3015 3020 2886
f 2873 2877 2887
f 2874 2888 2878
f 2873 2887 2869
f 2869 2887 3021
f 2869 3021 3011
f 2874 2879 2888
f 2876 2885 2880
f 2881 2880 2885
f 2886 2881 2885
f 2886 3020 3022
f 2886 3022 2881
f 2881 3022 2882
f 2883 2882 3023
f 2882 3022 3023
f 2887 2877 2883
f 2887 2883 3024
f 3024 2883 3023
f 2878 2888 2884
f 2887 3024 3021
f 2879 2884 2888
f 2889 2902 2895
f 2889 2890 2903
f 2902 2889 2903
f 3029 2903 2890
f 3029 2890 3027
f 3027 2890 2891
f 2892 3028 2891
f 2891 3028 3027
f 2904 3030 3028
f 2904 3028 2893
f 2893 3028 2892
f 2893 2894 2905
f 2904 2893 2905
f 2894 2896 2905
f 2897 2911 2906
f 3038 2911 2897
f 3038 2897 3031
f 3031 2897 2898
f 2899 3032 2898
f 2898 3032 3031
f 2902 2899 2895
f 2902 3033 2899
f 3033 3032 2899
f 2903 3033 2902
f 3034 3033 2903
f 3029 3034 2903
f 2912 3039 3035
f 3030 2912 3035
f 3030 2904 2912
f 2904 2913 2912
f 2905 2914 2904
f 2914 2913 2904
f 2896 2900 2915
f 2896 2915 2905
f 2905 2915 2914
f 2900 2901 2916
f 2915 2900 2916
f 2901 2907 2916
f 2908 3040 3052
f 2917 2908 3052
f 2911 2908 2906
f 2911 3041 2908
f 3041 3040 2908
f 3038 3041 2911
f 2920 3053 3042
f 2920 3043 2921
f 3042 3043 2920
f 3054 2912 3044
f 3054 2921 2912
f 3039 2912 3043
f 3043 2912 2921
f 2913 3044 2912
f 3045 3044 2913
f 2914 3045 2913
f 3046 3045 2914
f 3046 2922 3055
f 3046 2914 2922
f 2914 2915 2922
f 2916 2923 2915
f 2923 2922 2915
f 2907 2909 2924
f 2907 2924 2916
f 2916 2924 2923
f 2909 2910 2925
f 2924 2909 2925
f 2910 2918 2925
f 2917 3052 2926
f 3052 3065 2926
f 2920 3056 3053
f 2921 3056 2920
f 3057 3056 2921
f 3054 3057 2921
f 2931 3055 2922
f 3066 3055 2931
f 2923 2932 2922
f 2932 2931 2922
f 3067 2924 3058
f 3067 2932 2924
f 2932 2923 2924
f 3058 2933 3068
f 3058 2924 2933
f 2924 2925 2933
f 2918 2919 2934
f 2918 2934 2925
f 2925 2934 2933
f 2919 2927 2934
f 2939 3069 3079
f 2939 2940 3070
f 3069 2939 3070
f 2940 3065 3070
f 2940 2935 3065
f 2935 2926 3065
f 2931 3071 3066
f 2932 3071 2931
f 3072 3071 2932
f 3067 3072 2932
f 2941 3068 2933
f 3080 3068 2941
f 2934 2942 2933
f 2942 2941 2933
f 2927 2928 2943
f 2927 2943 2934
f 2934 2943 2942
f 2928 2929 2944
f 2943 2928 2944
f 2929 2930 2945
f 2944 2929 2945
f 2930 2936 2945
f 2937 2939 3079
f 2937 3079 2946
f 2946 3079 3089
f 2938 2939 2937
f 2940 2939 2938
f 2935 2940 2938
f 2941 3081 3080
f 2942 3081 2941
f 3082 3081 2942
f 2943 3082 2942
f 3083 3082 2943
f 3083 2949 3090
f 3083 2943 2949
f 2943 2944 2949
f 2945 2950 2944
f 2950 2949 2944
f 2936 2947 2950
f 2945 2936 2950
f 2946 3089 2951
f 3089 3102 2951
f 2956 3103 3091
f 3091 3104 2956
f 2949 3092 3090
f 3092 2957 3105
f 3092 2949 2957
f 2949 2950 2957
f 2947 2948 2958
f 2947 2958 2950
f 2950 2958 2957
f 2948 2952 2958
f 2953 3106 3122
f 2959 2953 3122
f 2954 3107 2953
f 2953 3107 3106
f 3102 2954 2951
f 3107 2954 3102
f 2956 3108 3103
f 3104 3108 2956
f 2957 3109 3105
f 2955 2960 3123
f 2955 3123 2957
f 2955 2957 2958
f 2957 3123 3109
f 2952 2955 2958
f 2959 3122 2961
f 3122 3133 2961
f 2960 2962 3123
f 3123 2962 3134
f 2967 3135 3144
f 2967 2964 2963
f 2967 2963 3135
f 3135 2963 3136
f 3133 2963 2961
f 3136 2963 3133
f 3137 2965 2968
f 3137 3134 2965
f 3134 2962 2965
f 3137 2968 3145
f 2966 2967 3144
f 2966 3144 2969
f 2969 3144 3150
f 2964 2967 2966
f 2968 3151 3146
f 2968 2965 3151
f 2965 2970 3151
f 3145 2968 3146
f 3152 2975 2971
f 3152 2971 3150
f 3150 2971 2969
f 3152 3153 2975
f 2970 2972 3151
f 3151 2972 3154
f 2971 2975 2973
f 2975 3153 3155
f 2975 3155 2973
f 2973 3155 2974
f 2976 3156 2981
f 2976 2974 3156
f 2974 3155 3156
f 3156 3157 2981
f 2972 2977 3154
f 3154 2977 3158
f 2976 2981 2978
f 2981 3157 3159
f 2981 3159 2978
f 2978 3159 2979
f 2980 2979 3160
f 2979 3159 3160
f 2982 3161 2986
f 2982 2980 3161
f 2980 3160 3161
f 3161 3163 2986
f 2977 2983 3158
f 3158 2983 3164
f 2982 2986 2984
f 2986 3163 3165
f 2986 3165 2984
f 2984 3165 2985
f 2987 3166 2992
f 2987 2985 3166
f 2985 3165 3166
f 3166 3168 2992
f 2983 2988 3164
f 3164 2988 3169
f 2987 2992 2989
f 2992 3168 3170
f 2992 3170 2989
f 2989 3170 2990
f 2991 2990 3171
f 2990 3170 3171
f 3171 2993 2991
f 3173 2993 3171
f 2996 3174 3172
f 2996 3172 3169
f 2996 3169 2994
f 2994 3169 2988
f 2993 3173 3175
f 2995 2993 3175
f 2997 3176 3003
f 2997 2995 3176
f 2995 3175 3176
f 3176 3178 3003
f 3004 3174 2996
f 3179 3174 3004
f 2994 2998 3004
f 2996 2994 3004
f 2997 3003 2999
f 3003 3178 3180
f 3003 3180 2999
f 2999 3180 3000
f 3001 3000 3181
f 3000 3180 3181
f 3005 3182 3009
f 3005 3001 3182
f 3001 3181 3182
f 3182 3184 3009
f 3002 3179 3004
f 3002 3006 3179
f 3006 3185 3179
f 2998 3002 3004
f 3005 3009 3007
f 3009 3184 3186
f 3009 3186 3007
f 3007 3186 3008
f 3010 3187 3016
f 3010 3008 3187
f 3008 3186 3187
f 3016 3188 3017
f 3187 3188 3016
f 3188 3191 3017
f 3018 3192 3189
f 3190 3193 3019
f 3185 3011 3189
f 3185 3006 3011
f 3011 3018 3189
f 3190 3019 3194
f 3010 3016 3012
f 3013 3012 3016
f 3017 3013 3016
f 3017 3191 3195
f 3017 3195 3013
f 3013 3195 3014
f 3015 3014 3196
f 3014 3195 3196
f 3196 3020 3015
f 3201 3020 3196
f 3025 3202 3197
f 3192 3025 3197
f 3192 3018 3025
f 3018 3026 3025
f 3011 3021 3026
f 3011 3026 3018
f 3193 3198 3019
f 3194 3019 3198
f 3020 3201 3203
f 3022 3020 3203
f 3202 3025 3023
f 3202 3023 3203
f 3203 3023 3022
f 3024 3023 3025
f 3026 3024 3025
f 3021 3024 3026
f 3027 3036 3029
f 3027 3028 3037
f 3036 3027 3037
f 3028 3030 3037
f 3031 3047 3038
f 3031 3032 3048
f 3047 3031 3048
f 3032 3033 3049
f 3048 3032 3049
f 3033 3034 3050
f 3049 3033 3050
f 3034 3029 3036
f 3034 3036 3050
f 3050 3036 3051
f 3035 3039 3051
f 3035 3051 3037
f 3037 3051 3036
f 3030 3035 3037
f 3040 3059 3052
f 3040 3041 3060
f 3059 3040 3060
f 3041 3038 3047
f 3041 3047 3060
f 3060 3047 3061
f 3207 3048 3205
f 3207 3061 3048
f 3061 3047 3048
f 3049 3205 3048
f 3206 3205 3049
f 3042 3053 3208
f 3042 3208 3049
f 3042 3049 3050
f 3049 3208 3206
f 3043 3042 3050
f 3051 3043 3050
f 3039 3043 3051
f 3044 3062 3054
f 3044 3045 3063
f 3062 3044 3063
f 3045 3046 3064
f 3063 3045 3064
f 3046 3055 3064
f 3059 3209 3214
f 3059 3214 3052
f 3052 3214 3065
f 3060 3209 3059
f 3210 3209 3060
f 3061 3210 3060
f 3211 3210 3061
f 3207 3211 3061
f 3073 3053 3056
f 3073 3215 3053
f 3215 3208 3053
f 3056 3057 3074
f 3073 3056 3074
f 3057 3054 3062
f 3057 3062 3074
f 3074 3062 3075
f 3063 3076 3062
f 3076 3075 3062
f 3064 3077 3063
f 3077 3076 3063
f 3055 3066 3077
f 3064 3055 3077
f 3058 3078 3067
f 3058 3068 3078
f 3069 3216 3226
f 3079 3069 3226
f 3070 3217 3069
f 3069 3217 3216
f 3214 3070 3065
f 3217 3070 3214
f 3073 3218 3215
f 3074 3218 3073
f 3219 3218 3074
f 3075 3219 3074
f 3220 3219 3075
f 3220 3084 3227
f 3220 3075 3084
f 3075 3076 3084
f 3077 3085 3076
f 3085 3084 3076
f 3066 3071 3086
f 3066 3086 3077
f 3077 3086 3085
f 3071 3072 3087
f 3086 3071 3087
f 3072 3067 3078
f 3072 3078 3087
f 3087 3078 3088
f 3068 3080 3088
f 3078 3068 3088
f 3079 3226 3089
f 3226 3236 3089
f 3093 3237 3228
f 3227 3093 3228
f 3227 3084 3093
f 3084 3094 3093
f 3085 3095 3084
f 3095 3094 3084
f 3086 3096 3085
f 3096 3095 3085
f 3087 3097 3086
f 3097 3096 3086
f 3088 3098 3087
f 3098 3097 3087
f 3080 3081 3099
f 3080 3099 3088
f 3088 3099 3098
f 3081 3082 3100
f 3099 3081 3100
f 3082 3083 3101
f 3100 3082 3101
f 3083 3090 3101
f 3110 3238 3247
f 3110 3111 3239
f 3238 3110 3239
f 3111 3236 3239
f 3111 3102 3236
f 3102 3089 3236
f 3112 3248 3240
f 3237 3112 3240
f 3237 3093 3112
f 3093 3113 3112
f 3094 3114 3093
f 3114 3113 3093
f 3095 3115 3094
f 3115 3114 3094
f 3096 3116 3095
f 3116 3115 3095
f 3097 3117 3096
f 3117 3116 3096
f 3091 3103 3117
f 3091 3117 3098
f 3098 3117 3097
f 3104 3091 3098
f 3104 3098 3118
f 3118 3098 3099
f 3100 3119 3099
f 3119 3118 3099
f 3101 3120 3100
f 3120 3119 3100
f 3090 3092 3121
f 3090 3121 3101
f 3101 3121 3120
f 3092 3105 3121
f 3106 3124 3122
f 3110 3247 3249
f 3110 3256 3111
f 3110 3249 3256
f 3111 3256 3107
f 3124 3106 3256
f 3107 3256 3106
f 3102 3111 3107
f 3112 3250 3248
f 3113 3250 3112
f 3251 3250 3113
f 3114 3251 3113
f 3252 3251 3114
f 3115 3252 3114
f 3253 3252 3115
f 3253 3125 3257
f 3253 3115 3125
f 3115 3116 3125
f 3117 3126 3116
f 3126 3125 3116
f 3103 3108 3127
f 3103 3127 3117
f 3117 3127 3126
f 3108 3104 3118
f 3108 3118 3127
f 3127 3118 3128
f 3119 3129 3118
f 3129 3128 3118
f 3120 3130 3119
f 3130 3129 3119
f 3121 3131 3120
f 3131 3130 3120
f 3105 3109 3132
f 3105 3132 3121
f 3121 3132 3131
f 3109 3123 3132
f 3138 3258 3271
f 3124 3259 3258
f 3124 3258 3133
f 3124 3133 3122
f 3133 3258 3138
f 3256 3259 3124
f 3139 3257 3125
f 3272 3257 3139
f 3273 3126 3260
f 3273 3139 3126
f 3139 3125 3126
f 3127 3260 3126
f 3261 3260 3127
f 3261 3140 3274
f 3261 3127 3140
f 3127 3128 3140
f 3129 3141 3128
f 3141 3140 3128
f 3275 3130 3262
f 3275 3141 3130
f 3141 3129 3130
f 3262 3142 3276
f 3262 3130 3142
f 3130 3131 3142
f 3132 3143 3131
f 3143 3142 3131
f 3123 3134 3143
f 3132 3123 3143
f 3135 3277 3290
f 3144 3135 3290
f 3271 3136 3138
f 3271 3277 3136
f 3277 3135 3136
f 3133 3138 3136
f 3139 3278 3272
f 3273 3278 3139
f 3147 3274 3140
f 3291 3274 3147
f 3292 3141 3279
f 3292 3147 3141
f 3147 3140 3141
f 3275 3279 3141
f 3142 3280 3276
f 3280 3148 3293
f 3280 3142 3148
f 3142 3143 3148
f 3134 3137 3149
f 3134 3149 3143
f 3143 3149 3148
f 3137 3145 3149
f 3144 3290 3150
f 3290 3303 3150
f 3147 3294 3291
f 3292 3294 3147
f 3148 3295 3293
f 3146 3151 3304
f 3146 3304 3148
f 3146 3148 3149
f 3148 3304 3295
f 3145 3146 3149
f 3150 3303 3305
f 3152 3150 3305
f 3305 3153 3152
f 3312 3153 3305
f 3151 3154 3304
f 3304 3154 3313
f 3153 3312 3314
f 3155 3153 3314
f 3156 3155 3315
f 3155 3314 3315
f 3157 3316 3162
f 3157 3156 3316
f 3156 3315 3316
f 3316 3320 3162
f 3154 3158 3313
f 3313 3158 3321
f 3157 3162 3159
f 3162 3320 3322
f 3162 3322 3159
f 3159 3322 3160
f 3161 3160 3323
f 3160 3322 3323
f 3163 3324 3167
f 3163 3161 3324
f 3161 3323 3324
f 3324 3326 3167
f 3158 3164 3321
f 3321 3164 3327
f 3163 3167 3165
f 3167 3326 3328
f 3167 3328 3165
f 3165 3328 3166
f 3328 3168 3166
f 3330 3168 3328
f 3164 3169 3327
f 3327 3169 3331
f 3168 3330 3332
f 3170 3168 3332
f 3171 3170 3333
f 3170 3332 3333
f 3173 3334 3177
f 3173 3171 3334
f 3171 3333 3334
f 3334 3338 3177
f 3172 3339 3335
f 3174 3339 3172
f 3331 3169 3172
f 3335 3331 3172
f 3173 3177 3175
f 3177 3338 3340
f 3177 3340 3175
f 3175 3340 3176
f 3178 3341 3183
f 3178 3176 3341
f 3176 3340 3341
f 3341 3342 3183
f 3174 3179 3339
f 3339 3179 3343
f 3178 3183 3180
f 3183 3342 3344
f 3183 3344 3180
f 3180 3344 3181
f 3182 3181 3345
f 3181 3344 3345
f 3345 3184 3182
f 3348 3184 3345
f 3179 3185 3343
f 3343 3185 3349
f 3184 3348 3350
f 3186 3184 3350
f 3187 3186 3351
f 3186 3350 3351
f 3188 3187 3352
f 3187 3351 3352
f 3191 3353 3199
f 3191 3188 3353
f 3188 3352 3353
f 3353 3356 3199
f 3189 3357 3354
f 3192 3357 3189
f 3189 3354 3349
f 3189 3349 3185
f 3190 3200 3193
f 3190 3194 3200
f 3191 3199 3195
f 3199 3356 3358
f 3199 3358 3195
f 3195 3358 3196
f 3201 3359 3204
f 3201 3196 3359
f 3196 3358 3359
f 3204 3197 3202
f 3204 3359 3197
f 3359 3360 3197
f 3357 3192 3197
f 3360 3357 3197
f 3193 3200 3198
f 3194 3198 3200
f 3201 3204 3203
f 3202 3203 3204
f 3205 3212 3207
f 3205 3206 3213
f 3212 3205 3213
f 3206 3208 3213
f 3209 3221 3214
f 3209 3210 3222
f 3221 3209 3222
f 3210 3211 3223
f 3222 3210 3223
f 3211 3207 3212
f 3211 3212 3223
f 3223 3212 3224
f 3213 3225 3212
f 3225 3224 3212
f 3208 3215 3225
f 3213 3208 3225
f 3216 3229 3226
f 3368 3229 3216
f 3368 3216 3365
f 3365 3216 3217
f 3221 3217 3214
f 3221 3366 3217
f 3366 3365 3217
f 3222 3366 3221
f 3367 3366 3222
f 3367 3230 3369
f 3367 3222 3230
f 3222 3223 3230
f 3224 3231 3223
f 3231 3230 3223
f 3225 3232 3224
f 3232 3231 3224
f 3215 3218 3233
f 3215 3233 3225
f 3225 3233 3232
f 3218 3219 3234
f 3233 3218 3234
f 3219 3220 3235
f 3234 3219 3235
f 3220 3227 3235
f 3229 3370 3375
f 3229 3375 3226
f 3226 3375 3236
f 3370 3241 3376
f 3370 3229 3241
f 3371 3241 3368
f 3368 3241 3229
f 3371 3377 3241
f 3242 3369 3230
f 3378 3369 3242
f 3231 3243 3230
f 3243 3242 3230
f 3232 3244 3231
f 3244 3243 3231
f 3233 3245 3232
f 3245 3244 3232
f 3234 3246 3233
f 3246 3245 3233
f 3228 3237 3246
f 3228 3246 3235
f 3235 3246 3234
f 3227 3228 3235
f 3238 3254 3247
f 3387 3254 3238
f 3387 3238 3379
f 3379 3238 3239
f 3375 3239 3236
f 3379 3239 3375
f 3241 3380 3376
f 3377 3380 3241
f 3242 3381 3378
f 3243 3381 3242
f 3382 3381 3243
f 3244 3382 3243
f 3383 3382 3244
f 3383 3255 3388
f 3383 3244 3255
f 3244 3245 3255
f 3240 3248 3255
f 3240 3255 3246
f 3246 3255 3245
f 3237 3240 3246
f 3263 3389 3394
f 3390 3389 3263
f 3390 3263 3264
f 3249 3247 3254
f 3264 3387 3390
f 3264 3256 3387
f 3254 3387 3249
f 3249 3387 3256
f 3265 3395 3391
f 3388 3265 3391
f 3388 3255 3265
f 3255 3266 3265
f 3248 3250 3267
f 3248 3267 3255
f 3255 3267 3266
f 3250 3251 3268
f 3267 3250 3268
f 3251 3252 3269
f 3268 3251 3269
f 3252 3253 3270
f 3269 3252 3270
f 3253 3257 3270
f 3258 3281 3271
f 3263 3394 3396
f 3263 3399 3264
f 3263 3396 3399
f 3264 3399 3259
f 3281 3258 3399
f 3259 3399 3258
f 3256 3264 3259
f 3265 3397 3395
f 3397 3282 3400
f 3397 3265 3282
f 3265 3266 3282
f 3267 3283 3266
f 3283 3282 3266
f 3268 3284 3267
f 3284 3283 3267
f 3269 3285 3268
f 3285 3284 3268
f 3270 3286 3269
f 3286 3285 3269
f 3257 3272 3286
f 3270 3257 3286
f 3260 3287 3273
f 3260 3261 3288
f 3287 3260 3288
f 3261 3274 3288
f 3262 3289 3275
f 3262 3276 3289
f 3277 3401 3408
f 3290 3277 3408
f 3281 3277 3271
f 3281 3402 3277
f 3402 3401 3277
f 3399 3402 3281
f 3282 3403 3400
f 3283 3403 3282
f 3404 3403 3283
f 3284 3404 3283
f 3405 3404 3284
f 3405 3296 3409
f 3405 3284 3296
f 3284 3285 3296
f 3286 3297 3285
f 3297 3296 3285
f 3272 3278 3298
f 3272 3298 3286
f 3286 3298 3297
f 3278 3273 3287
f 3278 3287 3298
f 3298 3287 3299
f 3288 3300 3287
f 3300 3299 3287
f 3274 3291 3300
f 3288 3274 3300
f 3279 3301 3292
f 3279 3410 3301
f 3275 3410 3279
f 3275 3406 3410
f 3275 3289 3406
f 3302 3411 3406
f 3280 3302 3406
f 3280 3406 3289
f 3280 3289 3276
f 3280 3293 3302
f 3412 3306 3303
f 3412 3303 3408
f 3408 3303 3290
f 3412 3422 3306
f 3296 3413 3409
f 3297 3413 3296
f 3414 3413 3297
f 3298 3414 3297
f 3415 3414 3298
f 3415 3307 3423
f 3415 3298 3307
f 3298 3299 3307
f 3300 3308 3299
f 3308 3307 3299
f 3291 3294 3309
f 3291 3309 3300
f 3300 3309 3308
f 3294 3292 3301
f 3294 3301 3309
f 3309 3301 3310
f 3424 3301 3410
f 3310 3301 3424
f 3302 3416 3411
f 3311 3425 3416
f 3295 3311 3416
f 3295 3416 3302
f 3295 3302 3293
f 3295 3304 3311
f 3303 3306 3305
f 3312 3426 3317
f 3305 3426 3312
f 3305 3422 3426
f 3305 3306 3422
f 3426 3435 3317
f 3307 3427 3423
f 3308 3427 3307
f 3428 3427 3308
f 3309 3428 3308
f 3429 3428 3309
f 3429 3318 3436
f 3429 3309 3318
f 3309 3310 3318
f 3437 3310 3424
f 3318 3310 3437
f 3319 3425 3311
f 3438 3425 3319
f 3304 3313 3319
f 3311 3304 3319
f 3312 3317 3314
f 3317 3435 3439
f 3317 3439 3314
f 3314 3439 3315
f 3316 3315 3440
f 3315 3439 3440
f 3440 3320 3316
f 3449 3320 3440
f 3318 3441 3436
f 3437 3441 3318
f 3325 3438 3319
f 3450 3438 3325
f 3313 3321 3325
f 3319 3313 3325
f 3320 3449 3451
f 3322 3320 3451
f 3323 3322 3452
f 3322 3451 3452
f 3324 3323 3453
f 3323 3452 3453
f 3453 3326 3324
f 3458 3326 3453
f 3329 3450 3325
f 3459 3450 3329
f 3321 3327 3329
f 3325 3321 3329
f 3326 3458 3460
f 3328 3326 3460
f 3330 3461 3336
f 3330 3328 3461
f 3328 3460 3461
f 3461 3463 3336
f 3337 3459 3329
f 3464 3459 3337
f 3327 3331 3337
f 3329 3327 3337
f 3330 3336 3332
f 3336 3463 3465
f 3336 3465 3332
f 3332 3465 3333
f 3334 3333 3466
f 3333 3465 3466
f 3466 3338 3334
f 3468 3338 3466
f 3335 3464 3337
f 3335 3339 3464
f 3339 3469 3464
f 3331 3335 3337
f 3338 3468 3470
f 3340 3338 3470
f 3341 3340 3471
f 3340 3470 3471
f 3342 3472 3346
f 3342 3341 3472
f 3341 3471 3472
f 3472 3475 3346
f 3347 3476 3473
f 3347 3473 3469
f 3347 3469 3343
f 3343 3469 3339
f 3342 3346 3344
f 3346 3475 3477
f 3346 3477 3344
f 3344 3477 3345
f 3477 3348 3345
f 3478 3348 3477
f 3355 3476 3347
f 3479 3476 3355
f 3343 3349 3355
f 3347 3343 3355
f 3348 3478 3480
f 3350 3348 3480
f 3351 3350 3481
f 3350 3480 3481
f 3352 3351 3482
f 3351 3481 3482
f 3353 3352 3483
f 3352 3482 3483
f 3356 3484 3361
f 3356 3353 3484
f 3353 3483 3484
f 3361 3485 3362
f 3484 3485 3361
f 3362 3486 3363
f 3485 3486 3362
f 3355 3354 3357
f 3355 3357 3363
f 3355 3363 3479
f 3486 3479 3363
f 3487 3490 3364
f 3354 3355 3349
f 3364 3491 3487
f 3356 3361 3358
f 3359 3358 3361
f 3362 3359 3361
f 3360 3359 3362
f 3363 3360 3362
f 3364 3490 3492
f 3357 3360 3363
f 3491 3364 3492
f 3365 3372 3368
f 3365 3366 3373
f 3372 3365 3373
f 3366 3367 3374
f 3373 3366 3374
f 3367 3369 3374
f 3370 3384 3375
f 3371 3368 3372
f 3376 3384 3370
f 3377 3371 3372
f 3377 3372 3385
f 3385 3372 3373
f 3374 3386 3373
f 3386 3385 3373
f 3369 3378 3386
f 3374 3369 3386
f 3379 3494 3500
f 3387 3379 3500
f 3384 3379 3375
f 3384 3495 3379
f 3495 3494 3379
f 3376 3495 3384
f 3376 3380 3495
f 3380 3496 3495
f 3385 3380 3377
f 3385 3497 3380
f 3497 3496 3380
f 3386 3497 3385
f 3498 3497 3386
f 3378 3498 3386
f 3378 3381 3498
f 3381 3499 3498
f 3392 3501 3499
f 3392 3499 3382
f 3382 3499 3381
f 3382 3383 3393
f 3392 3382 3393
f 3383 3388 3393
f 3389 3398 3394
f 3509 3398 3389
f 3509 3389 3502
f 3502 3389 3390
f 3500 3390 3387
f 3502 3390 3500
f 3392 3503 3501
f 3391 3395 3510
f 3391 3510 3392
f 3391 3392 3393
f 3392 3510 3503
f 3388 3391 3393
f 3394 3398 3396
f 3398 3399 3396
f 3398 3509 3399
f 3509 3514 3399
f 3407 3395 3397
f 3407 3515 3395
f 3515 3510 3395
f 3397 3400 3407
f 3401 3417 3408
f 3518 3417 3401
f 3518 3401 3516
f 3516 3401 3402
f 3514 3402 3399
f 3516 3402 3514
f 3407 3517 3515
f 3418 3519 3517
f 3403 3418 3517
f 3403 3517 3407
f 3403 3407 3400
f 3403 3404 3419
f 3418 3403 3419
f 3404 3405 3420
f 3419 3404 3420
f 3405 3409 3420
f 3406 3421 3410
f 3406 3411 3421
f 3408 3417 3412
f 3417 3422 3412
f 3417 3518 3422
f 3518 3525 3422
f 3418 3520 3519
f 3419 3520 3418
f 3521 3520 3419
f 3420 3521 3419
f 3522 3521 3420
f 3430 3526 3522
f 3413 3430 3522
f 3413 3522 3420
f 3413 3420 3409
f 3413 3414 3431
f 3430 3413 3431
f 3414 3415 3432
f 3431 3414 3432
f 3415 3423 3432
f 3421 3433 3424
f 3410 3421 3424
f 3411 3416 3434
f 3411 3434 3421
f 3421 3434 3433
f 3416 3425 3434
f 3422 3525 3527
f 3426 3422 3527
f 3527 3435 3426
f 3531 3435 3527
f 3430 3528 3526
f 3528 3442 3532
f 3528 3430 3442
f 3430 3431 3442
f 3432 3443 3431
f 3443 3442 3431
f 3423 3427 3444
f 3423 3444 3432
f 3432 3444 3443
f 3427 3428 3445
f 3444 3427 3445
f 3428 3429 3446
f 3445 3428 3446
f 3429 3436 3446
f 3433 3447 3437
f 3424 3433 3437
f 3434 3448 3433
f 3448 3447 3433
f 3425 3438 3448
f 3434 3425 3448
f 3435 3531 3533
f 3439 3435 3533
f 3440 3439 3534
f 3439 3533 3534
f 3534 3449 3440
f 3542 3449 3534
f 3442 3535 3532
f 3443 3535 3442
f 3536 3535 3443
f 3444 3536 3443
f 3537 3536 3444
f 3537 3454 3543
f 3537 3444 3454
f 3444 3445 3454
f 3446 3455 3445
f 3455 3454 3445
f 3436 3455 3446
f 3436 3538 3455
f 3436 3441 3538
f 3538 3544 3455
f 3437 3538 3441
f 3437 3456 3538
f 3437 3447 3456
f 3545 3538 3456
f 3448 3457 3447
f 3457 3456 3447
f 3438 3450 3457
f 3448 3438 3457
f 3449 3542 3546
f 3451 3449 3546
f 3452 3451 3547
f 3451 3546 3547
f 3453 3452 3548
f 3452 3547 3548
f 3458 3549 3462
f 3458 3453 3549
f 3453 3548 3549
f 3549 3559 3462
f 3454 3550 3543
f 3455 3550 3454
f 3551 3550 3455
f 3544 3551 3455
f 3456 3552 3545
f 3457 3552 3456
f 3553 3552 3457
f 3553 3457 3450
f 3553 3450 3560
f 3560 3450 3459
f 3458 3462 3460
f 3462 3559 3561
f 3462 3561 3460
f 3460 3561 3461
f 3463 3562 3467
f 3463 3461 3562
f 3461 3561 3562
f 3562 3566 3467
f 3459 3464 3560
f 3560 3464 3567
f 3463 3467 3465
f 3467 3566 3568
f 3467 3568 3465
f 3465 3568 3466
f 3468 3569 3474
f 3468 3466 3569
f 3466 3568 3569
f 3569 3570 3474
f 3464 3469 3567
f 3567 3469 3571
f 3468 3474 3470
f 3474 3570 3572
f 3474 3572 3470
f 3470 3572 3471
f 3472 3471 3573
f 3471 3572 3573
f 3573 3475 3472
f 3576 3475 3573
f 3473 3577 3574
f 3476 3577 3473
f 3571 3469 3473
f 3574 3571 3473
f 3475 3576 3578
f 3477 3475 3578
f 3478 3579 3488
f 3478 3477 3579
f 3477 3578 3579
f 3488 3580 3489
f 3579 3580 3488
f 3580 3582 3489
f 3476 3479 3577
f 3577 3479 3583
f 3478 3488 3480
f 3481 3480 3488
f 3489 3481 3488
f 3489 3582 3584
f 3489 3584 3481
f 3481 3584 3482
f 3483 3482 3585
f 3482 3584 3585
f 3484 3483 3586
f 3483 3585 3586
f 3485 3484 3587
f 3484 3586 3587
f 3486 3485 3588
f 3485 3587 3588
f 3486 3588 3583
f 3486 3583 3479
f 3487 3493 3490
f 3487 3491 3493
f 3490 3493 3492
f 3491 3492 3493
f 3494 3504 3500
f 3494 3495 3505
f 3504 3494 3505
f 3591 3505 3495
f 3591 3495 3590
f 3590 3495 3496
f 3506 3592 3590
f 3506 3590 3497
f 3497 3590 3496
f 3497 3498 3507
f 3506 3497 3507
f 3498 3499 3508
f 3507 3498 3508
f 3499 3501 3508
f 3502 3593 3598
f 3509 3502 3598
f 3504 3502 3500
f 3504 3594 3502
f 3594 3593 3502
f 3505 3594 3504
f 3595 3594 3505
f 3591 3595 3505
f 3506 3596 3592
f 3596 3511 3599
f 3596 3506 3511
f 3506 3507 3511
f 3508 3512 3507
f 3512 3511 3507
f 3501 3503 3513
f 3501 3513 3508
f 3508 3513 3512
f 3503 3510 3513
f 3509 3598 3514
f 3598 3606 3514
f 3511 3600 3599
f 3512 3600 3511
f 3601 3600 3512
f 3513 3601 3512
f 3602 3601 3513
f 3602 3513 3510
f 3602 3510 3607
f 3607 3510 3515
f 3516 3608 3613
f 3518 3516 3613
f 3606 3516 3514
f 3608 3516 3606
f 3523 3614 3609
f 3517 3524 3523
f 3517 3523 3607
f 3517 3607 3515
f 3609 3607 3523
f 3517 3519 3524
f 3518 3613 3525
f 3613 3620 3525
f 3523 3615 3614
f 3524 3615 3523
f 3616 3615 3524
f 3519 3616 3524
f 3519 3520 3616
f 3520 3617 3616
f 3529 3621 3617
f 3529 3617 3521
f 3521 3617 3520
f 3521 3522 3530
f 3529 3521 3530
f 3522 3526 3530
f 3525 3620 3622
f 3527 3525 3622
f 3622 3531 3527
f 3624 3531 3622
f 3539 3621 3529
f 3625 3621 3539
f 3530 3540 3529
f 3540 3539 3529
f 3526 3528 3541
f 3526 3541 3530
f 3530 3541 3540
f 3528 3532 3541
f 3531 3624 3626
f 3533 3531 3626
f 3534 3533 3627
f 3533 3626 3627
f 3542 3628 3554
f 3542 3534 3628
f 3534 3627 3628
f 3628 3634 3554
f 3539 3629 3625
f 3540 3629 3539
f 3630 3629 3540
f 3541 3630 3540
f 3631 3630 3541
f 3555 3635 3631
f 3535 3555 3631
f 3535 3631 3541
f 3535 3541 3532
f 3535 3536 3556
f 3555 3535 3556
f 3536 3537 3557
f 3556 3536 3557
f 3537 3543 3557
f 3538 3558 3544
f 3538 3545 3558
f 3542 3554 3546
f 3554 3634 3636
f 3554 3636 3546
f 3546 3636 3547
f 3548 3547 3637
f 3547 3636 3637
f 3563 3637 3645
f 3563 3549 3637
f 3549 3548 3637
f 3549 3563 3559
f 3555 3638 3635
f 3556 3638 3555
f 3639 3638 3556
f 3557 3639 3556
f 3640 3639 3557
f 3543 3640 3557
f 3543 3550 3640
f 3550 3641 3640
f 3551 3642 3550
f 3550 3642 3641
f 3558 3551 3544
f 3558 3643 3551
f 3643 3642 3551
f 3564 3646 3643
f 3552 3564 3643
f 3552 3643 3558
f 3552 3558 3545
f 3552 3553 3565
f 3564 3552 3565
f 3553 3560 3565
f 3563 3645 3647
f 3559 3563 3647
f 3559 3647 3561
f 3561 3647 3648
f 3562 3561 3649
f 3561 3648 3649
f 3649 3566 3562
f 3654 3566 3649
f 3564 3650 3646
f 3565 3650 3564
f 3651 3650 3565
f 3651 3565 3560
f 3651 3560 3655
f 3655 3560 3567
f 3566 3654 3656
f 3568 3566 3656
f 3569 3568 3657
f 3568 3656 3657
f 3657 3570 3569
f 3663 3570 3657
f 3575 3664 3658
f 3575 3658 3655
f 3575 3655 3571
f 3571 3655 3567
f 3570 3663 3665
f 3572 3570 3665
f 3573 3572 3666
f 3572 3665 3666
f 3576 3667 3581
f 3576 3573 3667
f 3573 3666 3667
f 3667 3669 3581
f 3574 3664 3575
f 3574 3577 3664
f 3577 3670 3664
f 3571 3574 3575
f 3576 3581 3578
f 3581 3669 3671
f 3581 3671 3578
f 3578 3671 3579
f 3580 3579 3672
f 3579 3671 3672
f 3672 3582 3580
f 3676 3582 3672
f 3589 3677 3673
f 3589 3673 3670
f 3589 3670 3583
f 3583 3670 3577
f 3582 3676 3678
f 3584 3582 3678
f 3585 3584 3679
f 3584 3678 3679
f 3586 3585 3680
f 3585 3679 3680
f 3587 3586 3681
f 3586 3680 3681
f 3677 3589 3588
f 3677 3588 3681
f 3681 3588 3587
f 3583 3588 3589
f 3590 3597 3591
f 3590 3592 3597
f 3593 3603 3598
f 3593 3594 3604
f 3603 3593 3604
f 3687 3604 3594
f 3687 3594 3685
f 3685 3594 3595
f 3597 3595 3591
f 3597 3686 3595
f 3686 3685 3595
f 3605 3688 3686
f 3596 3605 3686
f 3596 3686 3597
f 3596 3597 3592
f 3596 3599 3605
f 3603 3689 3694
f 3603 3694 3598
f 3598 3694 3606
f 3604 3689 3603
f 3690 3689 3604
f 3687 3690 3604
f 3605 3691 3688
f 3610 3695 3691
f 3600 3610 3691
f 3600 3691 3605
f 3600 3605 3599
f 3600 3601 3611
f 3610 3600 3611
f 3601 3602 3612
f 3611 3601 3612
f 3602 3607 3612
f 3608 3618 3613
f 3696 3606 3694
f 3696 3618 3606
f 3696 3619 3618
f 3618 3608 3606
f 3696 3702 3619
f 3610 3697 3695
f 3611 3697 3610
f 3698 3697 3611
f 3609 3614 3703
f 3609 3703 3611
f 3609 3611 3612
f 3611 3703 3698
f 3607 3609 3612
f 3618 3704 3711
f 3618 3711 3613
f 3613 3711 3620
f 3619 3704 3618
f 3705 3704 3619
f 3702 3705 3619
f 3614 3706 3703
f 3615 3706 3614
f 3616 3707 3615
f 3615 3707 3706
f 3623 3712 3707
f 3623 3707 3617
f 3617 3707 3616
f 3617 3621 3623
f 3620 3711 3713
f 3622 3620 3713
f 3624 3714 3632
f 3624 3622 3714
f 3622 3713 3714
f 3714 3719 3632
f 3623 3715 3712
f 3623 3621 3625
f 3623 3625 3716
f 3623 3716 3715
f 3633 3716 3625
f 3716 3633 3720
f 3624 3632 3626
f 3632 3719 3721
f 3632 3721 3626
f 3626 3721 3627
f 3628 3627 3722
f 3627 3721 3722
f 3722 3634 3628
f 3724 3634 3722
f 3625 3629 3633
f 3633 3723 3720
f 3633 3629 3723
f 3629 3630 3723
f 3644 3725 3723
f 3644 3723 3631
f 3631 3723 3630
f 3631 3635 3644
f 3634 3724 3726
f 3636 3634 3726
f 3637 3636 3727
f 3636 3726 3727
f 3727 3645 3637
f 3733 3645 3727
f 3644 3728 3725
f 3635 3728 3644
f 3635 3638 3728
f 3638 3729 3728
f 3639 3730 3638
f 3638 3730 3729
f 3640 3731 3639
f 3639 3731 3730
f 3641 3732 3640
f 3640 3732 3731
f 3652 3734 3732
f 3652 3732 3642
f 3642 3732 3641
f 3642 3643 3653
f 3652 3642 3653
f 3643 3646 3653
f 3645 3733 3735
f 3647 3645 3735
f 3648 3647 3736
f 3647 3735 3736
f 3649 3648 3737
f 3648 3736 3737
f 3654 3738 3659
f 3654 3649 3738
f 3649 3737 3738
f 3738 3744 3659
f 3652 3739 3734
f 3739 3660 3745
f 3739 3652 3660
f 3652 3653 3660
f 3646 3650 3661
f 3646 3661 3653
f 3653 3661 3660
f 3650 3651 3662
f 3661 3650 3662
f 3651 3655 3662
f 3654 3659 3656
f 3659 3744 3746
f 3659 3746 3656
f 3656 3746 3657
f 3746 3663 3657
f 3749 3663 3746
f 3668 3745 3660
f 3750 3745 3668
f 3751 3661 3747
f 3751 3668 3661
f 3668 3660 3661
f 3658 3664 3752
f 3658 3752 3661
f 3658 3661 3662
f 3661 3752 3747
f 3655 3658 3662
f 3663 3749 3753
f 3665 3663 3753
f 3666 3665 3754
f 3665 3753 3754
f 3667 3666 3755
f 3666 3754 3755
f 3669 3756 3674
f 3669 3667 3756
f 3667 3755 3756
f 3756 3762 3674
f 3668 3757 3750
f 3757 3675 3763
f 3757 3668 3675
f 3758 3675 3751
f 3751 3675 3668
f 3675 3758 3752
f 3675 3752 3670
f 3670 3752 3664
f 3669 3674 3671
f 3674 3762 3764
f 3674 3764 3671
f 3671 3764 3672
f 3676 3765 3682
f 3676 3672 3765
f 3672 3764 3765
f 3682 3766 3683
f 3765 3766 3682
f 3766 3772 3683
f 3684 3773 3767
f 3763 3684 3767
f 3675 3684 3763
f 3675 3677 3684
f 3675 3673 3677
f 3670 3673 3675
f 3676 3682 3678
f 3679 3678 3682
f 3683 3679 3682
f 3683 3772 3774
f 3683 3774 3679
f 3679 3774 3680
f 3773 3684 3681
f 3773 3681 3774
f 3774 3681 3680
f 3677 3681 3684
f 3685 3692 3687
f 3685 3686 3693
f 3692 3685 3693
f 3686 3688 3693
f 3689 3699 3694
f 3689 3690 3700
f 3699 3689 3700
f 3690 3778 3700
f 3687 3778 3690
f 3687 3776 3778
f 3687 3692 3776
f 3693 3776 3692
f 3777 3776 3693
f 3701 3779 3777
f 3691 3701 3777
f 3691 3777 3693
f 3691 3693 3688
f 3691 3695 3701
f 3694 3699 3696
f 3780 3699 3700
f 3780 3702 3699
f 3780 3783 3702
f 3696 3699 3702
f 3778 3780 3700
f 3708 3779 3701
f 3784 3779 3708
f 3695 3697 3709
f 3695 3709 3701
f 3701 3709 3708
f 3697 3698 3710
f 3709 3697 3710
f 3698 3703 3710
f 3704 3717 3711
f 3791 3717 3704
f 3791 3704 3785
f 3785 3704 3705
f 3783 3705 3702
f 3785 3705 3783
f 3708 3786 3784
f 3709 3786 3708
f 3787 3786 3709
f 3710 3787 3709
f 3788 3787 3710
f 3703 3788 3710
f 3703 3706 3788
f 3706 3789 3788
f 3718 3792 3789
f 3718 3789 3707
f 3707 3789 3706
f 3707 3712 3718
f 3711 3717 3713
f 3717 3791 3793
f 3717 3793 3713
f 3713 3793 3714
f 3793 3719 3714
f 3801 3719 3793
f 3718 3794 3792
f 3712 3794 3718
f 3712 3715 3794
f 3715 3795 3794
f 3716 3796 3715
f 3715 3796 3795
f 3796 3716 3720
f 3802 3796 3720
f 3719 3801 3803
f 3721 3719 3803
f 3722 3721 3804
f 3721 3803 3804
f 3804 3724 3722
f 3810 3724 3804
f 3720 3805 3802
f 3723 3805 3720
f 3805 3723 3725
f 3811 3805 3725
f 3724 3810 3812
f 3726 3724 3812
f 3727 3726 3813
f 3726 3812 3813
f 3733 3814 3740
f 3733 3727 3814
f 3727 3813 3814
f 3814 3820 3740
f 3725 3815 3811
f 3728 3815 3725
f 3729 3816 3728
f 3728 3816 3815
f 3741 3821 3816
f 3741 3816 3730
f 3730 3816 3729
f 3730 3731 3742
f 3741 3730 3742
f 3731 3732 3743
f 3742 3731 3743
f 3732 3734 3743
f 3733 3740 3735
f 3740 3820 3822
f 3740 3822 3735
f 3735 3822 3736
f 3737 3736 3823
f 3736 3822 3823
f 3738 3737 3824
f 3737 3823 3824
f 3824 3744 3738
f 3829 3744 3824
f 3741 3825 3821
f 3742 3825 3741
f 3826 3825 3742
f 3743 3826 3742
f 3827 3826 3743
f 3748 3830 3827
f 3739 3748 3827
f 3739 3827 3743
f 3739 3743 3734
f 3739 3745 3748
f 3744 3829 3831
f 3746 3744 3831
f 3749 3832 3759
f 3749 3746 3832
f 3746 3831 3832
f 3832 3835 3759
f 3760 3830 3748
f 3836 3830 3760
f 3745 3750 3760
f 3748 3745 3760
f 3747 3761 3751
f 3747 3752 3761
f 3749 3759 3753
f 3759 3835 3837
f 3759 3837 3753
f 3753 3837 3754
f 3755 3754 3838
f 3754 3837 3838
f 3756 3755 3839
f 3755 3838 3839
f 3762 3840 3768
f 3762 3756 3840
f 3756 3839 3840
f 3840 3843 3768
f 3769 3844 3841
f 3836 3769 3841
f 3836 3760 3769
f 3760 3770 3769
f 3750 3757 3771
f 3750 3771 3760
f 3760 3771 3770
f 3758 3751 3761
f 3763 3771 3757
f 3752 3758 3761
f 3762 3768 3764
f 3768 3843 3845
f 3768 3845 3764
f 3764 3845 3765
f 3844 3769 3766
f 3844 3766 3845
f 3845 3766 3765
f 3772 3766 3769
f 3772 3769 3775
f 3775 3769 3770
f 3767 3773 3775
f 3767 3775 3771
f 3771 3775 3770
f 3763 3767 3771
f 3772 3775 3774
f 3773 3774 3775
f 3776 3781 3778
f 3776 3777 3782
f 3781 3776 3782
f 3777 3779 3782
f 3780 3847 3851
f 3783 3780 3851
f 3781 3780 3778
f 3781 3848 3780
f 3848 3847 3780
f 3782 3848 3781
f 3849 3848 3782
f 3782 3779 3784
f 3782 3784 3850
f 3782 3850 3849
f 3790 3850 3784
f 3850 3790 3852
f 3785 3797 3791
f 3853 3783 3851
f 3853 3797 3783
f 3853 3798 3797
f 3797 3785 3783
f 3853 3859 3798
f 3784 3786 3790
f 3790 3854 3852
f 3790 3786 3854
f 3786 3787 3854
f 3799 3860 3854
f 3799 3854 3788
f 3788 3854 3787
f 3788 3789 3800
f 3799 3788 3800
f 3789 3792 3800
f 3791 3797 3793
f 3801 3793 3797
f 3801 3797 3806
f 3806 3797 3798
f 3866 3798 3859
f 3806 3798 3866
f 3799 3861 3860
f 3800 3861 3799
f 3862 3861 3800
f 3807 3867 3862
f 3794 3807 3862
f 3794 3862 3800
f 3794 3800 3792
f 3794 3795 3808
f 3807 3794 3808
f 3795 3796 3809
f 3808 3795 3809
f 3796 3802 3809
f 3801 3806 3803
f 3806 3866 3868
f 3806 3868 3803
f 3803 3868 3804
f 3810 3869 3817
f 3810 3804 3869
f 3804 3868 3869
f 3869 3872 3817
f 3807 3870 3867
f 3808 3870 3807
f 3871 3870 3808
f 3871 3818 3873
f 3871 3808 3818
f 3808 3809 3818
f 3802 3805 3819
f 3802 3819 3809
f 3809 3819 3818
f 3805 3811 3819
f 3810 3817 3812
f 3817 3872 3874
f 3817 3874 3812
f 3812 3874 3813
f 3814 3813 3875
f 3813 3874 3875
f 3875 3820 3814
f 3880 3820 3875
f 3818 3876 3873
f 3819 3876 3818
f 3877 3876 3819
f 3811 3877 3819
f 3811 3815 3877
f 3815 3878 3877
f 3828 3881 3878
f 3828 3878 3816
f 3816 3878 3815
f 3816 3821 3828
f 3820 3880 3882
f 3822 3820 3882
f 3823 3822 3883
f 3822 3882 3883
f 3824 3823 3884
f 3823 3883 3884
f 3884 3829 3824
f 3887 3829 3884
f 3828 3885 3881
f 3821 3885 3828
f 3821 3825 3885
f 3825 3886 3885
f 3833 3888 3886
f 3833 3886 3826
f 3826 3886 3825
f 3826 3827 3834
f 3833 3826 3834
f 3827 3830 3834
f 3829 3887 3889
f 3831 3829 3889
f 3832 3831 3890
f 3831 3889 3890
f 3835 3891 3842
f 3835 3832 3891
f 3832 3890 3891
f 3891 3895 3842
f 3833 3892 3888
f 3834 3892 3833
f 3893 3892 3834
f 3893 3834 3830
f 3893 3830 3896
f 3896 3830 3836
f 3835 3842 3837
f 3842 3895 3897
f 3842 3897 3837
f 3837 3897 3838
f 3839 3838 3898
f 3838 3897 3898
f 3840 3839 3899
f 3839 3898 3899
f 3843 3900 3846
f 3843 3840 3900
f 3840 3899 3900
f 3846 3841 3844
f 3846 3900 3841
f 3900 3901 3841
f 3896 3836 3841
f 3901 3896 3841
f 3843 3846 3845
f 3844 3845 3846
f 3847 3855 3851
f 3847 3848 3856
f 3855 3847 3856
f 3848 3849 3857
f 3856 3848 3857
f 3849 3850 3858
f 3857 3849 3858
f 3850 3852 3858
f 3851 3855 3853
f 3859 3853 3855
f 3859 3855 3863
f 3863 3855 3856
f 3857 3864 3856
f 3864 3863 3856
f 3904 3858 3903
f 3904 3864 3858
f 3864 3857 3858
f 3865 3905 3903
f 3854 3865 3903
f 3854 3903 3858
f 3854 3858 3852
f 3854 3860 3865
f 3863 3906 3912
f 3863 3912 3859
f 3859 3912 3866
f 3864 3906 3863
f 3907 3906 3864
f 3904 3907 3864
f 3865 3908 3905
f 3860 3908 3865
f 3860 3861 3908
f 3861 3909 3908
f 3862 3910 3861
f 3861 3910 3909
f 3910 3862 3867
f 3913 3910 3867
f 3866 3912 3914
f 3868 3866 3914
f 3879 3914 3920
f 3879 3869 3914
f 3869 3868 3914
f 3869 3879 3872
f 3867 3915 3913
f 3870 3915 3867
f 3871 3916 3870
f 3870 3916 3915
f 3916 3871 3873
f 3921 3916 3873
f 3879 3920 3922
f 3872 3879 3922
f 3872 3922 3874
f 3874 3922 3923
f 3875 3874 3924
f 3874 3923 3924
f 3924 3880 3875
f 3929 3880 3924
f 3873 3925 3921
f 3876 3925 3873
f 3877 3926 3876
f 3876 3926 3925
f 3878 3927 3877
f 3877 3927 3926
f 3927 3878 3881
f 3930 3927 3881
f 3880 3929 3931
f 3882 3880 3931
f 3883 3882 3932
f 3882 3931 3932
f 3894 3932 3936
f 3894 3884 3932
f 3884 3883 3932
f 3884 3894 3887
f 3881 3933 3930
f 3885 3933 3881
f 3886 3934 3885
f 3885 3934 3933
f 3934 3886 3888
f 3937 3934 3888
f 3894 3936 3938
f 3887 3894 3938
f 3887 3938 3889
f 3889 3938 3939
f 3890 3889 3940
f 3889 3939 3940
f 3891 3890 3941
f 3890 3940 3941
f 3941 3895 3891
f 3945 3895 3941
f 3888 3942 3937
f 3892 3942 3888
f 3902 3946 3942
f 3902 3942 3893
f 3893 3942 3892
f 3893 3896 3902
f 3895 3945 3947
f 3897 3895 3947
f 3898 3897 3948
f 3897 3947 3948
f 3899 3898 3949
f 3898 3948 3949
f 3900 3899 3950
f 3899 3949 3950
f 3946 3902 3901
f 3946 3901 3950
f 3950 3901 3900
f 3896 3901 3902
f 3903 3911 3904
f 3903 3905 3911
f 3906 3917 3912
f 3958 3917 3906
f 3958 3906 3955
f 3955 3906 3907
f 3911 3907 3904
f 3911 3956 3907
f 3956 3955 3907
f 3905 3956 3911
f 3905 3908 3956
f 3908 3957 3956
f 3918 3959 3957
f 3918 3957 3909
f 3909 3957 3908
f 3909 3910 3919
f 3918 3909 3919
f 3910 3913 3919
f 3912 3917 3914
f 3917 3920 3914
f 3917 3958 3920
f 3958 3964 3920
f 3918 3960 3959
f 3919 3960 3918
f 3961 3960 3919
f 3913 3961 3919
f 3913 3915 3961
f 3915 3962 3961
f 3928 3965 3962
f 3928 3962 3916
f 3916 3962 3915
f 3916 3921 3928
f 3920 3964 3966
f 3922 3920 3966
f 3923 3922 3967
f 3922 3966 3967
f 3924 3923 3968
f 3923 3967 3968
f 3968 3929 3924
f 3974 3929 3968
f 3928 3969 3965
f 3921 3969 3928
f 3921 3925 3969
f 3925 3970 3969
f 3926 3971 3925
f 3925 3971 3970
f 3935 3975 3971
f 3935 3971 3927
f 3927 3971 3926
f 3927 3930 3935
f 3929 3974 3976
f 3931 3929 3976
f 3932 3931 3977
f 3931 3976 3977
f 3977 3936 3932
f 3983 3936 3977
f 3943 3984 3978
f 3978 3985 3943
f 3935 3979 3975
f 3930 3979 3935
f 3930 3933 3979
f 3933 3980 3979
f 3944 3986 3980
f 3944 3980 3934
f 3934 3980 3933
f 3934 3937 3944
f 3936 3983 3987
f 3938 3936 3987
f 3984 3943 3939
f 3984 3939 3987
f 3987 3939 3938
f 3943 3985 3988
f 3943 3988 3939
f 3939 3988 3940
f 3941 3940 3989
f 3940 3988 3989
f 3945 3990 3951
f 3945 3941 3990
f 3941 3989 3990
f 3951 3991 3952
f 3990 3991 3951
f 3986 3952 3991
f 3986 3944 3952
f 3944 3953 3952
f 3937 3942 3954
f 3937 3954 3944
f 3944 3954 3953
f 3942 3946 3954
f 3945 3951 3947
f 3948 3947 3951
f 3952 3948 3951
f 3949 3948 3952
f 3953 3949 3952
f 3950 3949 3953
f 3954 3950 3953
f 3946 3950 3954
f 3955 3994 3996
f 3958 3955 3996
f 3963 3997 3994
f 3963 3994 3956
f 3956 3994 3955
f 3998 3963 3956
f 3998 3956 3995
f 3995 3956 3957
f 3995 3957 3959
f 3999 3995 3959
f 3958 3996 3964
f 3996 4004 3964
f 3963 4000 3997
f 3998 4000 3963
f 3959 4001 3999
f 3960 4001 3959
f 3972 4005 4001
f 3972 4001 3961
f 3961 4001 3960
f 3961 3962 3973
f 3972 3961 3973
f 3962 3965 3973
f 3964 4004 4006
f 3966 3964 4006
f 3967 3966 4007
f 3966 4006 4007
f 3968 3967 4008
f 3967 4007 4008
f 4008 3974 3968
f 4016 3974 4008
f 3972 4009 4005
f 3973 4009 3972
f 4010 4009 3973
f 3965 4010 3973
f 3965 3969 4010
f 3969 4011 4010
f 3981 4017 4011
f 3981 4011 3970
f 3970 4011 3969
f 3970 3971 3982
f 3981 3970 3982
f 3971 3975 3982
f 3974 4016 4018
f 3976 3974 4018
f 3977 3976 4019
f 3976 4018 4019
f 3983 4020 3992
f 3983 3977 4020
f 3977 4019 4020
f 3992 3978 3984
f 3992 4020 3978
f 4020 4021 3978
f 4021 3981 3978
f 4021 4017 3981
f 3978 3981 3985
f 4022 4029 3981
f 3985 3981 4029
f 3982 4022 3981
f 4023 4022 3982
f 3975 4023 3982
f 3975 3979 4023
f 3979 4024 4023
f 3993 4030 4024
f 3993 4024 3980
f 3980 4024 3979
f 3980 3986 3993
f 3983 3992 3987
f 3984 3987 3992
f 3985 4029 4031
f 3988 3985 4031
f 3989 3988 4032
f 3988 4031 4032
f 3990 3989 4033
f 3989 4032 4033
f 4030 3993 3991
f 4030 3991 4033
f 4033 3991 3990
f 3986 3991 3993
f 3994 4002 3996
f 3994 3997 4002
f 3995 4003 3998
f 3995 3999 4003
f 4002 4012 4004
f 3996 4002 4004
f 3997 4000 4013
f 3997 4013 4002
f 4002 4013 4012
f 4000 3998 4003
f 4000 4003 4013
f 4013 4003 4014
f 3999 4001 4015
f 3999 4015 4003
f 4003 4015 4014
f 4001 4005 4015
f 4004 4012 4006
f 4007 4006 4012
f 4013 4007 4012
f 4008 4007 4013
f 4014 4008 4013
f 4016 4008 4014
f 4016 4014 4025
f 4025 4014 4015
f 4005 4009 4026
f 4005 4026 4015
f 4015 4026 4025
f 4009 4010 4027
f 4026 4009 4027
f 4010 4011 4028
f 4027 4010 4028
f 4011 4017 4028
f 4016 4025 4018
f 4019 4018 4025
f 4026 4019 4025
f 4020 4019 4026
f 4027 4020 4026
f 4021 4020 4027
f 4028 4021 4027
f 4017 4021 4028
f 4022 4034 4029
f 4022 4023 4035
f 4034 4022 4035
f 4023 4024 4036
f 4035 4023 4036
f 4024 4030 4036
f 4029 4034 4031
f 4032 4031 4034
f 4035 4032 4034
f 4033 4032 4035
f 4036 4033 4035
f 4030 4033 4036
